source_file,page,contract_label,rows,reported_volume,parsed_volume,reported_open_interest,parsed_open_interest,volume_matches,open_interest_matches
raw/wayback/calls_20260319171405.pdf,3,APR26,36,187516.0,187516.0,1353712.0,1353712.0,True,True
raw/wayback/calls_20260319171405.pdf,3,MAY26,35,139050.0,139050.0,686707.0,686707.0,True,True
raw/wayback/calls_20260319171405.pdf,4,JUN26,58,295176.0,295176.0,3520514.0,3520514.0,True,True
raw/wayback/calls_20260319171405.pdf,4,JUL26,34,29718.0,29718.0,529944.0,529944.0,True,True
raw/wayback/calls_20260319171405.pdf,4,AUG26,19,10402.0,10402.0,34751.0,34751.0,True,True
raw/wayback/calls_20260319171405.pdf,4,SEP26,55,251805.0,251805.0,3551188.0,3551188.0,True,True
raw/wayback/calls_20260319171405.pdf,5,DEC26,56,197169.0,197169.0,3373833.0,3373833.0,True,True
raw/wayback/calls_20260319171405.pdf,5,MAR27,32,12397.0,12397.0,639937.0,639937.0,True,True
raw/wayback/calls_20260319171405.pdf,5,JUN27,33,14253.0,14253.0,274282.0,274282.0,True,True
raw/wayback/calls_20260319171405.pdf,6,SEP27,32,9000.0,9000.0,147554.0,147554.0,True,True
raw/wayback/calls_20260319171405.pdf,6,DEC27,30,3568.0,3568.0,276350.0,276350.0,True,True
raw/wayback/calls_20260319171405.pdf,6,MAR28,17,2649.0,2649.0,95585.0,95585.0,True,True
raw/wayback/calls_20260319171405.pdf,6,JUN28,15,38.0,38.0,132325.0,132325.0,True,True
raw/wayback/calls_20260319171405.pdf,6,SEP28,11,0.0,0,138818.0,138818.0,True,True
raw/wayback/calls_20260319171405.pdf,6,DEC28,11,0.0,0,7349.0,7349.0,True,True
raw/wayback/calls_20260319171405.pdf,6,MAR29,1,0.0,0,1.0,1.0,True,True
raw/wayback/calls_20260319171405.pdf,6,JUN29,2,0.0,0,7590.0,7590.0,True,True
raw/wayback/calls_20260319171405.pdf,6,SEP29,2,0.0,0,21.0,21.0,True,True
raw/wayback/calls_20260319171405.pdf,6,DEC29,1,0.0,0,100.0,100.0,True,True
raw/wayback/calls_20260324085535.pdf,3,APR26,37,30896.0,30896.0,1345291.0,1345291.0,True,True
raw/wayback/calls_20260324085535.pdf,3,MAY26,36,31482.0,31482.0,754667.0,754667.0,True,True
raw/wayback/calls_20260324085535.pdf,4,JUN26,58,122618.0,122618.0,3684975.0,3684975.0,True,True
raw/wayback/calls_20260324085535.pdf,4,JUL26,36,6555.0,6555.0,579827.0,579827.0,True,True
raw/wayback/calls_20260324085535.pdf,4,AUG26,22,547.0,547.0,39424.0,39424.0,True,True
raw/wayback/calls_20260324085535.pdf,4,SEP26,55,141474.0,141474.0,3604715.0,3604715.0,True,True
raw/wayback/calls_20260324085535.pdf,5,DEC26,56,268952.0,268952.0,3659729.0,3659729.0,True,True
raw/wayback/calls_20260324085535.pdf,5,MAR27,37,33122.0,33122.0,716759.0,716759.0,True,True
raw/wayback/calls_20260324085535.pdf,5,JUN27,33,5354.0,5354.0,280719.0,280719.0,True,True
raw/wayback/calls_20260324085535.pdf,6,SEP27,32,9751.0,9751.0,158695.0,158695.0,True,True
raw/wayback/calls_20260324085535.pdf,6,DEC27,30,12869.0,12869.0,277767.0,277767.0,True,True
raw/wayback/calls_20260324085535.pdf,6,MAR28,17,10000.0,10000.0,106281.0,106281.0,True,True
raw/wayback/calls_20260324085535.pdf,6,JUN28,15,15.0,15.0,132310.0,132310.0,True,True
raw/wayback/calls_20260324085535.pdf,6,SEP28,11,0.0,0,138818.0,138818.0,True,True
raw/wayback/calls_20260324085535.pdf,6,DEC28,11,0.0,0,10728.0,10728.0,True,True
raw/wayback/calls_20260324085535.pdf,6,MAR29,1,0.0,0,1.0,1.0,True,True
raw/wayback/calls_20260324085535.pdf,6,JUN29,2,0.0,0,7590.0,7590.0,True,True
raw/wayback/calls_20260324085535.pdf,6,SEP29,2,0.0,0,21.0,21.0,True,True
raw/wayback/calls_20260324085535.pdf,6,DEC29,1,0.0,0,100.0,100.0,True,True
raw/wayback/puts_20260324085556.pdf,1,APR26,28,67814.0,67814.0,1037515.0,1037515.0,True,True
raw/wayback/puts_20260324085556.pdf,1,MAY26,22,41457.0,41457.0,691233.0,691233.0,True,True
raw/wayback/puts_20260324085556.pdf,1,JUN26,63,377035.0,377035.0,2703880.0,2703880.0,True,True
raw/wayback/puts_20260324085556.pdf,2,JUL26,31,30955.0,30955.0,495674.0,495674.0,True,True
raw/wayback/puts_20260324085556.pdf,2,AUG26,15,1440.0,1440.0,108027.0,108027.0,True,True
raw/wayback/puts_20260324085556.pdf,2,SEP26,65,168758.0,168758.0,2457540.0,2457540.0,True,True
raw/wayback/puts_20260324085556.pdf,3,DEC26,67,194807.0,194807.0,2609960.0,2609960.0,True,True
raw/wayback/puts_20260324085556.pdf,3,MAR27,51,34286.0,34286.0,708433.0,708433.0,True,True
raw/wayback/puts_20260324085556.pdf,4,JUN27,39,8527.0,8527.0,210892.0,210892.0,True,True
raw/wayback/puts_20260324085556.pdf,4,SEP27,36,6950.0,6950.0,195118.0,195118.0,True,True
raw/wayback/puts_20260324085556.pdf,4,DEC27,33,1075.0,1075.0,143937.0,143937.0,True,True
raw/wayback/puts_20260324085556.pdf,4,MAR28,18,1000.0,1000.0,33766.0,33766.0,True,True
raw/wayback/puts_20260324085556.pdf,4,JUN28,15,0.0,0,47535.0,47535.0,True,True
raw/wayback/puts_20260324085556.pdf,5,SEP28,12,0.0,0,38626.0,38626.0,True,True
raw/wayback/puts_20260324085556.pdf,5,DEC28,12,0.0,0,7437.0,7437.0,True,True
raw/wayback/puts_20260324085556.pdf,5,MAR29,2,0.0,0,50.0,50.0,True,True
raw/wayback/puts_20260324085556.pdf,5,JUN29,1,0.0,0,144.0,144.0,True,True
raw/wayback/puts_20260324085556.pdf,5,SEP29,1,0.0,0,84.0,84.0,True,True
raw/wayback/puts_20260324085556.pdf,5,DEC29,1,0.0,0,58.0,58.0,True,True
raw/wayback/calls_20260325115705.pdf,3,APR26,38,38886.0,38886.0,1366530.0,1366530.0,True,True
raw/wayback/calls_20260325115705.pdf,3,MAY26,37,31896.0,31896.0,758263.0,758263.0,True,True
raw/wayback/calls_20260325115705.pdf,4,JUN26,58,43556.0,43556.0,3706316.0,3706316.0,True,True
raw/wayback/calls_20260325115705.pdf,4,JUL26,37,1873.0,1873.0,581112.0,581112.0,True,True
raw/wayback/calls_20260325115705.pdf,4,AUG26,23,5.0,5.0,39429.0,39429.0,True,True
raw/wayback/calls_20260325115705.pdf,4,SEP26,56,161720.0,161720.0,3668948.0,3668948.0,True,True
raw/wayback/calls_20260325115705.pdf,5,DEC26,56,315321.0,315321.0,3753191.0,3753191.0,True,True
raw/wayback/calls_20260325115705.pdf,5,MAR27,38,31434.0,31434.0,731845.0,731845.0,True,True
raw/wayback/calls_20260325115705.pdf,5,JUN27,33,1932.0,1932.0,281344.0,281344.0,True,True
raw/wayback/calls_20260325115705.pdf,6,SEP27,32,1054.0,1054.0,158640.0,158640.0,True,True
raw/wayback/calls_20260325115705.pdf,6,DEC27,30,3851.0,3851.0,277066.0,277066.0,True,True
raw/wayback/calls_20260325115705.pdf,6,MAR28,17,250.0,250.0,106481.0,106481.0,True,True
raw/wayback/calls_20260325115705.pdf,6,JUN28,15,0.0,0,132310.0,132310.0,True,True
raw/wayback/calls_20260325115705.pdf,6,SEP28,11,0.0,0,138818.0,138818.0,True,True
raw/wayback/calls_20260325115705.pdf,6,DEC28,11,0.0,0,10727.0,10727.0,True,True
raw/wayback/calls_20260325115705.pdf,6,MAR29,1,0.0,0,1.0,1.0,True,True
raw/wayback/calls_20260325115705.pdf,6,JUN29,2,0.0,0,7590.0,7590.0,True,True
raw/wayback/calls_20260325115705.pdf,6,SEP29,2,0.0,0,21.0,21.0,True,True
raw/wayback/calls_20260325115705.pdf,7,DEC29,1,0.0,0,100.0,100.0,True,True
raw/wayback/puts_20260325115719.pdf,1,APR26,28,39681.0,39681.0,1029677.0,1029677.0,True,True
raw/wayback/puts_20260325115719.pdf,1,MAY26,23,12304.0,12304.0,689882.0,689882.0,True,True
raw/wayback/puts_20260325115719.pdf,1,JUN26,63,232384.0,232384.0,2752485.0,2752485.0,True,True
raw/wayback/puts_20260325115719.pdf,2,JUL26,32,8048.0,8048.0,503017.0,503017.0,True,True
raw/wayback/puts_20260325115719.pdf,2,AUG26,15,0.0,0,108027.0,108027.0,True,True
raw/wayback/puts_20260325115719.pdf,2,SEP26,65,168424.0,168424.0,2418848.0,2418848.0,True,True
raw/wayback/puts_20260325115719.pdf,3,DEC26,67,188464.0,188464.0,2586912.0,2586912.0,True,True
raw/wayback/puts_20260325115719.pdf,3,MAR27,51,87713.0,87713.0,737728.0,737728.0,True,True
raw/wayback/puts_20260325115719.pdf,4,JUN27,39,11615.0,11615.0,217119.0,217119.0,True,True
raw/wayback/puts_20260325115719.pdf,4,SEP27,36,1625.0,1625.0,195601.0,195601.0,True,True
raw/wayback/puts_20260325115719.pdf,4,DEC27,34,1738.0,1738.0,145191.0,145191.0,True,True
raw/wayback/puts_20260325115719.pdf,4,MAR28,19,400.0,400.0,34143.0,34143.0,True,True
raw/wayback/puts_20260325115719.pdf,5,JUN28,15,0.0,0,47535.0,47535.0,True,True
raw/wayback/puts_20260325115719.pdf,5,SEP28,12,0.0,0,38626.0,38626.0,True,True
raw/wayback/puts_20260325115719.pdf,5,DEC28,12,0.0,0,7437.0,7437.0,True,True
raw/wayback/puts_20260325115719.pdf,5,MAR29,2,0.0,0,50.0,50.0,True,True
raw/wayback/puts_20260325115719.pdf,5,JUN29,1,0.0,0,144.0,144.0,True,True
raw/wayback/puts_20260325115719.pdf,5,SEP29,1,0.0,0,84.0,84.0,True,True
raw/wayback/puts_20260325115719.pdf,5,DEC29,1,0.0,0,58.0,58.0,True,True
raw/wayback/calls_20260326120508.pdf,3,APR26,38,37740.0,37740.0,1357907.0,1357907.0,True,True
raw/wayback/calls_20260326120508.pdf,3,MAY26,37,23486.0,23486.0,762984.0,762984.0,True,True
raw/wayback/calls_20260326120508.pdf,4,JUN26,59,148569.0,148569.0,3772737.0,3772737.0,True,True
raw/wayback/calls_20260326120508.pdf,4,JUL26,37,25923.0,25923.0,588905.0,588905.0,True,True
raw/wayback/calls_20260326120508.pdf,4,AUG26,23,2444.0,2444.0,40539.0,40539.0,True,True
raw/wayback/calls_20260326120508.pdf,4,SEP26,57,110719.0,110719.0,3699439.0,3699439.0,True,True
raw/wayback/calls_20260326120508.pdf,5,DEC26,56,160425.0,160425.0,3784219.0,3784219.0,True,True
raw/wayback/calls_20260326120508.pdf,5,MAR27,38,59670.0,59670.0,760621.0,760621.0,True,True
raw/wayback/calls_20260326120508.pdf,5,JUN27,34,15260.0,15260.0,282964.0,282964.0,True,True
raw/wayback/calls_20260326120508.pdf,6,SEP27,32,2000.0,2000.0,159820.0,159820.0,True,True
raw/wayback/calls_20260326120508.pdf,6,DEC27,30,2940.0,2940.0,279450.0,279450.0,True,True
raw/wayback/calls_20260326120508.pdf,6,MAR28,17,1001.0,1001.0,106922.0,106922.0,True,True
raw/wayback/calls_20260326120508.pdf,6,JUN28,15,0.0,0,132310.0,132310.0,True,True
raw/wayback/calls_20260326120508.pdf,6,SEP28,11,1.0,1.0,138819.0,138819.0,True,True
raw/wayback/calls_20260326120508.pdf,6,DEC28,11,0.0,0,10727.0,10727.0,True,True
raw/wayback/calls_20260326120508.pdf,6,MAR29,2,100.0,100.0,101.0,101.0,True,True
raw/wayback/calls_20260326120508.pdf,6,JUN29,2,0.0,0,7590.0,7590.0,True,True
raw/wayback/calls_20260326120508.pdf,7,SEP29,2,0.0,0,21.0,21.0,True,True
raw/wayback/calls_20260326120508.pdf,7,DEC29,1,0.0,0,100.0,100.0,True,True
raw/wayback/puts_20260326120528.pdf,1,APR26,29,97007.0,97007.0,1070346.0,1070346.0,True,True
raw/wayback/puts_20260326120528.pdf,1,MAY26,23,6548.0,6548.0,685226.0,685226.0,True,True
raw/wayback/puts_20260326120528.pdf,2,JUN26,63,275327.0,275327.0,2832286.0,2832286.0,True,True
raw/wayback/puts_20260326120528.pdf,2,JUL26,32,25372.0,25372.0,508460.0,508460.0,True,True
raw/wayback/puts_20260326120528.pdf,2,AUG26,16,100.0,100.0,108127.0,108127.0,True,True
raw/wayback/puts_20260326120528.pdf,2,SEP26,65,143456.0,143456.0,2385666.0,2385666.0,True,True
raw/wayback/puts_20260326120528.pdf,3,DEC26,67,227055.0,227055.0,2539583.0,2539583.0,True,True
raw/wayback/puts_20260326120528.pdf,3,MAR27,51,48481.0,48481.0,748068.0,748068.0,True,True
raw/wayback/puts_20260326120528.pdf,4,JUN27,39,8437.0,8437.0,221240.0,221240.0,True,True
raw/wayback/puts_20260326120528.pdf,4,SEP27,36,10000.0,10000.0,203366.0,203366.0,True,True
raw/wayback/puts_20260326120528.pdf,4,DEC27,34,1810.0,1810.0,145829.0,145829.0,True,True
raw/wayback/puts_20260326120528.pdf,4,MAR28,19,1000.0,1000.0,33143.0,33143.0,True,True
raw/wayback/puts_20260326120528.pdf,5,JUN28,15,0.0,0,47535.0,47535.0,True,True
raw/wayback/puts_20260326120528.pdf,5,SEP28,13,90.0,90.0,38716.0,38716.0,True,True
raw/wayback/puts_20260326120528.pdf,5,DEC28,12,0.0,0,7437.0,7437.0,True,True
raw/wayback/puts_20260326120528.pdf,5,MAR29,3,100.0,100.0,150.0,150.0,True,True
raw/wayback/puts_20260326120528.pdf,5,JUN29,1,0.0,0,144.0,144.0,True,True
raw/wayback/puts_20260326120528.pdf,5,SEP29,1,0.0,0,84.0,84.0,True,True
raw/wayback/puts_20260326120528.pdf,5,DEC29,1,0.0,0,58.0,58.0,True,True
raw/wayback/calls_20260327115607.pdf,3,APR26,38,43796.0,43796.0,1372507.0,1372507.0,True,True
raw/wayback/calls_20260327115607.pdf,3,MAY26,37,4617.0,4617.0,764327.0,764327.0,True,True
raw/wayback/calls_20260327115607.pdf,4,JUN26,59,94437.0,94437.0,3816303.0,3816303.0,True,True
raw/wayback/calls_20260327115607.pdf,4,JUL26,37,16840.0,16840.0,591284.0,591284.0,True,True
raw/wayback/calls_20260327115607.pdf,4,AUG26,24,21064.0,21064.0,60525.0,60525.0,True,True
raw/wayback/calls_20260327115607.pdf,4,SEP26,57,244185.0,244185.0,3815371.0,3815371.0,True,True
raw/wayback/calls_20260327115607.pdf,5,DEC26,56,250179.0,250179.0,3867163.0,3867163.0,True,True
raw/wayback/calls_20260327115607.pdf,5,MAR27,38,53829.0,53829.0,794927.0,794927.0,True,True
raw/wayback/calls_20260327115607.pdf,5,JUN27,34,41631.0,41631.0,309022.0,309022.0,True,True
raw/wayback/calls_20260327115607.pdf,6,SEP27,32,0.0,0,159914.0,159914.0,True,True
raw/wayback/calls_20260327115607.pdf,6,DEC27,30,1640.0,1640.0,281069.0,281069.0,True,True
raw/wayback/calls_20260327115607.pdf,6,MAR28,17,250.0,250.0,106971.0,106971.0,True,True
raw/wayback/calls_20260327115607.pdf,6,JUN28,15,0.0,0,132313.0,132313.0,True,True
raw/wayback/calls_20260327115607.pdf,6,SEP28,11,0.0,0,138819.0,138819.0,True,True
raw/wayback/calls_20260327115607.pdf,6,DEC28,11,0.0,0,10747.0,10747.0,True,True
raw/wayback/calls_20260327115607.pdf,6,MAR29,2,0.0,0,101.0,101.0,True,True
raw/wayback/calls_20260327115607.pdf,6,JUN29,2,0.0,0,7590.0,7590.0,True,True
raw/wayback/calls_20260327115607.pdf,7,SEP29,2,0.0,0,21.0,21.0,True,True
raw/wayback/calls_20260327115607.pdf,7,DEC29,1,0.0,0,100.0,100.0,True,True
raw/wayback/puts_20260327115622.pdf,1,APR26,29,10702.0,10702.0,1091119.0,1091119.0,True,True
raw/wayback/puts_20260327115622.pdf,1,MAY26,24,16483.0,16483.0,688206.0,688206.0,True,True
raw/wayback/puts_20260327115622.pdf,2,JUN26,63,233426.0,233426.0,2940814.0,2940814.0,True,True
raw/wayback/puts_20260327115622.pdf,2,JUL26,33,27354.0,27354.0,517675.0,517675.0,True,True
raw/wayback/puts_20260327115622.pdf,2,AUG26,18,2650.0,2650.0,110577.0,110577.0,True,True
raw/wayback/puts_20260327115622.pdf,2,SEP26,65,130580.0,130580.0,2396196.0,2396196.0,True,True
raw/wayback/puts_20260327115622.pdf,3,DEC26,68,227828.0,227828.0,2658269.0,2658269.0,True,True
raw/wayback/puts_20260327115622.pdf,3,MAR27,52,17367.0,17367.0,758149.0,758149.0,True,True
raw/wayback/puts_20260327115622.pdf,4,JUN27,39,1720.0,1720.0,225602.0,225602.0,True,True
raw/wayback/puts_20260327115622.pdf,4,SEP27,36,3000.0,3000.0,209272.0,209272.0,True,True
raw/wayback/puts_20260327115622.pdf,4,DEC27,34,2472.0,2472.0,147750.0,147750.0,True,True
raw/wayback/puts_20260327115622.pdf,4,MAR28,19,250.0,250.0,33721.0,33721.0,True,True
raw/wayback/puts_20260327115622.pdf,5,JUN28,15,0.0,0,47535.0,47535.0,True,True
raw/wayback/puts_20260327115622.pdf,5,SEP28,13,0.0,0,38716.0,38716.0,True,True
raw/wayback/puts_20260327115622.pdf,5,DEC28,12,0.0,0,7437.0,7437.0,True,True
raw/wayback/puts_20260327115622.pdf,5,MAR29,3,0.0,0,150.0,150.0,True,True
raw/wayback/puts_20260327115622.pdf,5,JUN29,1,0.0,0,144.0,144.0,True,True
raw/wayback/puts_20260327115622.pdf,5,SEP29,1,0.0,0,84.0,84.0,True,True
raw/wayback/puts_20260327115622.pdf,5,DEC29,1,0.0,0,58.0,58.0,True,True
raw/wayback/calls_20260330120918.pdf,3,APR26,38,120729.0,120729.0,1419047.0,1419047.0,True,True
raw/wayback/calls_20260330120918.pdf,3,MAY26,38,23216.0,23216.0,771958.0,771958.0,True,True
raw/wayback/calls_20260330120918.pdf,4,JUN26,60,125592.0,125592.0,3790335.0,3790335.0,True,True
raw/wayback/calls_20260330120918.pdf,4,JUL26,37,106180.0,106180.0,657379.0,657379.0,True,True
raw/wayback/calls_20260330120918.pdf,4,AUG26,24,300.0,300.0,60725.0,60725.0,True,True
raw/wayback/calls_20260330120918.pdf,4,SEP26,57,174196.0,174196.0,3821042.0,3821042.0,True,True
raw/wayback/calls_20260330120918.pdf,5,DEC26,56,267961.0,267961.0,3956662.0,3956662.0,True,True
raw/wayback/calls_20260330120918.pdf,5,MAR27,43,63023.0,63023.0,822927.0,822927.0,True,True
raw/wayback/calls_20260330120918.pdf,5,JUN27,34,45979.0,45979.0,348956.0,348956.0,True,True
raw/wayback/calls_20260330120918.pdf,6,SEP27,32,6589.0,6589.0,165427.0,165427.0,True,True
raw/wayback/calls_20260330120918.pdf,6,DEC27,30,2555.0,2555.0,280174.0,280174.0,True,True
raw/wayback/calls_20260330120918.pdf,6,MAR28,17,350.0,350.0,107020.0,107020.0,True,True
raw/wayback/calls_20260330120918.pdf,6,JUN28,15,0.0,0,132313.0,132313.0,True,True
raw/wayback/calls_20260330120918.pdf,6,SEP28,12,100.0,100.0,138919.0,138919.0,True,True
raw/wayback/calls_20260330120918.pdf,6,DEC28,11,0.0,0,10734.0,10734.0,True,True
raw/wayback/calls_20260330120918.pdf,6,MAR29,2,0.0,0,101.0,101.0,True,True
raw/wayback/calls_20260330120918.pdf,7,JUN29,2,0.0,0,7590.0,7590.0,True,True
raw/wayback/calls_20260330120918.pdf,7,SEP29,2,0.0,0,21.0,21.0,True,True
raw/wayback/calls_20260330120918.pdf,7,DEC29,1,0.0,0,100.0,100.0,True,True
raw/wayback/puts_20260330120932.pdf,1,APR26,29,111327.0,111327.0,1036500.0,1036500.0,True,True
raw/wayback/puts_20260330120932.pdf,1,MAY26,24,18403.0,18403.0,690715.0,690715.0,True,True
raw/wayback/puts_20260330120932.pdf,2,JUN26,65,206274.0,206274.0,2853615.0,2853615.0,True,True
raw/wayback/puts_20260330120932.pdf,2,JUL26,35,29650.0,29650.0,526556.0,526556.0,True,True
raw/wayback/puts_20260330120932.pdf,2,AUG26,19,3306.0,3306.0,112103.0,112103.0,True,True
raw/wayback/puts_20260330120932.pdf,2,SEP26,65,93778.0,93778.0,2397485.0,2397485.0,True,True
raw/wayback/puts_20260330120932.pdf,3,DEC26,69,270259.0,270259.0,2804205.0,2804205.0,True,True
raw/wayback/puts_20260330120932.pdf,3,MAR27,52,69016.0,69016.0,776576.0,776576.0,True,True
raw/wayback/puts_20260330120932.pdf,4,JUN27,40,5447.0,5447.0,225941.0,225941.0,True,True
raw/wayback/puts_20260330120932.pdf,4,SEP27,36,6969.0,6969.0,211249.0,211249.0,True,True
raw/wayback/puts_20260330120932.pdf,4,DEC27,34,1755.0,1755.0,148482.0,148482.0,True,True
raw/wayback/puts_20260330120932.pdf,4,MAR28,19,350.0,350.0,33414.0,33414.0,True,True
raw/wayback/puts_20260330120932.pdf,5,JUN28,15,0.0,0,47535.0,47535.0,True,True
raw/wayback/puts_20260330120932.pdf,5,SEP28,14,100.0,100.0,38816.0,38816.0,True,True
raw/wayback/puts_20260330120932.pdf,5,DEC28,12,0.0,0,7437.0,7437.0,True,True
raw/wayback/puts_20260330120932.pdf,5,MAR29,3,0.0,0,150.0,150.0,True,True
raw/wayback/puts_20260330120932.pdf,5,JUN29,1,0.0,0,144.0,144.0,True,True
raw/wayback/puts_20260330120932.pdf,5,SEP29,1,0.0,0,84.0,84.0,True,True
raw/wayback/puts_20260330120932.pdf,5,DEC29,1,0.0,0,58.0,58.0,True,True
raw/wayback/calls_20260331215032.pdf,3,APR26,38,70207.0,70207.0,1414334.0,1414334.0,True,True
raw/wayback/calls_20260331215032.pdf,3,MAY26,38,12650.0,12650.0,775157.0,775157.0,True,True
raw/wayback/calls_20260331215032.pdf,4,JUN26,60,76150.0,76150.0,3795634.0,3795634.0,True,True
raw/wayback/calls_20260331215032.pdf,4,JUL26,37,6340.0,6340.0,659342.0,659342.0,True,True
raw/wayback/calls_20260331215032.pdf,4,AUG26,24,0.0,0,60725.0,60725.0,True,True
raw/wayback/calls_20260331215032.pdf,4,SEP26,57,51692.0,51692.0,3825557.0,3825557.0,True,True
raw/wayback/calls_20260331215032.pdf,5,DEC26,56,260098.0,260098.0,3996931.0,3996931.0,True,True
raw/wayback/calls_20260331215032.pdf,5,MAR27,43,40811.0,40811.0,822468.0,822468.0,True,True
raw/wayback/calls_20260331215032.pdf,5,JUN27,34,11342.0,11342.0,358077.0,358077.0,True,True
raw/wayback/calls_20260331215032.pdf,6,SEP27,32,0.0,0,165427.0,165427.0,True,True
raw/wayback/calls_20260331215032.pdf,6,DEC27,30,2414.0,2414.0,279872.0,279872.0,True,True
raw/wayback/calls_20260331215032.pdf,6,MAR28,17,0.0,0,107020.0,107020.0,True,True
raw/wayback/calls_20260331215032.pdf,6,JUN28,15,1700.0,1700.0,133510.0,133510.0,True,True
raw/wayback/calls_20260331215032.pdf,6,SEP28,13,200.0,200.0,139119.0,139119.0,True,True
raw/wayback/calls_20260331215032.pdf,6,DEC28,11,200.0,200.0,10927.0,10927.0,True,True
raw/wayback/calls_20260331215032.pdf,6,MAR29,2,200.0,200.0,301.0,301.0,True,True
raw/wayback/calls_20260331215032.pdf,7,JUN29,2,0.0,0,7590.0,7590.0,True,True
raw/wayback/calls_20260331215032.pdf,7,SEP29,2,0.0,0,21.0,21.0,True,True
raw/wayback/calls_20260331215032.pdf,7,DEC29,1,0.0,0,100.0,100.0,True,True
raw/wayback/puts_20260331215039.pdf,1,APR26,29,72683.0,72683.0,1061765.0,1061765.0,True,True
raw/wayback/puts_20260331215039.pdf,1,MAY26,24,35344.0,35344.0,696789.0,696789.0,True,True
raw/wayback/puts_20260331215039.pdf,2,JUN26,65,106541.0,106541.0,2864729.0,2864729.0,True,True
raw/wayback/puts_20260331215039.pdf,2,JUL26,35,17640.0,17640.0,527364.0,527364.0,True,True
raw/wayback/puts_20260331215039.pdf,2,AUG26,19,0.0,0,112103.0,112103.0,True,True
raw/wayback/puts_20260331215039.pdf,2,SEP26,66,22922.0,22922.0,2407609.0,2407609.0,True,True
raw/wayback/puts_20260331215039.pdf,3,DEC26,69,108775.0,108775.0,2847927.0,2847927.0,True,True
raw/wayback/puts_20260331215039.pdf,3,MAR27,52,46276.0,46276.0,790147.0,790147.0,True,True
raw/wayback/puts_20260331215039.pdf,4,JUN27,40,1487.0,1487.0,226381.0,226381.0,True,True
raw/wayback/puts_20260331215039.pdf,4,SEP27,36,2750.0,2750.0,212172.0,212172.0,True,True
raw/wayback/puts_20260331215039.pdf,4,DEC27,34,28.0,28.0,148460.0,148460.0,True,True
raw/wayback/puts_20260331215039.pdf,4,MAR28,19,0.0,0,33414.0,33414.0,True,True
raw/wayback/puts_20260331215039.pdf,5,JUN28,15,1700.0,1700.0,48535.0,48535.0,True,True
raw/wayback/puts_20260331215039.pdf,5,SEP28,14,200.0,200.0,39016.0,39016.0,True,True
raw/wayback/puts_20260331215039.pdf,5,DEC28,12,200.0,200.0,7637.0,7637.0,True,True
raw/wayback/puts_20260331215039.pdf,5,MAR29,3,200.0,200.0,350.0,350.0,True,True
raw/wayback/puts_20260331215039.pdf,5,JUN29,1,0.0,0,144.0,144.0,True,True
raw/wayback/puts_20260331215039.pdf,5,SEP29,1,0.0,0,84.0,84.0,True,True
raw/wayback/puts_20260331215039.pdf,5,DEC29,1,0.0,0,58.0,58.0,True,True
raw/wayback/calls_20260401215243.pdf,3,APR26,38,6300.0,6300.0,1414579.0,1414579.0,True,True
raw/wayback/calls_20260401215243.pdf,3,MAY26,38,17958.0,17958.0,780871.0,780871.0,True,True
raw/wayback/calls_20260401215243.pdf,4,JUN26,60,150748.0,150748.0,3838154.0,3838154.0,True,True
raw/wayback/calls_20260401215243.pdf,4,JUL26,37,17337.0,17337.0,665248.0,665248.0,True,True
raw/wayback/calls_20260401215243.pdf,4,AUG26,24,4.0,4.0,60728.0,60728.0,True,True
raw/wayback/calls_20260401215243.pdf,4,SEP26,57,43890.0,43890.0,3837993.0,3837993.0,True,True
raw/wayback/calls_20260401215243.pdf,5,DEC26,56,162885.0,162885.0,4060033.0,4060033.0,True,True
raw/wayback/calls_20260401215243.pdf,5,MAR27,43,19756.0,19756.0,827316.0,827316.0,True,True
raw/wayback/calls_20260401215243.pdf,5,JUN27,34,21176.0,21176.0,356339.0,356339.0,True,True
raw/wayback/calls_20260401215243.pdf,6,SEP27,32,830.0,830.0,166105.0,166105.0,True,True
raw/wayback/calls_20260401215243.pdf,6,DEC27,30,17024.0,17024.0,294096.0,294096.0,True,True
raw/wayback/calls_20260401215243.pdf,6,MAR28,17,131.0,131.0,107091.0,107091.0,True,True
raw/wayback/calls_20260401215243.pdf,6,JUN28,15,99.0,99.0,133609.0,133609.0,True,True
raw/wayback/calls_20260401215243.pdf,6,SEP28,13,0.0,0,139119.0,139119.0,True,True
raw/wayback/calls_20260401215243.pdf,6,DEC28,11,13800.0,13800.0,24727.0,24727.0,True,True
raw/wayback/calls_20260401215243.pdf,6,MAR29,2,0.0,0,301.0,301.0,True,True
raw/wayback/calls_20260401215243.pdf,7,JUN29,2,0.0,0,7590.0,7590.0,True,True
raw/wayback/calls_20260401215243.pdf,7,SEP29,2,0.0,0,21.0,21.0,True,True
raw/wayback/calls_20260401215243.pdf,7,DEC29,1,0.0,0,100.0,100.0,True,True
raw/wayback/puts_20260401215259.pdf,1,APR26,29,54701.0,54701.0,1068686.0,1068686.0,True,True
raw/wayback/puts_20260401215259.pdf,1,MAY26,24,18543.0,18543.0,699450.0,699450.0,True,True
raw/wayback/puts_20260401215259.pdf,2,JUN26,65,60525.0,60525.0,2857152.0,2857152.0,True,True
raw/wayback/puts_20260401215259.pdf,2,JUL26,35,31077.0,31077.0,532443.0,532443.0,True,True
raw/wayback/puts_20260401215259.pdf,2,AUG26,19,0.0,0,112103.0,112103.0,True,True
raw/wayback/puts_20260401215259.pdf,2,SEP26,66,125269.0,125269.0,2434908.0,2434908.0,True,True
raw/wayback/puts_20260401215259.pdf,3,DEC26,69,279825.0,279825.0,2924593.0,2924593.0,True,True
raw/wayback/puts_20260401215259.pdf,3,MAR27,52,47613.0,47613.0,807658.0,807658.0,True,True
raw/wayback/puts_20260401215259.pdf,4,JUN27,40,8101.0,8101.0,230334.0,230334.0,True,True
raw/wayback/puts_20260401215259.pdf,4,SEP27,36,1550.0,1550.0,213046.0,213046.0,True,True
raw/wayback/puts_20260401215259.pdf,4,DEC27,35,3574.0,3574.0,150368.0,150368.0,True,True
raw/wayback/puts_20260401215259.pdf,4,MAR28,19,0.0,0,33414.0,33414.0,True,True
raw/wayback/puts_20260401215259.pdf,5,JUN28,15,0.0,0,48535.0,48535.0,True,True
raw/wayback/puts_20260401215259.pdf,5,SEP28,14,0.0,0,39016.0,39016.0,True,True
raw/wayback/puts_20260401215259.pdf,5,DEC28,12,0.0,0,7637.0,7637.0,True,True
raw/wayback/puts_20260401215259.pdf,5,MAR29,3,0.0,0,350.0,350.0,True,True
raw/wayback/puts_20260401215259.pdf,5,JUN29,1,0.0,0,144.0,144.0,True,True
raw/wayback/puts_20260401215259.pdf,5,SEP29,1,0.0,0,84.0,84.0,True,True
raw/wayback/puts_20260401215259.pdf,5,DEC29,1,0.0,0,58.0,58.0,True,True
raw/wayback/calls_20260402214924.pdf,3,APR26,38,11557.0,11557.0,1415942.0,1415942.0,True,True
raw/wayback/calls_20260402214924.pdf,3,MAY26,38,935.0,935.0,780436.0,780436.0,True,True
raw/wayback/calls_20260402214924.pdf,4,JUN26,60,42034.0,42034.0,3854430.0,3854430.0,True,True
raw/wayback/calls_20260402214924.pdf,4,JUL26,37,36530.0,36530.0,673690.0,673690.0,True,True
raw/wayback/calls_20260402214924.pdf,4,AUG26,24,0.0,0,60728.0,60728.0,True,True
raw/wayback/calls_20260402214924.pdf,4,SEP26,57,92122.0,92122.0,3864021.0,3864021.0,True,True
raw/wayback/calls_20260402214924.pdf,5,DEC26,56,115530.0,115530.0,4093212.0,4093212.0,True,True
raw/wayback/calls_20260402214924.pdf,5,MAR27,43,29477.0,29477.0,828531.0,828531.0,True,True
raw/wayback/calls_20260402214924.pdf,5,JUN27,34,2576.0,2576.0,357286.0,357286.0,True,True
raw/wayback/calls_20260402214924.pdf,6,SEP27,32,608.0,608.0,166659.0,166659.0,True,True
raw/wayback/calls_20260402214924.pdf,6,DEC27,30,1507.0,1507.0,295397.0,295397.0,True,True
raw/wayback/calls_20260402214924.pdf,6,MAR28,17,100.0,100.0,107141.0,107141.0,True,True
raw/wayback/calls_20260402214924.pdf,6,JUN28,15,75.0,75.0,133659.0,133659.0,True,True
raw/wayback/calls_20260402214924.pdf,6,SEP28,13,0.0,0,139119.0,139119.0,True,True
raw/wayback/calls_20260402214924.pdf,6,DEC28,11,0.0,0,24727.0,24727.0,True,True
raw/wayback/calls_20260402214924.pdf,6,MAR29,2,0.0,0,301.0,301.0,True,True
raw/wayback/calls_20260402214924.pdf,7,JUN29,2,0.0,0,7590.0,7590.0,True,True
raw/wayback/calls_20260402214924.pdf,7,SEP29,2,0.0,0,21.0,21.0,True,True
raw/wayback/calls_20260402214924.pdf,7,DEC29,1,0.0,0,100.0,100.0,True,True
raw/wayback/puts_20260402214940.pdf,1,APR26,29,5604.0,5604.0,1068852.0,1068852.0,True,True
raw/wayback/puts_20260402214940.pdf,1,MAY26,24,25989.0,25989.0,710156.0,710156.0,True,True
raw/wayback/puts_20260402214940.pdf,2,JUN26,65,57380.0,57380.0,2860742.0,2860742.0,True,True
raw/wayback/puts_20260402214940.pdf,2,JUL26,35,41364.0,41364.0,549343.0,549343.0,True,True
raw/wayback/puts_20260402214940.pdf,2,AUG26,20,250.0,250.0,112353.0,112353.0,True,True
raw/wayback/puts_20260402214940.pdf,2,SEP26,66,123702.0,123702.0,2435922.0,2435922.0,True,True
raw/wayback/puts_20260402214940.pdf,3,DEC26,69,177927.0,177927.0,2922733.0,2922733.0,True,True
raw/wayback/puts_20260402214940.pdf,3,MAR27,52,16613.0,16613.0,813282.0,813282.0,True,True
raw/wayback/puts_20260402214940.pdf,4,JUN27,40,10330.0,10330.0,233867.0,233867.0,True,True
raw/wayback/puts_20260402214940.pdf,4,SEP27,36,26888.0,26888.0,229467.0,229467.0,True,True
raw/wayback/puts_20260402214940.pdf,4,DEC27,35,2335.0,2335.0,151367.0,151367.0,True,True
raw/wayback/puts_20260402214940.pdf,4,MAR28,19,80.0,80.0,33494.0,33494.0,True,True
raw/wayback/puts_20260402214940.pdf,5,JUN28,15,80.0,80.0,48665.0,48665.0,True,True
raw/wayback/puts_20260402214940.pdf,5,SEP28,14,0.0,0,39016.0,39016.0,True,True
raw/wayback/puts_20260402214940.pdf,5,DEC28,12,0.0,0,7637.0,7637.0,True,True
raw/wayback/puts_20260402214940.pdf,5,MAR29,3,0.0,0,350.0,350.0,True,True
raw/wayback/puts_20260402214940.pdf,5,JUN29,1,0.0,0,144.0,144.0,True,True
raw/wayback/puts_20260402214940.pdf,5,SEP29,1,0.0,0,84.0,84.0,True,True
raw/wayback/puts_20260402214940.pdf,5,DEC29,1,0.0,0,58.0,58.0,True,True
raw/wayback/calls_20260403214415.pdf,3,APR26,38,58717.0,58717.0,1452272.0,1452272.0,True,True
raw/wayback/calls_20260403214415.pdf,3,MAY26,38,3344.0,3344.0,780732.0,780732.0,True,True
raw/wayback/calls_20260403214415.pdf,4,JUN26,61,15266.0,15266.0,3854175.0,3854175.0,True,True
raw/wayback/calls_20260403214415.pdf,4,JUL26,37,31734.0,31734.0,684998.0,684998.0,True,True
raw/wayback/calls_20260403214415.pdf,4,AUG26,24,0.0,0,60728.0,60728.0,True,True
raw/wayback/calls_20260403214415.pdf,4,SEP26,58,33555.0,33555.0,3869803.0,3869803.0,True,True
raw/wayback/calls_20260403214415.pdf,5,DEC26,56,85093.0,85093.0,4115742.0,4115742.0,True,True
raw/wayback/calls_20260403214415.pdf,5,MAR27,43,7177.0,7177.0,831863.0,831863.0,True,True
raw/wayback/calls_20260403214415.pdf,5,JUN27,34,28379.0,28379.0,382259.0,382259.0,True,True
raw/wayback/calls_20260403214415.pdf,6,SEP27,32,1380.0,1380.0,166984.0,166984.0,True,True
raw/wayback/calls_20260403214415.pdf,6,DEC27,30,2430.0,2430.0,297092.0,297092.0,True,True
raw/wayback/calls_20260403214415.pdf,6,MAR28,17,500.0,500.0,107441.0,107441.0,True,True
raw/wayback/calls_20260403214415.pdf,6,JUN28,15,200.0,200.0,133859.0,133859.0,True,True
raw/wayback/calls_20260403214415.pdf,6,SEP28,14,201.0,201.0,139320.0,139320.0,True,True
raw/wayback/calls_20260403214415.pdf,6,DEC28,12,200.0,200.0,24927.0,24927.0,True,True
raw/wayback/calls_20260403214415.pdf,7,MAR29,3,200.0,200.0,501.0,501.0,True,True
raw/wayback/calls_20260403214415.pdf,7,JUN29,2,0.0,0,7590.0,7590.0,True,True
raw/wayback/calls_20260403214415.pdf,7,SEP29,2,0.0,0,21.0,21.0,True,True
raw/wayback/calls_20260403214415.pdf,7,DEC29,1,0.0,0,100.0,100.0,True,True
raw/wayback/puts_20260403214431.pdf,1,APR26,29,67265.0,67265.0,1032211.0,1032211.0,True,True
raw/wayback/puts_20260403214431.pdf,1,MAY26,24,8012.0,8012.0,716490.0,716490.0,True,True
raw/wayback/puts_20260403214431.pdf,2,JUN26,65,139376.0,139376.0,2865340.0,2865340.0,True,True
raw/wayback/puts_20260403214431.pdf,2,JUL26,35,20765.0,20765.0,561786.0,561786.0,True,True
raw/wayback/puts_20260403214431.pdf,2,AUG26,21,3000.0,3000.0,115353.0,115353.0,True,True
raw/wayback/puts_20260403214431.pdf,2,SEP26,66,114369.0,114369.0,2467448.0,2467448.0,True,True
raw/wayback/puts_20260403214431.pdf,3,DEC26,69,55668.0,55668.0,2914403.0,2914403.0,True,True
raw/wayback/puts_20260403214431.pdf,3,MAR27,52,10738.0,10738.0,815816.0,815816.0,True,True
raw/wayback/puts_20260403214431.pdf,4,JUN27,40,8012.0,8012.0,234781.0,234781.0,True,True
raw/wayback/puts_20260403214431.pdf,4,SEP27,36,3000.0,3000.0,230156.0,230156.0,True,True
raw/wayback/puts_20260403214431.pdf,4,DEC27,35,600.0,600.0,151967.0,151967.0,True,True
raw/wayback/puts_20260403214431.pdf,4,MAR28,19,500.0,500.0,33794.0,33794.0,True,True
raw/wayback/puts_20260403214431.pdf,5,JUN28,15,0.0,0,48665.0,48665.0,True,True
raw/wayback/puts_20260403214431.pdf,5,SEP28,14,0.0,0,39016.0,39016.0,True,True
raw/wayback/puts_20260403214431.pdf,5,DEC28,12,0.0,0,7637.0,7637.0,True,True
raw/wayback/puts_20260403214431.pdf,5,MAR29,3,0.0,0,350.0,350.0,True,True
raw/wayback/puts_20260403214431.pdf,5,JUN29,1,0.0,0,144.0,144.0,True,True
raw/wayback/puts_20260403214431.pdf,5,SEP29,1,0.0,0,84.0,84.0,True,True
raw/wayback/puts_20260403214431.pdf,5,DEC29,1,0.0,0,58.0,58.0,True,True
raw/wayback/calls_20260406214846.pdf,3,APR26,38,21990.0,21990.0,1446610.0,1446610.0,True,True
raw/wayback/calls_20260406214846.pdf,3,MAY26,38,7925.0,7925.0,782980.0,782980.0,True,True
raw/wayback/calls_20260406214846.pdf,4,JUN26,61,18844.0,18844.0,3863687.0,3863687.0,True,True
raw/wayback/calls_20260406214846.pdf,4,JUL26,37,975.0,975.0,685338.0,685338.0,True,True
raw/wayback/calls_20260406214846.pdf,4,AUG26,24,0.0,0,60728.0,60728.0,True,True
raw/wayback/calls_20260406214846.pdf,4,SEP26,58,5018.0,5018.0,3869663.0,3869663.0,True,True
raw/wayback/calls_20260406214846.pdf,5,DEC26,56,37287.0,37287.0,4119550.0,4119550.0,True,True
raw/wayback/calls_20260406214846.pdf,5,MAR27,43,201.0,201.0,832064.0,832064.0,True,True
raw/wayback/calls_20260406214846.pdf,5,JUN27,34,1903.0,1903.0,383059.0,383059.0,True,True
raw/wayback/calls_20260406214846.pdf,6,SEP27,32,0.0,0,166984.0,166984.0,True,True
raw/wayback/calls_20260406214846.pdf,6,DEC27,30,1704.0,1704.0,298194.0,298194.0,True,True
raw/wayback/calls_20260406214846.pdf,6,MAR28,17,0.0,0,107441.0,107441.0,True,True
raw/wayback/calls_20260406214846.pdf,6,JUN28,15,0.0,0,133859.0,133859.0,True,True
raw/wayback/calls_20260406214846.pdf,6,SEP28,14,1.0,1.0,139321.0,139321.0,True,True
raw/wayback/calls_20260406214846.pdf,6,DEC28,12,0.0,0,24927.0,24927.0,True,True
raw/wayback/calls_20260406214846.pdf,7,MAR29,3,0.0,0,501.0,501.0,True,True
raw/wayback/calls_20260406214846.pdf,7,JUN29,2,0.0,0,7590.0,7590.0,True,True
raw/wayback/calls_20260406214846.pdf,7,SEP29,2,0.0,0,21.0,21.0,True,True
raw/wayback/calls_20260406214846.pdf,7,DEC29,1,0.0,0,100.0,100.0,True,True
raw/wayback/puts_20260406214901.pdf,1,APR26,29,3751.0,3751.0,1034213.0,1034213.0,True,True
raw/wayback/puts_20260406214901.pdf,1,MAY26,24,506.0,506.0,716494.0,716494.0,True,True
raw/wayback/puts_20260406214901.pdf,2,JUN26,65,27656.0,27656.0,2872482.0,2872482.0,True,True
raw/wayback/puts_20260406214901.pdf,2,JUL26,35,15450.0,15450.0,571158.0,571158.0,True,True
raw/wayback/puts_20260406214901.pdf,2,AUG26,21,0.0,0,115353.0,115353.0,True,True
raw/wayback/puts_20260406214901.pdf,2,SEP26,66,23107.0,23107.0,2476598.0,2476598.0,True,True
raw/wayback/puts_20260406214901.pdf,3,DEC26,70,54777.0,54777.0,2949442.0,2949442.0,True,True
raw/wayback/puts_20260406214901.pdf,3,MAR27,52,0.0,0,815816.0,815816.0,True,True
raw/wayback/puts_20260406214901.pdf,4,JUN27,40,500.0,500.0,234781.0,234781.0,True,True
raw/wayback/puts_20260406214901.pdf,4,SEP27,36,450.0,450.0,230233.0,230233.0,True,True
raw/wayback/puts_20260406214901.pdf,4,DEC27,35,1504.0,1504.0,152971.0,152971.0,True,True
raw/wayback/puts_20260406214901.pdf,5,MAR28,19,0.0,0,33794.0,33794.0,True,True
raw/wayback/puts_20260406214901.pdf,5,JUN28,15,0.0,0,48665.0,48665.0,True,True
raw/wayback/puts_20260406214901.pdf,5,SEP28,14,0.0,0,39016.0,39016.0,True,True
raw/wayback/puts_20260406214901.pdf,5,DEC28,12,0.0,0,7637.0,7637.0,True,True
raw/wayback/puts_20260406214901.pdf,5,MAR29,3,0.0,0,350.0,350.0,True,True
raw/wayback/puts_20260406214901.pdf,5,JUN29,1,0.0,0,144.0,144.0,True,True
raw/wayback/puts_20260406214901.pdf,5,SEP29,1,0.0,0,84.0,84.0,True,True
raw/wayback/puts_20260406214901.pdf,5,DEC29,1,0.0,0,58.0,58.0,True,True
raw/wayback/calls_20260407215327.pdf,3,APR26,38,2347.0,2347.0,1446473.0,1446473.0,True,True
raw/wayback/calls_20260407215327.pdf,3,MAY26,38,5019.0,5019.0,781683.0,781683.0,True,True
raw/wayback/calls_20260407215327.pdf,4,JUN26,61,22214.0,22214.0,3860758.0,3860758.0,True,True
raw/wayback/calls_20260407215327.pdf,4,JUL26,37,38388.0,38388.0,679190.0,679190.0,True,True
raw/wayback/calls_20260407215327.pdf,4,AUG26,24,2.0,2.0,60726.0,60726.0,True,True
raw/wayback/calls_20260407215327.pdf,4,SEP26,58,40994.0,40994.0,3884718.0,3884718.0,True,True
raw/wayback/calls_20260407215327.pdf,5,DEC26,56,71891.0,71891.0,4124994.0,4124994.0,True,True
raw/wayback/calls_20260407215327.pdf,5,MAR27,43,7002.0,7002.0,826515.0,826515.0,True,True
raw/wayback/calls_20260407215327.pdf,5,JUN27,34,1875.0,1875.0,383427.0,383427.0,True,True
raw/wayback/calls_20260407215327.pdf,6,SEP27,32,1000.0,1000.0,167984.0,167984.0,True,True
raw/wayback/calls_20260407215327.pdf,6,DEC27,30,4726.0,4726.0,298199.0,298199.0,True,True
raw/wayback/calls_20260407215327.pdf,6,MAR28,17,6536.0,6536.0,107791.0,107791.0,True,True
raw/wayback/calls_20260407215327.pdf,6,JUN28,15,2.0,2.0,133857.0,133857.0,True,True
raw/wayback/calls_20260407215327.pdf,6,SEP28,14,0.0,0,139321.0,139321.0,True,True
raw/wayback/calls_20260407215327.pdf,6,DEC28,12,0.0,0,24927.0,24927.0,True,True
raw/wayback/calls_20260407215327.pdf,7,MAR29,3,0.0,0,501.0,501.0,True,True
raw/wayback/calls_20260407215327.pdf,7,JUN29,2,0.0,0,7590.0,7590.0,True,True
raw/wayback/calls_20260407215327.pdf,7,SEP29,2,0.0,0,21.0,21.0,True,True
raw/wayback/calls_20260407215327.pdf,7,DEC29,1,0.0,0,100.0,100.0,True,True
raw/wayback/puts_20260407215342.pdf,1,APR26,29,8384.0,8384.0,1034678.0,1034678.0,True,True
raw/wayback/puts_20260407215342.pdf,1,MAY26,24,3619.0,3619.0,715298.0,715298.0,True,True
raw/wayback/puts_20260407215342.pdf,2,JUN26,65,20222.0,20222.0,2872446.0,2872446.0,True,True
raw/wayback/puts_20260407215342.pdf,2,JUL26,35,12348.0,12348.0,574956.0,574956.0,True,True
raw/wayback/puts_20260407215342.pdf,2,AUG26,21,1200.0,1200.0,114953.0,114953.0,True,True
raw/wayback/puts_20260407215342.pdf,2,SEP26,66,38183.0,38183.0,2470927.0,2470927.0,True,True
raw/wayback/puts_20260407215342.pdf,3,DEC26,70,40103.0,40103.0,2962579.0,2962579.0,True,True
raw/wayback/puts_20260407215342.pdf,3,MAR27,52,15560.0,15560.0,819048.0,819048.0,True,True
raw/wayback/puts_20260407215342.pdf,4,JUN27,40,5629.0,5629.0,236773.0,236773.0,True,True
raw/wayback/puts_20260407215342.pdf,4,SEP27,36,0.0,0,230233.0,230233.0,True,True
raw/wayback/puts_20260407215342.pdf,4,DEC27,35,2000.0,2000.0,153955.0,153955.0,True,True
raw/wayback/puts_20260407215342.pdf,5,MAR28,19,0.0,0,33794.0,33794.0,True,True
raw/wayback/puts_20260407215342.pdf,5,JUN28,15,0.0,0,48665.0,48665.0,True,True
raw/wayback/puts_20260407215342.pdf,5,SEP28,14,0.0,0,39016.0,39016.0,True,True
raw/wayback/puts_20260407215342.pdf,5,DEC28,12,0.0,0,7637.0,7637.0,True,True
raw/wayback/puts_20260407215342.pdf,5,MAR29,3,0.0,0,350.0,350.0,True,True
raw/wayback/puts_20260407215342.pdf,5,JUN29,1,0.0,0,144.0,144.0,True,True
raw/wayback/puts_20260407215342.pdf,5,SEP29,1,0.0,0,84.0,84.0,True,True
raw/wayback/puts_20260407215342.pdf,5,DEC29,1,0.0,0,58.0,58.0,True,True
raw/wayback/calls_20260408215230.pdf,3,APR26,38,50983.0,50983.0,1435764.0,1435764.0,True,True
raw/wayback/calls_20260408215230.pdf,3,MAY26,38,17513.0,17513.0,790558.0,790558.0,True,True
raw/wayback/calls_20260408215230.pdf,4,JUN26,61,26274.0,26274.0,3862981.0,3862981.0,True,True
raw/wayback/calls_20260408215230.pdf,4,JUL26,38,16365.0,16365.0,685287.0,685287.0,True,True
raw/wayback/calls_20260408215230.pdf,4,AUG26,24,0.0,0,60726.0,60726.0,True,True
raw/wayback/calls_20260408215230.pdf,4,SEP26,58,89014.0,89014.0,3923313.0,3923313.0,True,True
raw/wayback/calls_20260408215230.pdf,5,DEC26,56,62398.0,62398.0,4134736.0,4134736.0,True,True
raw/wayback/calls_20260408215230.pdf,5,MAR27,43,6810.0,6810.0,824976.0,824976.0,True,True
raw/wayback/calls_20260408215230.pdf,6,JUN27,34,11770.0,11770.0,386218.0,386218.0,True,True
raw/wayback/calls_20260408215230.pdf,6,SEP27,32,610.0,610.0,167785.0,167785.0,True,True
raw/wayback/calls_20260408215230.pdf,6,DEC27,30,7206.0,7206.0,302951.0,302951.0,True,True
raw/wayback/calls_20260408215230.pdf,6,MAR28,17,20.0,20.0,107811.0,107811.0,True,True
raw/wayback/calls_20260408215230.pdf,6,JUN28,15,100.0,100.0,133923.0,133923.0,True,True
raw/wayback/calls_20260408215230.pdf,6,SEP28,14,0.0,0,139321.0,139321.0,True,True
raw/wayback/calls_20260408215230.pdf,6,DEC28,12,0.0,0,24927.0,24927.0,True,True
raw/wayback/calls_20260408215230.pdf,7,MAR29,3,0.0,0,501.0,501.0,True,True
raw/wayback/calls_20260408215230.pdf,7,JUN29,2,0.0,0,7590.0,7590.0,True,True
raw/wayback/calls_20260408215230.pdf,7,SEP29,2,0.0,0,21.0,21.0,True,True
raw/wayback/calls_20260408215230.pdf,7,DEC29,1,0.0,0,100.0,100.0,True,True
raw/wayback/puts_20260408215246.pdf,1,APR26,29,32264.0,32264.0,1023969.0,1023969.0,True,True
raw/wayback/puts_20260408215246.pdf,1,MAY26,24,57787.0,57787.0,749806.0,749806.0,True,True
raw/wayback/puts_20260408215246.pdf,2,JUN26,65,49983.0,49983.0,2881198.0,2881198.0,True,True
raw/wayback/puts_20260408215246.pdf,2,JUL26,35,20434.0,20434.0,588136.0,588136.0,True,True
raw/wayback/puts_20260408215246.pdf,2,AUG26,21,172.0,172.0,115045.0,115045.0,True,True
raw/wayback/puts_20260408215246.pdf,2,SEP26,66,53939.0,53939.0,2467684.0,2467684.0,True,True
raw/wayback/puts_20260408215246.pdf,3,DEC26,70,16850.0,16850.0,2962751.0,2962751.0,True,True
raw/wayback/puts_20260408215246.pdf,3,MAR27,52,6443.0,6443.0,819441.0,819441.0,True,True
raw/wayback/puts_20260408215246.pdf,4,JUN27,40,21993.0,21993.0,256538.0,256538.0,True,True
raw/wayback/puts_20260408215246.pdf,4,SEP27,36,2105.0,2105.0,230271.0,230271.0,True,True
raw/wayback/puts_20260408215246.pdf,4,DEC27,35,6501.0,6501.0,155600.0,155600.0,True,True
raw/wayback/puts_20260408215246.pdf,5,MAR28,19,0.0,0,33794.0,33794.0,True,True
raw/wayback/puts_20260408215246.pdf,5,JUN28,15,0.0,0,48665.0,48665.0,True,True
raw/wayback/puts_20260408215246.pdf,5,SEP28,14,0.0,0,39016.0,39016.0,True,True
raw/wayback/puts_20260408215246.pdf,5,DEC28,12,0.0,0,7637.0,7637.0,True,True
raw/wayback/puts_20260408215246.pdf,5,MAR29,3,0.0,0,350.0,350.0,True,True
raw/wayback/puts_20260408215246.pdf,5,JUN29,1,0.0,0,144.0,144.0,True,True
raw/wayback/puts_20260408215246.pdf,5,SEP29,1,0.0,0,84.0,84.0,True,True
raw/wayback/puts_20260408215246.pdf,5,DEC29,1,0.0,0,58.0,58.0,True,True
raw/wayback/calls_20260409215613.pdf,3,APR26,38,27193.0,27193.0,1429277.0,1429277.0,True,True
raw/wayback/calls_20260409215613.pdf,3,MAY26,39,45609.0,45609.0,782723.0,782723.0,True,True
raw/wayback/calls_20260409215613.pdf,4,JUN26,61,91016.0,91016.0,3867873.0,3867873.0,True,True
raw/wayback/calls_20260409215613.pdf,4,JUL26,38,55964.0,55964.0,701382.0,701382.0,True,True
raw/wayback/calls_20260409215613.pdf,4,AUG26,24,74.0,74.0,60722.0,60722.0,True,True
raw/wayback/calls_20260409215613.pdf,4,SEP26,58,41915.0,41915.0,3937960.0,3937960.0,True,True
raw/wayback/calls_20260409215613.pdf,5,DEC26,56,129536.0,129536.0,4146197.0,4146197.0,True,True
raw/wayback/calls_20260409215613.pdf,5,MAR27,43,8463.0,8463.0,825300.0,825300.0,True,True
raw/wayback/calls_20260409215613.pdf,6,JUN27,34,4380.0,4380.0,386475.0,386475.0,True,True
raw/wayback/calls_20260409215613.pdf,6,SEP27,32,2020.0,2020.0,166550.0,166550.0,True,True
raw/wayback/calls_20260409215613.pdf,6,DEC27,30,3977.0,3977.0,302900.0,302900.0,True,True
raw/wayback/calls_20260409215613.pdf,6,MAR28,17,20.0,20.0,107791.0,107791.0,True,True
raw/wayback/calls_20260409215613.pdf,6,JUN28,15,160.0,160.0,134023.0,134023.0,True,True
raw/wayback/calls_20260409215613.pdf,6,SEP28,14,1.0,1.0,139322.0,139322.0,True,True
raw/wayback/calls_20260409215613.pdf,6,DEC28,12,0.0,0,24927.0,24927.0,True,True
raw/wayback/calls_20260409215613.pdf,7,MAR29,3,0.0,0,501.0,501.0,True,True
raw/wayback/calls_20260409215613.pdf,7,JUN29,2,0.0,0,7590.0,7590.0,True,True
raw/wayback/calls_20260409215613.pdf,7,SEP29,2,0.0,0,21.0,21.0,True,True
raw/wayback/calls_20260409215613.pdf,7,DEC29,1,0.0,0,100.0,100.0,True,True
raw/wayback/puts_20260409215626.pdf,1,APR26,29,29909.0,29909.0,1009584.0,1009584.0,True,True
raw/wayback/puts_20260409215626.pdf,1,MAY26,24,64417.0,64417.0,723891.0,723891.0,True,True
raw/wayback/puts_20260409215626.pdf,2,JUN26,65,160279.0,160279.0,2876281.0,2876281.0,True,True
raw/wayback/puts_20260409215626.pdf,2,JUL26,35,20465.0,20465.0,585889.0,585889.0,True,True
raw/wayback/puts_20260409215626.pdf,2,AUG26,21,2471.0,2471.0,116275.0,116275.0,True,True
raw/wayback/puts_20260409215626.pdf,2,SEP26,66,78461.0,78461.0,2461742.0,2461742.0,True,True
raw/wayback/puts_20260409215626.pdf,3,DEC26,69,104611.0,104611.0,2985287.0,2985287.0,True,True
raw/wayback/puts_20260409215626.pdf,3,MAR27,52,32543.0,32543.0,818455.0,818455.0,True,True
raw/wayback/puts_20260409215626.pdf,4,JUN27,40,24766.0,24766.0,270512.0,270512.0,True,True
raw/wayback/puts_20260409215626.pdf,4,SEP27,36,13669.0,13669.0,226328.0,226328.0,True,True
raw/wayback/puts_20260409215626.pdf,4,DEC27,35,5160.0,5160.0,158763.0,158763.0,True,True
raw/wayback/puts_20260409215626.pdf,4,MAR28,19,0.0,0,33794.0,33794.0,True,True
raw/wayback/puts_20260409215626.pdf,5,JUN28,15,0.0,0,48665.0,48665.0,True,True
raw/wayback/puts_20260409215626.pdf,5,SEP28,14,0.0,0,39016.0,39016.0,True,True
raw/wayback/puts_20260409215626.pdf,5,DEC28,12,0.0,0,7637.0,7637.0,True,True
raw/wayback/puts_20260409215626.pdf,5,MAR29,3,0.0,0,350.0,350.0,True,True
raw/wayback/puts_20260409215626.pdf,5,JUN29,1,0.0,0,144.0,144.0,True,True
raw/wayback/puts_20260409215626.pdf,5,SEP29,1,0.0,0,84.0,84.0,True,True
raw/wayback/puts_20260409215626.pdf,5,DEC29,1,0.0,0,58.0,58.0,True,True
raw/wayback/calls_20260410215018.pdf,3,APR26,38,22625.0,22625.0,1424153.0,1424153.0,True,True
raw/wayback/calls_20260410215018.pdf,3,MAY26,39,17976.0,17976.0,784977.0,784977.0,True,True
raw/wayback/calls_20260410215018.pdf,4,JUN26,61,40721.0,40721.0,3884466.0,3884466.0,True,True
raw/wayback/calls_20260410215018.pdf,4,JUL26,38,15772.0,15772.0,708507.0,708507.0,True,True
raw/wayback/calls_20260410215018.pdf,4,AUG26,24,500.0,500.0,60884.0,60884.0,True,True
raw/wayback/calls_20260410215018.pdf,4,SEP26,58,113930.0,113930.0,3969104.0,3969104.0,True,True
raw/wayback/calls_20260410215018.pdf,5,DEC26,56,46202.0,46202.0,4147537.0,4147537.0,True,True
raw/wayback/calls_20260410215018.pdf,5,MAR27,43,6079.0,6079.0,823279.0,823279.0,True,True
raw/wayback/calls_20260410215018.pdf,6,JUN27,34,7950.0,7950.0,382606.0,382606.0,True,True
raw/wayback/calls_20260410215018.pdf,6,SEP27,32,38.0,38.0,166550.0,166550.0,True,True
raw/wayback/calls_20260410215018.pdf,6,DEC27,30,602.0,602.0,303452.0,303452.0,True,True
raw/wayback/calls_20260410215018.pdf,6,MAR28,17,3291.0,3291.0,109332.0,109332.0,True,True
raw/wayback/calls_20260410215018.pdf,6,JUN28,15,41.0,41.0,134064.0,134064.0,True,True
raw/wayback/calls_20260410215018.pdf,6,SEP28,14,0.0,0,139322.0,139322.0,True,True
raw/wayback/calls_20260410215018.pdf,6,DEC28,12,0.0,0,24927.0,24927.0,True,True
raw/wayback/calls_20260410215018.pdf,7,MAR29,3,0.0,0,501.0,501.0,True,True
raw/wayback/calls_20260410215018.pdf,7,JUN29,2,0.0,0,7590.0,7590.0,True,True
raw/wayback/calls_20260410215018.pdf,7,SEP29,2,0.0,0,21.0,21.0,True,True
raw/wayback/calls_20260410215018.pdf,7,DEC29,1,0.0,0,100.0,100.0,True,True
raw/wayback/puts_20260410215034.pdf,1,APR26,29,19596.0,19596.0,991368.0,991368.0,True,True
raw/wayback/puts_20260410215034.pdf,1,MAY26,24,22738.0,22738.0,734877.0,734877.0,True,True
raw/wayback/puts_20260410215034.pdf,2,JUN26,65,226091.0,226091.0,2860506.0,2860506.0,True,True
raw/wayback/puts_20260410215034.pdf,2,JUL26,35,37214.0,37214.0,595086.0,595086.0,True,True
raw/wayback/puts_20260410215034.pdf,2,AUG26,21,0.0,0,116275.0,116275.0,True,True
raw/wayback/puts_20260410215034.pdf,2,SEP26,66,32712.0,32712.0,2473430.0,2473430.0,True,True
raw/wayback/puts_20260410215034.pdf,3,DEC26,69,26672.0,26672.0,2993462.0,2993462.0,True,True
raw/wayback/puts_20260410215034.pdf,3,MAR27,52,22698.0,22698.0,829000.0,829000.0,True,True
raw/wayback/puts_20260410215034.pdf,4,JUN27,40,10621.0,10621.0,275699.0,275699.0,True,True
raw/wayback/puts_20260410215034.pdf,4,SEP27,36,4350.0,4350.0,229103.0,229103.0,True,True
raw/wayback/puts_20260410215034.pdf,4,DEC27,35,3600.0,3600.0,160544.0,160544.0,True,True
raw/wayback/puts_20260410215034.pdf,4,MAR28,19,3450.0,3450.0,35594.0,35594.0,True,True
raw/wayback/puts_20260410215034.pdf,5,JUN28,15,0.0,0,48665.0,48665.0,True,True
raw/wayback/puts_20260410215034.pdf,5,SEP28,14,0.0,0,39016.0,39016.0,True,True
raw/wayback/puts_20260410215034.pdf,5,DEC28,12,0.0,0,7637.0,7637.0,True,True
raw/wayback/puts_20260410215034.pdf,5,MAR29,3,0.0,0,350.0,350.0,True,True
raw/wayback/puts_20260410215034.pdf,5,JUN29,1,0.0,0,144.0,144.0,True,True
raw/wayback/puts_20260410215034.pdf,5,SEP29,1,0.0,0,84.0,84.0,True,True
raw/wayback/puts_20260410215034.pdf,5,DEC29,1,0.0,0,58.0,58.0,True,True
raw/wayback/calls_20260413215913.pdf,3,APR26,38,23486.0,23486.0,0.0,0,True,True
raw/wayback/calls_20260413215913.pdf,3,MAY26,39,18928.0,18928.0,793526.0,793526.0,True,True
raw/wayback/calls_20260413215913.pdf,4,JUN26,61,91011.0,91011.0,3875982.0,3875982.0,True,True
raw/wayback/calls_20260413215913.pdf,4,JUL26,38,2262.0,2262.0,707461.0,707461.0,True,True
raw/wayback/calls_20260413215913.pdf,4,AUG26,24,2000.0,2000.0,62634.0,62634.0,True,True
raw/wayback/calls_20260413215913.pdf,4,SEP26,58,128888.0,128888.0,3999158.0,3999158.0,True,True
raw/wayback/calls_20260413215913.pdf,5,DEC26,56,168754.0,168754.0,4180453.0,4180453.0,True,True
raw/wayback/calls_20260413215913.pdf,5,MAR27,43,23882.0,23882.0,844615.0,844615.0,True,True
raw/wayback/calls_20260413215913.pdf,6,JUN27,34,9131.0,9131.0,381213.0,381213.0,True,True
raw/wayback/calls_20260413215913.pdf,6,SEP27,32,3032.0,3032.0,168387.0,168387.0,True,True
raw/wayback/calls_20260413215913.pdf,6,DEC27,30,1373.0,1373.0,303664.0,303664.0,True,True
raw/wayback/calls_20260413215913.pdf,6,MAR28,17,246.0,246.0,109088.0,109088.0,True,True
raw/wayback/calls_20260413215913.pdf,6,JUN28,15,92.0,92.0,133972.0,133972.0,True,True
raw/wayback/calls_20260413215913.pdf,6,SEP28,14,1.0,1.0,139351.0,139351.0,True,True
raw/wayback/calls_20260413215913.pdf,6,DEC28,12,0.0,0,24948.0,24948.0,True,True
raw/wayback/calls_20260413215913.pdf,7,MAR29,3,0.0,0,501.0,501.0,True,True
raw/wayback/calls_20260413215913.pdf,7,JUN29,2,0.0,0,7590.0,7590.0,True,True
raw/wayback/calls_20260413215913.pdf,7,SEP29,2,0.0,0,21.0,21.0,True,True
raw/wayback/calls_20260413215913.pdf,7,DEC29,1,0.0,0,100.0,100.0,True,True
raw/wayback/puts_20260413215928.pdf,1,APR26,29,49644.0,49644.0,0.0,0,True,True
raw/wayback/puts_20260413215928.pdf,1,MAY26,24,22542.0,22542.0,741405.0,741405.0,True,True
raw/wayback/puts_20260413215928.pdf,2,JUN26,65,85651.0,85651.0,2802909.0,2802909.0,True,True
raw/wayback/puts_20260413215928.pdf,2,JUL26,35,60183.0,60183.0,602991.0,602991.0,True,True
raw/wayback/puts_20260413215928.pdf,2,AUG26,21,0.0,0,116275.0,116275.0,True,True
raw/wayback/puts_20260413215928.pdf,2,SEP26,66,46535.0,46535.0,2467964.0,2467964.0,True,True
raw/wayback/puts_20260413215928.pdf,3,DEC26,68,92459.0,92459.0,2983645.0,2983645.0,True,True
raw/wayback/puts_20260413215928.pdf,3,MAR27,52,24835.0,24835.0,842748.0,842748.0,True,True
raw/wayback/puts_20260413215928.pdf,4,JUN27,40,11314.0,11314.0,284346.0,284346.0,True,True
raw/wayback/puts_20260413215928.pdf,4,SEP27,36,5480.0,5480.0,229699.0,229699.0,True,True
raw/wayback/puts_20260413215928.pdf,4,DEC27,35,1480.0,1480.0,161106.0,161106.0,True,True
raw/wayback/puts_20260413215928.pdf,4,MAR28,19,30.0,30.0,35624.0,35624.0,True,True
raw/wayback/puts_20260413215928.pdf,5,JUN28,15,30.0,30.0,48695.0,48695.0,True,True
raw/wayback/puts_20260413215928.pdf,5,SEP28,14,30.0,30.0,39046.0,39046.0,True,True
raw/wayback/puts_20260413215928.pdf,5,DEC28,12,30.0,30.0,7667.0,7667.0,True,True
raw/wayback/puts_20260413215928.pdf,5,MAR29,4,30.0,30.0,380.0,380.0,True,True
raw/wayback/puts_20260413215928.pdf,5,JUN29,1,0.0,0,144.0,144.0,True,True
raw/wayback/puts_20260413215928.pdf,5,SEP29,1,0.0,0,84.0,84.0,True,True
raw/wayback/puts_20260413215928.pdf,5,DEC29,1,0.0,0,58.0,58.0,True,True
raw/wayback/calls_20260414220417.pdf,3,APR26,14,0.0,0,0.0,0,True,True
raw/wayback/calls_20260414220417.pdf,3,MAY26,39,35856.0,35856.0,778960.0,778960.0,True,True
raw/wayback/calls_20260414220417.pdf,3,JUN26,61,3479.0,3479.0,3875990.0,3875990.0,True,True
raw/wayback/calls_20260414220417.pdf,4,JUL26,38,9717.0,9717.0,713519.0,713519.0,True,True
raw/wayback/calls_20260414220417.pdf,4,AUG26,24,1000.0,1000.0,63634.0,63634.0,True,True
raw/wayback/calls_20260414220417.pdf,4,SEP26,58,12703.0,12703.0,3998048.0,3998048.0,True,True
raw/wayback/calls_20260414220417.pdf,4,OCT26,2,3316.0,3316.0,3316.0,3316.0,True,True
raw/wayback/calls_20260414220417.pdf,5,DEC26,56,28534.0,28534.0,4183194.0,4183194.0,True,True
raw/wayback/calls_20260414220417.pdf,5,MAR27,43,603.0,603.0,844997.0,844997.0,True,True
raw/wayback/calls_20260414220417.pdf,5,JUN27,34,183.0,183.0,381103.0,381103.0,True,True
raw/wayback/calls_20260414220417.pdf,6,SEP27,32,0.0,0,168372.0,168372.0,True,True
raw/wayback/calls_20260414220417.pdf,6,DEC27,30,0.0,0,303641.0,303641.0,True,True
raw/wayback/calls_20260414220417.pdf,6,MAR28,17,7500.0,7500.0,116418.0,116418.0,True,True
raw/wayback/calls_20260414220417.pdf,6,JUN28,15,0.0,0,133972.0,133972.0,True,True
raw/wayback/calls_20260414220417.pdf,6,SEP28,14,0.0,0,139323.0,139323.0,True,True
raw/wayback/calls_20260414220417.pdf,6,DEC28,12,0.0,0,24927.0,24927.0,True,True
raw/wayback/calls_20260414220417.pdf,6,MAR29,3,0.0,0,501.0,501.0,True,True
raw/wayback/calls_20260414220417.pdf,6,JUN29,2,0.0,0,7590.0,7590.0,True,True
raw/wayback/calls_20260414220417.pdf,6,SEP29,2,0.0,0,21.0,21.0,True,True
raw/wayback/calls_20260414220417.pdf,7,DEC29,1,0.0,0,100.0,100.0,True,True
raw/wayback/puts_20260414220423.pdf,1,APR26,18,0.0,0,0.0,0,True,True
raw/wayback/puts_20260414220423.pdf,1,MAY26,24,69213.0,69213.0,706208.0,706208.0,True,True
raw/wayback/puts_20260414220423.pdf,1,JUN26,65,45629.0,45629.0,2827417.0,2827417.0,True,True
raw/wayback/puts_20260414220423.pdf,2,JUL26,35,30658.0,30658.0,595075.0,595075.0,True,True
raw/wayback/puts_20260414220423.pdf,2,AUG26,21,17000.0,17000.0,103652.0,103652.0,True,True
raw/wayback/puts_20260414220423.pdf,2,SEP26,66,38880.0,38880.0,2456603.0,2456603.0,True,True
raw/wayback/puts_20260414220423.pdf,3,DEC26,68,23640.0,23640.0,2980601.0,2980601.0,True,True
raw/wayback/puts_20260414220423.pdf,3,MAR27,52,1576.0,1576.0,844198.0,844198.0,True,True
raw/wayback/puts_20260414220423.pdf,4,JUN27,40,7100.0,7100.0,291446.0,291446.0,True,True
raw/wayback/puts_20260414220423.pdf,4,SEP27,36,2506.0,2506.0,230070.0,230070.0,True,True
raw/wayback/puts_20260414220423.pdf,4,DEC27,35,0.0,0,161106.0,161106.0,True,True
raw/wayback/puts_20260414220423.pdf,4,MAR28,19,0.0,0,35624.0,35624.0,True,True
raw/wayback/puts_20260414220423.pdf,5,JUN28,15,0.0,0,48695.0,48695.0,True,True
raw/wayback/puts_20260414220423.pdf,5,SEP28,14,0.0,0,39046.0,39046.0,True,True
raw/wayback/puts_20260414220423.pdf,5,DEC28,12,0.0,0,7667.0,7667.0,True,True
raw/wayback/puts_20260414220423.pdf,5,MAR29,4,0.0,0,380.0,380.0,True,True
raw/wayback/puts_20260414220423.pdf,5,JUN29,1,0.0,0,144.0,144.0,True,True
raw/wayback/puts_20260414220423.pdf,5,SEP29,1,0.0,0,84.0,84.0,True,True
raw/wayback/puts_20260414220423.pdf,5,DEC29,1,0.0,0,58.0,58.0,True,True
raw/wayback/calls_20260415220334.pdf,3,MAY26,39,36108.0,36108.0,782315.0,782315.0,True,True
raw/wayback/calls_20260415220334.pdf,3,JUN26,61,33505.0,33505.0,3884077.0,3884077.0,True,True
raw/wayback/calls_20260415220334.pdf,4,JUL26,38,15636.0,15636.0,714896.0,714896.0,True,True
raw/wayback/calls_20260415220334.pdf,4,AUG26,25,2500.0,2500.0,66134.0,66134.0,True,True
raw/wayback/calls_20260415220334.pdf,4,SEP26,58,107797.0,107797.0,4025593.0,4025593.0,True,True
raw/wayback/calls_20260415220334.pdf,4,OCT26,2,0.0,0,3316.0,3316.0,True,True
raw/wayback/calls_20260415220334.pdf,5,DEC26,56,193455.0,193455.0,4140793.0,4140793.0,True,True
raw/wayback/calls_20260415220334.pdf,5,MAR27,44,38079.0,38079.0,840116.0,840116.0,True,True
raw/wayback/calls_20260415220334.pdf,5,JUN27,34,812.0,812.0,380393.0,380393.0,True,True
raw/wayback/calls_20260415220334.pdf,6,SEP27,32,2000.0,2000.0,169008.0,169008.0,True,True
raw/wayback/calls_20260415220334.pdf,6,DEC27,30,7289.0,7289.0,304865.0,304865.0,True,True
raw/wayback/calls_20260415220334.pdf,6,MAR28,17,126.0,126.0,116544.0,116544.0,True,True
raw/wayback/calls_20260415220334.pdf,6,JUN28,15,124.0,124.0,134096.0,134096.0,True,True
raw/wayback/calls_20260415220334.pdf,6,SEP28,14,0.0,0,139323.0,139323.0,True,True
raw/wayback/calls_20260415220334.pdf,6,DEC28,12,0.0,0,24927.0,24927.0,True,True
raw/wayback/calls_20260415220334.pdf,6,MAR29,3,0.0,0,501.0,501.0,True,True
raw/wayback/calls_20260415220334.pdf,6,JUN29,2,0.0,0,7590.0,7590.0,True,True
raw/wayback/calls_20260415220334.pdf,6,SEP29,2,0.0,0,21.0,21.0,True,True
raw/wayback/calls_20260415220334.pdf,6,DEC29,1,0.0,0,100.0,100.0,True,True
raw/wayback/puts_20260415220345.pdf,1,MAY26,24,45564.0,45564.0,687388.0,687388.0,True,True
raw/wayback/puts_20260415220345.pdf,1,JUN26,65,78197.0,78197.0,2812441.0,2812441.0,True,True
raw/wayback/puts_20260415220345.pdf,2,JUL26,35,36111.0,36111.0,590032.0,590032.0,True,True
raw/wayback/puts_20260415220345.pdf,2,AUG26,22,22217.0,22217.0,104052.0,104052.0,True,True
raw/wayback/puts_20260415220345.pdf,2,SEP26,66,84971.0,84971.0,2485207.0,2485207.0,True,True
raw/wayback/puts_20260415220345.pdf,2,OCT26,3,17500.0,17500.0,17500.0,17500.0,True,True
raw/wayback/puts_20260415220345.pdf,3,DEC26,68,142537.0,142537.0,2952151.0,2952151.0,True,True
raw/wayback/puts_20260415220345.pdf,3,MAR27,52,29045.0,29045.0,852864.0,852864.0,True,True
raw/wayback/puts_20260415220345.pdf,4,JUN27,40,3291.0,3291.0,292396.0,292396.0,True,True
raw/wayback/puts_20260415220345.pdf,4,SEP27,36,8636.0,8636.0,232713.0,232713.0,True,True
raw/wayback/puts_20260415220345.pdf,4,DEC27,35,910.0,910.0,160924.0,160924.0,True,True
raw/wayback/puts_20260415220345.pdf,4,MAR28,19,3000.0,3000.0,37177.0,37177.0,True,True
raw/wayback/puts_20260415220345.pdf,4,JUN28,15,0.0,0,48695.0,48695.0,True,True
raw/wayback/puts_20260415220345.pdf,5,SEP28,14,0.0,0,39046.0,39046.0,True,True
raw/wayback/puts_20260415220345.pdf,5,DEC28,12,0.0,0,7667.0,7667.0,True,True
raw/wayback/puts_20260415220345.pdf,5,MAR29,4,0.0,0,380.0,380.0,True,True
raw/wayback/puts_20260415220345.pdf,5,JUN29,1,0.0,0,144.0,144.0,True,True
raw/wayback/puts_20260415220345.pdf,5,SEP29,1,0.0,0,84.0,84.0,True,True
raw/wayback/puts_20260415220345.pdf,5,DEC29,1,0.0,0,58.0,58.0,True,True
raw/wayback/calls_20260416215416.pdf,3,MAY26,39,1207.0,1207.0,782776.0,782776.0,True,True
raw/wayback/calls_20260416215416.pdf,3,JUN26,61,43640.0,43640.0,3875917.0,3875917.0,True,True
raw/wayback/calls_20260416215416.pdf,4,JUL26,38,4000.0,4000.0,715025.0,715025.0,True,True
raw/wayback/calls_20260416215416.pdf,4,AUG26,25,8500.0,8500.0,73834.0,73834.0,True,True
raw/wayback/calls_20260416215416.pdf,4,SEP26,58,30128.0,30128.0,4027663.0,4027663.0,True,True
raw/wayback/calls_20260416215416.pdf,4,OCT26,3,90.0,90.0,3406.0,3406.0,True,True
raw/wayback/calls_20260416215416.pdf,5,DEC26,56,33573.0,33573.0,4147358.0,4147358.0,True,True
raw/wayback/calls_20260416215416.pdf,5,MAR27,44,6175.0,6175.0,843170.0,843170.0,True,True
raw/wayback/calls_20260416215416.pdf,5,JUN27,34,21592.0,21592.0,391517.0,391517.0,True,True
raw/wayback/calls_20260416215416.pdf,6,SEP27,32,60.0,60.0,169011.0,169011.0,True,True
raw/wayback/calls_20260416215416.pdf,6,DEC27,30,429.0,429.0,305088.0,305088.0,True,True
raw/wayback/calls_20260416215416.pdf,6,MAR28,17,1500.0,1500.0,118044.0,118044.0,True,True
raw/wayback/calls_20260416215416.pdf,6,JUN28,15,0.0,0,134096.0,134096.0,True,True
raw/wayback/calls_20260416215416.pdf,6,SEP28,14,0.0,0,139323.0,139323.0,True,True
raw/wayback/calls_20260416215416.pdf,6,DEC28,12,0.0,0,24927.0,24927.0,True,True
raw/wayback/calls_20260416215416.pdf,6,MAR29,3,0.0,0,501.0,501.0,True,True
raw/wayback/calls_20260416215416.pdf,6,JUN29,2,0.0,0,7590.0,7590.0,True,True
raw/wayback/calls_20260416215416.pdf,6,SEP29,2,0.0,0,21.0,21.0,True,True
raw/wayback/calls_20260416215416.pdf,6,DEC29,1,0.0,0,100.0,100.0,True,True
raw/wayback/puts_20260416215432.pdf,1,MAY26,24,3111.0,3111.0,688483.0,688483.0,True,True
raw/wayback/puts_20260416215432.pdf,1,JUN26,65,6620.0,6620.0,2809963.0,2809963.0,True,True
raw/wayback/puts_20260416215432.pdf,2,JUL26,35,40094.0,40094.0,600279.0,600279.0,True,True
raw/wayback/puts_20260416215432.pdf,2,AUG26,22,8500.0,8500.0,109902.0,109902.0,True,True
raw/wayback/puts_20260416215432.pdf,2,SEP26,66,58486.0,58486.0,2482346.0,2482346.0,True,True
raw/wayback/puts_20260416215432.pdf,2,OCT26,3,0.0,0,17500.0,17500.0,True,True
raw/wayback/puts_20260416215432.pdf,3,DEC26,68,65049.0,65049.0,2942681.0,2942681.0,True,True
raw/wayback/puts_20260416215432.pdf,3,MAR27,52,3160.0,3160.0,855024.0,855024.0,True,True
raw/wayback/puts_20260416215432.pdf,4,JUN27,40,15641.0,15641.0,296853.0,296853.0,True,True
raw/wayback/puts_20260416215432.pdf,4,SEP27,36,6631.0,6631.0,234843.0,234843.0,True,True
raw/wayback/puts_20260416215432.pdf,4,DEC27,35,3900.0,3900.0,161599.0,161599.0,True,True
raw/wayback/puts_20260416215432.pdf,4,MAR28,19,1600.0,1600.0,38777.0,38777.0,True,True
raw/wayback/puts_20260416215432.pdf,4,JUN28,15,150.0,150.0,48843.0,48843.0,True,True
raw/wayback/puts_20260416215432.pdf,5,SEP28,14,100.0,100.0,39146.0,39146.0,True,True
raw/wayback/puts_20260416215432.pdf,5,DEC28,12,100.0,100.0,7767.0,7767.0,True,True
raw/wayback/puts_20260416215432.pdf,5,MAR29,4,0.0,0,380.0,380.0,True,True
raw/wayback/puts_20260416215432.pdf,5,JUN29,1,0.0,0,144.0,144.0,True,True
raw/wayback/puts_20260416215432.pdf,5,SEP29,1,0.0,0,84.0,84.0,True,True
raw/wayback/puts_20260416215432.pdf,5,DEC29,1,0.0,0,58.0,58.0,True,True
raw/wayback/calls_20260417215243.pdf,3,MAY26,39,6029.0,6029.0,781647.0,781647.0,True,True
raw/wayback/calls_20260417215243.pdf,3,JUN26,61,37594.0,37594.0,3869432.0,3869432.0,True,True
raw/wayback/calls_20260417215243.pdf,4,JUL26,38,29044.0,29044.0,723638.0,723638.0,True,True
raw/wayback/calls_20260417215243.pdf,4,AUG26,25,3500.0,3500.0,75484.0,75484.0,True,True
raw/wayback/calls_20260417215243.pdf,4,SEP26,58,123838.0,123838.0,4089982.0,4089982.0,True,True
raw/wayback/calls_20260417215243.pdf,4,OCT26,6,15000.0,15000.0,18406.0,18406.0,True,True
raw/wayback/calls_20260417215243.pdf,5,DEC26,56,23481.0,23481.0,4156019.0,4156019.0,True,True
raw/wayback/calls_20260417215243.pdf,5,MAR27,44,10608.0,10608.0,845635.0,845635.0,True,True
raw/wayback/calls_20260417215243.pdf,5,JUN27,34,3500.0,3500.0,391639.0,391639.0,True,True
raw/wayback/calls_20260417215243.pdf,6,SEP27,32,1005.0,1005.0,169955.0,169955.0,True,True
raw/wayback/calls_20260417215243.pdf,6,DEC27,30,83.0,83.0,305082.0,305082.0,True,True
raw/wayback/calls_20260417215243.pdf,6,MAR28,18,2.0,2.0,118046.0,118046.0,True,True
raw/wayback/calls_20260417215243.pdf,6,JUN28,15,0.0,0,134096.0,134096.0,True,True
raw/wayback/calls_20260417215243.pdf,6,SEP28,14,0.0,0,139323.0,139323.0,True,True
raw/wayback/calls_20260417215243.pdf,6,DEC28,12,0.0,0,24927.0,24927.0,True,True
raw/wayback/calls_20260417215243.pdf,6,MAR29,3,0.0,0,501.0,501.0,True,True
raw/wayback/calls_20260417215243.pdf,6,JUN29,2,0.0,0,7590.0,7590.0,True,True
raw/wayback/calls_20260417215243.pdf,6,SEP29,2,0.0,0,21.0,21.0,True,True
raw/wayback/calls_20260417215243.pdf,6,DEC29,1,0.0,0,100.0,100.0,True,True
raw/wayback/puts_20260417215302.pdf,1,MAY26,24,13673.0,13673.0,690229.0,690229.0,True,True
raw/wayback/puts_20260417215302.pdf,1,JUN26,65,38791.0,38791.0,2814661.0,2814661.0,True,True
raw/wayback/puts_20260417215302.pdf,2,JUL26,35,6190.0,6190.0,604251.0,604251.0,True,True
raw/wayback/puts_20260417215302.pdf,2,AUG26,22,502.0,502.0,110402.0,110402.0,True,True
raw/wayback/puts_20260417215302.pdf,2,SEP26,65,50822.0,50822.0,2499370.0,2499370.0,True,True
raw/wayback/puts_20260417215302.pdf,2,OCT26,4,4502.0,4502.0,22000.0,22000.0,True,True
raw/wayback/puts_20260417215302.pdf,3,DEC26,68,36457.0,36457.0,2953713.0,2953713.0,True,True
raw/wayback/puts_20260417215302.pdf,3,MAR27,52,3528.0,3528.0,856503.0,856503.0,True,True
raw/wayback/puts_20260417215302.pdf,4,JUN27,40,8177.0,8177.0,299172.0,299172.0,True,True
raw/wayback/puts_20260417215302.pdf,4,SEP27,36,4142.0,4142.0,231433.0,231433.0,True,True
raw/wayback/puts_20260417215302.pdf,4,DEC27,35,630.0,630.0,161807.0,161807.0,True,True
raw/wayback/puts_20260417215302.pdf,4,MAR28,20,144.0,144.0,38779.0,38779.0,True,True
raw/wayback/puts_20260417215302.pdf,4,JUN28,15,2.0,2.0,48843.0,48843.0,True,True
raw/wayback/puts_20260417215302.pdf,5,SEP28,14,2.0,2.0,39146.0,39146.0,True,True
raw/wayback/puts_20260417215302.pdf,5,DEC28,12,0.0,0,7767.0,7767.0,True,True
raw/wayback/puts_20260417215302.pdf,5,MAR29,4,0.0,0,380.0,380.0,True,True
raw/wayback/puts_20260417215302.pdf,5,JUN29,1,0.0,0,144.0,144.0,True,True
raw/wayback/puts_20260417215302.pdf,5,SEP29,1,0.0,0,84.0,84.0,True,True
raw/wayback/puts_20260417215302.pdf,5,DEC29,1,0.0,0,58.0,58.0,True,True
raw/wayback/calls_20260420215807.pdf,3,MAY26,39,55985.0,55985.0,795905.0,795905.0,True,True
raw/wayback/calls_20260420215807.pdf,3,JUN26,61,51329.0,51329.0,3879104.0,3879104.0,True,True
raw/wayback/calls_20260420215807.pdf,4,JUL26,38,78486.0,78486.0,759501.0,759501.0,True,True
raw/wayback/calls_20260420215807.pdf,4,AUG26,25,10904.0,10904.0,69702.0,69702.0,True,True
raw/wayback/calls_20260420215807.pdf,4,SEP26,58,279627.0,279627.0,4229667.0,4229667.0,True,True
raw/wayback/calls_20260420215807.pdf,4,OCT26,6,0.0,0,18406.0,18406.0,True,True
raw/wayback/calls_20260420215807.pdf,5,DEC26,56,221170.0,221170.0,4128024.0,4128024.0,True,True
raw/wayback/calls_20260420215807.pdf,5,MAR27,44,13933.0,13933.0,845638.0,845638.0,True,True
raw/wayback/calls_20260420215807.pdf,5,JUN27,34,2417.0,2417.0,391607.0,391607.0,True,True
raw/wayback/calls_20260420215807.pdf,6,SEP27,32,88.0,88.0,170233.0,170233.0,True,True
raw/wayback/calls_20260420215807.pdf,6,DEC27,30,2820.0,2820.0,306664.0,306664.0,True,True
raw/wayback/calls_20260420215807.pdf,6,MAR28,18,40.0,40.0,118083.0,118083.0,True,True
raw/wayback/calls_20260420215807.pdf,6,JUN28,15,0.0,0,134096.0,134096.0,True,True
raw/wayback/calls_20260420215807.pdf,6,SEP28,14,0.0,0,139397.0,139397.0,True,True
raw/wayback/calls_20260420215807.pdf,6,DEC28,12,0.0,0,24981.0,24981.0,True,True
raw/wayback/calls_20260420215807.pdf,6,MAR29,3,0.0,0,501.0,501.0,True,True
raw/wayback/calls_20260420215807.pdf,6,JUN29,2,0.0,0,7590.0,7590.0,True,True
raw/wayback/calls_20260420215807.pdf,6,SEP29,2,0.0,0,21.0,21.0,True,True
raw/wayback/calls_20260420215807.pdf,6,DEC29,1,0.0,0,100.0,100.0,True,True
raw/wayback/puts_20260420215833.pdf,1,MAY26,24,26350.0,26350.0,677470.0,677470.0,True,True
raw/wayback/puts_20260420215833.pdf,1,JUN26,65,50544.0,50544.0,2803407.0,2803407.0,True,True
raw/wayback/puts_20260420215833.pdf,2,JUL26,35,5646.0,5646.0,598022.0,598022.0,True,True
raw/wayback/puts_20260420215833.pdf,2,AUG26,22,7800.0,7800.0,111959.0,111959.0,True,True
raw/wayback/puts_20260420215833.pdf,2,SEP26,65,64590.0,64590.0,2516974.0,2516974.0,True,True
raw/wayback/puts_20260420215833.pdf,2,OCT26,4,10131.0,10131.0,32053.0,32053.0,True,True
raw/wayback/puts_20260420215833.pdf,3,DEC26,68,160775.0,160775.0,2954619.0,2954619.0,True,True
raw/wayback/puts_20260420215833.pdf,3,MAR27,53,32681.0,32681.0,866984.0,866984.0,True,True
raw/wayback/puts_20260420215833.pdf,4,JUN27,40,25907.0,25907.0,306272.0,306272.0,True,True
raw/wayback/puts_20260420215833.pdf,4,SEP27,36,15183.0,15183.0,238922.0,238922.0,True,True
raw/wayback/puts_20260420215833.pdf,4,DEC27,35,2948.0,2948.0,163842.0,163842.0,True,True
raw/wayback/puts_20260420215833.pdf,4,MAR28,20,70.0,70.0,38893.0,38893.0,True,True
raw/wayback/puts_20260420215833.pdf,4,JUN28,15,70.0,70.0,48913.0,48913.0,True,True
raw/wayback/puts_20260420215833.pdf,5,SEP28,14,70.0,70.0,39230.0,39230.0,True,True
raw/wayback/puts_20260420215833.pdf,5,DEC28,12,70.0,70.0,7853.0,7853.0,True,True
raw/wayback/puts_20260420215833.pdf,5,MAR29,4,70.0,70.0,450.0,450.0,True,True
raw/wayback/puts_20260420215833.pdf,5,JUN29,1,0.0,0,144.0,144.0,True,True
raw/wayback/puts_20260420215833.pdf,5,SEP29,1,0.0,0,84.0,84.0,True,True
raw/wayback/puts_20260420215833.pdf,5,DEC29,1,0.0,0,58.0,58.0,True,True
raw/wayback/calls_20260422220530.pdf,3,MAY26,39,6330.0,6330.0,792634.0,792634.0,True,True
raw/wayback/calls_20260422220530.pdf,3,JUN26,61,7020.0,7020.0,3878868.0,3878868.0,True,True
raw/wayback/calls_20260422220530.pdf,4,JUL26,39,19852.0,19852.0,769424.0,769424.0,True,True
raw/wayback/calls_20260422220530.pdf,4,AUG26,25,500.0,500.0,69202.0,69202.0,True,True
raw/wayback/calls_20260422220530.pdf,4,SEP26,58,173877.0,173877.0,4266625.0,4266625.0,True,True
raw/wayback/calls_20260422220530.pdf,4,OCT26,9,8000.0,8000.0,34316.0,34316.0,True,True
raw/wayback/calls_20260422220530.pdf,5,DEC26,56,53383.0,53383.0,4151160.0,4151160.0,True,True
raw/wayback/calls_20260422220530.pdf,5,MAR27,44,17730.0,17730.0,850485.0,850485.0,True,True
raw/wayback/calls_20260422220530.pdf,5,JUN27,34,5311.0,5311.0,389988.0,389988.0,True,True
raw/wayback/calls_20260422220530.pdf,6,SEP27,32,0.0,0,169769.0,169769.0,True,True
raw/wayback/calls_20260422220530.pdf,6,DEC27,30,2986.0,2986.0,308571.0,308571.0,True,True
raw/wayback/calls_20260422220530.pdf,6,MAR28,18,0.0,0,118053.0,118053.0,True,True
raw/wayback/calls_20260422220530.pdf,6,JUN28,15,0.0,0,134096.0,134096.0,True,True
raw/wayback/calls_20260422220530.pdf,6,SEP28,14,0.0,0,139323.0,139323.0,True,True
raw/wayback/calls_20260422220530.pdf,6,DEC28,12,0.0,0,24948.0,24948.0,True,True
raw/wayback/calls_20260422220530.pdf,6,MAR29,3,0.0,0,501.0,501.0,True,True
raw/wayback/calls_20260422220530.pdf,6,JUN29,2,0.0,0,7590.0,7590.0,True,True
raw/wayback/calls_20260422220530.pdf,6,SEP29,2,0.0,0,21.0,21.0,True,True
raw/wayback/calls_20260422220530.pdf,6,DEC29,1,0.0,0,100.0,100.0,True,True
raw/wayback/puts_20260422220545.pdf,1,MAY26,24,4874.0,4874.0,672983.0,672983.0,True,True
raw/wayback/puts_20260422220545.pdf,1,JUN26,65,68460.0,68460.0,2807661.0,2807661.0,True,True
raw/wayback/puts_20260422220545.pdf,2,JUL26,35,62812.0,62812.0,627145.0,627145.0,True,True
raw/wayback/puts_20260422220545.pdf,2,AUG26,22,54301.0,54301.0,152203.0,152203.0,True,True
raw/wayback/puts_20260422220545.pdf,2,SEP26,65,78609.0,78609.0,2507539.0,2507539.0,True,True
raw/wayback/puts_20260422220545.pdf,2,OCT26,4,4947.0,4947.0,37000.0,37000.0,True,True
raw/wayback/puts_20260422220545.pdf,3,DEC26,68,92400.0,92400.0,3009255.0,3009255.0,True,True
raw/wayback/puts_20260422220545.pdf,3,MAR27,54,11342.0,11342.0,865629.0,865629.0,True,True
raw/wayback/puts_20260422220545.pdf,4,JUN27,40,13905.0,13905.0,307227.0,307227.0,True,True
raw/wayback/puts_20260422220545.pdf,4,SEP27,36,0.0,0,238422.0,238422.0,True,True
raw/wayback/puts_20260422220545.pdf,4,DEC27,35,0.0,0,162077.0,162077.0,True,True
raw/wayback/puts_20260422220545.pdf,4,MAR28,20,0.0,0,38779.0,38779.0,True,True
raw/wayback/puts_20260422220545.pdf,4,JUN28,15,0.0,0,48913.0,48913.0,True,True
raw/wayback/puts_20260422220545.pdf,5,SEP28,14,0.0,0,39216.0,39216.0,True,True
raw/wayback/puts_20260422220545.pdf,5,DEC28,12,0.0,0,7837.0,7837.0,True,True
raw/wayback/puts_20260422220545.pdf,5,MAR29,4,0.0,0,450.0,450.0,True,True
raw/wayback/puts_20260422220545.pdf,5,JUN29,1,0.0,0,144.0,144.0,True,True
raw/wayback/puts_20260422220545.pdf,5,SEP29,1,0.0,0,84.0,84.0,True,True
raw/wayback/puts_20260422220545.pdf,5,DEC29,1,0.0,0,58.0,58.0,True,True
raw/wayback/calls_20260423215557.pdf,3,MAY26,39,9698.0,9698.0,795457.0,795457.0,True,True
raw/wayback/calls_20260423215557.pdf,3,JUN26,61,8122.0,8122.0,3884658.0,3884658.0,True,True
raw/wayback/calls_20260423215557.pdf,4,JUL26,39,10534.0,10534.0,772482.0,772482.0,True,True
raw/wayback/calls_20260423215557.pdf,4,AUG26,25,11198.0,11198.0,75314.0,75314.0,True,True
raw/wayback/calls_20260423215557.pdf,4,SEP26,58,42673.0,42673.0,4288107.0,4288107.0,True,True
raw/wayback/calls_20260423215557.pdf,4,OCT26,14,933.0,933.0,35249.0,35249.0,True,True
raw/wayback/calls_20260423215557.pdf,5,DEC26,56,104480.0,104480.0,4136042.0,4136042.0,True,True
raw/wayback/calls_20260423215557.pdf,5,MAR27,44,38220.0,38220.0,867161.0,867161.0,True,True
raw/wayback/calls_20260423215557.pdf,5,JUN27,34,2773.0,2773.0,388777.0,388777.0,True,True
raw/wayback/calls_20260423215557.pdf,6,SEP27,32,115.0,115.0,169932.0,169932.0,True,True
raw/wayback/calls_20260423215557.pdf,6,DEC27,30,1041.0,1041.0,309090.0,309090.0,True,True
raw/wayback/calls_20260423215557.pdf,6,MAR28,18,0.0,0,118045.0,118045.0,True,True
raw/wayback/calls_20260423215557.pdf,6,JUN28,15,0.0,0,134096.0,134096.0,True,True
raw/wayback/calls_20260423215557.pdf,6,SEP28,14,0.0,0,139323.0,139323.0,True,True
raw/wayback/calls_20260423215557.pdf,6,DEC28,12,0.0,0,24964.0,24964.0,True,True
raw/wayback/calls_20260423215557.pdf,6,MAR29,3,100.0,100.0,551.0,551.0,True,True
raw/wayback/calls_20260423215557.pdf,6,JUN29,2,0.0,0,7590.0,7590.0,True,True
raw/wayback/calls_20260423215557.pdf,6,SEP29,2,0.0,0,21.0,21.0,True,True
raw/wayback/calls_20260423215557.pdf,7,DEC29,2,2.0,2.0,102.0,102.0,True,True
raw/wayback/puts_20260423215612.pdf,1,MAY26,24,11020.0,11020.0,668733.0,668733.0,True,True
raw/wayback/puts_20260423215612.pdf,1,JUN26,65,25410.0,25410.0,2813333.0,2813333.0,True,True
raw/wayback/puts_20260423215612.pdf,2,JUL26,35,31784.0,31784.0,635990.0,635990.0,True,True
raw/wayback/puts_20260423215612.pdf,2,AUG26,22,5281.0,5281.0,155194.0,155194.0,True,True
raw/wayback/puts_20260423215612.pdf,2,SEP26,65,119294.0,119294.0,2566322.0,2566322.0,True,True
raw/wayback/puts_20260423215612.pdf,2,OCT26,5,133.0,133.0,37133.0,37133.0,True,True
raw/wayback/puts_20260423215612.pdf,3,DEC26,68,83709.0,83709.0,3005520.0,3005520.0,True,True
raw/wayback/puts_20260423215612.pdf,3,MAR27,54,4658.0,4658.0,867000.0,867000.0,True,True
raw/wayback/puts_20260423215612.pdf,4,JUN27,40,1640.0,1640.0,307907.0,307907.0,True,True
raw/wayback/puts_20260423215612.pdf,4,SEP27,36,1170.0,1170.0,238448.0,238448.0,True,True
raw/wayback/puts_20260423215612.pdf,4,DEC27,35,2520.0,2520.0,163389.0,163389.0,True,True
raw/wayback/puts_20260423215612.pdf,4,MAR28,20,0.0,0,38779.0,38779.0,True,True
raw/wayback/puts_20260423215612.pdf,4,JUN28,15,0.0,0,48913.0,48913.0,True,True
raw/wayback/puts_20260423215612.pdf,5,SEP28,14,0.0,0,39216.0,39216.0,True,True
raw/wayback/puts_20260423215612.pdf,5,DEC28,12,0.0,0,7837.0,7837.0,True,True
raw/wayback/puts_20260423215612.pdf,5,MAR29,4,100.0,100.0,500.0,500.0,True,True
raw/wayback/puts_20260423215612.pdf,5,JUN29,1,0.0,0,144.0,144.0,True,True
raw/wayback/puts_20260423215612.pdf,5,SEP29,1,0.0,0,84.0,84.0,True,True
raw/wayback/puts_20260423215612.pdf,5,DEC29,1,0.0,0,58.0,58.0,True,True
raw/wayback/calls_20260424220022.pdf,3,MAY26,39,701.0,701.0,795207.0,795207.0,True,True
raw/wayback/calls_20260424220022.pdf,3,JUN26,61,26811.0,26811.0,3890946.0,3890946.0,True,True
raw/wayback/calls_20260424220022.pdf,4,JUL26,39,24022.0,24022.0,778709.0,778709.0,True,True
raw/wayback/calls_20260424220022.pdf,4,AUG26,25,2400.0,2400.0,76564.0,76564.0,True,True
raw/wayback/calls_20260424220022.pdf,4,SEP26,58,30026.0,30026.0,4291856.0,4291856.0,True,True
raw/wayback/calls_20260424220022.pdf,4,OCT26,14,18568.0,18568.0,52322.0,52322.0,True,True
raw/wayback/calls_20260424220022.pdf,5,DEC26,56,37172.0,37172.0,4140186.0,4140186.0,True,True
raw/wayback/calls_20260424220022.pdf,5,MAR27,45,8342.0,8342.0,870245.0,870245.0,True,True
raw/wayback/calls_20260424220022.pdf,5,JUN27,35,3591.0,3591.0,390629.0,390629.0,True,True
raw/wayback/calls_20260424220022.pdf,6,SEP27,32,2375.0,2375.0,171383.0,171383.0,True,True
raw/wayback/calls_20260424220022.pdf,6,DEC27,30,12092.0,12092.0,318040.0,318040.0,True,True
raw/wayback/calls_20260424220022.pdf,6,MAR28,18,27.0,27.0,118072.0,118072.0,True,True
raw/wayback/calls_20260424220022.pdf,6,JUN28,15,26.0,26.0,134122.0,134122.0,True,True
raw/wayback/calls_20260424220022.pdf,6,SEP28,14,0.0,0,139323.0,139323.0,True,True
raw/wayback/calls_20260424220022.pdf,6,DEC28,12,0.0,0,24927.0,24927.0,True,True
raw/wayback/calls_20260424220022.pdf,6,MAR29,3,0.0,0,551.0,551.0,True,True
raw/wayback/calls_20260424220022.pdf,6,JUN29,2,0.0,0,7590.0,7590.0,True,True
raw/wayback/calls_20260424220022.pdf,6,SEP29,2,0.0,0,21.0,21.0,True,True
raw/wayback/calls_20260424220022.pdf,7,DEC29,2,0.0,0,102.0,102.0,True,True
raw/wayback/puts_20260424220036.pdf,1,MAY26,24,801.0,801.0,668434.0,668434.0,True,True
raw/wayback/puts_20260424220036.pdf,1,JUN26,65,47329.0,47329.0,2831778.0,2831778.0,True,True
raw/wayback/puts_20260424220036.pdf,2,JUL26,35,21287.0,21287.0,644373.0,644373.0,True,True
raw/wayback/puts_20260424220036.pdf,2,AUG26,22,0.0,0,155194.0,155194.0,True,True
raw/wayback/puts_20260424220036.pdf,2,SEP26,65,82043.0,82043.0,2588739.0,2588739.0,True,True
raw/wayback/puts_20260424220036.pdf,2,OCT26,6,6798.0,6798.0,42353.0,42353.0,True,True
raw/wayback/puts_20260424220036.pdf,3,DEC26,68,90611.0,90611.0,3014255.0,3014255.0,True,True
raw/wayback/puts_20260424220036.pdf,3,MAR27,55,35635.0,35635.0,891327.0,891327.0,True,True
raw/wayback/puts_20260424220036.pdf,4,JUN27,40,7110.0,7110.0,309484.0,309484.0,True,True
raw/wayback/puts_20260424220036.pdf,4,SEP27,36,3752.0,3752.0,239885.0,239885.0,True,True
raw/wayback/puts_20260424220036.pdf,4,DEC27,35,654.0,654.0,163050.0,163050.0,True,True
raw/wayback/puts_20260424220036.pdf,4,MAR28,20,0.0,0,38779.0,38779.0,True,True
raw/wayback/puts_20260424220036.pdf,4,JUN28,15,1.0,1.0,48914.0,48914.0,True,True
raw/wayback/puts_20260424220036.pdf,5,SEP28,14,0.0,0,39216.0,39216.0,True,True
raw/wayback/puts_20260424220036.pdf,5,DEC28,12,0.0,0,7837.0,7837.0,True,True
raw/wayback/puts_20260424220036.pdf,5,MAR29,4,0.0,0,500.0,500.0,True,True
raw/wayback/puts_20260424220036.pdf,5,JUN29,1,0.0,0,144.0,144.0,True,True
raw/wayback/puts_20260424220036.pdf,5,SEP29,1,0.0,0,84.0,84.0,True,True
raw/wayback/puts_20260424220036.pdf,5,DEC29,1,0.0,0,58.0,58.0,True,True
raw/wayback/calls_20260427220644.pdf,3,MAY26,39,13105.0,13105.0,788803.0,788803.0,True,True
raw/wayback/calls_20260427220644.pdf,3,JUN26,61,29436.0,29436.0,3889918.0,3889918.0,True,True
raw/wayback/calls_20260427220644.pdf,4,JUL26,39,19190.0,19190.0,783929.0,783929.0,True,True
raw/wayback/calls_20260427220644.pdf,4,AUG26,25,17000.0,17000.0,86915.0,86915.0,True,True
raw/wayback/calls_20260427220644.pdf,4,SEP26,58,52444.0,52444.0,4317310.0,4317310.0,True,True
raw/wayback/calls_20260427220644.pdf,4,OCT26,14,0.0,0,52322.0,52322.0,True,True
raw/wayback/calls_20260427220644.pdf,5,DEC26,56,32418.0,32418.0,4151939.0,4151939.0,True,True
raw/wayback/calls_20260427220644.pdf,5,MAR27,46,1408.0,1408.0,870534.0,870534.0,True,True
raw/wayback/calls_20260427220644.pdf,5,JUN27,35,3322.0,3322.0,391163.0,391163.0,True,True
raw/wayback/calls_20260427220644.pdf,6,SEP27,32,14.0,14.0,171376.0,171376.0,True,True
raw/wayback/calls_20260427220644.pdf,6,DEC27,30,14.0,14.0,318031.0,318031.0,True,True
raw/wayback/calls_20260427220644.pdf,6,MAR28,18,8.0,8.0,118066.0,118066.0,True,True
raw/wayback/calls_20260427220644.pdf,6,JUN28,15,3.0,3.0,134119.0,134119.0,True,True
raw/wayback/calls_20260427220644.pdf,6,SEP28,14,0.0,0,139323.0,139323.0,True,True
raw/wayback/calls_20260427220644.pdf,6,DEC28,12,0.0,0,24927.0,24927.0,True,True
raw/wayback/calls_20260427220644.pdf,6,MAR29,3,0.0,0,551.0,551.0,True,True
raw/wayback/calls_20260427220644.pdf,6,JUN29,2,0.0,0,7590.0,7590.0,True,True
raw/wayback/calls_20260427220644.pdf,7,SEP29,2,0.0,0,21.0,21.0,True,True
raw/wayback/calls_20260427220644.pdf,7,DEC29,2,0.0,0,102.0,102.0,True,True
raw/wayback/puts_20260427220659.pdf,1,MAY26,24,27401.0,27401.0,683178.0,683178.0,True,True
raw/wayback/puts_20260427220659.pdf,1,JUN26,65,72527.0,72527.0,2824501.0,2824501.0,True,True
raw/wayback/puts_20260427220659.pdf,2,JUL26,36,13450.0,13450.0,646672.0,646672.0,True,True
raw/wayback/puts_20260427220659.pdf,2,AUG26,22,13914.0,13914.0,162951.0,162951.0,True,True
raw/wayback/puts_20260427220659.pdf,2,SEP26,65,94494.0,94494.0,2631432.0,2631432.0,True,True
raw/wayback/puts_20260427220659.pdf,2,OCT26,9,3900.0,3900.0,46253.0,46253.0,True,True
raw/wayback/puts_20260427220659.pdf,3,DEC26,68,29641.0,29641.0,3027912.0,3027912.0,True,True
raw/wayback/puts_20260427220659.pdf,3,MAR27,55,1029.0,1029.0,891561.0,891561.0,True,True
raw/wayback/puts_20260427220659.pdf,4,JUN27,40,2030.0,2030.0,309514.0,309514.0,True,True
raw/wayback/puts_20260427220659.pdf,4,SEP27,36,30.0,30.0,239885.0,239885.0,True,True
raw/wayback/puts_20260427220659.pdf,4,DEC27,35,730.0,730.0,163104.0,163104.0,True,True
raw/wayback/puts_20260427220659.pdf,4,MAR28,20,530.0,530.0,39309.0,39309.0,True,True
raw/wayback/puts_20260427220659.pdf,5,JUN28,15,500.0,500.0,49407.0,49407.0,True,True
raw/wayback/puts_20260427220659.pdf,5,SEP28,14,0.0,0,39216.0,39216.0,True,True
raw/wayback/puts_20260427220659.pdf,5,DEC28,12,0.0,0,7837.0,7837.0,True,True
raw/wayback/puts_20260427220659.pdf,5,MAR29,4,0.0,0,500.0,500.0,True,True
raw/wayback/puts_20260427220659.pdf,5,JUN29,1,0.0,0,144.0,144.0,True,True
raw/wayback/puts_20260427220659.pdf,5,SEP29,1,0.0,0,84.0,84.0,True,True
raw/wayback/puts_20260427220659.pdf,5,DEC29,1,0.0,0,58.0,58.0,True,True
raw/wayback/calls_20260428220958.pdf,3,MAY26,39,21476.0,21476.0,791321.0,791321.0,True,True
raw/wayback/calls_20260428220958.pdf,3,JUN26,61,3670.0,3670.0,3888998.0,3888998.0,True,True
raw/wayback/calls_20260428220958.pdf,4,JUL26,39,39110.0,39110.0,793995.0,793995.0,True,True
raw/wayback/calls_20260428220958.pdf,4,AUG26,25,3000.0,3000.0,87665.0,87665.0,True,True
raw/wayback/calls_20260428220958.pdf,4,SEP26,58,28254.0,28254.0,4330359.0,4330359.0,True,True
raw/wayback/calls_20260428220958.pdf,4,OCT26,15,30.0,30.0,52352.0,52352.0,True,True
raw/wayback/calls_20260428220958.pdf,5,DEC26,56,63909.0,63909.0,4129923.0,4129923.0,True,True
raw/wayback/calls_20260428220958.pdf,5,MAR27,46,2920.0,2920.0,870682.0,870682.0,True,True
raw/wayback/calls_20260428220958.pdf,5,JUN27,35,2000.0,2000.0,392113.0,392113.0,True,True
raw/wayback/calls_20260428220958.pdf,6,SEP27,32,0.0,0,171374.0,171374.0,True,True
raw/wayback/calls_20260428220958.pdf,6,DEC27,30,500.0,500.0,318531.0,318531.0,True,True
raw/wayback/calls_20260428220958.pdf,6,MAR28,18,0.0,0,118066.0,118066.0,True,True
raw/wayback/calls_20260428220958.pdf,6,JUN28,15,0.0,0,134119.0,134119.0,True,True
raw/wayback/calls_20260428220958.pdf,6,SEP28,14,0.0,0,139323.0,139323.0,True,True
raw/wayback/calls_20260428220958.pdf,6,DEC28,12,0.0,0,24927.0,24927.0,True,True
raw/wayback/calls_20260428220958.pdf,6,MAR29,3,0.0,0,551.0,551.0,True,True
raw/wayback/calls_20260428220958.pdf,6,JUN29,2,0.0,0,7590.0,7590.0,True,True
raw/wayback/calls_20260428220958.pdf,7,SEP29,2,0.0,0,21.0,21.0,True,True
raw/wayback/calls_20260428220958.pdf,7,DEC29,2,0.0,0,102.0,102.0,True,True
raw/wayback/puts_20260428221013.pdf,1,MAY26,24,7176.0,7176.0,688980.0,688980.0,True,True
raw/wayback/puts_20260428221013.pdf,1,JUN26,65,14387.0,14387.0,2816988.0,2816988.0,True,True
raw/wayback/puts_20260428221013.pdf,2,JUL26,36,8353.0,8353.0,652075.0,652075.0,True,True
raw/wayback/puts_20260428221013.pdf,2,AUG26,22,4000.0,4000.0,166951.0,166951.0,True,True
raw/wayback/puts_20260428221013.pdf,2,SEP26,65,40001.0,40001.0,2642850.0,2642850.0,True,True
raw/wayback/puts_20260428221013.pdf,2,OCT26,9,1249.0,1249.0,47472.0,47472.0,True,True
raw/wayback/puts_20260428221013.pdf,3,DEC26,68,72652.0,72652.0,3061600.0,3061600.0,True,True
raw/wayback/puts_20260428221013.pdf,3,MAR27,55,4445.0,4445.0,889561.0,889561.0,True,True
raw/wayback/puts_20260428221013.pdf,4,JUN27,40,2055.0,2055.0,310018.0,310018.0,True,True
raw/wayback/puts_20260428221013.pdf,4,SEP27,36,35.0,35.0,239885.0,239885.0,True,True
raw/wayback/puts_20260428221013.pdf,4,DEC27,35,37.0,37.0,163106.0,163106.0,True,True
raw/wayback/puts_20260428221013.pdf,4,MAR28,20,35.0,35.0,39344.0,39344.0,True,True
raw/wayback/puts_20260428221013.pdf,5,JUN28,15,0.0,0,49407.0,49407.0,True,True
raw/wayback/puts_20260428221013.pdf,5,SEP28,14,0.0,0,39216.0,39216.0,True,True
raw/wayback/puts_20260428221013.pdf,5,DEC28,12,0.0,0,7837.0,7837.0,True,True
raw/wayback/puts_20260428221013.pdf,5,MAR29,4,0.0,0,500.0,500.0,True,True
raw/wayback/puts_20260428221013.pdf,5,JUN29,1,0.0,0,144.0,144.0,True,True
raw/wayback/puts_20260428221013.pdf,5,SEP29,1,0.0,0,84.0,84.0,True,True
raw/wayback/puts_20260428221013.pdf,5,DEC29,1,0.0,0,58.0,58.0,True,True
raw/wayback/calls_20260429221242.pdf,3,MAY26,39,25705.0,25705.0,803240.0,803240.0,True,True
raw/wayback/calls_20260429221242.pdf,3,JUN26,61,300.0,300.0,3888958.0,3888958.0,True,True
raw/wayback/calls_20260429221242.pdf,4,JUL26,39,4503.0,4503.0,792420.0,792420.0,True,True
raw/wayback/calls_20260429221242.pdf,4,AUG26,25,5750.0,5750.0,90440.0,90440.0,True,True
raw/wayback/calls_20260429221242.pdf,4,SEP26,58,65436.0,65436.0,4344132.0,4344132.0,True,True
raw/wayback/calls_20260429221242.pdf,4,OCT26,17,29205.0,29205.0,77344.0,77344.0,True,True
raw/wayback/calls_20260429221242.pdf,5,DEC26,56,63708.0,63708.0,4133052.0,4133052.0,True,True
raw/wayback/calls_20260429221242.pdf,5,MAR27,46,29113.0,29113.0,873956.0,873956.0,True,True
raw/wayback/calls_20260429221242.pdf,5,JUN27,35,12660.0,12660.0,402187.0,402187.0,True,True
raw/wayback/calls_20260429221242.pdf,6,SEP27,32,10500.0,10500.0,178301.0,178301.0,True,True
raw/wayback/calls_20260429221242.pdf,6,DEC27,30,10370.0,10370.0,322365.0,322365.0,True,True
raw/wayback/calls_20260429221242.pdf,6,MAR28,18,0.0,0,118066.0,118066.0,True,True
raw/wayback/calls_20260429221242.pdf,6,JUN28,15,7.0,7.0,134112.0,134112.0,True,True
raw/wayback/calls_20260429221242.pdf,6,SEP28,14,0.0,0,139323.0,139323.0,True,True
raw/wayback/calls_20260429221242.pdf,6,DEC28,12,0.0,0,24927.0,24927.0,True,True
raw/wayback/calls_20260429221242.pdf,6,MAR29,3,0.0,0,551.0,551.0,True,True
raw/wayback/calls_20260429221242.pdf,6,JUN29,2,0.0,0,7590.0,7590.0,True,True
raw/wayback/calls_20260429221242.pdf,7,SEP29,2,0.0,0,21.0,21.0,True,True
raw/wayback/calls_20260429221242.pdf,7,DEC29,2,0.0,0,102.0,102.0,True,True
raw/wayback/puts_20260429221249.pdf,1,MAY26,24,8871.0,8871.0,695918.0,695918.0,True,True
raw/wayback/puts_20260429221249.pdf,1,JUN26,65,22925.0,22925.0,2822913.0,2822913.0,True,True
raw/wayback/puts_20260429221249.pdf,2,JUL26,36,10882.0,10882.0,652155.0,652155.0,True,True
raw/wayback/puts_20260429221249.pdf,2,AUG26,23,10251.0,10251.0,169201.0,169201.0,True,True
raw/wayback/puts_20260429221249.pdf,2,SEP26,65,50414.0,50414.0,2659976.0,2659976.0,True,True
raw/wayback/puts_20260429221249.pdf,2,OCT26,11,33957.0,33957.0,73690.0,73690.0,True,True
raw/wayback/puts_20260429221249.pdf,3,DEC26,68,58881.0,58881.0,3091310.0,3091310.0,True,True
raw/wayback/puts_20260429221249.pdf,3,MAR27,55,36000.0,36000.0,906804.0,906804.0,True,True
raw/wayback/puts_20260429221249.pdf,4,JUN27,40,875.0,875.0,310526.0,310526.0,True,True
raw/wayback/puts_20260429221249.pdf,4,SEP27,36,526.0,526.0,239810.0,239810.0,True,True
raw/wayback/puts_20260429221249.pdf,4,DEC27,35,299.0,299.0,163395.0,163395.0,True,True
raw/wayback/puts_20260429221249.pdf,4,MAR28,20,25.0,25.0,39369.0,39369.0,True,True
raw/wayback/puts_20260429221249.pdf,5,JUN28,15,0.0,0,49407.0,49407.0,True,True
raw/wayback/puts_20260429221249.pdf,5,SEP28,14,0.0,0,39216.0,39216.0,True,True
raw/wayback/puts_20260429221249.pdf,5,DEC28,12,0.0,0,7837.0,7837.0,True,True
raw/wayback/puts_20260429221249.pdf,5,MAR29,4,0.0,0,500.0,500.0,True,True
raw/wayback/puts_20260429221249.pdf,5,JUN29,1,0.0,0,144.0,144.0,True,True
raw/wayback/puts_20260429221249.pdf,5,SEP29,1,0.0,0,84.0,84.0,True,True
raw/wayback/puts_20260429221249.pdf,5,DEC29,1,0.0,0,58.0,58.0,True,True
raw/wayback/calls_20260430220843.pdf,3,MAY26,39,3638.0,3638.0,802687.0,802687.0,True,True
raw/wayback/calls_20260430220843.pdf,3,JUN26,61,41864.0,41864.0,3880991.0,3880991.0,True,True
raw/wayback/calls_20260430220843.pdf,4,JUL26,39,20320.0,20320.0,797045.0,797045.0,True,True
raw/wayback/calls_20260430220843.pdf,4,AUG26,26,3020.0,3020.0,92802.0,92802.0,True,True
raw/wayback/calls_20260430220843.pdf,4,SEP26,58,47421.0,47421.0,4356862.0,4356862.0,True,True
raw/wayback/calls_20260430220843.pdf,4,OCT26,18,4220.0,4220.0,81527.0,81527.0,True,True
raw/wayback/calls_20260430220843.pdf,5,DEC26,56,127401.0,127401.0,4174803.0,4174803.0,True,True
raw/wayback/calls_20260430220843.pdf,5,MAR27,46,53941.0,53941.0,892437.0,892437.0,True,True
raw/wayback/calls_20260430220843.pdf,5,JUN27,36,11423.0,11423.0,402650.0,402650.0,True,True
raw/wayback/calls_20260430220843.pdf,6,SEP27,32,7.0,7.0,178308.0,178308.0,True,True
raw/wayback/calls_20260430220843.pdf,6,DEC27,30,12590.0,12590.0,311110.0,311110.0,True,True
raw/wayback/calls_20260430220843.pdf,6,MAR28,18,233.0,233.0,118074.0,118074.0,True,True
raw/wayback/calls_20260430220843.pdf,6,JUN28,15,10.0,10.0,134120.0,134120.0,True,True
raw/wayback/calls_20260430220843.pdf,6,SEP28,14,0.0,0,139323.0,139323.0,True,True
raw/wayback/calls_20260430220843.pdf,6,DEC28,12,0.0,0,24927.0,24927.0,True,True
raw/wayback/calls_20260430220843.pdf,6,MAR29,3,0.0,0,551.0,551.0,True,True
raw/wayback/calls_20260430220843.pdf,7,JUN29,2,0.0,0,7590.0,7590.0,True,True
raw/wayback/calls_20260430220843.pdf,7,SEP29,2,0.0,0,21.0,21.0,True,True
raw/wayback/calls_20260430220843.pdf,7,DEC29,2,0.0,0,102.0,102.0,True,True
raw/wayback/puts_20260430220910.pdf,1,MAY26,24,65601.0,65601.0,674279.0,674279.0,True,True
raw/wayback/puts_20260430220910.pdf,1,JUN26,65,33195.0,33195.0,2825065.0,2825065.0,True,True
raw/wayback/puts_20260430220910.pdf,2,JUL26,36,92030.0,92030.0,661306.0,661306.0,True,True
raw/wayback/puts_20260430220910.pdf,2,AUG26,23,3279.0,3279.0,168200.0,168200.0,True,True
raw/wayback/puts_20260430220910.pdf,2,SEP26,65,56553.0,56553.0,2668570.0,2668570.0,True,True
raw/wayback/puts_20260430220910.pdf,2,OCT26,12,1834.0,1834.0,74996.0,74996.0,True,True
raw/wayback/puts_20260430220910.pdf,3,DEC26,68,282636.0,282636.0,3214000.0,3214000.0,True,True
raw/wayback/puts_20260430220910.pdf,3,MAR27,56,35474.0,35474.0,930420.0,930420.0,True,True
raw/wayback/puts_20260430220910.pdf,4,JUN27,40,7880.0,7880.0,315734.0,315734.0,True,True
raw/wayback/puts_20260430220910.pdf,4,SEP27,37,1174.0,1174.0,240983.0,240983.0,True,True
raw/wayback/puts_20260430220910.pdf,4,DEC27,35,1814.0,1814.0,162837.0,162837.0,True,True
raw/wayback/puts_20260430220910.pdf,4,MAR28,20,225.0,225.0,39594.0,39594.0,True,True
raw/wayback/puts_20260430220910.pdf,5,JUN28,15,3050.0,3050.0,51620.0,51620.0,True,True
raw/wayback/puts_20260430220910.pdf,5,SEP28,15,500.0,500.0,39716.0,39716.0,True,True
raw/wayback/puts_20260430220910.pdf,5,DEC28,12,0.0,0,7837.0,7837.0,True,True
raw/wayback/puts_20260430220910.pdf,5,MAR29,4,0.0,0,500.0,500.0,True,True
raw/wayback/puts_20260430220910.pdf,5,JUN29,1,0.0,0,144.0,144.0,True,True
raw/wayback/puts_20260430220910.pdf,5,SEP29,1,0.0,0,84.0,84.0,True,True
raw/wayback/puts_20260430220910.pdf,5,DEC29,1,0.0,0,58.0,58.0,True,True
raw/wayback/calls_20260501220815.pdf,3,MAY26,39,21202.0,21202.0,794739.0,794739.0,True,True
raw/wayback/calls_20260501220815.pdf,3,JUN26,61,38482.0,38482.0,3864531.0,3864531.0,True,True
raw/wayback/calls_20260501220815.pdf,4,JUL26,39,2850.0,2850.0,798194.0,798194.0,True,True
raw/wayback/calls_20260501220815.pdf,4,AUG26,26,200.0,200.0,92842.0,92842.0,True,True
raw/wayback/calls_20260501220815.pdf,4,SEP26,58,24364.0,24364.0,4356378.0,4356378.0,True,True
raw/wayback/calls_20260501220815.pdf,4,OCT26,18,100.0,100.0,81527.0,81527.0,True,True
raw/wayback/calls_20260501220815.pdf,5,DEC26,56,57328.0,57328.0,4189228.0,4189228.0,True,True
raw/wayback/calls_20260501220815.pdf,5,MAR27,47,84896.0,84896.0,919118.0,919118.0,True,True
raw/wayback/calls_20260501220815.pdf,5,JUN27,36,31604.0,31604.0,411775.0,411775.0,True,True
raw/wayback/calls_20260501220815.pdf,6,SEP27,32,3457.0,3457.0,180277.0,180277.0,True,True
raw/wayback/calls_20260501220815.pdf,6,DEC27,30,423.0,423.0,311173.0,311173.0,True,True
raw/wayback/calls_20260501220815.pdf,6,MAR28,18,1773.0,1773.0,119645.0,119645.0,True,True
raw/wayback/calls_20260501220815.pdf,6,JUN28,15,126.0,126.0,134246.0,134246.0,True,True
raw/wayback/calls_20260501220815.pdf,6,SEP28,14,0.0,0,139323.0,139323.0,True,True
raw/wayback/calls_20260501220815.pdf,6,DEC28,12,0.0,0,24927.0,24927.0,True,True
raw/wayback/calls_20260501220815.pdf,6,MAR29,3,0.0,0,551.0,551.0,True,True
raw/wayback/calls_20260501220815.pdf,7,JUN29,2,0.0,0,7590.0,7590.0,True,True
raw/wayback/calls_20260501220815.pdf,7,SEP29,2,0.0,0,21.0,21.0,True,True
raw/wayback/calls_20260501220815.pdf,7,DEC29,2,0.0,0,102.0,102.0,True,True
raw/wayback/puts_20260501220832.pdf,1,MAY26,25,23908.0,23908.0,695537.0,695537.0,True,True
raw/wayback/puts_20260501220832.pdf,1,JUN26,65,71284.0,71284.0,2813046.0,2813046.0,True,True
raw/wayback/puts_20260501220832.pdf,2,JUL26,36,19953.0,19953.0,667925.0,667925.0,True,True
raw/wayback/puts_20260501220832.pdf,2,AUG26,23,23400.0,23400.0,188982.0,188982.0,True,True
raw/wayback/puts_20260501220832.pdf,2,SEP26,65,69426.0,69426.0,2691968.0,2691968.0,True,True
raw/wayback/puts_20260501220832.pdf,2,OCT26,14,4100.0,4100.0,74996.0,74996.0,True,True
raw/wayback/puts_20260501220832.pdf,3,DEC26,68,45138.0,45138.0,3219784.0,3219784.0,True,True
raw/wayback/puts_20260501220832.pdf,3,MAR27,56,11552.0,11552.0,939943.0,939943.0,True,True
raw/wayback/puts_20260501220832.pdf,4,JUN27,40,15790.0,15790.0,319996.0,319996.0,True,True
raw/wayback/puts_20260501220832.pdf,4,SEP27,37,3693.0,3693.0,243079.0,243079.0,True,True
raw/wayback/puts_20260501220832.pdf,4,DEC27,35,308.0,308.0,162911.0,162911.0,True,True
raw/wayback/puts_20260501220832.pdf,4,MAR28,20,1645.0,1645.0,40964.0,40964.0,True,True
raw/wayback/puts_20260501220832.pdf,5,JUN28,15,0.0,0,51620.0,51620.0,True,True
raw/wayback/puts_20260501220832.pdf,5,SEP28,15,0.0,0,39716.0,39716.0,True,True
raw/wayback/puts_20260501220832.pdf,5,DEC28,12,0.0,0,7837.0,7837.0,True,True
raw/wayback/puts_20260501220832.pdf,5,MAR29,4,0.0,0,500.0,500.0,True,True
raw/wayback/puts_20260501220832.pdf,5,JUN29,1,0.0,0,144.0,144.0,True,True
raw/wayback/puts_20260501220832.pdf,5,SEP29,1,0.0,0,84.0,84.0,True,True
raw/wayback/puts_20260501220832.pdf,5,DEC29,1,0.0,0,58.0,58.0,True,True
raw/wayback/puts_20260504221512.pdf,1,MAY26,25,581.0,581.0,695812.0,695812.0,True,True
raw/wayback/puts_20260504221512.pdf,1,JUN26,65,37229.0,37229.0,2815814.0,2815814.0,True,True
raw/wayback/puts_20260504221512.pdf,2,JUL26,36,19600.0,19600.0,679614.0,679614.0,True,True
raw/wayback/puts_20260504221512.pdf,2,AUG26,24,1000.0,1000.0,189811.0,189811.0,True,True
raw/wayback/puts_20260504221512.pdf,2,SEP26,65,21329.0,21329.0,2703410.0,2703410.0,True,True
raw/wayback/puts_20260504221512.pdf,2,OCT26,14,30.0,30.0,74996.0,74996.0,True,True
raw/wayback/puts_20260504221512.pdf,3,DEC26,69,19205.0,19205.0,3230013.0,3230013.0,True,True
raw/wayback/puts_20260504221512.pdf,3,MAR27,56,7372.0,7372.0,940644.0,940644.0,True,True
raw/wayback/puts_20260504221512.pdf,4,JUN27,40,2598.0,2598.0,320602.0,320602.0,True,True
raw/wayback/puts_20260504221512.pdf,4,SEP27,37,394.0,394.0,243346.0,243346.0,True,True
raw/wayback/puts_20260504221512.pdf,4,DEC27,35,295.0,295.0,163098.0,163098.0,True,True
raw/wayback/puts_20260504221512.pdf,4,MAR28,20,95.0,95.0,41053.0,41053.0,True,True
raw/wayback/puts_20260504221512.pdf,5,JUN28,15,93.0,93.0,51713.0,51713.0,True,True
raw/wayback/puts_20260504221512.pdf,5,SEP28,15,61.0,61.0,39777.0,39777.0,True,True
raw/wayback/puts_20260504221512.pdf,5,DEC28,12,156.0,156.0,7993.0,7993.0,True,True
raw/wayback/puts_20260504221512.pdf,5,MAR29,4,0.0,0,500.0,500.0,True,True
raw/wayback/puts_20260504221512.pdf,5,JUN29,1,0.0,0,144.0,144.0,True,True
raw/wayback/puts_20260504221512.pdf,5,SEP29,1,0.0,0,84.0,84.0,True,True
raw/wayback/puts_20260504221512.pdf,5,DEC29,1,0.0,0,58.0,58.0,True,True
raw/wayback/calls_20260505221642.pdf,3,MAY26,39,1650.0,1650.0,790081.0,790081.0,True,True
raw/wayback/calls_20260505221642.pdf,3,JUN26,61,24218.0,24218.0,3740804.0,3740804.0,True,True
raw/wayback/calls_20260505221642.pdf,4,JUL26,39,9153.0,9153.0,807387.0,807387.0,True,True
raw/wayback/calls_20260505221642.pdf,4,AUG26,26,272.0,272.0,92570.0,92570.0,True,True
raw/wayback/calls_20260505221642.pdf,4,SEP26,58,72874.0,72874.0,4390233.0,4390233.0,True,True
raw/wayback/calls_20260505221642.pdf,4,OCT26,18,954.0,954.0,84808.0,84808.0,True,True
raw/wayback/calls_20260505221642.pdf,5,DEC26,56,112275.0,112275.0,4206092.0,4206092.0,True,True
raw/wayback/calls_20260505221642.pdf,5,MAR27,48,13767.0,13767.0,927604.0,927604.0,True,True
raw/wayback/calls_20260505221642.pdf,5,JUN27,35,42510.0,42510.0,425158.0,425158.0,True,True
raw/wayback/calls_20260505221642.pdf,6,SEP27,32,1763.0,1763.0,181989.0,181989.0,True,True
raw/wayback/calls_20260505221642.pdf,6,DEC27,30,2588.0,2588.0,313123.0,313123.0,True,True
raw/wayback/calls_20260505221642.pdf,6,MAR28,18,80.0,80.0,119725.0,119725.0,True,True
raw/wayback/calls_20260505221642.pdf,6,JUN28,15,0.0,0,134246.0,134246.0,True,True
raw/wayback/calls_20260505221642.pdf,6,SEP28,14,0.0,0,139323.0,139323.0,True,True
raw/wayback/calls_20260505221642.pdf,6,DEC28,12,0.0,0,24927.0,24927.0,True,True
raw/wayback/calls_20260505221642.pdf,6,MAR29,3,0.0,0,551.0,551.0,True,True
raw/wayback/calls_20260505221642.pdf,7,JUN29,2,0.0,0,7590.0,7590.0,True,True
raw/wayback/calls_20260505221642.pdf,7,SEP29,2,0.0,0,21.0,21.0,True,True
raw/wayback/calls_20260505221642.pdf,7,DEC29,2,0.0,0,102.0,102.0,True,True
raw/wayback/calls_20260506221012.pdf,3,MAY26,39,36537.0,36537.0,791598.0,791598.0,True,True
raw/wayback/calls_20260506221012.pdf,3,JUN26,61,39850.0,39850.0,3757533.0,3757533.0,True,True
raw/wayback/calls_20260506221012.pdf,4,JUL26,39,17659.0,17659.0,817211.0,817211.0,True,True
raw/wayback/calls_20260506221012.pdf,4,AUG26,26,2000.0,2000.0,93570.0,93570.0,True,True
raw/wayback/calls_20260506221012.pdf,4,SEP26,58,50506.0,50506.0,4399366.0,4399366.0,True,True
raw/wayback/calls_20260506221012.pdf,4,OCT26,18,19112.0,19112.0,101137.0,101137.0,True,True
raw/wayback/calls_20260506221012.pdf,5,DEC26,56,64653.0,64653.0,4217270.0,4217270.0,True,True
raw/wayback/calls_20260506221012.pdf,5,MAR27,48,18577.0,18577.0,934073.0,934073.0,True,True
raw/wayback/calls_20260506221012.pdf,5,JUN27,35,3154.0,3154.0,425800.0,425800.0,True,True
raw/wayback/calls_20260506221012.pdf,6,SEP27,32,236.0,236.0,182070.0,182070.0,True,True
raw/wayback/calls_20260506221012.pdf,6,DEC27,30,3096.0,3096.0,315275.0,315275.0,True,True
raw/wayback/calls_20260506221012.pdf,6,MAR28,19,152.0,152.0,119872.0,119872.0,True,True
raw/wayback/calls_20260506221012.pdf,6,JUN28,15,0.0,0,134246.0,134246.0,True,True
raw/wayback/calls_20260506221012.pdf,6,SEP28,14,250.0,250.0,139573.0,139573.0,True,True
raw/wayback/calls_20260506221012.pdf,6,DEC28,12,0.0,0,24927.0,24927.0,True,True
raw/wayback/calls_20260506221012.pdf,6,MAR29,3,0.0,0,551.0,551.0,True,True
raw/wayback/calls_20260506221012.pdf,7,JUN29,2,0.0,0,7590.0,7590.0,True,True
raw/wayback/calls_20260506221012.pdf,7,SEP29,2,0.0,0,21.0,21.0,True,True
raw/wayback/calls_20260506221012.pdf,7,DEC29,2,0.0,0,102.0,102.0,True,True
raw/wayback/puts_20260506221025.pdf,1,MAY26,25,23086.0,23086.0,690741.0,690741.0,True,True
raw/wayback/puts_20260506221025.pdf,1,JUN26,65,115154.0,115154.0,2789739.0,2789739.0,True,True
raw/wayback/puts_20260506221025.pdf,2,JUL26,38,39577.0,39577.0,717538.0,717538.0,True,True
raw/wayback/puts_20260506221025.pdf,2,AUG26,24,5188.0,5188.0,194232.0,194232.0,True,True
raw/wayback/puts_20260506221025.pdf,2,SEP26,65,119224.0,119224.0,2725013.0,2725013.0,True,True
raw/wayback/puts_20260506221025.pdf,2,OCT26,15,1567.0,1567.0,76817.0,76817.0,True,True
raw/wayback/puts_20260506221025.pdf,3,DEC26,69,170317.0,170317.0,3231331.0,3231331.0,True,True
raw/wayback/puts_20260506221025.pdf,3,MAR27,57,21282.0,21282.0,961029.0,961029.0,True,True
raw/wayback/puts_20260506221025.pdf,4,JUN27,40,3890.0,3890.0,323280.0,323280.0,True,True
raw/wayback/puts_20260506221025.pdf,4,SEP27,37,561.0,561.0,247979.0,247979.0,True,True
raw/wayback/puts_20260506221025.pdf,4,DEC27,35,719.0,719.0,164623.0,164623.0,True,True
raw/wayback/puts_20260506221025.pdf,4,MAR28,21,14025.0,14025.0,54602.0,54602.0,True,True
raw/wayback/puts_20260506221025.pdf,5,JUN28,15,75.0,75.0,51788.0,51788.0,True,True
raw/wayback/puts_20260506221025.pdf,5,SEP28,16,1400.0,1400.0,40102.0,40102.0,True,True
raw/wayback/puts_20260506221025.pdf,5,DEC28,13,75.0,75.0,8068.0,8068.0,True,True
raw/wayback/puts_20260506221025.pdf,5,MAR29,5,91.0,91.0,591.0,591.0,True,True
raw/wayback/puts_20260506221025.pdf,5,JUN29,1,8.0,8.0,144.0,144.0,True,True
raw/wayback/puts_20260506221025.pdf,5,SEP29,1,0.0,0,84.0,84.0,True,True
raw/wayback/puts_20260506221025.pdf,5,DEC29,1,0.0,0,58.0,58.0,True,True
raw/wayback/calls_20260507221149.pdf,3,MAY26,39,4049.0,4049.0,793696.0,793696.0,True,True
raw/wayback/calls_20260507221149.pdf,3,JUN26,61,63180.0,63180.0,3755154.0,3755154.0,True,True
raw/wayback/calls_20260507221149.pdf,4,JUL26,39,36452.0,36452.0,844435.0,844435.0,True,True
raw/wayback/calls_20260507221149.pdf,4,AUG26,26,2000.0,2000.0,95070.0,95070.0,True,True
raw/wayback/calls_20260507221149.pdf,4,SEP26,58,104298.0,104298.0,4453990.0,4453990.0,True,True
raw/wayback/calls_20260507221149.pdf,4,OCT26,18,441.0,441.0,101578.0,101578.0,True,True
raw/wayback/calls_20260507221149.pdf,5,DEC26,56,59942.0,59942.0,4227596.0,4227596.0,True,True
raw/wayback/calls_20260507221149.pdf,5,MAR27,48,9408.0,9408.0,938893.0,938893.0,True,True
raw/wayback/calls_20260507221149.pdf,5,JUN27,35,6554.0,6554.0,425058.0,425058.0,True,True
raw/wayback/calls_20260507221149.pdf,6,SEP27,32,463.0,463.0,182355.0,182355.0,True,True
raw/wayback/calls_20260507221149.pdf,6,DEC27,30,2787.0,2787.0,316846.0,316846.0,True,True
raw/wayback/calls_20260507221149.pdf,6,MAR28,19,680.0,680.0,120361.0,120361.0,True,True
raw/wayback/calls_20260507221149.pdf,6,JUN28,16,1500.0,1500.0,135746.0,135746.0,True,True
raw/wayback/calls_20260507221149.pdf,6,SEP28,14,0.0,0,139573.0,139573.0,True,True
raw/wayback/calls_20260507221149.pdf,6,DEC28,12,4.0,4.0,24931.0,24931.0,True,True
raw/wayback/calls_20260507221149.pdf,6,MAR29,3,0.0,0,551.0,551.0,True,True
raw/wayback/calls_20260507221149.pdf,7,JUN29,2,0.0,0,7590.0,7590.0,True,True
raw/wayback/calls_20260507221149.pdf,7,SEP29,2,0.0,0,21.0,21.0,True,True
raw/wayback/calls_20260507221149.pdf,7,DEC29,2,0.0,0,102.0,102.0,True,True
raw/wayback/puts_20260507221205.pdf,1,MAY26,25,420.0,420.0,690720.0,690720.0,True,True
raw/wayback/puts_20260507221205.pdf,1,JUN26,65,44982.0,44982.0,2786201.0,2786201.0,True,True
raw/wayback/puts_20260507221205.pdf,2,JUL26,38,39223.0,39223.0,726241.0,726241.0,True,True
raw/wayback/puts_20260507221205.pdf,2,AUG26,24,15720.0,15720.0,194459.0,194459.0,True,True
raw/wayback/puts_20260507221205.pdf,2,SEP26,65,74817.0,74817.0,2751095.0,2751095.0,True,True
raw/wayback/puts_20260507221205.pdf,2,OCT26,16,532.0,532.0,77215.0,77215.0,True,True
raw/wayback/puts_20260507221205.pdf,3,DEC26,69,165942.0,165942.0,3203239.0,3203239.0,True,True
raw/wayback/puts_20260507221205.pdf,3,MAR27,57,42848.0,42848.0,986261.0,986261.0,True,True
raw/wayback/puts_20260507221205.pdf,4,JUN27,40,7699.0,7699.0,324701.0,324701.0,True,True
raw/wayback/puts_20260507221205.pdf,4,SEP27,37,1088.0,1088.0,248263.0,248263.0,True,True
raw/wayback/puts_20260507221205.pdf,4,DEC27,35,2649.0,2649.0,166209.0,166209.0,True,True
raw/wayback/puts_20260507221205.pdf,5,MAR28,21,3430.0,3430.0,55597.0,55597.0,True,True
raw/wayback/puts_20260507221205.pdf,5,JUN28,15,3500.0,3500.0,55288.0,55288.0,True,True
raw/wayback/puts_20260507221205.pdf,5,SEP28,16,0.0,0,40102.0,40102.0,True,True
raw/wayback/puts_20260507221205.pdf,5,DEC28,13,0.0,0,8068.0,8068.0,True,True
raw/wayback/puts_20260507221205.pdf,5,MAR29,5,0.0,0,591.0,591.0,True,True
raw/wayback/puts_20260507221205.pdf,5,JUN29,1,0.0,0,144.0,144.0,True,True
raw/wayback/puts_20260507221205.pdf,5,SEP29,1,0.0,0,84.0,84.0,True,True
raw/wayback/puts_20260507221205.pdf,5,DEC29,1,0.0,0,58.0,58.0,True,True
raw/wayback/puts_20260508221210.pdf,1,MAY26,25,2200.0,2200.0,689737.0,689737.0,True,True
raw/wayback/puts_20260508221210.pdf,1,JUN26,65,42353.0,42353.0,2786321.0,2786321.0,True,True
raw/wayback/puts_20260508221210.pdf,2,JUL26,38,61116.0,61116.0,719716.0,719716.0,True,True
raw/wayback/puts_20260508221210.pdf,2,AUG26,24,6220.0,6220.0,191974.0,191974.0,True,True
raw/wayback/puts_20260508221210.pdf,2,SEP26,65,99840.0,99840.0,2775264.0,2775264.0,True,True
raw/wayback/puts_20260508221210.pdf,2,OCT26,16,800.0,800.0,77815.0,77815.0,True,True
raw/wayback/puts_20260508221210.pdf,3,DEC26,69,151140.0,151140.0,3241742.0,3241742.0,True,True
raw/wayback/puts_20260508221210.pdf,3,MAR27,57,49640.0,49640.0,1005145.0,1005145.0,True,True
raw/wayback/puts_20260508221210.pdf,4,JUN27,40,10385.0,10385.0,328500.0,328500.0,True,True
raw/wayback/puts_20260508221210.pdf,4,SEP27,37,2377.0,2377.0,249471.0,249471.0,True,True
raw/wayback/puts_20260508221210.pdf,4,DEC27,36,6808.0,6808.0,168701.0,168701.0,True,True
raw/wayback/puts_20260508221210.pdf,5,MAR28,21,2026.0,2026.0,57121.0,57121.0,True,True
raw/wayback/puts_20260508221210.pdf,5,JUN28,15,100.0,100.0,55388.0,55388.0,True,True
raw/wayback/puts_20260508221210.pdf,5,SEP28,16,0.0,0,40102.0,40102.0,True,True
raw/wayback/puts_20260508221210.pdf,5,DEC28,13,0.0,0,8068.0,8068.0,True,True
raw/wayback/puts_20260508221210.pdf,5,MAR29,5,0.0,0,591.0,591.0,True,True
raw/wayback/puts_20260508221210.pdf,5,JUN29,1,0.0,0,144.0,144.0,True,True
raw/wayback/puts_20260508221210.pdf,5,SEP29,1,9.0,9.0,84.0,84.0,True,True
raw/wayback/puts_20260508221210.pdf,5,DEC29,1,0.0,0,58.0,58.0,True,True
raw/wayback/calls_20260511221943.pdf,3,MAY26,39,14495.0,14495.0,799955.0,799955.0,True,True
raw/wayback/calls_20260511221943.pdf,3,JUN26,61,44192.0,44192.0,3757451.0,3757451.0,True,True
raw/wayback/calls_20260511221943.pdf,4,JUL26,39,7901.0,7901.0,860262.0,860262.0,True,True
raw/wayback/calls_20260511221943.pdf,4,AUG26,28,16800.0,16800.0,115216.0,115216.0,True,True
raw/wayback/calls_20260511221943.pdf,4,SEP26,58,132220.0,132220.0,4566382.0,4566382.0,True,True
raw/wayback/calls_20260511221943.pdf,4,OCT26,19,582.0,582.0,104668.0,104668.0,True,True
raw/wayback/calls_20260511221943.pdf,5,DEC26,56,60042.0,60042.0,4275768.0,4275768.0,True,True
raw/wayback/calls_20260511221943.pdf,5,MAR27,48,37919.0,37919.0,964886.0,964886.0,True,True
raw/wayback/calls_20260511221943.pdf,5,JUN27,35,21174.0,21174.0,449788.0,449788.0,True,True
raw/wayback/calls_20260511221943.pdf,6,SEP27,32,1000.0,1000.0,182838.0,182838.0,True,True
raw/wayback/calls_20260511221943.pdf,6,DEC27,30,10791.0,10791.0,327866.0,327866.0,True,True
raw/wayback/calls_20260511221943.pdf,6,MAR28,20,843.0,843.0,121942.0,121942.0,True,True
raw/wayback/calls_20260511221943.pdf,6,JUN28,16,1000.0,1000.0,136746.0,136746.0,True,True
raw/wayback/calls_20260511221943.pdf,6,SEP28,14,0.0,0,139573.0,139573.0,True,True
raw/wayback/calls_20260511221943.pdf,6,DEC28,12,0.0,0,24931.0,24931.0,True,True
raw/wayback/calls_20260511221943.pdf,7,MAR29,3,0.0,0,551.0,551.0,True,True
raw/wayback/calls_20260511221943.pdf,7,JUN29,2,0.0,0,7590.0,7590.0,True,True
raw/wayback/calls_20260511221943.pdf,7,SEP29,2,0.0,0,21.0,21.0,True,True
raw/wayback/calls_20260511221943.pdf,7,DEC29,2,0.0,0,102.0,102.0,True,True
raw/wayback/puts_20260511222010.pdf,1,MAY26,25,4681.0,4681.0,692438.0,692438.0,True,True
raw/wayback/puts_20260511222010.pdf,1,JUN26,65,18054.0,18054.0,2781885.0,2781885.0,True,True
raw/wayback/puts_20260511222010.pdf,2,JUL26,38,4904.0,4904.0,718618.0,718618.0,True,True
raw/wayback/puts_20260511222010.pdf,2,AUG26,24,7000.0,7000.0,190756.0,190756.0,True,True
raw/wayback/puts_20260511222010.pdf,2,SEP26,65,103495.0,103495.0,2773259.0,2773259.0,True,True
raw/wayback/puts_20260511222010.pdf,2,OCT26,16,291.0,291.0,77815.0,77815.0,True,True
raw/wayback/puts_20260511222010.pdf,3,DEC26,69,120607.0,120607.0,3274570.0,3274570.0,True,True
raw/wayback/puts_20260511222010.pdf,3,MAR27,57,11033.0,11033.0,1008308.0,1008308.0,True,True
raw/wayback/puts_20260511222010.pdf,4,JUN27,40,2762.0,2762.0,328859.0,328859.0,True,True
raw/wayback/puts_20260511222010.pdf,4,SEP27,37,1200.0,1200.0,248671.0,248671.0,True,True
raw/wayback/puts_20260511222010.pdf,4,DEC27,36,1900.0,1900.0,170282.0,170282.0,True,True
raw/wayback/puts_20260511222010.pdf,5,MAR28,21,903.0,903.0,57727.0,57727.0,True,True
raw/wayback/puts_20260511222010.pdf,5,JUN28,15,100.0,100.0,55488.0,55488.0,True,True
raw/wayback/puts_20260511222010.pdf,5,SEP28,16,100.0,100.0,40202.0,40202.0,True,True
raw/wayback/puts_20260511222010.pdf,5,DEC28,13,100.0,100.0,8168.0,8168.0,True,True
raw/wayback/puts_20260511222010.pdf,5,MAR29,5,0.0,0,591.0,591.0,True,True
raw/wayback/puts_20260511222010.pdf,5,JUN29,1,0.0,0,144.0,144.0,True,True
raw/wayback/puts_20260511222010.pdf,5,SEP29,1,0.0,0,84.0,84.0,True,True
raw/wayback/puts_20260511222010.pdf,5,DEC29,1,16.0,16.0,58.0,58.0,True,True
raw/wayback/puts_20260511222010.pdf,5,MAR30,1,16.0,16.0,16.0,16.0,True,True
raw/wayback/calls_20260512222410.pdf,3,MAY26,39,7400.0,7400.0,798392.0,798392.0,True,True
raw/wayback/calls_20260512222410.pdf,3,JUN26,61,10741.0,10741.0,3758867.0,3758867.0,True,True
raw/wayback/calls_20260512222410.pdf,4,JUL26,39,29046.0,29046.0,869679.0,869679.0,True,True
raw/wayback/calls_20260512222410.pdf,4,AUG26,28,12778.0,12778.0,122400.0,122400.0,True,True
raw/wayback/calls_20260512222410.pdf,4,SEP26,58,81545.0,81545.0,4605379.0,4605379.0,True,True
raw/wayback/calls_20260512222410.pdf,4,OCT26,19,2000.0,2000.0,106668.0,106668.0,True,True
raw/wayback/calls_20260512222410.pdf,5,DEC26,56,83407.0,83407.0,4242314.0,4242314.0,True,True
raw/wayback/calls_20260512222410.pdf,5,MAR27,48,5450.0,5450.0,967726.0,967726.0,True,True
raw/wayback/calls_20260512222410.pdf,5,JUN27,35,5053.0,5053.0,451736.0,451736.0,True,True
raw/wayback/calls_20260512222410.pdf,6,SEP27,32,3107.0,3107.0,182317.0,182317.0,True,True
raw/wayback/calls_20260512222410.pdf,6,DEC27,30,5402.0,5402.0,331741.0,331741.0,True,True
raw/wayback/calls_20260512222410.pdf,6,MAR28,20,15.0,15.0,121942.0,121942.0,True,True
raw/wayback/calls_20260512222410.pdf,6,JUN28,16,0.0,0,136746.0,136746.0,True,True
raw/wayback/calls_20260512222410.pdf,6,SEP28,14,0.0,0,139573.0,139573.0,True,True
raw/wayback/calls_20260512222410.pdf,6,DEC28,12,0.0,0,24931.0,24931.0,True,True
raw/wayback/calls_20260512222410.pdf,7,MAR29,3,0.0,0,551.0,551.0,True,True
raw/wayback/calls_20260512222410.pdf,7,JUN29,2,0.0,0,7590.0,7590.0,True,True
raw/wayback/calls_20260512222410.pdf,7,SEP29,2,0.0,0,21.0,21.0,True,True
raw/wayback/calls_20260512222410.pdf,7,DEC29,2,0.0,0,102.0,102.0,True,True
raw/wayback/puts_20260512222424.pdf,1,MAY26,25,15820.0,15820.0,677654.0,677654.0,True,True
raw/wayback/puts_20260512222424.pdf,1,JUN26,65,25557.0,25557.0,2782075.0,2782075.0,True,True
raw/wayback/puts_20260512222424.pdf,2,JUL26,38,10774.0,10774.0,720741.0,720741.0,True,True
raw/wayback/puts_20260512222424.pdf,2,AUG26,24,13076.0,13076.0,193043.0,193043.0,True,True
raw/wayback/puts_20260512222424.pdf,2,SEP26,65,36902.0,36902.0,2752284.0,2752284.0,True,True
raw/wayback/puts_20260512222424.pdf,2,OCT26,16,0.0,0,77815.0,77815.0,True,True
raw/wayback/puts_20260512222424.pdf,3,DEC26,69,77357.0,77357.0,3284554.0,3284554.0,True,True
raw/wayback/puts_20260512222424.pdf,3,MAR27,57,19188.0,19188.0,1018779.0,1018779.0,True,True
raw/wayback/puts_20260512222424.pdf,4,JUN27,40,2281.0,2281.0,329670.0,329670.0,True,True
raw/wayback/puts_20260512222424.pdf,4,SEP27,37,7456.0,7456.0,251532.0,251532.0,True,True
raw/wayback/puts_20260512222424.pdf,4,DEC27,36,0.0,0,170282.0,170282.0,True,True
raw/wayback/puts_20260512222424.pdf,5,MAR28,21,15.0,15.0,57727.0,57727.0,True,True
raw/wayback/puts_20260512222424.pdf,5,JUN28,15,0.0,0,55488.0,55488.0,True,True
raw/wayback/puts_20260512222424.pdf,5,SEP28,16,0.0,0,40202.0,40202.0,True,True
raw/wayback/puts_20260512222424.pdf,5,DEC28,13,0.0,0,8168.0,8168.0,True,True
raw/wayback/puts_20260512222424.pdf,5,MAR29,5,0.0,0,591.0,591.0,True,True
raw/wayback/puts_20260512222424.pdf,5,JUN29,1,0.0,0,144.0,144.0,True,True
raw/wayback/puts_20260512222424.pdf,5,SEP29,1,0.0,0,84.0,84.0,True,True
raw/wayback/puts_20260512222424.pdf,5,DEC29,1,7.0,7.0,58.0,58.0,True,True
raw/wayback/puts_20260512222424.pdf,5,MAR30,1,0.0,0,16.0,16.0,True,True
raw/wayback/calls_20260513222142.pdf,3,MAY26,39,2000.0,2000.0,797987.0,797987.0,True,True
raw/wayback/calls_20260513222142.pdf,3,JUN26,61,201552.0,201552.0,3811976.0,3811976.0,True,True
raw/wayback/calls_20260513222142.pdf,4,JUL26,39,24144.0,24144.0,886648.0,886648.0,True,True
raw/wayback/calls_20260513222142.pdf,4,AUG26,28,19088.0,19088.0,136119.0,136119.0,True,True
raw/wayback/calls_20260513222142.pdf,4,SEP26,58,222713.0,222713.0,4670314.0,4670314.0,True,True
raw/wayback/calls_20260513222142.pdf,4,OCT26,22,44951.0,44951.0,141972.0,141972.0,True,True
raw/wayback/calls_20260513222142.pdf,5,DEC26,56,116101.0,116101.0,4261468.0,4261468.0,True,True
raw/wayback/calls_20260513222142.pdf,5,MAR27,48,60652.0,60652.0,966727.0,966727.0,True,True
raw/wayback/calls_20260513222142.pdf,5,JUN27,35,67253.0,67253.0,451563.0,451563.0,True,True
raw/wayback/calls_20260513222142.pdf,6,SEP27,32,10177.0,10177.0,189189.0,189189.0,True,True
raw/wayback/calls_20260513222142.pdf,6,DEC27,30,32179.0,32179.0,348728.0,348728.0,True,True
raw/wayback/calls_20260513222142.pdf,6,MAR28,20,100.0,100.0,122042.0,122042.0,True,True
raw/wayback/calls_20260513222142.pdf,6,JUN28,16,0.0,0,136746.0,136746.0,True,True
raw/wayback/calls_20260513222142.pdf,6,SEP28,14,0.0,0,139582.0,139582.0,True,True
raw/wayback/calls_20260513222142.pdf,6,DEC28,12,0.0,0,24950.0,24950.0,True,True
raw/wayback/calls_20260513222142.pdf,7,MAR29,3,0.0,0,551.0,551.0,True,True
raw/wayback/calls_20260513222142.pdf,7,JUN29,2,0.0,0,7590.0,7590.0,True,True
raw/wayback/calls_20260513222142.pdf,7,SEP29,2,0.0,0,21.0,21.0,True,True
raw/wayback/calls_20260513222142.pdf,7,DEC29,2,2.0,2.0,104.0,104.0,True,True
raw/wayback/calls_20260514222251.pdf,3,MAY26,39,710.0,710.0,797427.0,797427.0,True,True
raw/wayback/calls_20260514222251.pdf,3,JUN26,61,180699.0,180699.0,3891848.0,3891848.0,True,True
raw/wayback/calls_20260514222251.pdf,4,JUL26,39,7518.0,7518.0,892348.0,892348.0,True,True
raw/wayback/calls_20260514222251.pdf,4,AUG26,28,4000.0,4000.0,138613.0,138613.0,True,True
raw/wayback/calls_20260514222251.pdf,4,SEP26,58,62098.0,62098.0,4673080.0,4673080.0,True,True
raw/wayback/calls_20260514222251.pdf,4,OCT26,22,11151.0,11151.0,148482.0,148482.0,True,True
raw/wayback/calls_20260514222251.pdf,5,DEC26,56,62590.0,62590.0,4274121.0,4274121.0,True,True
raw/wayback/calls_20260514222251.pdf,5,MAR27,48,25152.0,25152.0,982035.0,982035.0,True,True
raw/wayback/calls_20260514222251.pdf,5,JUN27,35,1018.0,1018.0,451034.0,451034.0,True,True
raw/wayback/calls_20260514222251.pdf,6,SEP27,32,8164.0,8164.0,191633.0,191633.0,True,True
raw/wayback/calls_20260514222251.pdf,6,DEC27,30,1384.0,1384.0,349394.0,349394.0,True,True
raw/wayback/calls_20260514222251.pdf,6,MAR28,20,200.0,200.0,122092.0,122092.0,True,True
raw/wayback/calls_20260514222251.pdf,6,JUN28,16,216.0,216.0,136696.0,136696.0,True,True
raw/wayback/calls_20260514222251.pdf,6,SEP28,14,0.0,0,139573.0,139573.0,True,True
raw/wayback/calls_20260514222251.pdf,6,DEC28,12,0.0,0,24931.0,24931.0,True,True
raw/wayback/calls_20260514222251.pdf,7,MAR29,3,0.0,0,551.0,551.0,True,True
raw/wayback/calls_20260514222251.pdf,7,JUN29,2,0.0,0,7590.0,7590.0,True,True
raw/wayback/calls_20260514222251.pdf,7,SEP29,2,0.0,0,21.0,21.0,True,True
raw/wayback/calls_20260514222251.pdf,7,DEC29,2,0.0,0,104.0,104.0,True,True
raw/wayback/puts_20260514222311.pdf,1,MAY26,25,10181.0,10181.0,660769.0,660769.0,True,True
raw/wayback/puts_20260514222311.pdf,1,JUN26,65,105212.0,105212.0,2827644.0,2827644.0,True,True
raw/wayback/puts_20260514222311.pdf,2,JUL26,39,48418.0,48418.0,739858.0,739858.0,True,True
raw/wayback/puts_20260514222311.pdf,2,AUG26,24,1200.0,1200.0,193647.0,193647.0,True,True
raw/wayback/puts_20260514222311.pdf,2,SEP26,65,123294.0,123294.0,2721000.0,2721000.0,True,True
raw/wayback/puts_20260514222311.pdf,2,OCT26,18,20004.0,20004.0,106418.0,106418.0,True,True
raw/wayback/puts_20260514222311.pdf,3,DEC26,69,106267.0,106267.0,3327746.0,3327746.0,True,True
raw/wayback/puts_20260514222311.pdf,3,MAR27,58,57503.0,57503.0,1058411.0,1058411.0,True,True
raw/wayback/puts_20260514222311.pdf,4,JUN27,40,3784.0,3784.0,335289.0,335289.0,True,True
raw/wayback/puts_20260514222311.pdf,4,SEP27,37,2200.0,2200.0,252832.0,252832.0,True,True
raw/wayback/puts_20260514222311.pdf,4,DEC27,36,3735.0,3735.0,172648.0,172648.0,True,True
raw/wayback/puts_20260514222311.pdf,5,MAR28,22,10200.0,10200.0,65952.0,65952.0,True,True
raw/wayback/puts_20260514222311.pdf,5,JUN28,17,216.0,216.0,55650.0,55650.0,True,True
raw/wayback/puts_20260514222311.pdf,5,SEP28,16,0.0,0,40202.0,40202.0,True,True
raw/wayback/puts_20260514222311.pdf,5,DEC28,13,0.0,0,8168.0,8168.0,True,True
raw/wayback/puts_20260514222311.pdf,5,MAR29,5,0.0,0,591.0,591.0,True,True
raw/wayback/puts_20260514222311.pdf,5,JUN29,1,0.0,0,144.0,144.0,True,True
raw/wayback/puts_20260514222311.pdf,5,SEP29,1,0.0,0,84.0,84.0,True,True
raw/wayback/puts_20260514222311.pdf,5,DEC29,1,0.0,0,58.0,58.0,True,True
raw/wayback/puts_20260514222311.pdf,5,MAR30,1,0.0,0,16.0,16.0,True,True
raw/wayback/calls_20260515221443.pdf,3,MAY26,39,2150.0,2150.0,795746.0,795746.0,True,True
raw/wayback/calls_20260515221443.pdf,3,JUN26,61,29737.0,29737.0,3891001.0,3891001.0,True,True
raw/wayback/calls_20260515221443.pdf,4,JUL26,39,14791.0,14791.0,902469.0,902469.0,True,True
raw/wayback/calls_20260515221443.pdf,4,AUG26,29,500.0,500.0,139113.0,139113.0,True,True
raw/wayback/calls_20260515221443.pdf,4,SEP26,58,35854.0,35854.0,4690843.0,4690843.0,True,True
raw/wayback/calls_20260515221443.pdf,4,OCT26,22,4717.0,4717.0,150604.0,150604.0,True,True
raw/wayback/calls_20260515221443.pdf,5,DEC26,56,73350.0,73350.0,4294368.0,4294368.0,True,True
raw/wayback/calls_20260515221443.pdf,5,MAR27,48,8926.0,8926.0,984039.0,984039.0,True,True
raw/wayback/calls_20260515221443.pdf,5,JUN27,35,9406.0,9406.0,457184.0,457184.0,True,True
raw/wayback/calls_20260515221443.pdf,6,SEP27,32,2500.0,2500.0,191117.0,191117.0,True,True
raw/wayback/calls_20260515221443.pdf,6,DEC27,30,11100.0,11100.0,354016.0,354016.0,True,True
raw/wayback/calls_20260515221443.pdf,6,MAR28,20,0.0,0,122092.0,122092.0,True,True
raw/wayback/calls_20260515221443.pdf,6,JUN28,16,0.0,0,136696.0,136696.0,True,True
raw/wayback/calls_20260515221443.pdf,6,SEP28,14,0.0,0,139573.0,139573.0,True,True
raw/wayback/calls_20260515221443.pdf,7,DEC28,12,0.0,0,24931.0,24931.0,True,True
raw/wayback/calls_20260515221443.pdf,7,MAR29,3,0.0,0,551.0,551.0,True,True
raw/wayback/calls_20260515221443.pdf,7,JUN29,2,0.0,0,7590.0,7590.0,True,True
raw/wayback/calls_20260515221443.pdf,7,SEP29,2,0.0,0,21.0,21.0,True,True
raw/wayback/calls_20260515221443.pdf,7,DEC29,2,0.0,0,104.0,104.0,True,True
raw/wayback/puts_20260518221625.pdf,1,MAY26,25,45.0,45.0,0.0,0,True,True
raw/wayback/puts_20260518221625.pdf,1,JUN26,63,76271.0,76271.0,2840350.0,2840350.0,True,True
raw/wayback/puts_20260518221625.pdf,2,JUL26,39,81014.0,81014.0,737968.0,737968.0,True,True
raw/wayback/puts_20260518221625.pdf,2,AUG26,25,25816.0,25816.0,211624.0,211624.0,True,True
raw/wayback/puts_20260518221625.pdf,2,SEP26,65,48005.0,48005.0,2733756.0,2733756.0,True,True
raw/wayback/puts_20260518221625.pdf,2,OCT26,20,60494.0,60494.0,129535.0,129535.0,True,True
raw/wayback/puts_20260518221625.pdf,3,DEC26,69,194755.0,194755.0,3359081.0,3359081.0,True,True
raw/wayback/puts_20260518221625.pdf,3,MAR27,60,28155.0,28155.0,1136766.0,1136766.0,True,True
raw/wayback/puts_20260518221625.pdf,4,JUN27,40,6520.0,6520.0,352858.0,352858.0,True,True
raw/wayback/puts_20260518221625.pdf,4,SEP27,37,200.0,200.0,252632.0,252632.0,True,True
raw/wayback/puts_20260518221625.pdf,4,DEC27,36,9928.0,9928.0,181304.0,181304.0,True,True
raw/wayback/puts_20260518221625.pdf,5,MAR28,23,2450.0,2450.0,74992.0,74992.0,True,True
raw/wayback/puts_20260518221625.pdf,5,JUN28,17,0.0,0,55650.0,55650.0,True,True
raw/wayback/puts_20260518221625.pdf,5,SEP28,16,0.0,0,40202.0,40202.0,True,True
raw/wayback/puts_20260518221625.pdf,5,DEC28,13,0.0,0,8168.0,8168.0,True,True
raw/wayback/puts_20260518221625.pdf,5,MAR29,5,0.0,0,591.0,591.0,True,True
raw/wayback/puts_20260518221625.pdf,5,JUN29,1,0.0,0,144.0,144.0,True,True
raw/wayback/puts_20260518221625.pdf,5,SEP29,1,0.0,0,84.0,84.0,True,True
raw/wayback/puts_20260518221625.pdf,5,DEC29,1,0.0,0,58.0,58.0,True,True
raw/wayback/puts_20260518221625.pdf,5,MAR30,1,0.0,0,16.0,16.0,True,True
raw/wayback/calls_20260519223139.pdf,3,MAY26,4,0.0,0,0.0,0,True,True
raw/wayback/calls_20260519223139.pdf,3,JUN26,61,123927.0,123927.0,3957076.0,3957076.0,True,True
raw/wayback/calls_20260519223139.pdf,3,JUL26,39,4012.0,4012.0,902969.0,902969.0,True,True
raw/wayback/calls_20260519223139.pdf,4,AUG26,29,600.0,600.0,139363.0,139363.0,True,True
raw/wayback/calls_20260519223139.pdf,4,SEP26,58,66311.0,66311.0,4720003.0,4720003.0,True,True
raw/wayback/calls_20260519223139.pdf,4,OCT26,22,2000.0,2000.0,170271.0,170271.0,True,True
raw/wayback/calls_20260519223139.pdf,5,DEC26,56,85589.0,85589.0,4326990.0,4326990.0,True,True
raw/wayback/calls_20260519223139.pdf,5,MAR27,48,22735.0,22735.0,1011115.0,1011115.0,True,True
raw/wayback/calls_20260519223139.pdf,5,JUN27,35,29485.0,29485.0,491076.0,491076.0,True,True
raw/wayback/calls_20260519223139.pdf,5,SEP27,32,450.0,450.0,190507.0,190507.0,True,True
raw/wayback/calls_20260519223139.pdf,6,DEC27,31,56255.0,56255.0,403439.0,403439.0,True,True
raw/wayback/calls_20260519223139.pdf,6,MAR28,21,16000.0,16000.0,136542.0,136542.0,True,True
raw/wayback/calls_20260519223139.pdf,6,JUN28,17,5087.0,5087.0,141288.0,141288.0,True,True
raw/wayback/calls_20260519223139.pdf,6,SEP28,14,0.0,0,139573.0,139573.0,True,True
raw/wayback/calls_20260519223139.pdf,6,DEC28,12,0.0,0,24931.0,24931.0,True,True
raw/wayback/calls_20260519223139.pdf,6,MAR29,3,0.0,0,551.0,551.0,True,True
raw/wayback/calls_20260519223139.pdf,6,JUN29,2,0.0,0,7590.0,7590.0,True,True
raw/wayback/calls_20260519223139.pdf,6,SEP29,2,0.0,0,21.0,21.0,True,True
raw/wayback/calls_20260519223139.pdf,6,DEC29,2,0.0,0,104.0,104.0,True,True
raw/wayback/calls_20260520223747.pdf,3,JUN26,61,110055.0,110055.0,3957162.0,3957162.0,True,True
raw/wayback/calls_20260520223747.pdf,3,JUL26,39,50638.0,50638.0,898643.0,898643.0,True,True
raw/wayback/calls_20260520223747.pdf,4,AUG26,29,43842.0,43842.0,168701.0,168701.0,True,True
raw/wayback/calls_20260520223747.pdf,4,SEP26,58,141915.0,141915.0,4780602.0,4780602.0,True,True
raw/wayback/calls_20260520223747.pdf,4,OCT26,22,15004.0,15004.0,180848.0,180848.0,True,True
raw/wayback/calls_20260520223747.pdf,5,DEC26,56,123658.0,123658.0,4395515.0,4395515.0,True,True
raw/wayback/calls_20260520223747.pdf,5,MAR27,48,42898.0,42898.0,999050.0,999050.0,True,True
raw/wayback/calls_20260520223747.pdf,5,JUN27,35,13548.0,13548.0,485402.0,485402.0,True,True
raw/wayback/calls_20260520223747.pdf,5,SEP27,32,4424.0,4424.0,190683.0,190683.0,True,True
raw/wayback/calls_20260520223747.pdf,6,DEC27,31,9188.0,9188.0,404002.0,404002.0,True,True
raw/wayback/calls_20260520223747.pdf,6,MAR28,21,1150.0,1150.0,137074.0,137074.0,True,True
raw/wayback/calls_20260520223747.pdf,6,JUN28,17,4250.0,4250.0,145338.0,145338.0,True,True
raw/wayback/calls_20260520223747.pdf,6,SEP28,14,0.0,0,139573.0,139573.0,True,True
raw/wayback/calls_20260520223747.pdf,6,DEC28,12,0.0,0,24931.0,24931.0,True,True
raw/wayback/calls_20260520223747.pdf,6,MAR29,6,1734.0,1734.0,2284.0,2284.0,True,True
raw/wayback/calls_20260520223747.pdf,6,JUN29,4,3302.0,3302.0,10892.0,10892.0,True,True
raw/wayback/calls_20260520223747.pdf,6,SEP29,2,0.0,0,21.0,21.0,True,True
raw/wayback/calls_20260520223747.pdf,6,DEC29,2,0.0,0,104.0,104.0,True,True
raw/wayback/puts_20260520223813.pdf,1,JUN26,63,81599.0,81599.0,2850822.0,2850822.0,True,True
raw/wayback/puts_20260520223813.pdf,1,JUL26,39,76823.0,76823.0,766654.0,766654.0,True,True
raw/wayback/puts_20260520223813.pdf,2,AUG26,25,33310.0,33310.0,238955.0,238955.0,True,True
raw/wayback/puts_20260520223813.pdf,2,SEP26,65,380227.0,380227.0,2954655.0,2954655.0,True,True
raw/wayback/puts_20260520223813.pdf,2,OCT26,23,60961.0,60961.0,182794.0,182794.0,True,True
raw/wayback/puts_20260520223813.pdf,2,NOV26,4,20000.0,20000.0,21880.0,21880.0,True,True
raw/wayback/puts_20260520223813.pdf,3,DEC26,69,282161.0,282161.0,3353968.0,3353968.0,True,True
raw/wayback/puts_20260520223813.pdf,3,MAR27,58,61225.0,61225.0,1169281.0,1169281.0,True,True
raw/wayback/puts_20260520223813.pdf,4,JUN27,40,1673.0,1673.0,355287.0,355287.0,True,True
raw/wayback/puts_20260520223813.pdf,4,SEP27,37,0.0,0,252667.0,252667.0,True,True
raw/wayback/puts_20260520223813.pdf,4,DEC27,36,21008.0,21008.0,204305.0,204305.0,True,True
raw/wayback/puts_20260520223813.pdf,4,MAR28,23,2150.0,2150.0,88978.0,88978.0,True,True
raw/wayback/puts_20260520223813.pdf,5,JUN28,17,4250.0,4250.0,64900.0,64900.0,True,True
raw/wayback/puts_20260520223813.pdf,5,SEP28,16,0.0,0,40202.0,40202.0,True,True
raw/wayback/puts_20260520223813.pdf,5,DEC28,13,200.0,200.0,8368.0,8368.0,True,True
raw/wayback/puts_20260520223813.pdf,5,MAR29,5,0.0,0,591.0,591.0,True,True
raw/wayback/puts_20260520223813.pdf,5,JUN29,1,0.0,0,144.0,144.0,True,True
raw/wayback/puts_20260520223813.pdf,5,SEP29,1,0.0,0,84.0,84.0,True,True
raw/wayback/puts_20260520223813.pdf,5,DEC29,1,0.0,0,58.0,58.0,True,True
raw/wayback/puts_20260520223813.pdf,5,MAR30,1,0.0,0,16.0,16.0,True,True
raw/wayback/puts_20260521223212.pdf,1,JUN26,63,41188.0,41188.0,2841748.0,2841748.0,True,True
raw/wayback/puts_20260521223212.pdf,1,JUL26,39,90496.0,90496.0,769191.0,769191.0,True,True
raw/wayback/puts_20260521223212.pdf,2,AUG26,25,20533.0,20533.0,242415.0,242415.0,True,True
raw/wayback/puts_20260521223212.pdf,2,SEP26,65,107585.0,107585.0,2936580.0,2936580.0,True,True
raw/wayback/puts_20260521223212.pdf,2,OCT26,23,11472.0,11472.0,192070.0,192070.0,True,True
raw/wayback/puts_20260521223212.pdf,2,NOV26,4,10000.0,10000.0,31880.0,31880.0,True,True
raw/wayback/puts_20260521223212.pdf,3,DEC26,69,252894.0,252894.0,3266937.0,3266937.0,True,True
raw/wayback/puts_20260521223212.pdf,3,MAR27,58,19964.0,19964.0,1178395.0,1178395.0,True,True
raw/wayback/puts_20260521223212.pdf,4,JUN27,40,21475.0,21475.0,362245.0,362245.0,True,True
raw/wayback/puts_20260521223212.pdf,4,SEP27,37,6178.0,6178.0,253744.0,253744.0,True,True
raw/wayback/puts_20260521223212.pdf,4,DEC27,37,5671.0,5671.0,207876.0,207876.0,True,True
raw/wayback/puts_20260521223212.pdf,4,MAR28,23,11675.0,11675.0,99697.0,99697.0,True,True
raw/wayback/puts_20260521223212.pdf,5,JUN28,17,1675.0,1675.0,65825.0,65825.0,True,True
raw/wayback/puts_20260521223212.pdf,5,SEP28,16,0.0,0,40202.0,40202.0,True,True
raw/wayback/puts_20260521223212.pdf,5,DEC28,13,0.0,0,8368.0,8368.0,True,True
raw/wayback/puts_20260521223212.pdf,5,MAR29,5,0.0,0,591.0,591.0,True,True
raw/wayback/puts_20260521223212.pdf,5,JUN29,1,0.0,0,144.0,144.0,True,True
raw/wayback/puts_20260521223212.pdf,5,SEP29,1,0.0,0,84.0,84.0,True,True
raw/wayback/puts_20260521223212.pdf,5,DEC29,1,0.0,0,58.0,58.0,True,True
raw/wayback/puts_20260521223212.pdf,5,MAR30,1,0.0,0,16.0,16.0,True,True
raw/wayback/calls_20260522222823.pdf,3,JUN26,61,197173.0,197173.0,4014429.0,4014429.0,True,True
raw/wayback/calls_20260522222823.pdf,3,JUL26,40,81826.0,81826.0,931284.0,931284.0,True,True
raw/wayback/calls_20260522222823.pdf,4,AUG26,29,8476.0,8476.0,176420.0,176420.0,True,True
raw/wayback/calls_20260522222823.pdf,4,SEP26,59,129220.0,129220.0,4862692.0,4862692.0,True,True
raw/wayback/calls_20260522222823.pdf,4,OCT26,24,17310.0,17310.0,195035.0,195035.0,True,True
raw/wayback/calls_20260522222823.pdf,5,DEC26,57,128471.0,128471.0,4452761.0,4452761.0,True,True
raw/wayback/calls_20260522222823.pdf,5,MAR27,48,23960.0,23960.0,1022264.0,1022264.0,True,True
raw/wayback/calls_20260522222823.pdf,5,JUN27,35,4903.0,4903.0,486680.0,486680.0,True,True
raw/wayback/calls_20260522222823.pdf,5,SEP27,32,6057.0,6057.0,198424.0,198424.0,True,True
raw/wayback/calls_20260522222823.pdf,6,DEC27,31,1166.0,1166.0,406656.0,406656.0,True,True
raw/wayback/calls_20260522222823.pdf,6,MAR28,21,4000.0,4000.0,159324.0,159324.0,True,True
raw/wayback/calls_20260522222823.pdf,6,JUN28,19,9000.0,9000.0,155088.0,155088.0,True,True
raw/wayback/calls_20260522222823.pdf,6,SEP28,14,0.0,0,139573.0,139573.0,True,True
raw/wayback/calls_20260522222823.pdf,6,DEC28,12,0.0,0,24931.0,24931.0,True,True
raw/wayback/calls_20260522222823.pdf,6,MAR29,6,0.0,0,2284.0,2284.0,True,True
raw/wayback/calls_20260522222823.pdf,6,JUN29,4,0.0,0,10892.0,10892.0,True,True
raw/wayback/calls_20260522222823.pdf,6,SEP29,2,0.0,0,21.0,21.0,True,True
raw/wayback/calls_20260522222823.pdf,6,DEC29,2,0.0,0,104.0,104.0,True,True
raw/wayback/puts_20260522222839.pdf,1,JUN26,63,64182.0,64182.0,2830859.0,2830859.0,True,True
raw/wayback/puts_20260522222839.pdf,1,JUL26,39,58461.0,58461.0,791047.0,791047.0,True,True
raw/wayback/puts_20260522222839.pdf,2,AUG26,26,121600.0,121600.0,323400.0,323400.0,True,True
raw/wayback/puts_20260522222839.pdf,2,SEP26,65,210364.0,210364.0,2964123.0,2964123.0,True,True
raw/wayback/puts_20260522222839.pdf,2,OCT26,23,6974.0,6974.0,194220.0,194220.0,True,True
raw/wayback/puts_20260522222839.pdf,2,NOV26,4,10000.0,10000.0,41880.0,41880.0,True,True
raw/wayback/puts_20260522222839.pdf,3,DEC26,69,104800.0,104800.0,3255953.0,3255953.0,True,True
raw/wayback/puts_20260522222839.pdf,3,MAR27,58,22615.0,22615.0,1183145.0,1183145.0,True,True
raw/wayback/puts_20260522222839.pdf,4,JUN27,40,14884.0,14884.0,367296.0,367296.0,True,True
raw/wayback/puts_20260522222839.pdf,4,SEP27,37,8635.0,8635.0,254815.0,254815.0,True,True
raw/wayback/puts_20260522222839.pdf,4,DEC27,37,3293.0,3293.0,209915.0,209915.0,True,True
raw/wayback/puts_20260522222839.pdf,4,MAR28,23,2270.0,2270.0,100947.0,100947.0,True,True
raw/wayback/puts_20260522222839.pdf,5,JUN28,17,0.0,0,65825.0,65825.0,True,True
raw/wayback/puts_20260522222839.pdf,5,SEP28,16,0.0,0,40202.0,40202.0,True,True
raw/wayback/puts_20260522222839.pdf,5,DEC28,13,0.0,0,8368.0,8368.0,True,True
raw/wayback/puts_20260522222839.pdf,5,MAR29,5,0.0,0,591.0,591.0,True,True
raw/wayback/puts_20260522222839.pdf,5,JUN29,1,0.0,0,144.0,144.0,True,True
raw/wayback/puts_20260522222839.pdf,5,SEP29,1,0.0,0,84.0,84.0,True,True
raw/wayback/puts_20260522222839.pdf,5,DEC29,1,0.0,0,58.0,58.0,True,True
raw/wayback/puts_20260522222839.pdf,5,MAR30,1,0.0,0,16.0,16.0,True,True
raw/wayback/calls_20260526224449.pdf,3,JUN26,61,107884.0,107884.0,4024468.0,4024468.0,True,True
raw/wayback/calls_20260526224449.pdf,3,JUL26,40,44967.0,44967.0,955820.0,955820.0,True,True
raw/wayback/calls_20260526224449.pdf,4,AUG26,31,52371.0,52371.0,219399.0,219399.0,True,True
raw/wayback/calls_20260526224449.pdf,4,SEP26,59,125574.0,125574.0,4922428.0,4922428.0,True,True
raw/wayback/calls_20260526224449.pdf,4,OCT26,24,13301.0,13301.0,203532.0,203532.0,True,True
raw/wayback/calls_20260526224449.pdf,5,DEC26,57,133670.0,133670.0,4532844.0,4532844.0,True,True
raw/wayback/calls_20260526224449.pdf,5,MAR27,49,13570.0,13570.0,1027691.0,1027691.0,True,True
raw/wayback/calls_20260526224449.pdf,5,JUN27,35,22464.0,22464.0,502939.0,502939.0,True,True
raw/wayback/calls_20260526224449.pdf,5,SEP27,32,2424.0,2424.0,199280.0,199280.0,True,True
raw/wayback/calls_20260526224449.pdf,6,DEC27,31,2500.0,2500.0,409156.0,409156.0,True,True
raw/wayback/calls_20260526224449.pdf,6,MAR28,21,0.0,0,159324.0,159324.0,True,True
raw/wayback/calls_20260526224449.pdf,6,JUN28,19,0.0,0,155088.0,155088.0,True,True
raw/wayback/calls_20260526224449.pdf,6,SEP28,14,0.0,0,139573.0,139573.0,True,True
raw/wayback/calls_20260526224449.pdf,6,DEC28,12,0.0,0,24931.0,24931.0,True,True
raw/wayback/calls_20260526224449.pdf,6,MAR29,6,0.0,0,2284.0,2284.0,True,True
raw/wayback/calls_20260526224449.pdf,6,JUN29,4,0.0,0,10892.0,10892.0,True,True
raw/wayback/calls_20260526224449.pdf,6,SEP29,2,0.0,0,21.0,21.0,True,True
raw/wayback/calls_20260526224449.pdf,6,DEC29,2,0.0,0,104.0,104.0,True,True
raw/wayback/puts_20260526224532.pdf,1,JUN26,63,33079.0,33079.0,2829377.0,2829377.0,True,True
raw/wayback/puts_20260526224532.pdf,1,JUL26,39,80640.0,80640.0,773092.0,773092.0,True,True
raw/wayback/puts_20260526224532.pdf,2,AUG26,27,48393.0,48393.0,331940.0,331940.0,True,True
raw/wayback/puts_20260526224532.pdf,2,SEP26,65,196213.0,196213.0,2997098.0,2997098.0,True,True
raw/wayback/puts_20260526224532.pdf,2,OCT26,23,21770.0,21770.0,212857.0,212857.0,True,True
raw/wayback/puts_20260526224532.pdf,2,NOV26,4,0.0,0,41880.0,41880.0,True,True
raw/wayback/puts_20260526224532.pdf,3,DEC26,69,189910.0,189910.0,3319804.0,3319804.0,True,True
raw/wayback/puts_20260526224532.pdf,3,MAR27,58,65879.0,65879.0,1159198.0,1159198.0,True,True
raw/wayback/puts_20260526224532.pdf,4,JUN27,40,5419.0,5419.0,371898.0,371898.0,True,True
raw/wayback/puts_20260526224532.pdf,4,SEP27,37,1250.0,1250.0,256065.0,256065.0,True,True
raw/wayback/puts_20260526224532.pdf,4,DEC27,37,6876.0,6876.0,216741.0,216741.0,True,True
raw/wayback/puts_20260526224532.pdf,4,MAR28,23,1277.0,1277.0,102224.0,102224.0,True,True
raw/wayback/puts_20260526224532.pdf,5,JUN28,17,0.0,0,65825.0,65825.0,True,True
raw/wayback/puts_20260526224532.pdf,5,SEP28,16,0.0,0,40202.0,40202.0,True,True
raw/wayback/puts_20260526224532.pdf,5,DEC28,13,0.0,0,8368.0,8368.0,True,True
raw/wayback/puts_20260526224532.pdf,5,MAR29,5,0.0,0,591.0,591.0,True,True
raw/wayback/puts_20260526224532.pdf,5,JUN29,1,0.0,0,144.0,144.0,True,True
raw/wayback/puts_20260526224532.pdf,5,SEP29,1,0.0,0,84.0,84.0,True,True
raw/wayback/puts_20260526224532.pdf,5,DEC29,1,0.0,0,58.0,58.0,True,True
raw/wayback/puts_20260526224532.pdf,5,MAR30,1,0.0,0,16.0,16.0,True,True
raw/wayback/calls_20260527224225.pdf,3,JUN26,61,18050.0,18050.0,4028218.0,4028218.0,True,True
raw/wayback/calls_20260527224225.pdf,3,JUL26,40,20765.0,20765.0,950919.0,950919.0,True,True
raw/wayback/calls_20260527224225.pdf,4,AUG26,33,29779.0,29779.0,245679.0,245679.0,True,True
raw/wayback/calls_20260527224225.pdf,4,SEP26,59,28215.0,28215.0,4932547.0,4932547.0,True,True
raw/wayback/calls_20260527224225.pdf,4,OCT26,24,437.0,437.0,203354.0,203354.0,True,True
raw/wayback/calls_20260527224225.pdf,5,DEC26,58,403198.0,403198.0,4714074.0,4714074.0,True,True
raw/wayback/calls_20260527224225.pdf,5,MAR27,49,11295.0,11295.0,1028217.0,1028217.0,True,True
raw/wayback/calls_20260527224225.pdf,5,JUN27,35,35707.0,35707.0,532648.0,532648.0,True,True
raw/wayback/calls_20260527224225.pdf,6,SEP27,32,3250.0,3250.0,201880.0,201880.0,True,True
raw/wayback/calls_20260527224225.pdf,6,DEC27,31,1178.0,1178.0,409357.0,409357.0,True,True
raw/wayback/calls_20260527224225.pdf,6,MAR28,21,16.0,16.0,159308.0,159308.0,True,True
raw/wayback/calls_20260527224225.pdf,6,JUN28,19,5000.0,5000.0,158771.0,158771.0,True,True
raw/wayback/calls_20260527224225.pdf,6,SEP28,14,0.0,0,139573.0,139573.0,True,True
raw/wayback/calls_20260527224225.pdf,6,DEC28,12,0.0,0,24931.0,24931.0,True,True
raw/wayback/calls_20260527224225.pdf,6,MAR29,6,0.0,0,2284.0,2284.0,True,True
raw/wayback/calls_20260527224225.pdf,6,JUN29,4,0.0,0,10892.0,10892.0,True,True
raw/wayback/calls_20260527224225.pdf,6,SEP29,2,0.0,0,21.0,21.0,True,True
raw/wayback/calls_20260527224225.pdf,7,DEC29,2,0.0,0,104.0,104.0,True,True
raw/wayback/puts_20260527224240.pdf,1,JUN26,63,44731.0,44731.0,2836827.0,2836827.0,True,True
raw/wayback/puts_20260527224240.pdf,1,JUL26,40,47756.0,47756.0,774157.0,774157.0,True,True
raw/wayback/puts_20260527224240.pdf,2,AUG26,28,700.0,700.0,332265.0,332265.0,True,True
raw/wayback/puts_20260527224240.pdf,2,SEP26,65,53979.0,53979.0,3003391.0,3003391.0,True,True
raw/wayback/puts_20260527224240.pdf,2,OCT26,23,884.0,884.0,213381.0,213381.0,True,True
raw/wayback/puts_20260527224240.pdf,2,NOV26,4,0.0,0,41880.0,41880.0,True,True
raw/wayback/puts_20260527224240.pdf,3,DEC26,69,43766.0,43766.0,3327929.0,3327929.0,True,True
raw/wayback/puts_20260527224240.pdf,3,MAR27,59,50209.0,50209.0,1185176.0,1185176.0,True,True
raw/wayback/puts_20260527224240.pdf,4,JUN27,40,7818.0,7818.0,376461.0,376461.0,True,True
raw/wayback/puts_20260527224240.pdf,4,SEP27,37,5030.0,5030.0,258079.0,258079.0,True,True
raw/wayback/puts_20260527224240.pdf,4,DEC27,37,4446.0,4446.0,218228.0,218228.0,True,True
raw/wayback/puts_20260527224240.pdf,4,MAR28,23,3750.0,3750.0,105974.0,105974.0,True,True
raw/wayback/puts_20260527224240.pdf,5,JUN28,17,0.0,0,65825.0,65825.0,True,True
raw/wayback/puts_20260527224240.pdf,5,SEP28,16,0.0,0,40202.0,40202.0,True,True
raw/wayback/puts_20260527224240.pdf,5,DEC28,13,0.0,0,8368.0,8368.0,True,True
raw/wayback/puts_20260527224240.pdf,5,MAR29,5,0.0,0,591.0,591.0,True,True
raw/wayback/puts_20260527224240.pdf,5,JUN29,1,0.0,0,144.0,144.0,True,True
raw/wayback/puts_20260527224240.pdf,5,SEP29,1,0.0,0,84.0,84.0,True,True
raw/wayback/puts_20260527224240.pdf,5,DEC29,1,0.0,0,58.0,58.0,True,True
raw/wayback/puts_20260527224240.pdf,5,MAR30,1,0.0,0,16.0,16.0,True,True
raw/wayback/calls_20260528225415.pdf,3,JUN26,61,3010.0,3010.0,4028518.0,4028518.0,True,True
raw/wayback/calls_20260528225415.pdf,3,JUL26,40,47993.0,47993.0,940206.0,940206.0,True,True
raw/wayback/calls_20260528225415.pdf,4,AUG26,33,2119.0,2119.0,246629.0,246629.0,True,True
raw/wayback/calls_20260528225415.pdf,4,SEP26,59,67042.0,67042.0,4959056.0,4959056.0,True,True
raw/wayback/calls_20260528225415.pdf,4,OCT26,24,3078.0,3078.0,204783.0,204783.0,True,True
raw/wayback/calls_20260528225415.pdf,5,DEC26,58,16900.0,16900.0,4717800.0,4717800.0,True,True
raw/wayback/calls_20260528225415.pdf,5,MAR27,49,437.0,437.0,1028166.0,1028166.0,True,True
raw/wayback/calls_20260528225415.pdf,5,JUN27,35,774.0,774.0,532808.0,532808.0,True,True
raw/wayback/calls_20260528225415.pdf,6,SEP27,32,1000.0,1000.0,202880.0,202880.0,True,True
raw/wayback/calls_20260528225415.pdf,6,DEC27,31,5194.0,5194.0,411279.0,411279.0,True,True
raw/wayback/calls_20260528225415.pdf,6,MAR28,21,0.0,0,159308.0,159308.0,True,True
raw/wayback/calls_20260528225415.pdf,6,JUN28,19,2443.0,2443.0,161031.0,161031.0,True,True
raw/wayback/calls_20260528225415.pdf,6,SEP28,14,4000.0,4000.0,143023.0,143023.0,True,True
raw/wayback/calls_20260528225415.pdf,6,DEC28,13,50.0,50.0,24981.0,24981.0,True,True
raw/wayback/calls_20260528225415.pdf,6,MAR29,6,0.0,0,2284.0,2284.0,True,True
raw/wayback/calls_20260528225415.pdf,6,JUN29,4,0.0,0,10892.0,10892.0,True,True
raw/wayback/calls_20260528225415.pdf,6,SEP29,2,0.0,0,21.0,21.0,True,True
raw/wayback/calls_20260528225415.pdf,7,DEC29,2,0.0,0,104.0,104.0,True,True
raw/wayback/puts_20260528225450.pdf,1,JUN26,63,29545.0,29545.0,2836093.0,2836093.0,True,True
raw/wayback/puts_20260528225450.pdf,1,JUL26,40,72533.0,72533.0,756406.0,756406.0,True,True
raw/wayback/puts_20260528225450.pdf,2,AUG26,28,5150.0,5150.0,336665.0,336665.0,True,True
raw/wayback/puts_20260528225450.pdf,2,SEP26,65,86068.0,86068.0,3027990.0,3027990.0,True,True
raw/wayback/puts_20260528225450.pdf,2,OCT26,23,9257.0,9257.0,214483.0,214483.0,True,True
raw/wayback/puts_20260528225450.pdf,2,NOV26,4,0.0,0,41880.0,41880.0,True,True
raw/wayback/puts_20260528225450.pdf,3,DEC26,69,185048.0,185048.0,3299076.0,3299076.0,True,True
raw/wayback/puts_20260528225450.pdf,3,MAR27,59,13000.0,13000.0,1177776.0,1177776.0,True,True
raw/wayback/puts_20260528225450.pdf,4,JUN27,40,14088.0,14088.0,382000.0,382000.0,True,True
raw/wayback/puts_20260528225450.pdf,4,SEP27,37,5100.0,5100.0,261642.0,261642.0,True,True
raw/wayback/puts_20260528225450.pdf,4,DEC27,37,2352.0,2352.0,218910.0,218910.0,True,True
raw/wayback/puts_20260528225450.pdf,4,MAR28,25,1971.0,1971.0,106865.0,106865.0,True,True
raw/wayback/puts_20260528225450.pdf,5,JUN28,17,1232.0,1232.0,67057.0,67057.0,True,True
raw/wayback/puts_20260528225450.pdf,5,SEP28,16,4000.0,4000.0,40702.0,40702.0,True,True
raw/wayback/puts_20260528225450.pdf,5,DEC28,14,25.0,25.0,8393.0,8393.0,True,True
raw/wayback/puts_20260528225450.pdf,5,MAR29,5,0.0,0,591.0,591.0,True,True
raw/wayback/puts_20260528225450.pdf,5,JUN29,1,0.0,0,144.0,144.0,True,True
raw/wayback/puts_20260528225450.pdf,5,SEP29,1,0.0,0,84.0,84.0,True,True
raw/wayback/puts_20260528225450.pdf,5,DEC29,1,0.0,0,58.0,58.0,True,True
raw/wayback/puts_20260528225450.pdf,5,MAR30,1,0.0,0,16.0,16.0,True,True
raw/wayback/calls_20260529224211.pdf,3,JUN26,61,19807.0,19807.0,4034871.0,4034871.0,True,True
raw/wayback/calls_20260529224211.pdf,3,JUL26,40,29798.0,29798.0,945402.0,945402.0,True,True
raw/wayback/calls_20260529224211.pdf,4,AUG26,33,13258.0,13258.0,258571.0,258571.0,True,True
raw/wayback/calls_20260529224211.pdf,4,SEP26,59,38783.0,38783.0,4957398.0,4957398.0,True,True
raw/wayback/calls_20260529224211.pdf,4,OCT26,25,18762.0,18762.0,213891.0,213891.0,True,True
raw/wayback/calls_20260529224211.pdf,4,NOV26,1,32.0,32.0,32.0,32.0,True,True
raw/wayback/calls_20260529224211.pdf,5,DEC26,58,133366.0,133366.0,4754076.0,4754076.0,True,True
raw/wayback/calls_20260529224211.pdf,5,MAR27,49,22263.0,22263.0,1034928.0,1034928.0,True,True
raw/wayback/calls_20260529224211.pdf,5,JUN27,35,23709.0,23709.0,548326.0,548326.0,True,True
raw/wayback/calls_20260529224211.pdf,6,SEP27,32,2140.0,2140.0,204710.0,204710.0,True,True
raw/wayback/calls_20260529224211.pdf,6,DEC27,31,12064.0,12064.0,417181.0,417181.0,True,True
raw/wayback/calls_20260529224211.pdf,6,MAR28,21,625.0,625.0,159658.0,159658.0,True,True
raw/wayback/calls_20260529224211.pdf,6,JUN28,19,6225.0,6225.0,165111.0,165111.0,True,True
raw/wayback/calls_20260529224211.pdf,6,SEP28,15,125.0,125.0,143148.0,143148.0,True,True
raw/wayback/calls_20260529224211.pdf,6,DEC28,13,125.0,125.0,25106.0,25106.0,True,True
raw/wayback/calls_20260529224211.pdf,6,MAR29,6,0.0,0,2284.0,2284.0,True,True
raw/wayback/calls_20260529224211.pdf,6,JUN29,4,0.0,0,10892.0,10892.0,True,True
raw/wayback/calls_20260529224211.pdf,7,SEP29,2,0.0,0,21.0,21.0,True,True
raw/wayback/calls_20260529224211.pdf,7,DEC29,2,0.0,0,104.0,104.0,True,True
raw/wayback/puts_20260529224226.pdf,1,JUN26,63,57313.0,57313.0,2817682.0,2817682.0,True,True
raw/wayback/puts_20260529224226.pdf,1,JUL26,40,25339.0,25339.0,726611.0,726611.0,True,True
raw/wayback/puts_20260529224226.pdf,2,AUG26,28,73779.0,73779.0,325829.0,325829.0,True,True
raw/wayback/puts_20260529224226.pdf,2,SEP26,65,132867.0,132867.0,3060928.0,3060928.0,True,True
raw/wayback/puts_20260529224226.pdf,2,OCT26,24,5721.0,5721.0,216266.0,216266.0,True,True
raw/wayback/puts_20260529224226.pdf,2,NOV26,5,32.0,32.0,41912.0,41912.0,True,True
raw/wayback/puts_20260529224226.pdf,3,DEC26,69,352470.0,352470.0,3358172.0,3358172.0,True,True
raw/wayback/puts_20260529224226.pdf,3,MAR27,59,41588.0,41588.0,1166962.0,1166962.0,True,True
raw/wayback/puts_20260529224226.pdf,4,JUN27,40,2367.0,2367.0,381739.0,381739.0,True,True
raw/wayback/puts_20260529224226.pdf,4,SEP27,37,2872.0,2872.0,261412.0,261412.0,True,True
raw/wayback/puts_20260529224226.pdf,4,DEC27,37,8325.0,8325.0,225148.0,225148.0,True,True
raw/wayback/puts_20260529224226.pdf,5,MAR28,26,4145.0,4145.0,106402.0,106402.0,True,True
raw/wayback/puts_20260529224226.pdf,5,JUN28,18,195.0,195.0,67152.0,67152.0,True,True
raw/wayback/puts_20260529224226.pdf,5,SEP28,17,145.0,145.0,40807.0,40807.0,True,True
raw/wayback/puts_20260529224226.pdf,5,DEC28,16,155.0,155.0,8548.0,8548.0,True,True
raw/wayback/puts_20260529224226.pdf,5,MAR29,6,30.0,30.0,621.0,621.0,True,True
raw/wayback/puts_20260529224226.pdf,5,JUN29,1,0.0,0,144.0,144.0,True,True
raw/wayback/puts_20260529224226.pdf,5,SEP29,1,0.0,0,84.0,84.0,True,True
raw/wayback/puts_20260529224226.pdf,5,DEC29,1,0.0,0,58.0,58.0,True,True
raw/wayback/puts_20260529224226.pdf,5,MAR30,1,0.0,0,16.0,16.0,True,True
raw/wayback/calls_20260601231426.pdf,3,JUN26,61,10811.0,10811.0,4028284.0,4028284.0,True,True
raw/wayback/calls_20260601231426.pdf,3,JUL26,40,16522.0,16522.0,947924.0,947924.0,True,True
raw/wayback/calls_20260601231426.pdf,4,AUG26,33,5501.0,5501.0,258779.0,258779.0,True,True
raw/wayback/calls_20260601231426.pdf,4,SEP26,59,36635.0,36635.0,4965704.0,4965704.0,True,True
raw/wayback/calls_20260601231426.pdf,4,OCT26,25,33317.0,33317.0,235785.0,235785.0,True,True
raw/wayback/calls_20260601231426.pdf,4,NOV26,1,0.0,0,32.0,32.0,True,True
raw/wayback/calls_20260601231426.pdf,5,DEC26,59,215627.0,215627.0,4788670.0,4788670.0,True,True
raw/wayback/calls_20260601231426.pdf,5,MAR27,49,27821.0,27821.0,1047358.0,1047358.0,True,True
raw/wayback/calls_20260601231426.pdf,5,JUN27,35,82816.0,82816.0,618866.0,618866.0,True,True
raw/wayback/calls_20260601231426.pdf,6,SEP27,32,3168.0,3168.0,207390.0,207390.0,True,True
raw/wayback/calls_20260601231426.pdf,6,DEC27,31,14803.0,14803.0,424067.0,424067.0,True,True
raw/wayback/calls_20260601231426.pdf,6,MAR28,21,3579.0,3579.0,162422.0,162422.0,True,True
raw/wayback/calls_20260601231426.pdf,6,JUN28,19,2114.0,2114.0,167081.0,167081.0,True,True
raw/wayback/calls_20260601231426.pdf,6,SEP28,16,3200.0,3200.0,146098.0,146098.0,True,True
raw/wayback/calls_20260601231426.pdf,6,DEC28,14,21000.0,21000.0,38846.0,38846.0,True,True
raw/wayback/calls_20260601231426.pdf,6,MAR29,6,0.0,0,2284.0,2284.0,True,True
raw/wayback/calls_20260601231426.pdf,7,JUN29,4,0.0,0,10892.0,10892.0,True,True
raw/wayback/calls_20260601231426.pdf,7,SEP29,2,0.0,0,21.0,21.0,True,True
raw/wayback/calls_20260601231426.pdf,7,DEC29,2,0.0,0,104.0,104.0,True,True
raw/wayback/puts_20260601231442.pdf,1,JUN26,63,58910.0,58910.0,2807986.0,2807986.0,True,True
raw/wayback/puts_20260601231442.pdf,1,JUL26,40,20432.0,20432.0,731139.0,731139.0,True,True
raw/wayback/puts_20260601231442.pdf,2,AUG26,28,13103.0,13103.0,324770.0,324770.0,True,True
raw/wayback/puts_20260601231442.pdf,2,SEP26,65,214965.0,214965.0,2993925.0,2993925.0,True,True
raw/wayback/puts_20260601231442.pdf,2,OCT26,24,4238.0,4238.0,218974.0,218974.0,True,True
raw/wayback/puts_20260601231442.pdf,2,NOV26,5,0.0,0,41912.0,41912.0,True,True
raw/wayback/puts_20260601231442.pdf,3,DEC26,70,126184.0,126184.0,3412024.0,3412024.0,True,True
raw/wayback/puts_20260601231442.pdf,3,MAR27,59,45453.0,45453.0,1149412.0,1149412.0,True,True
raw/wayback/puts_20260601231442.pdf,4,JUN27,40,15941.0,15941.0,392324.0,392324.0,True,True
raw/wayback/puts_20260601231442.pdf,4,SEP27,37,711.0,711.0,261061.0,261061.0,True,True
raw/wayback/puts_20260601231442.pdf,4,DEC27,37,16515.0,16515.0,235968.0,235968.0,True,True
raw/wayback/puts_20260601231442.pdf,5,MAR28,26,4851.0,4851.0,110151.0,110151.0,True,True
raw/wayback/puts_20260601231442.pdf,5,JUN28,19,2020.0,2020.0,69172.0,69172.0,True,True
raw/wayback/puts_20260601231442.pdf,5,SEP28,17,20.0,20.0,40807.0,40807.0,True,True
raw/wayback/puts_20260601231442.pdf,5,DEC28,16,20.0,20.0,8568.0,8568.0,True,True
raw/wayback/puts_20260601231442.pdf,5,MAR29,6,20.0,20.0,641.0,641.0,True,True
raw/wayback/puts_20260601231442.pdf,5,JUN29,1,0.0,0,144.0,144.0,True,True
raw/wayback/puts_20260601231442.pdf,5,SEP29,1,0.0,0,84.0,84.0,True,True
raw/wayback/puts_20260601231442.pdf,5,DEC29,1,0.0,0,58.0,58.0,True,True
raw/wayback/puts_20260601231442.pdf,5,MAR30,1,0.0,0,16.0,16.0,True,True
raw/wayback/calls_20260602231341.pdf,3,JUN26,61,22250.0,22250.0,4022635.0,4022635.0,True,True
raw/wayback/calls_20260602231341.pdf,3,JUL26,40,6476.0,6476.0,947960.0,947960.0,True,True
raw/wayback/calls_20260602231341.pdf,4,AUG26,33,2700.0,2700.0,257579.0,257579.0,True,True
raw/wayback/calls_20260602231341.pdf,4,SEP26,59,108897.0,108897.0,4976126.0,4976126.0,True,True
raw/wayback/calls_20260602231341.pdf,4,OCT26,25,1514.0,1514.0,236398.0,236398.0,True,True
raw/wayback/calls_20260602231341.pdf,4,NOV26,1,0.0,0,32.0,32.0,True,True
raw/wayback/calls_20260602231341.pdf,5,DEC26,59,135899.0,135899.0,4832654.0,4832654.0,True,True
raw/wayback/calls_20260602231341.pdf,5,MAR27,49,9802.0,9802.0,1046647.0,1046647.0,True,True
raw/wayback/calls_20260602231341.pdf,5,JUN27,35,35045.0,35045.0,643740.0,643740.0,True,True
raw/wayback/calls_20260602231341.pdf,6,SEP27,32,0.0,0,207390.0,207390.0,True,True
raw/wayback/calls_20260602231341.pdf,6,DEC27,31,18592.0,18592.0,434234.0,434234.0,True,True
raw/wayback/calls_20260602231341.pdf,6,MAR28,21,100.0,100.0,162522.0,162522.0,True,True
raw/wayback/calls_20260602231341.pdf,6,JUN28,19,281.0,281.0,167362.0,167362.0,True,True
raw/wayback/calls_20260602231341.pdf,6,SEP28,16,1000.0,1000.0,147098.0,147098.0,True,True
raw/wayback/calls_20260602231341.pdf,6,DEC28,14,0.0,0,38846.0,38846.0,True,True
raw/wayback/calls_20260602231341.pdf,6,MAR29,6,0.0,0,2284.0,2284.0,True,True
raw/wayback/calls_20260602231341.pdf,7,JUN29,4,0.0,0,10892.0,10892.0,True,True
raw/wayback/calls_20260602231341.pdf,7,SEP29,2,0.0,0,21.0,21.0,True,True
raw/wayback/calls_20260602231341.pdf,7,DEC29,2,0.0,0,104.0,104.0,True,True
raw/wayback/puts_20260603231811.pdf,1,JUN26,63,17450.0,17450.0,2817775.0,2817775.0,True,True
raw/wayback/puts_20260603231811.pdf,1,JUL26,40,4411.0,4411.0,734150.0,734150.0,True,True
raw/wayback/puts_20260603231811.pdf,2,AUG26,29,4637.0,4637.0,347073.0,347073.0,True,True
raw/wayback/puts_20260603231811.pdf,2,SEP26,65,86349.0,86349.0,3030745.0,3030745.0,True,True
raw/wayback/puts_20260603231811.pdf,2,OCT26,24,26566.0,26566.0,218322.0,218322.0,True,True
raw/wayback/puts_20260603231811.pdf,2,NOV26,5,0.0,0,41912.0,41912.0,True,True
raw/wayback/puts_20260603231811.pdf,3,DEC26,70,80183.0,80183.0,3427198.0,3427198.0,True,True
raw/wayback/puts_20260603231811.pdf,3,MAR27,59,15664.0,15664.0,1167099.0,1167099.0,True,True
raw/wayback/puts_20260603231811.pdf,4,JUN27,40,2525.0,2525.0,394868.0,394868.0,True,True
raw/wayback/puts_20260603231811.pdf,4,SEP27,37,7460.0,7460.0,264424.0,264424.0,True,True
raw/wayback/puts_20260603231811.pdf,4,DEC27,37,9850.0,9850.0,257499.0,257499.0,True,True
raw/wayback/puts_20260603231811.pdf,5,MAR28,26,5960.0,5960.0,115791.0,115791.0,True,True
raw/wayback/puts_20260603231811.pdf,5,JUN28,20,60.0,60.0,69259.0,69259.0,True,True
raw/wayback/puts_20260603231811.pdf,5,SEP28,17,0.0,0,40807.0,40807.0,True,True
raw/wayback/puts_20260603231811.pdf,5,DEC28,16,0.0,0,8568.0,8568.0,True,True
raw/wayback/puts_20260603231811.pdf,5,MAR29,6,0.0,0,641.0,641.0,True,True
raw/wayback/puts_20260603231811.pdf,5,JUN29,1,0.0,0,144.0,144.0,True,True
raw/wayback/puts_20260603231811.pdf,5,SEP29,1,0.0,0,84.0,84.0,True,True
raw/wayback/puts_20260603231811.pdf,5,DEC29,1,0.0,0,58.0,58.0,True,True
raw/wayback/puts_20260603231811.pdf,5,MAR30,1,0.0,0,16.0,16.0,True,True
raw/wayback/calls_20260604223244.pdf,3,JUN26,61,2401.0,2401.0,4016544.0,4016544.0,True,True
raw/wayback/calls_20260604223244.pdf,3,JUL26,40,17938.0,17938.0,927792.0,927792.0,True,True
raw/wayback/calls_20260604223244.pdf,4,AUG26,33,12501.0,12501.0,260624.0,260624.0,True,True
raw/wayback/calls_20260604223244.pdf,4,SEP26,59,79945.0,79945.0,4967917.0,4967917.0,True,True
raw/wayback/calls_20260604223244.pdf,4,OCT26,25,1484.0,1484.0,242613.0,242613.0,True,True
raw/wayback/calls_20260604223244.pdf,4,NOV26,4,14000.0,14000.0,14032.0,14032.0,True,True
raw/wayback/calls_20260604223244.pdf,5,DEC26,58,374815.0,374815.0,4845170.0,4845170.0,True,True
raw/wayback/calls_20260604223244.pdf,5,MAR27,51,11452.0,11452.0,1053939.0,1053939.0,True,True
raw/wayback/calls_20260604223244.pdf,5,JUN27,35,30668.0,30668.0,670157.0,670157.0,True,True
raw/wayback/calls_20260604223244.pdf,6,SEP27,32,6216.0,6216.0,211997.0,211997.0,True,True
raw/wayback/calls_20260604223244.pdf,6,DEC27,31,10512.0,10512.0,437232.0,437232.0,True,True
raw/wayback/calls_20260604223244.pdf,6,MAR28,21,3086.0,3086.0,165932.0,165932.0,True,True
raw/wayback/calls_20260604223244.pdf,6,JUN28,19,3363.0,3363.0,170656.0,170656.0,True,True
raw/wayback/calls_20260604223244.pdf,6,SEP28,17,600.0,600.0,147698.0,147698.0,True,True
raw/wayback/calls_20260604223244.pdf,6,DEC28,15,100.0,100.0,38946.0,38946.0,True,True
raw/wayback/calls_20260604223244.pdf,6,MAR29,6,0.0,0,2284.0,2284.0,True,True
raw/wayback/calls_20260604223244.pdf,7,JUN29,4,0.0,0,10892.0,10892.0,True,True
raw/wayback/calls_20260604223244.pdf,7,SEP29,2,0.0,0,21.0,21.0,True,True
raw/wayback/calls_20260604223244.pdf,7,DEC29,2,0.0,0,104.0,104.0,True,True
raw/wayback/puts_20260604223259.pdf,1,JUN26,63,4762.0,4762.0,2793758.0,2793758.0,True,True
raw/wayback/puts_20260604223259.pdf,1,JUL26,40,46000.0,46000.0,731708.0,731708.0,True,True
raw/wayback/puts_20260604223259.pdf,2,AUG26,29,4701.0,4701.0,348562.0,348562.0,True,True
raw/wayback/puts_20260604223259.pdf,2,SEP26,65,52076.0,52076.0,3044752.0,3044752.0,True,True
raw/wayback/puts_20260604223259.pdf,2,OCT26,24,16000.0,16000.0,229988.0,229988.0,True,True
raw/wayback/puts_20260604223259.pdf,2,NOV26,5,0.0,0,41912.0,41912.0,True,True
raw/wayback/puts_20260604223259.pdf,3,DEC26,70,202016.0,202016.0,3468346.0,3468346.0,True,True
raw/wayback/puts_20260604223259.pdf,3,MAR27,59,8942.0,8942.0,1171352.0,1171352.0,True,True
raw/wayback/puts_20260604223259.pdf,4,JUN27,40,1512.0,1512.0,395803.0,395803.0,True,True
raw/wayback/puts_20260604223259.pdf,4,SEP27,37,18971.0,18971.0,273379.0,273379.0,True,True
raw/wayback/puts_20260604223259.pdf,4,DEC27,37,6589.0,6589.0,260880.0,260880.0,True,True
raw/wayback/puts_20260604223259.pdf,5,MAR28,26,8246.0,8246.0,121692.0,121692.0,True,True
raw/wayback/puts_20260604223259.pdf,5,JUN28,20,3732.0,3732.0,72827.0,72827.0,True,True
raw/wayback/puts_20260604223259.pdf,5,SEP28,18,630.0,630.0,41437.0,41437.0,True,True
raw/wayback/puts_20260604223259.pdf,5,DEC28,17,130.0,130.0,8698.0,8698.0,True,True
raw/wayback/puts_20260604223259.pdf,5,MAR29,6,30.0,30.0,671.0,671.0,True,True
raw/wayback/puts_20260604223259.pdf,5,JUN29,1,0.0,0,144.0,144.0,True,True
raw/wayback/puts_20260604223259.pdf,5,SEP29,1,0.0,0,84.0,84.0,True,True
raw/wayback/puts_20260604223259.pdf,5,DEC29,1,0.0,0,58.0,58.0,True,True
raw/wayback/puts_20260604223259.pdf,5,MAR30,1,0.0,0,16.0,16.0,True,True
raw/wayback/calls_20260605222642.pdf,3,JUN26,61,51681.0,51681.0,3982793.0,3982793.0,True,True
raw/wayback/calls_20260605222642.pdf,3,JUL26,40,10759.0,10759.0,929693.0,929693.0,True,True
raw/wayback/calls_20260605222642.pdf,4,AUG26,34,547.0,547.0,261169.0,261169.0,True,True
raw/wayback/calls_20260605222642.pdf,4,SEP26,60,71719.0,71719.0,4967857.0,4967857.0,True,True
raw/wayback/calls_20260605222642.pdf,4,OCT26,25,16000.0,16000.0,254883.0,254883.0,True,True
raw/wayback/calls_20260605222642.pdf,4,NOV26,4,0.0,0,14032.0,14032.0,True,True
raw/wayback/calls_20260605222642.pdf,5,DEC26,58,62439.0,62439.0,4870411.0,4870411.0,True,True
raw/wayback/calls_20260605222642.pdf,5,MAR27,51,14471.0,14471.0,1058753.0,1058753.0,True,True
raw/wayback/calls_20260605222642.pdf,5,JUN27,35,2655.0,2655.0,671362.0,671362.0,True,True
raw/wayback/calls_20260605222642.pdf,6,SEP27,32,2600.0,2600.0,212545.0,212545.0,True,True
raw/wayback/calls_20260605222642.pdf,6,DEC27,31,2179.0,2179.0,438235.0,438235.0,True,True
raw/wayback/calls_20260605222642.pdf,6,MAR28,21,0.0,0,165932.0,165932.0,True,True
raw/wayback/calls_20260605222642.pdf,6,JUN28,19,2.0,2.0,170655.0,170655.0,True,True
raw/wayback/calls_20260605222642.pdf,6,SEP28,17,0.0,0,147698.0,147698.0,True,True
raw/wayback/calls_20260605222642.pdf,6,DEC28,15,20000.0,20000.0,58296.0,58296.0,True,True
raw/wayback/calls_20260605222642.pdf,7,MAR29,6,0.0,0,2284.0,2284.0,True,True
raw/wayback/calls_20260605222642.pdf,7,JUN29,4,0.0,0,10892.0,10892.0,True,True
raw/wayback/calls_20260605222642.pdf,7,SEP29,2,0.0,0,21.0,21.0,True,True
raw/wayback/calls_20260605222642.pdf,7,DEC29,2,0.0,0,104.0,104.0,True,True
raw/wayback/puts_20260608224305.pdf,1,JUN26,62,97000.0,97000.0,2739421.0,2739421.0,True,True
raw/wayback/puts_20260608224305.pdf,1,JUL26,40,131793.0,131793.0,755069.0,755069.0,True,True
raw/wayback/puts_20260608224305.pdf,2,AUG26,30,79144.0,79144.0,394349.0,394349.0,True,True
raw/wayback/puts_20260608224305.pdf,2,SEP26,65,203551.0,203551.0,3090847.0,3090847.0,True,True
raw/wayback/puts_20260608224305.pdf,2,OCT26,25,13880.0,13880.0,241731.0,241731.0,True,True
raw/wayback/puts_20260608224305.pdf,2,NOV26,5,0.0,0,41912.0,41912.0,True,True
raw/wayback/puts_20260608224305.pdf,3,DEC26,70,553287.0,553287.0,3514476.0,3514476.0,True,True
raw/wayback/puts_20260608224305.pdf,3,MAR27,59,69454.0,69454.0,1215760.0,1215760.0,True,True
raw/wayback/puts_20260608224305.pdf,4,JUN27,40,15220.0,15220.0,402860.0,402860.0,True,True
raw/wayback/puts_20260608224305.pdf,4,SEP27,37,620.0,620.0,281568.0,281568.0,True,True
raw/wayback/puts_20260608224305.pdf,4,DEC27,37,5735.0,5735.0,253828.0,253828.0,True,True
raw/wayback/puts_20260608224305.pdf,5,MAR28,26,1101.0,1101.0,124447.0,124447.0,True,True
raw/wayback/puts_20260608224305.pdf,5,JUN28,20,130.0,130.0,73120.0,73120.0,True,True
raw/wayback/puts_20260608224305.pdf,5,SEP28,18,80.0,80.0,43020.0,43020.0,True,True
raw/wayback/puts_20260608224305.pdf,5,DEC28,17,80.0,80.0,8898.0,8898.0,True,True
raw/wayback/puts_20260608224305.pdf,5,MAR29,6,80.0,80.0,771.0,771.0,True,True
raw/wayback/puts_20260608224305.pdf,5,JUN29,1,0.0,0,144.0,144.0,True,True
raw/wayback/puts_20260608224305.pdf,5,SEP29,1,0.0,0,84.0,84.0,True,True
raw/wayback/puts_20260608224305.pdf,5,DEC29,1,0.0,0,58.0,58.0,True,True
raw/wayback/puts_20260608224305.pdf,5,MAR30,1,0.0,0,16.0,16.0,True,True
raw/wayback/calls_20260609223629.pdf,3,JUN26,61,10550.0,10550.0,3974051.0,3974051.0,True,True
raw/wayback/calls_20260609223629.pdf,3,JUL26,40,56118.0,56118.0,936397.0,936397.0,True,True
raw/wayback/calls_20260609223629.pdf,4,AUG26,34,7564.0,7564.0,285145.0,285145.0,True,True
raw/wayback/calls_20260609223629.pdf,4,SEP26,60,271866.0,271866.0,4984080.0,4984080.0,True,True
raw/wayback/calls_20260609223629.pdf,4,OCT26,26,2908.0,2908.0,285295.0,285295.0,True,True
raw/wayback/calls_20260609223629.pdf,4,NOV26,6,0.0,0,16032.0,16032.0,True,True
raw/wayback/calls_20260609223629.pdf,5,DEC26,58,239162.0,239162.0,5031016.0,5031016.0,True,True
raw/wayback/calls_20260609223629.pdf,5,MAR27,51,16633.0,16633.0,1060984.0,1060984.0,True,True
raw/wayback/calls_20260609223629.pdf,5,JUN27,35,3436.0,3436.0,672942.0,672942.0,True,True
raw/wayback/calls_20260609223629.pdf,6,SEP27,32,0.0,0,212517.0,212517.0,True,True
raw/wayback/calls_20260609223629.pdf,6,DEC27,32,20494.0,20494.0,502565.0,502565.0,True,True
raw/wayback/calls_20260609223629.pdf,6,MAR28,21,2500.0,2500.0,168782.0,168782.0,True,True
raw/wayback/calls_20260609223629.pdf,6,JUN28,19,0.0,0,170669.0,170669.0,True,True
raw/wayback/calls_20260609223629.pdf,6,SEP28,17,0.0,0,147698.0,147698.0,True,True
raw/wayback/calls_20260609223629.pdf,6,DEC28,15,500.0,500.0,64296.0,64296.0,True,True
raw/wayback/calls_20260609223629.pdf,7,MAR29,7,500.0,500.0,2784.0,2784.0,True,True
raw/wayback/calls_20260609223629.pdf,7,JUN29,4,0.0,0,10892.0,10892.0,True,True
raw/wayback/calls_20260609223629.pdf,7,SEP29,2,0.0,0,21.0,21.0,True,True
raw/wayback/calls_20260609223629.pdf,7,DEC29,2,0.0,0,104.0,104.0,True,True
raw/wayback/calls_20260610230510.pdf,3,JUN26,61,13419.0,13419.0,3968744.0,3968744.0,True,True
raw/wayback/calls_20260610230510.pdf,3,JUL26,40,22195.0,22195.0,940198.0,940198.0,True,True
raw/wayback/calls_20260610230510.pdf,4,AUG26,34,9893.0,9893.0,289611.0,289611.0,True,True
raw/wayback/calls_20260610230510.pdf,4,SEP26,60,274020.0,274020.0,5070092.0,5070092.0,True,True
raw/wayback/calls_20260610230510.pdf,4,OCT26,26,5156.0,5156.0,286743.0,286743.0,True,True
raw/wayback/calls_20260610230510.pdf,4,NOV26,7,151.0,151.0,16183.0,16183.0,True,True
raw/wayback/calls_20260610230510.pdf,5,DEC26,58,358186.0,358186.0,5067062.0,5067062.0,True,True
raw/wayback/calls_20260610230510.pdf,5,MAR27,51,20121.0,20121.0,1068159.0,1068159.0,True,True
raw/wayback/calls_20260610230510.pdf,5,JUN27,35,16555.0,16555.0,671088.0,671088.0,True,True
raw/wayback/calls_20260610230510.pdf,6,SEP27,32,3263.0,3263.0,215420.0,215420.0,True,True
raw/wayback/calls_20260610230510.pdf,6,DEC27,32,128.0,128.0,502440.0,502440.0,True,True
raw/wayback/calls_20260610230510.pdf,6,MAR28,21,0.0,0,168782.0,168782.0,True,True
raw/wayback/calls_20260610230510.pdf,6,JUN28,19,0.0,0,170669.0,170669.0,True,True
raw/wayback/calls_20260610230510.pdf,6,SEP28,17,0.0,0,147698.0,147698.0,True,True
raw/wayback/calls_20260610230510.pdf,6,DEC28,15,0.0,0,64296.0,64296.0,True,True
raw/wayback/calls_20260610230510.pdf,7,MAR29,7,0.0,0,2784.0,2784.0,True,True
raw/wayback/calls_20260610230510.pdf,7,JUN29,4,0.0,0,10892.0,10892.0,True,True
raw/wayback/calls_20260610230510.pdf,7,SEP29,2,0.0,0,21.0,21.0,True,True
raw/wayback/calls_20260610230510.pdf,7,DEC29,2,0.0,0,104.0,104.0,True,True
raw/wayback/puts_20260610230523.pdf,1,JUN26,59,14150.0,14150.0,2686784.0,2686784.0,True,True
raw/wayback/puts_20260610230523.pdf,1,JUL26,40,25007.0,25007.0,764023.0,764023.0,True,True
raw/wayback/puts_20260610230523.pdf,2,AUG26,30,20500.0,20500.0,390477.0,390477.0,True,True
raw/wayback/puts_20260610230523.pdf,2,SEP26,64,394638.0,394638.0,3080878.0,3080878.0,True,True
raw/wayback/puts_20260610230523.pdf,2,OCT26,25,0.0,0,242534.0,242534.0,True,True
raw/wayback/puts_20260610230523.pdf,2,NOV26,5,0.0,0,41912.0,41912.0,True,True
raw/wayback/puts_20260610230523.pdf,3,DEC26,70,132638.0,132638.0,3559186.0,3559186.0,True,True
raw/wayback/puts_20260610230523.pdf,3,MAR27,61,59730.0,59730.0,1183798.0,1183798.0,True,True
raw/wayback/puts_20260610230523.pdf,4,JUN27,42,3231.0,3231.0,403888.0,403888.0,True,True
raw/wayback/puts_20260610230523.pdf,4,SEP27,37,3425.0,3425.0,280885.0,280885.0,True,True
raw/wayback/puts_20260610230523.pdf,4,DEC27,36,175.0,175.0,256500.0,256500.0,True,True
raw/wayback/puts_20260610230523.pdf,5,MAR28,26,75.0,75.0,123588.0,123588.0,True,True
raw/wayback/puts_20260610230523.pdf,5,JUN28,20,80.0,80.0,73127.0,73127.0,True,True
raw/wayback/puts_20260610230523.pdf,5,SEP28,18,11.0,11.0,41528.0,41528.0,True,True
raw/wayback/puts_20260610230523.pdf,5,DEC28,19,118.0,118.0,10100.0,10100.0,True,True
raw/wayback/puts_20260610230523.pdf,5,MAR29,7,0.0,0,1271.0,1271.0,True,True
raw/wayback/puts_20260610230523.pdf,5,JUN29,1,0.0,0,144.0,144.0,True,True
raw/wayback/puts_20260610230523.pdf,5,SEP29,1,0.0,0,84.0,84.0,True,True
raw/wayback/puts_20260610230523.pdf,5,DEC29,1,0.0,0,58.0,58.0,True,True
raw/wayback/puts_20260610230523.pdf,5,MAR30,1,0.0,0,16.0,16.0,True,True
raw/wayback/calls_20260612001406.pdf,3,JUN26,61,40.0,40.0,3968700.0,3968700.0,True,True
raw/wayback/calls_20260612001406.pdf,3,JUL26,40,39429.0,39429.0,955835.0,955835.0,True,True
raw/wayback/calls_20260612001406.pdf,4,AUG26,34,13338.0,13338.0,288308.0,288308.0,True,True
raw/wayback/calls_20260612001406.pdf,4,SEP26,60,287833.0,287833.0,5177932.0,5177932.0,True,True
raw/wayback/calls_20260612001406.pdf,4,OCT26,26,89832.0,89832.0,351221.0,351221.0,True,True
raw/wayback/calls_20260612001406.pdf,4,NOV26,7,0.0,0,16183.0,16183.0,True,True
raw/wayback/calls_20260612001406.pdf,5,DEC26,60,193771.0,193771.0,5161938.0,5161938.0,True,True
raw/wayback/calls_20260612001406.pdf,5,MAR27,51,89671.0,89671.0,1110499.0,1110499.0,True,True
raw/wayback/calls_20260612001406.pdf,5,JUN27,35,6582.0,6582.0,675283.0,675283.0,True,True
raw/wayback/calls_20260612001406.pdf,6,SEP27,32,3000.0,3000.0,215740.0,215740.0,True,True
raw/wayback/calls_20260612001406.pdf,6,DEC27,32,620.0,620.0,502946.0,502946.0,True,True
raw/wayback/calls_20260612001406.pdf,6,MAR28,21,450.0,450.0,169073.0,169073.0,True,True
raw/wayback/calls_20260612001406.pdf,6,JUN28,19,0.0,0,170669.0,170669.0,True,True
raw/wayback/calls_20260612001406.pdf,6,SEP28,17,2500.0,2500.0,150198.0,150198.0,True,True
raw/wayback/calls_20260612001406.pdf,6,DEC28,15,0.0,0,64296.0,64296.0,True,True
raw/wayback/calls_20260612001406.pdf,7,MAR29,7,0.0,0,2784.0,2784.0,True,True
raw/wayback/calls_20260612001406.pdf,7,JUN29,4,0.0,0,10892.0,10892.0,True,True
raw/wayback/calls_20260612001406.pdf,7,SEP29,2,0.0,0,21.0,21.0,True,True
raw/wayback/calls_20260612001406.pdf,7,DEC29,2,0.0,0,104.0,104.0,True,True
raw/wayback/puts_20260612001443.pdf,1,JUN26,59,1773.0,1773.0,2683791.0,2683791.0,True,True
raw/wayback/puts_20260612001443.pdf,1,JUL26,40,40908.0,40908.0,775262.0,775262.0,True,True
raw/wayback/puts_20260612001443.pdf,2,AUG26,30,8122.0,8122.0,385913.0,385913.0,True,True
raw/wayback/puts_20260612001443.pdf,2,SEP26,64,216566.0,216566.0,3180297.0,3180297.0,True,True
raw/wayback/puts_20260612001443.pdf,2,OCT26,25,10004.0,10004.0,243587.0,243587.0,True,True
raw/wayback/puts_20260612001443.pdf,2,NOV26,5,314.0,314.0,41992.0,41992.0,True,True
raw/wayback/puts_20260612001443.pdf,3,DEC26,70,254685.0,254685.0,3676455.0,3676455.0,True,True
raw/wayback/puts_20260612001443.pdf,3,MAR27,62,33824.0,33824.0,1174929.0,1174929.0,True,True
raw/wayback/puts_20260612001443.pdf,4,JUN27,42,3630.0,3630.0,406589.0,406589.0,True,True
raw/wayback/puts_20260612001443.pdf,4,SEP27,37,7850.0,7850.0,286385.0,286385.0,True,True
raw/wayback/puts_20260612001443.pdf,4,DEC27,36,3975.0,3975.0,257500.0,257500.0,True,True
raw/wayback/puts_20260612001443.pdf,5,MAR28,26,500.0,500.0,123988.0,123988.0,True,True
raw/wayback/puts_20260612001443.pdf,5,JUN28,20,0.0,0,73127.0,73127.0,True,True
raw/wayback/puts_20260612001443.pdf,5,SEP28,18,2500.0,2500.0,44028.0,44028.0,True,True
raw/wayback/puts_20260612001443.pdf,5,DEC28,19,0.0,0,10100.0,10100.0,True,True
raw/wayback/puts_20260612001443.pdf,5,MAR29,7,0.0,0,1271.0,1271.0,True,True
raw/wayback/puts_20260612001443.pdf,5,JUN29,1,0.0,0,144.0,144.0,True,True
raw/wayback/puts_20260612001443.pdf,5,SEP29,1,0.0,0,84.0,84.0,True,True
raw/wayback/puts_20260612001443.pdf,5,DEC29,1,0.0,0,58.0,58.0,True,True
raw/wayback/puts_20260612001443.pdf,5,MAR30,1,0.0,0,16.0,16.0,True,True
raw/wayback/calls_20260615231713.pdf,3,JUN26,61,505.0,505.0,0.0,0,True,True
raw/wayback/calls_20260615231713.pdf,3,JUL26,40,19753.0,19753.0,958248.0,958248.0,True,True
raw/wayback/calls_20260615231713.pdf,4,AUG26,35,2200.0,2200.0,292625.0,292625.0,True,True
raw/wayback/calls_20260615231713.pdf,4,SEP26,60,138175.0,138175.0,5277572.0,5277572.0,True,True
raw/wayback/calls_20260615231713.pdf,4,OCT26,27,158306.0,158306.0,482150.0,482150.0,True,True
raw/wayback/calls_20260615231713.pdf,4,NOV26,9,30004.0,30004.0,46858.0,46858.0,True,True
raw/wayback/calls_20260615231713.pdf,5,DEC26,60,94831.0,94831.0,5361739.0,5361739.0,True,True
raw/wayback/calls_20260615231713.pdf,5,MAR27,51,75171.0,75171.0,1192238.0,1192238.0,True,True
raw/wayback/calls_20260615231713.pdf,5,JUN27,35,45589.0,45589.0,711483.0,711483.0,True,True
raw/wayback/calls_20260615231713.pdf,6,SEP27,32,850.0,850.0,215621.0,215621.0,True,True
raw/wayback/calls_20260615231713.pdf,6,DEC27,32,2211.0,2211.0,501304.0,501304.0,True,True
raw/wayback/calls_20260615231713.pdf,6,MAR28,21,350.0,350.0,169049.0,169049.0,True,True
raw/wayback/calls_20260615231713.pdf,6,JUN28,19,100.0,100.0,170594.0,170594.0,True,True
raw/wayback/calls_20260615231713.pdf,6,SEP28,18,350.0,350.0,150593.0,150593.0,True,True
raw/wayback/calls_20260615231713.pdf,7,DEC28,15,0.0,0,64321.0,64321.0,True,True
raw/wayback/calls_20260615231713.pdf,7,MAR29,7,0.0,0,2829.0,2829.0,True,True
raw/wayback/calls_20260615231713.pdf,7,JUN29,4,0.0,0,10892.0,10892.0,True,True
raw/wayback/calls_20260615231713.pdf,7,SEP29,2,0.0,0,21.0,21.0,True,True
raw/wayback/calls_20260615231713.pdf,7,DEC29,2,0.0,0,104.0,104.0,True,True
raw/wayback/puts_20260615231726.pdf,1,JUN26,59,44.0,44.0,0.0,0,True,True
raw/wayback/puts_20260615231726.pdf,1,JUL26,41,28018.0,28018.0,830345.0,830345.0,True,True
raw/wayback/puts_20260615231726.pdf,2,AUG26,31,19053.0,19053.0,407986.0,407986.0,True,True
raw/wayback/puts_20260615231726.pdf,2,SEP26,66,149126.0,149126.0,3236695.0,3236695.0,True,True
raw/wayback/puts_20260615231726.pdf,2,OCT26,25,24186.0,24186.0,241703.0,241703.0,True,True
raw/wayback/puts_20260615231726.pdf,2,NOV26,5,0.0,0,41992.0,41992.0,True,True
raw/wayback/puts_20260615231726.pdf,3,DEC26,70,72940.0,72940.0,3763928.0,3763928.0,True,True
raw/wayback/puts_20260615231726.pdf,3,MAR27,62,42695.0,42695.0,1237752.0,1237752.0,True,True
raw/wayback/puts_20260615231726.pdf,4,JUN27,42,4912.0,4912.0,408056.0,408056.0,True,True
raw/wayback/puts_20260615231726.pdf,4,SEP27,38,10348.0,10348.0,291668.0,291668.0,True,True
raw/wayback/puts_20260615231726.pdf,4,DEC27,37,10311.0,10311.0,265036.0,265036.0,True,True
raw/wayback/puts_20260615231726.pdf,5,MAR28,26,350.0,350.0,125038.0,125038.0,True,True
raw/wayback/puts_20260615231726.pdf,5,JUN28,20,100.0,100.0,73087.0,73087.0,True,True
raw/wayback/puts_20260615231726.pdf,5,SEP28,19,350.0,350.0,44423.0,44423.0,True,True
raw/wayback/puts_20260615231726.pdf,5,DEC28,19,0.0,0,10100.0,10100.0,True,True
raw/wayback/puts_20260615231726.pdf,5,MAR29,7,0.0,0,1271.0,1271.0,True,True
raw/wayback/puts_20260615231726.pdf,5,JUN29,1,0.0,0,144.0,144.0,True,True
raw/wayback/puts_20260615231726.pdf,5,SEP29,1,0.0,0,84.0,84.0,True,True
raw/wayback/puts_20260615231726.pdf,5,DEC29,1,0.0,0,58.0,58.0,True,True
raw/wayback/puts_20260615231726.pdf,5,MAR30,1,0.0,0,16.0,16.0,True,True
raw/wayback/calls_20260616230542.pdf,3,JUN26,11,0.0,0,0.0,0,True,True
raw/wayback/calls_20260616230542.pdf,3,JUL26,40,35754.0,35754.0,957389.0,957389.0,True,True
raw/wayback/calls_20260616230542.pdf,3,AUG26,35,19032.0,19032.0,298868.0,298868.0,True,True
raw/wayback/calls_20260616230542.pdf,4,SEP26,60,94848.0,94848.0,5284589.0,5284589.0,True,True
raw/wayback/calls_20260616230542.pdf,4,OCT26,27,46275.0,46275.0,504032.0,504032.0,True,True
raw/wayback/calls_20260616230542.pdf,4,NOV26,11,45000.0,45000.0,89741.0,89741.0,True,True
raw/wayback/calls_20260616230542.pdf,4,DEC26,61,156193.0,156193.0,5439714.0,5439714.0,True,True
raw/wayback/calls_20260616230542.pdf,5,MAR27,51,28788.0,28788.0,1202166.0,1202166.0,True,True
raw/wayback/calls_20260616230542.pdf,5,JUN27,36,29200.0,29200.0,725673.0,725673.0,True,True
raw/wayback/calls_20260616230542.pdf,5,SEP27,32,3844.0,3844.0,216357.0,216357.0,True,True
raw/wayback/calls_20260616230542.pdf,6,DEC27,32,5415.0,5415.0,502510.0,502510.0,True,True
raw/wayback/calls_20260616230542.pdf,6,MAR28,21,2000.0,2000.0,170983.0,170983.0,True,True
raw/wayback/calls_20260616230542.pdf,6,JUN28,19,503.0,503.0,170345.0,170345.0,True,True
raw/wayback/calls_20260616230542.pdf,6,SEP28,18,0.0,0,150593.0,150593.0,True,True
raw/wayback/calls_20260616230542.pdf,6,DEC28,15,4000.0,4000.0,68321.0,68321.0,True,True
raw/wayback/calls_20260616230542.pdf,6,MAR29,7,0.0,0,2829.0,2829.0,True,True
raw/wayback/calls_20260616230542.pdf,6,JUN29,4,0.0,0,10892.0,10892.0,True,True
raw/wayback/calls_20260616230542.pdf,6,SEP29,2,0.0,0,21.0,21.0,True,True
raw/wayback/calls_20260616230542.pdf,6,DEC29,2,0.0,0,104.0,104.0,True,True
raw/wayback/calls_20260617225813.pdf,3,JUL26,40,56750.0,56750.0,966479.0,966479.0,True,True
raw/wayback/calls_20260617225813.pdf,3,AUG26,35,13724.0,13724.0,307825.0,307825.0,True,True
raw/wayback/calls_20260617225813.pdf,4,SEP26,60,148433.0,148433.0,5305233.0,5305233.0,True,True
raw/wayback/calls_20260617225813.pdf,4,OCT26,28,45304.0,45304.0,527819.0,527819.0,True,True
raw/wayback/calls_20260617225813.pdf,4,NOV26,12,27071.0,27071.0,111096.0,111096.0,True,True
raw/wayback/calls_20260617225813.pdf,4,DEC26,61,349785.0,349785.0,5550354.0,5550354.0,True,True
raw/wayback/calls_20260617225813.pdf,5,MAR27,52,56034.0,56034.0,1228687.0,1228687.0,True,True
raw/wayback/calls_20260617225813.pdf,5,JUN27,36,19227.0,19227.0,727990.0,727990.0,True,True
raw/wayback/calls_20260617225813.pdf,5,SEP27,32,7035.0,7035.0,216918.0,216918.0,True,True
raw/wayback/calls_20260617225813.pdf,6,DEC27,32,10208.0,10208.0,508899.0,508899.0,True,True
raw/wayback/calls_20260617225813.pdf,6,MAR28,21,1535.0,1535.0,172518.0,172518.0,True,True
raw/wayback/calls_20260617225813.pdf,6,JUN28,19,835.0,835.0,171114.0,171114.0,True,True
raw/wayback/calls_20260617225813.pdf,6,SEP28,18,0.0,0,150593.0,150593.0,True,True
raw/wayback/calls_20260617225813.pdf,6,DEC28,15,1100.0,1100.0,68677.0,68677.0,True,True
raw/wayback/calls_20260617225813.pdf,6,MAR29,7,0.0,0,2829.0,2829.0,True,True
raw/wayback/calls_20260617225813.pdf,6,JUN29,4,0.0,0,10892.0,10892.0,True,True
raw/wayback/calls_20260617225813.pdf,6,SEP29,2,0.0,0,21.0,21.0,True,True
raw/wayback/calls_20260617225813.pdf,6,DEC29,2,0.0,0,104.0,104.0,True,True
raw/wayback/puts_20260617225818.pdf,1,JUL26,41,87842.0,87842.0,847010.0,847010.0,True,True
raw/wayback/puts_20260617225818.pdf,1,AUG26,31,23624.0,23624.0,410187.0,410187.0,True,True
raw/wayback/puts_20260617225818.pdf,2,SEP26,64,224340.0,224340.0,3230790.0,3230790.0,True,True
raw/wayback/puts_20260617225818.pdf,2,OCT26,25,20138.0,20138.0,246744.0,246744.0,True,True
raw/wayback/puts_20260617225818.pdf,2,NOV26,6,4000.0,4000.0,42907.0,42907.0,True,True
raw/wayback/puts_20260617225818.pdf,2,DEC26,71,297659.0,297659.0,3762078.0,3762078.0,True,True
raw/wayback/puts_20260617225818.pdf,3,MAR27,62,67969.0,67969.0,1251678.0,1251678.0,True,True
raw/wayback/puts_20260617225818.pdf,3,JUN27,45,36580.0,36580.0,443391.0,443391.0,True,True
raw/wayback/puts_20260617225818.pdf,4,SEP27,38,420.0,420.0,292780.0,292780.0,True,True
raw/wayback/puts_20260617225818.pdf,4,DEC27,38,5131.0,5131.0,263262.0,263262.0,True,True
raw/wayback/puts_20260617225818.pdf,4,MAR28,26,1570.0,1570.0,128460.0,128460.0,True,True
raw/wayback/puts_20260617225818.pdf,4,JUN28,20,870.0,870.0,73908.0,73908.0,True,True
raw/wayback/puts_20260617225818.pdf,4,SEP28,19,20.0,20.0,44443.0,44443.0,True,True
raw/wayback/puts_20260617225818.pdf,5,DEC28,19,20.0,20.0,10120.0,10120.0,True,True
raw/wayback/puts_20260617225818.pdf,5,MAR29,7,20.0,20.0,1297.0,1297.0,True,True
raw/wayback/puts_20260617225818.pdf,5,JUN29,3,25.0,25.0,169.0,169.0,True,True
raw/wayback/puts_20260617225818.pdf,5,SEP29,2,0.0,0,88.0,88.0,True,True
raw/wayback/puts_20260617225818.pdf,5,DEC29,1,0.0,0,58.0,58.0,True,True
raw/wayback/puts_20260617225818.pdf,5,MAR30,1,0.0,0,16.0,16.0,True,True
raw/wayback/calls_20260618230842.pdf,3,JUL26,40,38871.0,38871.0,960422.0,960422.0,True,True
raw/wayback/calls_20260618230842.pdf,3,AUG26,35,48755.0,48755.0,330423.0,330423.0,True,True
raw/wayback/calls_20260618230842.pdf,4,SEP26,60,321583.0,321583.0,5335143.0,5335143.0,True,True
raw/wayback/calls_20260618230842.pdf,4,OCT26,29,26045.0,26045.0,529601.0,529601.0,True,True
raw/wayback/calls_20260618230842.pdf,4,NOV26,13,17726.0,17726.0,126572.0,126572.0,True,True
raw/wayback/calls_20260618230842.pdf,4,DEC26,62,304049.0,304049.0,5584042.0,5584042.0,True,True
raw/wayback/calls_20260618230842.pdf,5,MAR27,52,35169.0,35169.0,1247001.0,1247001.0,True,True
raw/wayback/calls_20260618230842.pdf,5,JUN27,39,17354.0,17354.0,738562.0,738562.0,True,True
raw/wayback/calls_20260618230842.pdf,5,SEP27,32,2785.0,2785.0,218353.0,218353.0,True,True
raw/wayback/calls_20260618230842.pdf,6,DEC27,32,40463.0,40463.0,518886.0,518886.0,True,True
raw/wayback/calls_20260618230842.pdf,6,MAR28,21,0.0,0,172518.0,172518.0,True,True
raw/wayback/calls_20260618230842.pdf,6,JUN28,19,250.0,250.0,171364.0,171364.0,True,True
raw/wayback/calls_20260618230842.pdf,6,SEP28,18,0.0,0,150593.0,150593.0,True,True
raw/wayback/calls_20260618230842.pdf,6,DEC28,15,750.0,750.0,68677.0,68677.0,True,True
raw/wayback/calls_20260618230842.pdf,6,MAR29,7,0.0,0,2829.0,2829.0,True,True
raw/wayback/calls_20260618230842.pdf,6,JUN29,4,0.0,0,10892.0,10892.0,True,True
raw/wayback/calls_20260618230842.pdf,6,SEP29,2,0.0,0,21.0,21.0,True,True
raw/wayback/calls_20260618230842.pdf,6,DEC29,2,0.0,0,104.0,104.0,True,True
raw/wayback/calls_20260622230013.pdf,3,JUL26,40,52046.0,52046.0,975800.0,975800.0,True,True
raw/wayback/calls_20260622230013.pdf,3,AUG26,37,32456.0,32456.0,342596.0,342596.0,True,True
raw/wayback/calls_20260622230013.pdf,4,SEP26,60,564197.0,564197.0,5428038.0,5428038.0,True,True
raw/wayback/calls_20260622230013.pdf,4,OCT26,30,9192.0,9192.0,535124.0,535124.0,True,True
raw/wayback/calls_20260622230013.pdf,4,NOV26,13,0.0,0,126572.0,126572.0,True,True
raw/wayback/calls_20260622230013.pdf,4,DEC26,62,478671.0,478671.0,5676520.0,5676520.0,True,True
raw/wayback/calls_20260622230013.pdf,5,MAR27,52,97170.0,97170.0,1283473.0,1283473.0,True,True
raw/wayback/calls_20260622230013.pdf,5,JUN27,40,11387.0,11387.0,742227.0,742227.0,True,True
raw/wayback/calls_20260622230013.pdf,5,SEP27,32,5468.0,5468.0,219481.0,219481.0,True,True
raw/wayback/calls_20260622230013.pdf,6,DEC27,32,9144.0,9144.0,518359.0,518359.0,True,True
raw/wayback/calls_20260622230013.pdf,6,MAR28,21,1750.0,1750.0,173693.0,173693.0,True,True
raw/wayback/calls_20260622230013.pdf,6,JUN28,19,0.0,0,171364.0,171364.0,True,True
raw/wayback/calls_20260622230013.pdf,6,SEP28,18,500.0,500.0,151093.0,151093.0,True,True
raw/wayback/calls_20260622230013.pdf,6,DEC28,15,0.0,0,68677.0,68677.0,True,True
raw/wayback/calls_20260622230013.pdf,6,MAR29,7,0.0,0,2829.0,2829.0,True,True
raw/wayback/calls_20260622230013.pdf,6,JUN29,4,11350.0,11350.0,22242.0,22242.0,True,True
raw/wayback/calls_20260622230013.pdf,6,SEP29,2,0.0,0,21.0,21.0,True,True
raw/wayback/calls_20260622230013.pdf,6,DEC29,2,0.0,0,104.0,104.0,True,True
raw/wayback/puts_20260622230026.pdf,1,JUL26,41,158138.0,158138.0,812654.0,812654.0,True,True
raw/wayback/puts_20260622230026.pdf,1,AUG26,31,93362.0,93362.0,452708.0,452708.0,True,True
raw/wayback/puts_20260622230026.pdf,2,SEP26,64,834575.0,834575.0,3078445.0,3078445.0,True,True
raw/wayback/puts_20260622230026.pdf,2,OCT26,26,28008.0,28008.0,252282.0,252282.0,True,True
raw/wayback/puts_20260622230026.pdf,2,NOV26,9,12060.0,12060.0,27422.0,27422.0,True,True
raw/wayback/puts_20260622230026.pdf,3,DEC26,70,309559.0,309559.0,3761513.0,3761513.0,True,True
raw/wayback/puts_20260622230026.pdf,3,MAR27,62,140529.0,140529.0,1235759.0,1235759.0,True,True
raw/wayback/puts_20260622230026.pdf,3,JUN27,46,8232.0,8232.0,520772.0,520772.0,True,True
raw/wayback/puts_20260622230026.pdf,4,SEP27,38,6020.0,6020.0,295320.0,295320.0,True,True
raw/wayback/puts_20260622230026.pdf,4,DEC27,38,15449.0,15449.0,265520.0,265520.0,True,True
raw/wayback/puts_20260622230026.pdf,4,MAR28,26,1770.0,1770.0,130105.0,130105.0,True,True
raw/wayback/puts_20260622230026.pdf,4,JUN28,20,20.0,20.0,74278.0,74278.0,True,True
raw/wayback/puts_20260622230026.pdf,5,SEP28,19,520.0,520.0,44963.0,44963.0,True,True
raw/wayback/puts_20260622230026.pdf,5,DEC28,19,20.0,20.0,10140.0,10140.0,True,True
raw/wayback/puts_20260622230026.pdf,5,MAR29,7,20.0,20.0,1340.0,1340.0,True,True
raw/wayback/puts_20260622230026.pdf,5,JUN29,3,20.0,20.0,189.0,189.0,True,True
raw/wayback/puts_20260622230026.pdf,5,SEP29,2,0.0,0,88.0,88.0,True,True
raw/wayback/puts_20260622230026.pdf,5,DEC29,1,0.0,0,58.0,58.0,True,True
raw/wayback/puts_20260622230026.pdf,5,MAR30,1,0.0,0,16.0,16.0,True,True
raw/wayback/calls_20260623222531.pdf,3,JUL26,40,36564.0,36564.0,988233.0,988233.0,True,True
raw/wayback/calls_20260623222531.pdf,3,AUG26,38,75532.0,75532.0,385825.0,385825.0,True,True
raw/wayback/calls_20260623222531.pdf,4,SEP26,60,110940.0,110940.0,5443109.0,5443109.0,True,True
raw/wayback/calls_20260623222531.pdf,4,OCT26,30,41654.0,41654.0,544462.0,544462.0,True,True
raw/wayback/calls_20260623222531.pdf,4,NOV26,15,27630.0,27630.0,122751.0,122751.0,True,True
raw/wayback/calls_20260623222531.pdf,4,DEC26,62,290413.0,290413.0,5735522.0,5735522.0,True,True
raw/wayback/calls_20260623222531.pdf,5,MAR27,52,19554.0,19554.0,1288755.0,1288755.0,True,True
raw/wayback/calls_20260623222531.pdf,5,JUN27,40,39355.0,39355.0,722501.0,722501.0,True,True
raw/wayback/calls_20260623222531.pdf,5,SEP27,32,2569.0,2569.0,221051.0,221051.0,True,True
raw/wayback/calls_20260623222531.pdf,6,DEC27,32,7909.0,7909.0,520399.0,520399.0,True,True
raw/wayback/calls_20260623222531.pdf,6,MAR28,21,1624.0,1624.0,173893.0,173893.0,True,True
raw/wayback/calls_20260623222531.pdf,6,JUN28,19,2652.0,2652.0,173030.0,173030.0,True,True
raw/wayback/calls_20260623222531.pdf,6,SEP28,18,0.0,0,151093.0,151093.0,True,True
raw/wayback/calls_20260623222531.pdf,6,DEC28,16,1508.0,1508.0,67182.0,67182.0,True,True
raw/wayback/calls_20260623222531.pdf,6,MAR29,7,0.0,0,2829.0,2829.0,True,True
raw/wayback/calls_20260623222531.pdf,6,JUN29,4,0.0,0,22242.0,22242.0,True,True
raw/wayback/calls_20260623222531.pdf,6,SEP29,2,0.0,0,21.0,21.0,True,True
raw/wayback/calls_20260623222531.pdf,6,DEC29,2,0.0,0,104.0,104.0,True,True
raw/wayback/puts_20260623222546.pdf,1,JUL26,41,96367.0,96367.0,801793.0,801793.0,True,True
raw/wayback/puts_20260623222546.pdf,1,AUG26,31,73322.0,73322.0,498067.0,498067.0,True,True
raw/wayback/puts_20260623222546.pdf,2,SEP26,64,295540.0,295540.0,3072623.0,3072623.0,True,True
raw/wayback/puts_20260623222546.pdf,2,OCT26,26,10497.0,10497.0,255170.0,255170.0,True,True
raw/wayback/puts_20260623222546.pdf,2,NOV26,12,17342.0,17342.0,41571.0,41571.0,True,True
raw/wayback/puts_20260623222546.pdf,3,DEC26,70,203676.0,203676.0,3720370.0,3720370.0,True,True
raw/wayback/puts_20260623222546.pdf,3,MAR27,61,69687.0,69687.0,1233414.0,1233414.0,True,True
raw/wayback/puts_20260623222546.pdf,3,JUN27,47,2760.0,2760.0,522097.0,522097.0,True,True
raw/wayback/puts_20260623222546.pdf,4,SEP27,38,3869.0,3869.0,297694.0,297694.0,True,True
raw/wayback/puts_20260623222546.pdf,4,DEC27,38,3461.0,3461.0,266881.0,266881.0,True,True
raw/wayback/puts_20260623222546.pdf,4,MAR28,26,1800.0,1800.0,131389.0,131389.0,True,True
raw/wayback/puts_20260623222546.pdf,4,JUN28,20,62.0,62.0,74216.0,74216.0,True,True
raw/wayback/puts_20260623222546.pdf,5,SEP28,19,0.0,0,44963.0,44963.0,True,True
raw/wayback/puts_20260623222546.pdf,5,DEC28,19,0.0,0,10140.0,10140.0,True,True
raw/wayback/puts_20260623222546.pdf,5,MAR29,7,0.0,0,1340.0,1340.0,True,True
raw/wayback/puts_20260623222546.pdf,5,JUN29,3,0.0,0,189.0,189.0,True,True
raw/wayback/puts_20260623222546.pdf,5,SEP29,2,0.0,0,88.0,88.0,True,True
raw/wayback/puts_20260623222546.pdf,5,DEC29,1,0.0,0,58.0,58.0,True,True
raw/wayback/puts_20260623222546.pdf,5,MAR30,1,0.0,0,16.0,16.0,True,True
raw/wayback/puts_20260624222814.pdf,1,JUL26,41,55822.0,55822.0,790653.0,790653.0,True,True
raw/wayback/puts_20260624222814.pdf,1,AUG26,31,46946.0,46946.0,504137.0,504137.0,True,True
raw/wayback/puts_20260624222814.pdf,2,SEP26,64,283613.0,283613.0,3181114.0,3181114.0,True,True
raw/wayback/puts_20260624222814.pdf,2,OCT26,27,11099.0,11099.0,263062.0,263062.0,True,True
raw/wayback/puts_20260624222814.pdf,2,NOV26,13,2200.0,2200.0,42971.0,42971.0,True,True
raw/wayback/puts_20260624222814.pdf,3,DEC26,70,282282.0,282282.0,3751685.0,3751685.0,True,True
raw/wayback/puts_20260624222814.pdf,3,MAR27,61,12120.0,12120.0,1236466.0,1236466.0,True,True
raw/wayback/puts_20260624222814.pdf,3,JUN27,47,5861.0,5861.0,524478.0,524478.0,True,True
raw/wayback/puts_20260624222814.pdf,4,SEP27,38,1310.0,1310.0,298619.0,298619.0,True,True
raw/wayback/puts_20260624222814.pdf,4,DEC27,38,3231.0,3231.0,268289.0,268289.0,True,True
raw/wayback/puts_20260624222814.pdf,4,MAR28,27,2782.0,2782.0,132481.0,132481.0,True,True
raw/wayback/puts_20260624222814.pdf,4,JUN28,21,486.0,486.0,74698.0,74698.0,True,True
raw/wayback/puts_20260624222814.pdf,5,SEP28,19,571.0,571.0,45284.0,45284.0,True,True
raw/wayback/puts_20260624222814.pdf,5,DEC28,19,91.0,91.0,10231.0,10231.0,True,True
raw/wayback/puts_20260624222814.pdf,5,MAR29,7,0.0,0,1340.0,1340.0,True,True
raw/wayback/puts_20260624222814.pdf,5,JUN29,4,1000.0,1000.0,1189.0,1189.0,True,True
raw/wayback/puts_20260624222814.pdf,5,SEP29,2,0.0,0,88.0,88.0,True,True
raw/wayback/puts_20260624222814.pdf,5,DEC29,1,0.0,0,58.0,58.0,True,True
raw/wayback/puts_20260624222814.pdf,5,MAR30,1,0.0,0,16.0,16.0,True,True
raw/wayback/calls_20260625223528.pdf,3,JUL26,40,37770.0,37770.0,1002176.0,1002176.0,True,True
raw/wayback/calls_20260625223528.pdf,3,AUG26,38,49522.0,49522.0,438354.0,438354.0,True,True
raw/wayback/calls_20260625223528.pdf,4,SEP26,60,216153.0,216153.0,5537144.0,5537144.0,True,True
raw/wayback/calls_20260625223528.pdf,4,OCT26,30,30150.0,30150.0,561111.0,561111.0,True,True
raw/wayback/calls_20260625223528.pdf,4,NOV26,17,1150.0,1150.0,127851.0,127851.0,True,True
raw/wayback/calls_20260625223528.pdf,4,DEC26,62,204676.0,204676.0,5788439.0,5788439.0,True,True
raw/wayback/calls_20260625223528.pdf,5,MAR27,53,78184.0,78184.0,1334296.0,1334296.0,True,True
raw/wayback/calls_20260625223528.pdf,5,JUN27,43,40184.0,40184.0,733096.0,733096.0,True,True
raw/wayback/calls_20260625223528.pdf,5,SEP27,32,631.0,631.0,221682.0,221682.0,True,True
raw/wayback/calls_20260625223528.pdf,6,DEC27,32,10984.0,10984.0,548910.0,548910.0,True,True
raw/wayback/calls_20260625223528.pdf,6,MAR28,22,29593.0,29593.0,188408.0,188408.0,True,True
raw/wayback/calls_20260625223528.pdf,6,JUN28,20,3069.0,3069.0,176099.0,176099.0,True,True
raw/wayback/calls_20260625223528.pdf,6,SEP28,18,3114.0,3114.0,154667.0,154667.0,True,True
raw/wayback/calls_20260625223528.pdf,6,DEC28,17,51493.0,51493.0,44466.0,44466.0,True,True
raw/wayback/calls_20260625223528.pdf,6,MAR29,7,0.0,0,2829.0,2829.0,True,True
raw/wayback/calls_20260625223528.pdf,6,JUN29,5,0.0,0,23242.0,23242.0,True,True
raw/wayback/calls_20260625223528.pdf,6,SEP29,2,0.0,0,21.0,21.0,True,True
raw/wayback/calls_20260625223528.pdf,6,DEC29,2,0.0,0,104.0,104.0,True,True
raw/wayback/puts_20260625223602.pdf,1,JUL26,41,77373.0,77373.0,779062.0,779062.0,True,True
raw/wayback/puts_20260625223602.pdf,1,AUG26,31,82191.0,82191.0,548573.0,548573.0,True,True
raw/wayback/puts_20260625223602.pdf,2,SEP26,64,149112.0,149112.0,3230323.0,3230323.0,True,True
raw/wayback/puts_20260625223602.pdf,2,OCT26,28,27954.0,27954.0,270693.0,270693.0,True,True
raw/wayback/puts_20260625223602.pdf,2,NOV26,13,1000.0,1000.0,43721.0,43721.0,True,True
raw/wayback/puts_20260625223602.pdf,3,DEC26,70,192892.0,192892.0,3754674.0,3754674.0,True,True
raw/wayback/puts_20260625223602.pdf,3,MAR27,60,15494.0,15494.0,1242691.0,1242691.0,True,True
raw/wayback/puts_20260625223602.pdf,3,JUN27,47,3571.0,3571.0,525622.0,525622.0,True,True
raw/wayback/puts_20260625223602.pdf,4,SEP27,38,8231.0,8231.0,300950.0,300950.0,True,True
raw/wayback/puts_20260625223602.pdf,4,DEC27,38,2714.0,2714.0,267737.0,267737.0,True,True
raw/wayback/puts_20260625223602.pdf,4,MAR28,27,350.0,350.0,132481.0,132481.0,True,True
raw/wayback/puts_20260625223602.pdf,4,JUN28,21,6352.0,6352.0,80299.0,80299.0,True,True
raw/wayback/puts_20260625223602.pdf,5,SEP28,19,0.0,0,45284.0,45284.0,True,True
raw/wayback/puts_20260625223602.pdf,5,DEC28,19,0.0,0,10231.0,10231.0,True,True
raw/wayback/puts_20260625223602.pdf,5,MAR29,7,0.0,0,1340.0,1340.0,True,True
raw/wayback/puts_20260625223602.pdf,5,JUN29,4,17.0,17.0,1189.0,1189.0,True,True
raw/wayback/puts_20260625223602.pdf,5,SEP29,2,19.0,19.0,107.0,107.0,True,True
raw/wayback/puts_20260625223602.pdf,5,DEC29,1,0.0,0,58.0,58.0,True,True
raw/wayback/puts_20260625223602.pdf,5,MAR30,1,0.0,0,16.0,16.0,True,True
raw/wayback/calls_20260626223040.pdf,3,JUL26,40,14038.0,14038.0,1008922.0,1008922.0,True,True
raw/wayback/calls_20260626223040.pdf,3,AUG26,38,108755.0,108755.0,507089.0,507089.0,True,True
raw/wayback/calls_20260626223040.pdf,4,SEP26,61,364336.0,364336.0,5667169.0,5667169.0,True,True
raw/wayback/calls_20260626223040.pdf,4,OCT26,31,29934.0,29934.0,580428.0,580428.0,True,True
raw/wayback/calls_20260626223040.pdf,4,NOV26,18,14000.0,14000.0,139729.0,139729.0,True,True
raw/wayback/calls_20260626223040.pdf,4,DEC26,63,230862.0,230862.0,5862121.0,5862121.0,True,True
raw/wayback/calls_20260626223040.pdf,5,MAR27,53,61240.0,61240.0,1372522.0,1372522.0,True,True
raw/wayback/calls_20260626223040.pdf,5,JUN27,43,21403.0,21403.0,748242.0,748242.0,True,True
raw/wayback/calls_20260626223040.pdf,5,SEP27,32,7143.0,7143.0,225398.0,225398.0,True,True
raw/wayback/calls_20260626223040.pdf,6,DEC27,32,29143.0,29143.0,561820.0,561820.0,True,True
raw/wayback/calls_20260626223040.pdf,6,MAR28,22,3000.0,3000.0,190648.0,190648.0,True,True
raw/wayback/calls_20260626223040.pdf,6,JUN28,20,1000.0,1000.0,176705.0,176705.0,True,True
raw/wayback/calls_20260626223040.pdf,6,SEP28,18,0.0,0,154667.0,154667.0,True,True
raw/wayback/calls_20260626223040.pdf,6,DEC28,17,0.0,0,44466.0,44466.0,True,True
raw/wayback/calls_20260626223040.pdf,6,MAR29,7,0.0,0,2829.0,2829.0,True,True
raw/wayback/calls_20260626223040.pdf,6,JUN29,5,0.0,0,23242.0,23242.0,True,True
raw/wayback/calls_20260626223040.pdf,6,SEP29,2,0.0,0,21.0,21.0,True,True
raw/wayback/calls_20260626223040.pdf,7,DEC29,2,0.0,0,104.0,104.0,True,True
raw/wayback/puts_20260626223103.pdf,1,JUL26,41,29335.0,29335.0,767266.0,767266.0,True,True
raw/wayback/puts_20260626223103.pdf,1,AUG26,32,75607.0,75607.0,584404.0,584404.0,True,True
raw/wayback/puts_20260626223103.pdf,2,SEP26,64,196451.0,196451.0,3315577.0,3315577.0,True,True
raw/wayback/puts_20260626223103.pdf,2,OCT26,28,32290.0,32290.0,289308.0,289308.0,True,True
raw/wayback/puts_20260626223103.pdf,2,NOV26,16,11000.0,11000.0,49721.0,49721.0,True,True
raw/wayback/puts_20260626223103.pdf,3,DEC26,69,114559.0,114559.0,3774951.0,3774951.0,True,True
raw/wayback/puts_20260626223103.pdf,3,MAR27,60,12639.0,12639.0,1248782.0,1248782.0,True,True
raw/wayback/puts_20260626223103.pdf,3,JUN27,47,4870.0,4870.0,527176.0,527176.0,True,True
raw/wayback/puts_20260626223103.pdf,4,SEP27,38,6150.0,6150.0,305625.0,305625.0,True,True
raw/wayback/puts_20260626223103.pdf,4,DEC27,38,9155.0,9155.0,272160.0,272160.0,True,True
raw/wayback/puts_20260626223103.pdf,4,MAR28,27,650.0,650.0,132481.0,132481.0,True,True
raw/wayback/puts_20260626223103.pdf,4,JUN28,21,1000.0,1000.0,80905.0,80905.0,True,True
raw/wayback/puts_20260626223103.pdf,5,SEP28,19,0.0,0,45284.0,45284.0,True,True
raw/wayback/puts_20260626223103.pdf,5,DEC28,19,0.0,0,10231.0,10231.0,True,True
raw/wayback/puts_20260626223103.pdf,5,MAR29,7,0.0,0,1340.0,1340.0,True,True
raw/wayback/puts_20260626223103.pdf,5,JUN29,4,0.0,0,1189.0,1189.0,True,True
raw/wayback/puts_20260626223103.pdf,5,SEP29,2,0.0,0,107.0,107.0,True,True
raw/wayback/puts_20260626223103.pdf,5,DEC29,1,0.0,0,58.0,58.0,True,True
raw/wayback/puts_20260626223103.pdf,5,MAR30,1,0.0,0,16.0,16.0,True,True
raw/wayback/calls_20260629222340.pdf,3,JUL26,40,7643.0,7643.0,1007126.0,1007126.0,True,True
raw/wayback/calls_20260629222340.pdf,3,AUG26,38,50583.0,50583.0,539196.0,539196.0,True,True
raw/wayback/calls_20260629222340.pdf,4,SEP26,61,116717.0,116717.0,5693157.0,5693157.0,True,True
raw/wayback/calls_20260629222340.pdf,4,OCT26,31,3811.0,3811.0,583100.0,583100.0,True,True
raw/wayback/calls_20260629222340.pdf,4,NOV26,18,4500.0,4500.0,144229.0,144229.0,True,True
raw/wayback/calls_20260629222340.pdf,4,DEC26,63,60423.0,60423.0,5847005.0,5847005.0,True,True
raw/wayback/calls_20260629222340.pdf,5,MAR27,53,28136.0,28136.0,1374829.0,1374829.0,True,True
raw/wayback/calls_20260629222340.pdf,5,JUN27,43,63984.0,63984.0,798693.0,798693.0,True,True
raw/wayback/calls_20260629222340.pdf,5,SEP27,32,1.0,1.0,225398.0,225398.0,True,True
raw/wayback/calls_20260629222340.pdf,6,DEC27,32,2572.0,2572.0,561172.0,561172.0,True,True
raw/wayback/calls_20260629222340.pdf,6,MAR28,22,0.0,0,190648.0,190648.0,True,True
raw/wayback/calls_20260629222340.pdf,6,JUN28,20,2000.0,2000.0,177405.0,177405.0,True,True
raw/wayback/calls_20260629222340.pdf,6,SEP28,18,0.0,0,154667.0,154667.0,True,True
raw/wayback/calls_20260629222340.pdf,6,DEC28,17,8.0,8.0,44461.0,44461.0,True,True
raw/wayback/calls_20260629222340.pdf,6,MAR29,7,0.0,0,2829.0,2829.0,True,True
raw/wayback/calls_20260629222340.pdf,6,JUN29,5,0.0,0,23242.0,23242.0,True,True
raw/wayback/calls_20260629222340.pdf,6,SEP29,2,0.0,0,21.0,21.0,True,True
raw/wayback/calls_20260629222340.pdf,7,DEC29,2,0.0,0,104.0,104.0,True,True
raw/wayback/calls_20260630223026.pdf,3,JUL26,40,40023.0,40023.0,1027902.0,1027902.0,True,True
raw/wayback/calls_20260630223026.pdf,3,AUG26,38,45166.0,45166.0,555208.0,555208.0,True,True
raw/wayback/calls_20260630223026.pdf,4,SEP26,61,37386.0,37386.0,5704122.0,5704122.0,True,True
raw/wayback/calls_20260630223026.pdf,4,OCT26,31,55000.0,55000.0,610403.0,610403.0,True,True
raw/wayback/calls_20260630223026.pdf,4,NOV26,18,4000.0,4000.0,148229.0,148229.0,True,True
raw/wayback/calls_20260630223026.pdf,4,DEC26,63,125990.0,125990.0,5850023.0,5850023.0,True,True
raw/wayback/calls_20260630223026.pdf,5,MAR27,53,13503.0,13503.0,1383271.0,1383271.0,True,True
raw/wayback/calls_20260630223026.pdf,5,JUN27,43,4480.0,4480.0,799925.0,799925.0,True,True
raw/wayback/calls_20260630223026.pdf,5,SEP27,32,1075.0,1075.0,225959.0,225959.0,True,True
raw/wayback/calls_20260630223026.pdf,6,DEC27,32,7000.0,7000.0,566205.0,566205.0,True,True
raw/wayback/calls_20260630223026.pdf,6,MAR28,22,0.0,0,190648.0,190648.0,True,True
raw/wayback/calls_20260630223026.pdf,6,JUN28,20,600.0,600.0,177405.0,177405.0,True,True
raw/wayback/calls_20260630223026.pdf,6,SEP28,18,0.0,0,154667.0,154667.0,True,True
raw/wayback/calls_20260630223026.pdf,6,DEC28,17,0.0,0,44461.0,44461.0,True,True
raw/wayback/calls_20260630223026.pdf,6,MAR29,7,0.0,0,2829.0,2829.0,True,True
raw/wayback/calls_20260630223026.pdf,6,JUN29,5,0.0,0,23242.0,23242.0,True,True
raw/wayback/calls_20260630223026.pdf,6,SEP29,2,0.0,0,21.0,21.0,True,True
raw/wayback/calls_20260630223026.pdf,7,DEC29,2,0.0,0,104.0,104.0,True,True
raw/wayback/puts_20260630223041.pdf,1,JUL26,41,48733.0,48733.0,765556.0,765556.0,True,True
raw/wayback/puts_20260630223041.pdf,1,AUG26,32,20978.0,20978.0,589714.0,589714.0,True,True
raw/wayback/puts_20260630223041.pdf,2,SEP26,64,111721.0,111721.0,3387542.0,3387542.0,True,True
raw/wayback/puts_20260630223041.pdf,2,OCT26,28,22021.0,22021.0,324146.0,324146.0,True,True
raw/wayback/puts_20260630223041.pdf,2,NOV26,17,3608.0,3608.0,51023.0,51023.0,True,True
raw/wayback/puts_20260630223041.pdf,3,DEC26,69,158657.0,158657.0,3860241.0,3860241.0,True,True
raw/wayback/puts_20260630223041.pdf,3,MAR27,60,114306.0,114306.0,1324825.0,1324825.0,True,True
raw/wayback/puts_20260630223041.pdf,3,JUN27,47,18133.0,18133.0,529369.0,529369.0,True,True
raw/wayback/puts_20260630223041.pdf,4,SEP27,39,1075.0,1075.0,307667.0,307667.0,True,True
raw/wayback/puts_20260630223041.pdf,4,DEC27,38,1750.0,1750.0,272604.0,272604.0,True,True
raw/wayback/puts_20260630223041.pdf,4,MAR28,27,0.0,0,132631.0,132631.0,True,True
raw/wayback/puts_20260630223041.pdf,4,JUN28,21,602.0,602.0,81929.0,81929.0,True,True
raw/wayback/puts_20260630223041.pdf,5,SEP28,19,0.0,0,45284.0,45284.0,True,True
raw/wayback/puts_20260630223041.pdf,5,DEC28,19,0.0,0,10231.0,10231.0,True,True
raw/wayback/puts_20260630223041.pdf,5,MAR29,7,0.0,0,1362.0,1362.0,True,True
raw/wayback/puts_20260630223041.pdf,5,JUN29,4,0.0,0,1189.0,1189.0,True,True
raw/wayback/puts_20260630223041.pdf,5,SEP29,2,0.0,0,107.0,107.0,True,True
raw/wayback/puts_20260630223041.pdf,5,DEC29,2,14.0,14.0,72.0,72.0,True,True
raw/wayback/puts_20260630223041.pdf,5,MAR30,1,0.0,0,16.0,16.0,True,True
raw/wayback/puts_20260701223113.pdf,1,JUL26,41,8120.0,8120.0,767111.0,767111.0,True,True
raw/wayback/puts_20260701223113.pdf,1,AUG26,32,54505.0,54505.0,578865.0,578865.0,True,True
raw/wayback/puts_20260701223113.pdf,2,SEP26,63,71804.0,71804.0,3407170.0,3407170.0,True,True
raw/wayback/puts_20260701223113.pdf,2,OCT26,29,13796.0,13796.0,331958.0,331958.0,True,True
raw/wayback/puts_20260701223113.pdf,2,NOV26,18,12400.0,12400.0,61258.0,61258.0,True,True
raw/wayback/puts_20260701223113.pdf,3,DEC26,69,248870.0,248870.0,3997175.0,3997175.0,True,True
raw/wayback/puts_20260701223113.pdf,3,MAR27,60,37283.0,37283.0,1339947.0,1339947.0,True,True
raw/wayback/puts_20260701223113.pdf,3,JUN27,47,1575.0,1575.0,530474.0,530474.0,True,True
raw/wayback/puts_20260701223113.pdf,4,SEP27,39,1464.0,1464.0,308670.0,308670.0,True,True
raw/wayback/puts_20260701223113.pdf,4,DEC27,38,2860.0,2860.0,270729.0,270729.0,True,True
raw/wayback/puts_20260701223113.pdf,4,MAR28,27,1816.0,1816.0,133498.0,133498.0,True,True
raw/wayback/puts_20260701223113.pdf,4,JUN28,21,20.0,20.0,81949.0,81949.0,True,True
raw/wayback/puts_20260701223113.pdf,5,SEP28,19,20.0,20.0,45284.0,45284.0,True,True
raw/wayback/puts_20260701223113.pdf,5,DEC28,19,20.0,20.0,10231.0,10231.0,True,True
raw/wayback/puts_20260701223113.pdf,5,MAR29,8,20.0,20.0,1382.0,1382.0,True,True
raw/wayback/puts_20260701223113.pdf,5,JUN29,5,20.0,20.0,1209.0,1209.0,True,True
raw/wayback/puts_20260701223113.pdf,5,SEP29,2,0.0,0,107.0,107.0,True,True
raw/wayback/puts_20260701223113.pdf,5,DEC29,2,0.0,0,72.0,72.0,True,True
raw/wayback/puts_20260701223113.pdf,5,MAR30,1,0.0,0,16.0,16.0,True,True
raw/wayback/calls_20260702222426.pdf,3,JUL26,40,39926.0,39926.0,1049465.0,1049465.0,True,True
raw/wayback/calls_20260702222426.pdf,3,AUG26,38,227177.0,227177.0,674385.0,674385.0,True,True
raw/wayback/calls_20260702222426.pdf,4,SEP26,61,256380.0,256380.0,5830388.0,5830388.0,True,True
raw/wayback/calls_20260702222426.pdf,4,OCT26,31,62151.0,62151.0,660885.0,660885.0,True,True
raw/wayback/calls_20260702222426.pdf,4,NOV26,20,1000.0,1000.0,158548.0,158548.0,True,True
raw/wayback/calls_20260702222426.pdf,4,DEC26,64,139190.0,139190.0,5906517.0,5906517.0,True,True
raw/wayback/calls_20260702222426.pdf,5,MAR27,53,30349.0,30349.0,1417626.0,1417626.0,True,True
raw/wayback/calls_20260702222426.pdf,5,JUN27,46,16932.0,16932.0,801152.0,801152.0,True,True
raw/wayback/calls_20260702222426.pdf,5,SEP27,32,4200.0,4200.0,229958.0,229958.0,True,True
raw/wayback/calls_20260702222426.pdf,6,DEC27,32,12079.0,12079.0,574775.0,574775.0,True,True
raw/wayback/calls_20260702222426.pdf,6,MAR28,22,0.0,0,192974.0,192974.0,True,True
raw/wayback/calls_20260702222426.pdf,6,JUN28,20,1250.0,1250.0,179246.0,179246.0,True,True
raw/wayback/calls_20260702222426.pdf,6,SEP28,18,100.0,100.0,155877.0,155877.0,True,True
raw/wayback/calls_20260702222426.pdf,6,DEC28,16,0.0,0,45532.0,45532.0,True,True
raw/wayback/calls_20260702222426.pdf,6,MAR29,7,250.0,250.0,3079.0,3079.0,True,True
raw/wayback/calls_20260702222426.pdf,6,JUN29,5,0.0,0,23242.0,23242.0,True,True
raw/wayback/calls_20260702222426.pdf,7,SEP29,2,0.0,0,21.0,21.0,True,True
raw/wayback/calls_20260702222426.pdf,7,DEC29,2,0.0,0,104.0,104.0,True,True
raw/wayback/puts_20260702222552.pdf,1,JUL26,41,70484.0,70484.0,798824.0,798824.0,True,True
raw/wayback/puts_20260702222552.pdf,1,AUG26,32,31551.0,31551.0,585117.0,585117.0,True,True
raw/wayback/puts_20260702222552.pdf,2,SEP26,63,191113.0,191113.0,3390509.0,3390509.0,True,True
raw/wayback/puts_20260702222552.pdf,2,OCT26,29,32604.0,32604.0,331532.0,331532.0,True,True
raw/wayback/puts_20260702222552.pdf,2,NOV26,18,10659.0,10659.0,68684.0,68684.0,True,True
raw/wayback/puts_20260702222552.pdf,3,DEC26,69,182026.0,182026.0,4088266.0,4088266.0,True,True
raw/wayback/puts_20260702222552.pdf,3,MAR27,60,54901.0,54901.0,1367484.0,1367484.0,True,True
raw/wayback/puts_20260702222552.pdf,3,JUN27,47,28654.0,28654.0,538366.0,538366.0,True,True
raw/wayback/puts_20260702222552.pdf,4,SEP27,39,4884.0,4884.0,309777.0,309777.0,True,True
raw/wayback/puts_20260702222552.pdf,4,DEC27,38,1413.0,1413.0,270357.0,270357.0,True,True
raw/wayback/puts_20260702222552.pdf,4,MAR28,27,240.0,240.0,133738.0,133738.0,True,True
raw/wayback/puts_20260702222552.pdf,4,JUN28,21,1490.0,1490.0,82939.0,82939.0,True,True
raw/wayback/puts_20260702222552.pdf,5,SEP28,19,100.0,100.0,45384.0,45384.0,True,True
raw/wayback/puts_20260702222552.pdf,5,DEC28,19,0.0,0,10231.0,10231.0,True,True
raw/wayback/puts_20260702222552.pdf,5,MAR29,8,250.0,250.0,1632.0,1632.0,True,True
raw/wayback/puts_20260702222552.pdf,5,JUN29,5,0.0,0,1209.0,1209.0,True,True
raw/wayback/puts_20260702222552.pdf,5,SEP29,2,0.0,0,107.0,107.0,True,True
raw/wayback/puts_20260702222552.pdf,5,DEC29,2,0.0,0,72.0,72.0,True,True
raw/wayback/puts_20260702222552.pdf,5,MAR30,1,0.0,0,16.0,16.0,True,True
raw/wayback/calls_20260706223128.pdf,3,JUL26,40,81677.0,81677.0,1075134.0,1075134.0,True,True
raw/wayback/calls_20260706223128.pdf,3,AUG26,38,85188.0,85188.0,702195.0,702195.0,True,True
raw/wayback/calls_20260706223128.pdf,4,SEP26,61,140820.0,140820.0,5877904.0,5877904.0,True,True
raw/wayback/calls_20260706223128.pdf,4,OCT26,31,109098.0,109098.0,688626.0,688626.0,True,True
raw/wayback/calls_20260706223128.pdf,4,NOV26,20,13385.0,13385.0,169641.0,169641.0,True,True
raw/wayback/calls_20260706223128.pdf,4,DEC26,64,190093.0,190093.0,5986731.0,5986731.0,True,True
raw/wayback/calls_20260706223128.pdf,5,MAR27,53,42039.0,42039.0,1433194.0,1433194.0,True,True
raw/wayback/calls_20260706223128.pdf,5,JUN27,46,9324.0,9324.0,805598.0,805598.0,True,True
raw/wayback/calls_20260706223128.pdf,5,SEP27,32,17.0,17.0,229975.0,229975.0,True,True
raw/wayback/calls_20260706223128.pdf,6,DEC27,32,23259.0,23259.0,595214.0,595214.0,True,True
raw/wayback/calls_20260706223128.pdf,6,MAR28,22,1500.0,1500.0,194474.0,194474.0,True,True
raw/wayback/calls_20260706223128.pdf,6,JUN28,20,1.0,1.0,179246.0,179246.0,True,True
raw/wayback/calls_20260706223128.pdf,6,SEP28,18,1500.0,1500.0,157377.0,157377.0,True,True
raw/wayback/calls_20260706223128.pdf,6,DEC28,16,0.0,0,45532.0,45532.0,True,True
raw/wayback/calls_20260706223128.pdf,6,MAR29,7,0.0,0,3079.0,3079.0,True,True
raw/wayback/calls_20260706223128.pdf,6,JUN29,5,0.0,0,23242.0,23242.0,True,True
raw/wayback/calls_20260706223128.pdf,7,SEP29,2,0.0,0,21.0,21.0,True,True
raw/wayback/calls_20260706223128.pdf,7,DEC29,2,0.0,0,104.0,104.0,True,True
raw/wayback/puts_20260706223143.pdf,1,JUL26,41,38898.0,38898.0,796146.0,796146.0,True,True
raw/wayback/puts_20260706223143.pdf,1,AUG26,32,53248.0,53248.0,568463.0,568463.0,True,True
raw/wayback/puts_20260706223143.pdf,2,SEP26,63,232023.0,232023.0,3442185.0,3442185.0,True,True
raw/wayback/puts_20260706223143.pdf,2,OCT26,30,62038.0,62038.0,327694.0,327694.0,True,True
raw/wayback/puts_20260706223143.pdf,2,NOV26,21,54200.0,54200.0,118444.0,118444.0,True,True
raw/wayback/puts_20260706223143.pdf,3,DEC26,69,250317.0,250317.0,4208182.0,4208182.0,True,True
raw/wayback/puts_20260706223143.pdf,3,MAR27,60,17146.0,17146.0,1378757.0,1378757.0,True,True
raw/wayback/puts_20260706223143.pdf,3,JUN27,47,24302.0,24302.0,547606.0,547606.0,True,True
raw/wayback/puts_20260706223143.pdf,4,SEP27,39,34.0,34.0,309794.0,309794.0,True,True
raw/wayback/puts_20260706223143.pdf,4,DEC27,38,750.0,750.0,270732.0,270732.0,True,True
raw/wayback/puts_20260706223143.pdf,4,MAR28,27,0.0,0,133738.0,133738.0,True,True
raw/wayback/puts_20260706223143.pdf,4,JUN28,21,0.0,0,82939.0,82939.0,True,True
raw/wayback/puts_20260706223143.pdf,5,SEP28,19,0.0,0,45384.0,45384.0,True,True
raw/wayback/puts_20260706223143.pdf,5,DEC28,19,0.0,0,10231.0,10231.0,True,True
raw/wayback/puts_20260706223143.pdf,5,MAR29,8,0.0,0,1632.0,1632.0,True,True
raw/wayback/puts_20260706223143.pdf,5,JUN29,5,0.0,0,1209.0,1209.0,True,True
raw/wayback/puts_20260706223143.pdf,5,SEP29,2,0.0,0,107.0,107.0,True,True
raw/wayback/puts_20260706223143.pdf,5,DEC29,2,0.0,0,72.0,72.0,True,True
raw/wayback/puts_20260706223143.pdf,5,MAR30,1,0.0,0,16.0,16.0,True,True
raw/wayback/puts_20260707222911.pdf,1,JUL26,41,15072.0,15072.0,786271.0,786271.0,True,True
raw/wayback/puts_20260707222911.pdf,1,AUG26,33,24470.0,24470.0,561573.0,561573.0,True,True
raw/wayback/puts_20260707222911.pdf,2,SEP26,63,62417.0,62417.0,3424030.0,3424030.0,True,True
raw/wayback/puts_20260707222911.pdf,2,OCT26,30,9264.0,9264.0,324506.0,324506.0,True,True
raw/wayback/puts_20260707222911.pdf,2,NOV26,21,366.0,366.0,118795.0,118795.0,True,True
raw/wayback/puts_20260707222911.pdf,3,DEC26,69,161252.0,161252.0,4234530.0,4234530.0,True,True
raw/wayback/puts_20260707222911.pdf,3,MAR27,60,15350.0,15350.0,1383666.0,1383666.0,True,True
raw/wayback/puts_20260707222911.pdf,3,JUN27,47,16026.0,16026.0,557811.0,557811.0,True,True
raw/wayback/puts_20260707222911.pdf,4,SEP27,39,53.0,53.0,309847.0,309847.0,True,True
raw/wayback/puts_20260707222911.pdf,4,DEC27,38,6122.0,6122.0,269662.0,269662.0,True,True
raw/wayback/puts_20260707222911.pdf,4,MAR28,27,0.0,0,133738.0,133738.0,True,True
raw/wayback/puts_20260707222911.pdf,4,JUN28,21,1200.0,1200.0,82064.0,82064.0,True,True
raw/wayback/puts_20260707222911.pdf,5,SEP28,19,0.0,0,45384.0,45384.0,True,True
raw/wayback/puts_20260707222911.pdf,5,DEC28,19,0.0,0,10231.0,10231.0,True,True
raw/wayback/puts_20260707222911.pdf,5,MAR29,8,0.0,0,1632.0,1632.0,True,True
raw/wayback/puts_20260707222911.pdf,5,JUN29,5,0.0,0,1209.0,1209.0,True,True
raw/wayback/puts_20260707222911.pdf,5,SEP29,2,0.0,0,107.0,107.0,True,True
raw/wayback/puts_20260707222911.pdf,5,DEC29,2,12.0,12.0,84.0,84.0,True,True
raw/wayback/puts_20260707222911.pdf,5,MAR30,1,0.0,0,16.0,16.0,True,True
raw/wayback/calls_20260708222027.pdf,3,JUL26,40,2433.0,2433.0,1075712.0,1075712.0,True,True
raw/wayback/calls_20260708222027.pdf,3,AUG26,38,52354.0,52354.0,727082.0,727082.0,True,True
raw/wayback/calls_20260708222027.pdf,4,SEP26,61,68313.0,68313.0,5888385.0,5888385.0,True,True
raw/wayback/calls_20260708222027.pdf,4,OCT26,32,14082.0,14082.0,701168.0,701168.0,True,True
raw/wayback/calls_20260708222027.pdf,4,NOV26,21,721.0,721.0,174760.0,174760.0,True,True
raw/wayback/calls_20260708222027.pdf,4,DEC26,65,191395.0,191395.0,6111552.0,6111552.0,True,True
raw/wayback/calls_20260708222027.pdf,5,MAR27,53,27717.0,27717.0,1457830.0,1457830.0,True,True
raw/wayback/calls_20260708222027.pdf,5,JUN27,47,3602.0,3602.0,806021.0,806021.0,True,True
raw/wayback/calls_20260708222027.pdf,5,SEP27,32,3241.0,3241.0,232194.0,232194.0,True,True
raw/wayback/calls_20260708222027.pdf,6,DEC27,32,5.0,5.0,597868.0,597868.0,True,True
raw/wayback/calls_20260708222027.pdf,6,MAR28,22,4150.0,4150.0,196485.0,196485.0,True,True
raw/wayback/calls_20260708222027.pdf,6,JUN28,20,500.0,500.0,178927.0,178927.0,True,True
raw/wayback/calls_20260708222027.pdf,6,SEP28,18,0.0,0,157377.0,157377.0,True,True
raw/wayback/calls_20260708222027.pdf,6,DEC28,16,0.0,0,45532.0,45532.0,True,True
raw/wayback/calls_20260708222027.pdf,6,MAR29,7,0.0,0,3079.0,3079.0,True,True
raw/wayback/calls_20260708222027.pdf,7,JUN29,5,0.0,0,23242.0,23242.0,True,True
raw/wayback/calls_20260708222027.pdf,7,SEP29,2,0.0,0,21.0,21.0,True,True
raw/wayback/calls_20260708222027.pdf,7,DEC29,2,0.0,0,104.0,104.0,True,True
raw/wayback/puts_20260708222122.pdf,1,JUL26,41,53256.0,53256.0,773333.0,773333.0,True,True
raw/wayback/puts_20260708222122.pdf,1,AUG26,34,83259.0,83259.0,592005.0,592005.0,True,True
raw/wayback/puts_20260708222122.pdf,2,SEP26,63,91801.0,91801.0,3399804.0,3399804.0,True,True
raw/wayback/puts_20260708222122.pdf,2,OCT26,30,2772.0,2772.0,324426.0,324426.0,True,True
raw/wayback/puts_20260708222122.pdf,2,NOV26,22,4906.0,4906.0,122138.0,122138.0,True,True
raw/wayback/puts_20260708222122.pdf,3,DEC26,70,52782.0,52782.0,4249792.0,4249792.0,True,True
raw/wayback/puts_20260708222122.pdf,3,MAR27,60,24052.0,24052.0,1388599.0,1388599.0,True,True
raw/wayback/puts_20260708222122.pdf,3,JUN27,48,13851.0,13851.0,566142.0,566142.0,True,True
raw/wayback/puts_20260708222122.pdf,4,SEP27,39,195.0,195.0,310012.0,310012.0,True,True
raw/wayback/puts_20260708222122.pdf,4,DEC27,38,55.0,55.0,269717.0,269717.0,True,True
raw/wayback/puts_20260708222122.pdf,4,MAR28,27,55.0,55.0,133793.0,133793.0,True,True
raw/wayback/puts_20260708222122.pdf,5,JUN28,21,555.0,555.0,82619.0,82619.0,True,True
raw/wayback/puts_20260708222122.pdf,5,SEP28,20,55.0,55.0,45439.0,45439.0,True,True
raw/wayback/puts_20260708222122.pdf,5,DEC28,19,25.0,25.0,10256.0,10256.0,True,True
raw/wayback/puts_20260708222122.pdf,5,MAR29,8,0.0,0,1632.0,1632.0,True,True
raw/wayback/puts_20260708222122.pdf,5,JUN29,5,0.0,0,1209.0,1209.0,True,True
raw/wayback/puts_20260708222122.pdf,5,SEP29,2,0.0,0,107.0,107.0,True,True
raw/wayback/puts_20260708222122.pdf,5,DEC29,2,0.0,0,84.0,84.0,True,True
raw/wayback/puts_20260708222122.pdf,5,MAR30,2,26.0,26.0,42.0,42.0,True,True
raw/wayback/calls_20260709224804.pdf,3,JUL26,40,11327.0,11327.0,1071270.0,1071270.0,True,True
raw/wayback/calls_20260709224804.pdf,3,AUG26,38,58790.0,58790.0,740922.0,740922.0,True,True
raw/wayback/calls_20260709224804.pdf,4,SEP26,61,88451.0,88451.0,5913240.0,5913240.0,True,True
raw/wayback/calls_20260709224804.pdf,4,OCT26,32,49749.0,49749.0,727729.0,727729.0,True,True
raw/wayback/calls_20260709224804.pdf,4,NOV26,21,2700.0,2700.0,176598.0,176598.0,True,True
raw/wayback/calls_20260709224804.pdf,5,DEC26,67,96761.0,96761.0,6137410.0,6137410.0,True,True
raw/wayback/calls_20260709224804.pdf,5,MAR27,53,26904.0,26904.0,1471710.0,1471710.0,True,True
raw/wayback/calls_20260709224804.pdf,5,JUN27,47,29456.0,29456.0,818433.0,818433.0,True,True
raw/wayback/calls_20260709224804.pdf,6,SEP27,32,0.0,0,232243.0,232243.0,True,True
raw/wayback/calls_20260709224804.pdf,6,DEC27,32,1001.0,1001.0,596881.0,596881.0,True,True
raw/wayback/calls_20260709224804.pdf,6,MAR28,22,255.0,255.0,196695.0,196695.0,True,True
raw/wayback/calls_20260709224804.pdf,6,JUN28,21,1750.0,1750.0,179627.0,179627.0,True,True
raw/wayback/calls_20260709224804.pdf,6,SEP28,18,0.0,0,157392.0,157392.0,True,True
raw/wayback/calls_20260709224804.pdf,6,DEC28,16,0.0,0,45538.0,45538.0,True,True
raw/wayback/calls_20260709224804.pdf,6,MAR29,7,0.0,0,3079.0,3079.0,True,True
raw/wayback/calls_20260709224804.pdf,7,JUN29,5,0.0,0,23242.0,23242.0,True,True
raw/wayback/calls_20260709224804.pdf,7,SEP29,2,0.0,0,21.0,21.0,True,True
raw/wayback/calls_20260709224804.pdf,7,DEC29,2,0.0,0,104.0,104.0,True,True
raw/wayback/puts_20260709224819.pdf,1,JUL26,41,38613.0,38613.0,750752.0,750752.0,True,True
raw/wayback/puts_20260709224819.pdf,1,AUG26,35,61160.0,61160.0,624379.0,624379.0,True,True
raw/wayback/puts_20260709224819.pdf,2,SEP26,63,149280.0,149280.0,3413856.0,3413856.0,True,True
raw/wayback/puts_20260709224819.pdf,2,OCT26,30,7755.0,7755.0,330109.0,330109.0,True,True
raw/wayback/puts_20260709224819.pdf,2,NOV26,22,0.0,0,122138.0,122138.0,True,True
raw/wayback/puts_20260709224819.pdf,3,DEC26,72,136946.0,136946.0,4231199.0,4231199.0,True,True
raw/wayback/puts_20260709224819.pdf,3,MAR27,60,30819.0,30819.0,1410856.0,1410856.0,True,True
raw/wayback/puts_20260709224819.pdf,4,JUN27,48,13402.0,13402.0,570397.0,570397.0,True,True
raw/wayback/puts_20260709224819.pdf,4,SEP27,39,12275.0,12275.0,318151.0,318151.0,True,True
raw/wayback/puts_20260709224819.pdf,4,DEC27,38,3075.0,3075.0,272854.0,272854.0,True,True
raw/wayback/puts_20260709224819.pdf,4,MAR28,27,4330.0,4330.0,134373.0,134373.0,True,True
raw/wayback/puts_20260709224819.pdf,5,JUN28,21,5725.0,5725.0,87019.0,87019.0,True,True
raw/wayback/puts_20260709224819.pdf,5,SEP28,20,0.0,0,45439.0,45439.0,True,True
raw/wayback/puts_20260709224819.pdf,5,DEC28,19,0.0,0,10256.0,10256.0,True,True
raw/wayback/puts_20260709224819.pdf,5,MAR29,8,0.0,0,1632.0,1632.0,True,True
raw/wayback/puts_20260709224819.pdf,5,JUN29,5,0.0,0,1209.0,1209.0,True,True
raw/wayback/puts_20260709224819.pdf,5,SEP29,2,0.0,0,107.0,107.0,True,True
raw/wayback/puts_20260709224819.pdf,5,DEC29,2,0.0,0,84.0,84.0,True,True
raw/wayback/puts_20260709224819.pdf,5,MAR30,2,0.0,0,42.0,42.0,True,True
raw/wayback/calls_20260710222344.pdf,3,JUL26,40,12096.0,12096.0,1066491.0,1066491.0,True,True
raw/wayback/calls_20260710222344.pdf,3,AUG26,38,78640.0,78640.0,764195.0,764195.0,True,True
raw/wayback/calls_20260710222344.pdf,4,SEP26,61,78264.0,78264.0,5934269.0,5934269.0,True,True
raw/wayback/calls_20260710222344.pdf,4,OCT26,32,21030.0,21030.0,733368.0,733368.0,True,True
raw/wayback/calls_20260710222344.pdf,4,NOV26,21,0.0,0,176598.0,176598.0,True,True
raw/wayback/calls_20260710222344.pdf,5,DEC26,67,71158.0,71158.0,6150888.0,6150888.0,True,True
raw/wayback/calls_20260710222344.pdf,5,MAR27,54,44977.0,44977.0,1493365.0,1493365.0,True,True
raw/wayback/calls_20260710222344.pdf,5,JUN27,47,28142.0,28142.0,831691.0,831691.0,True,True
raw/wayback/calls_20260710222344.pdf,6,SEP27,32,700.0,700.0,231994.0,231994.0,True,True
raw/wayback/calls_20260710222344.pdf,6,DEC27,32,730.0,730.0,596669.0,596669.0,True,True
raw/wayback/calls_20260710222344.pdf,6,MAR28,22,0.0,0,196690.0,196690.0,True,True
raw/wayback/calls_20260710222344.pdf,6,JUN28,21,200.0,200.0,179718.0,179718.0,True,True
raw/wayback/calls_20260710222344.pdf,6,SEP28,18,500.0,500.0,157877.0,157877.0,True,True
raw/wayback/calls_20260710222344.pdf,6,DEC28,16,0.0,0,45532.0,45532.0,True,True
raw/wayback/calls_20260710222344.pdf,6,MAR29,7,0.0,0,3079.0,3079.0,True,True
raw/wayback/calls_20260710222344.pdf,7,JUN29,5,0.0,0,23242.0,23242.0,True,True
raw/wayback/calls_20260710222344.pdf,7,SEP29,2,0.0,0,21.0,21.0,True,True
raw/wayback/calls_20260710222344.pdf,7,DEC29,2,0.0,0,104.0,104.0,True,True
raw/wayback/puts_20260710222412.pdf,1,JUL26,40,9275.0,9275.0,740033.0,740033.0,True,True
raw/wayback/puts_20260710222412.pdf,1,AUG26,35,37443.0,37443.0,639715.0,639715.0,True,True
raw/wayback/puts_20260710222412.pdf,2,SEP26,62,133282.0,133282.0,3430788.0,3430788.0,True,True
raw/wayback/puts_20260710222412.pdf,2,OCT26,30,2790.0,2790.0,331008.0,331008.0,True,True
raw/wayback/puts_20260710222412.pdf,2,NOV26,22,6508.0,6508.0,125261.0,125261.0,True,True
raw/wayback/puts_20260710222412.pdf,3,DEC26,71,25889.0,25889.0,4238335.0,4238335.0,True,True
raw/wayback/puts_20260710222412.pdf,3,MAR27,60,22626.0,22626.0,1414614.0,1414614.0,True,True
raw/wayback/puts_20260710222412.pdf,3,JUN27,48,8578.0,8578.0,574375.0,574375.0,True,True
raw/wayback/puts_20260710222412.pdf,4,SEP27,39,29190.0,29190.0,333478.0,333478.0,True,True
raw/wayback/puts_20260710222412.pdf,4,DEC27,38,365.0,365.0,273157.0,273157.0,True,True
raw/wayback/puts_20260710222412.pdf,4,MAR28,27,90.0,90.0,134373.0,134373.0,True,True
raw/wayback/puts_20260710222412.pdf,5,JUN28,21,290.0,290.0,87184.0,87184.0,True,True
raw/wayback/puts_20260710222412.pdf,5,SEP28,20,590.0,590.0,46029.0,46029.0,True,True
raw/wayback/puts_20260710222412.pdf,5,DEC28,19,0.0,0,10256.0,10256.0,True,True
raw/wayback/puts_20260710222412.pdf,5,MAR29,8,0.0,0,1632.0,1632.0,True,True
raw/wayback/puts_20260710222412.pdf,5,JUN29,5,0.0,0,1209.0,1209.0,True,True
raw/wayback/puts_20260710222412.pdf,5,SEP29,2,0.0,0,107.0,107.0,True,True
raw/wayback/puts_20260710222412.pdf,5,DEC29,2,0.0,0,84.0,84.0,True,True
raw/wayback/puts_20260710222412.pdf,5,MAR30,2,0.0,0,42.0,42.0,True,True
raw/wayback/puts_20260713221313.pdf,1,JUL26,40,9721.0,9721.0,0.0,0,True,True
raw/wayback/puts_20260713221313.pdf,1,AUG26,35,45479.0,45479.0,665767.0,665767.0,True,True
raw/wayback/puts_20260713221313.pdf,2,SEP26,62,51045.0,51045.0,3439766.0,3439766.0,True,True
raw/wayback/puts_20260713221313.pdf,2,OCT26,30,51110.0,51110.0,364291.0,364291.0,True,True
raw/wayback/puts_20260713221313.pdf,2,NOV26,22,0.0,0,125261.0,125261.0,True,True
raw/wayback/puts_20260713221313.pdf,3,DEC26,69,29400.0,29400.0,4238639.0,4238639.0,True,True
raw/wayback/puts_20260713221313.pdf,3,MAR27,60,19400.0,19400.0,1414763.0,1414763.0,True,True
raw/wayback/puts_20260713221313.pdf,3,JUN27,49,20885.0,20885.0,571793.0,571793.0,True,True
raw/wayback/puts_20260713221313.pdf,4,SEP27,40,5895.0,5895.0,337823.0,337823.0,True,True
raw/wayback/puts_20260713221313.pdf,4,DEC27,38,0.0,0,273157.0,273157.0,True,True
raw/wayback/puts_20260713221313.pdf,4,MAR28,27,894.0,894.0,135074.0,135074.0,True,True
raw/wayback/puts_20260713221313.pdf,5,JUN28,21,0.0,0,87184.0,87184.0,True,True
raw/wayback/puts_20260713221313.pdf,5,SEP28,20,0.0,0,46029.0,46029.0,True,True
raw/wayback/puts_20260713221313.pdf,5,DEC28,19,0.0,0,10256.0,10256.0,True,True
raw/wayback/puts_20260713221313.pdf,5,MAR29,8,0.0,0,1632.0,1632.0,True,True
raw/wayback/puts_20260713221313.pdf,5,JUN29,5,0.0,0,1209.0,1209.0,True,True
raw/wayback/puts_20260713221313.pdf,5,SEP29,2,0.0,0,107.0,107.0,True,True
raw/wayback/puts_20260713221313.pdf,5,DEC29,2,0.0,0,84.0,84.0,True,True
raw/wayback/puts_20260713221313.pdf,5,MAR30,2,0.0,0,42.0,42.0,True,True
raw/wayback/calls_20260714221251.pdf,3,JUL26,4,0.0,0,0.0,0,True,True
raw/wayback/calls_20260714221251.pdf,3,AUG26,38,91324.0,91324.0,832124.0,832124.0,True,True
raw/wayback/calls_20260714221251.pdf,3,SEP26,60,162147.0,162147.0,5950948.0,5950948.0,True,True
raw/wayback/calls_20260714221251.pdf,4,OCT26,32,9904.0,9904.0,745035.0,745035.0,True,True
raw/wayback/calls_20260714221251.pdf,4,NOV26,21,19868.0,19868.0,196281.0,196281.0,True,True
raw/wayback/calls_20260714221251.pdf,4,DEC26,66,93638.0,93638.0,6260197.0,6260197.0,True,True
raw/wayback/calls_20260714221251.pdf,5,MAR27,54,13210.0,13210.0,1518693.0,1518693.0,True,True
raw/wayback/calls_20260714221251.pdf,5,JUN27,49,48349.0,48349.0,878905.0,878905.0,True,True
raw/wayback/calls_20260714221251.pdf,5,SEP27,32,1031.0,1031.0,237201.0,237201.0,True,True
raw/wayback/calls_20260714221251.pdf,6,DEC27,32,5711.0,5711.0,599535.0,599535.0,True,True
raw/wayback/calls_20260714221251.pdf,6,MAR28,22,0.0,0,197440.0,197440.0,True,True
raw/wayback/calls_20260714221251.pdf,6,JUN28,21,500.0,500.0,180818.0,180818.0,True,True
raw/wayback/calls_20260714221251.pdf,6,SEP28,18,1850.0,1850.0,159677.0,159677.0,True,True
raw/wayback/calls_20260714221251.pdf,6,DEC28,16,0.0,0,45532.0,45532.0,True,True
raw/wayback/calls_20260714221251.pdf,6,MAR29,7,0.0,0,3079.0,3079.0,True,True
raw/wayback/calls_20260714221251.pdf,6,JUN29,5,0.0,0,23242.0,23242.0,True,True
raw/wayback/calls_20260714221251.pdf,6,SEP29,2,0.0,0,21.0,21.0,True,True
raw/wayback/calls_20260714221251.pdf,6,DEC29,2,0.0,0,104.0,104.0,True,True
raw/wayback/puts_20260714221311.pdf,1,JUL26,19,0.0,0,0.0,0,True,True
raw/wayback/puts_20260714221311.pdf,1,AUG26,35,149501.0,149501.0,722457.0,722457.0,True,True
raw/wayback/puts_20260714221311.pdf,2,SEP26,62,161358.0,161358.0,3493352.0,3493352.0,True,True
raw/wayback/puts_20260714221311.pdf,2,OCT26,30,58563.0,58563.0,391350.0,391350.0,True,True
raw/wayback/puts_20260714221311.pdf,2,NOV26,22,6000.0,6000.0,130561.0,130561.0,True,True
raw/wayback/puts_20260714221311.pdf,2,DEC26,69,95145.0,95145.0,4252269.0,4252269.0,True,True
raw/wayback/puts_20260714221311.pdf,3,MAR27,60,32635.0,32635.0,1414382.0,1414382.0,True,True
raw/wayback/puts_20260714221311.pdf,3,JUN27,49,13894.0,13894.0,581249.0,581249.0,True,True
raw/wayback/puts_20260714221311.pdf,4,SEP27,40,12496.0,12496.0,346884.0,346884.0,True,True
raw/wayback/puts_20260714221311.pdf,4,DEC27,38,5200.0,5200.0,278157.0,278157.0,True,True
raw/wayback/puts_20260714221311.pdf,4,MAR28,27,0.0,0,135074.0,135074.0,True,True
raw/wayback/puts_20260714221311.pdf,4,JUN28,21,500.0,500.0,87574.0,87574.0,True,True
raw/wayback/puts_20260714221311.pdf,5,SEP28,20,1850.0,1850.0,47029.0,47029.0,True,True
raw/wayback/puts_20260714221311.pdf,5,DEC28,19,0.0,0,10256.0,10256.0,True,True
raw/wayback/puts_20260714221311.pdf,5,MAR29,8,0.0,0,1632.0,1632.0,True,True
raw/wayback/puts_20260714221311.pdf,5,JUN29,5,0.0,0,1209.0,1209.0,True,True
raw/wayback/puts_20260714221311.pdf,5,SEP29,2,0.0,0,107.0,107.0,True,True
raw/wayback/puts_20260714221311.pdf,5,DEC29,2,0.0,0,84.0,84.0,True,True
raw/wayback/puts_20260714221311.pdf,5,MAR30,2,0.0,0,42.0,42.0,True,True
raw/wayback/calls_20260715222043.pdf,3,AUG26,38,165802.0,165802.0,831701.0,831701.0,True,True
raw/wayback/calls_20260715222043.pdf,3,SEP26,61,155406.0,155406.0,5950443.0,5950443.0,True,True
raw/wayback/calls_20260715222043.pdf,4,OCT26,32,120718.0,120718.0,736695.0,736695.0,True,True
raw/wayback/calls_20260715222043.pdf,4,NOV26,21,11620.0,11620.0,202444.0,202444.0,True,True
raw/wayback/calls_20260715222043.pdf,4,DEC26,67,174860.0,174860.0,6332969.0,6332969.0,True,True
raw/wayback/calls_20260715222043.pdf,5,MAR27,54,49001.0,49001.0,1530279.0,1530279.0,True,True
raw/wayback/calls_20260715222043.pdf,5,JUN27,49,69613.0,69613.0,928804.0,928804.0,True,True
raw/wayback/calls_20260715222043.pdf,5,SEP27,32,2.0,2.0,237201.0,237201.0,True,True
raw/wayback/calls_20260715222043.pdf,5,DEC27,32,505.0,505.0,599662.0,599662.0,True,True
raw/wayback/calls_20260715222043.pdf,6,MAR28,22,23.0,23.0,197460.0,197460.0,True,True
raw/wayback/calls_20260715222043.pdf,6,JUN28,21,0.0,0,180818.0,180818.0,True,True
raw/wayback/calls_20260715222043.pdf,6,SEP28,18,0.0,0,159677.0,159677.0,True,True
raw/wayback/calls_20260715222043.pdf,6,DEC28,16,0.0,0,45532.0,45532.0,True,True
raw/wayback/calls_20260715222043.pdf,6,MAR29,7,0.0,0,3079.0,3079.0,True,True
raw/wayback/calls_20260715222043.pdf,6,JUN29,5,0.0,0,23242.0,23242.0,True,True
raw/wayback/calls_20260715222043.pdf,6,SEP29,2,0.0,0,21.0,21.0,True,True
raw/wayback/calls_20260715222043.pdf,6,DEC29,2,0.0,0,104.0,104.0,True,True
raw/wayback/puts_20260715222102.pdf,1,AUG26,35,140874.0,140874.0,695171.0,695171.0,True,True
raw/wayback/puts_20260715222102.pdf,1,SEP26,61,459459.0,459459.0,3416621.0,3416621.0,True,True
raw/wayback/puts_20260715222102.pdf,2,OCT26,31,41454.0,41454.0,403693.0,403693.0,True,True
raw/wayback/puts_20260715222102.pdf,2,NOV26,22,15000.0,15000.0,137814.0,137814.0,True,True
raw/wayback/puts_20260715222102.pdf,2,DEC26,70,230671.0,230671.0,4218111.0,4218111.0,True,True
raw/wayback/puts_20260715222102.pdf,3,MAR27,60,59221.0,59221.0,1432332.0,1432332.0,True,True
raw/wayback/puts_20260715222102.pdf,3,JUN27,50,43607.0,43607.0,586101.0,586101.0,True,True
raw/wayback/puts_20260715222102.pdf,3,SEP27,41,20.0,20.0,346904.0,346904.0,True,True
raw/wayback/puts_20260715222102.pdf,4,DEC27,38,20.0,20.0,278177.0,278177.0,True,True
raw/wayback/puts_20260715222102.pdf,4,MAR28,28,770.0,770.0,135444.0,135444.0,True,True
raw/wayback/puts_20260715222102.pdf,4,JUN28,22,20.0,20.0,87594.0,87594.0,True,True
raw/wayback/puts_20260715222102.pdf,4,SEP28,20,0.0,0,47029.0,47029.0,True,True
raw/wayback/puts_20260715222102.pdf,5,DEC28,20,1.0,1.0,10257.0,10257.0,True,True
raw/wayback/puts_20260715222102.pdf,5,MAR29,8,0.0,0,1632.0,1632.0,True,True
raw/wayback/puts_20260715222102.pdf,5,JUN29,5,0.0,0,1209.0,1209.0,True,True
raw/wayback/puts_20260715222102.pdf,5,SEP29,2,0.0,0,107.0,107.0,True,True
raw/wayback/puts_20260715222102.pdf,5,DEC29,2,0.0,0,84.0,84.0,True,True
raw/wayback/puts_20260715222102.pdf,5,MAR30,2,0.0,0,42.0,42.0,True,True
raw/wayback/puts_20260716221913.pdf,1,AUG26,35,60299.0,60299.0,695965.0,695965.0,True,True
raw/wayback/puts_20260716221913.pdf,1,SEP26,61,316465.0,316465.0,3345997.0,3345997.0,True,True
raw/wayback/puts_20260716221913.pdf,2,OCT26,31,10354.0,10354.0,400093.0,400093.0,True,True
raw/wayback/puts_20260716221913.pdf,2,NOV26,22,3000.0,3000.0,140514.0,140514.0,True,True
raw/wayback/puts_20260716221913.pdf,2,DEC26,70,221374.0,221374.0,4230912.0,4230912.0,True,True
raw/wayback/puts_20260716221913.pdf,3,MAR27,60,25884.0,25884.0,1451475.0,1451475.0,True,True
raw/wayback/puts_20260716221913.pdf,3,JUN27,50,29507.0,29507.0,584900.0,584900.0,True,True
raw/wayback/puts_20260716221913.pdf,3,SEP27,41,200.0,200.0,346904.0,346904.0,True,True
raw/wayback/puts_20260716221913.pdf,4,DEC27,38,4.0,4.0,278178.0,278178.0,True,True
raw/wayback/puts_20260716221913.pdf,4,MAR28,28,2750.0,2750.0,137494.0,137494.0,True,True
raw/wayback/puts_20260716221913.pdf,4,JUN28,22,0.0,0,87594.0,87594.0,True,True
raw/wayback/puts_20260716221913.pdf,4,SEP28,20,0.0,0,47029.0,47029.0,True,True
raw/wayback/puts_20260716221913.pdf,5,DEC28,20,0.0,0,10257.0,10257.0,True,True
raw/wayback/puts_20260716221913.pdf,5,MAR29,8,0.0,0,1632.0,1632.0,True,True
raw/wayback/puts_20260716221913.pdf,5,JUN29,5,0.0,0,1209.0,1209.0,True,True
raw/wayback/puts_20260716221913.pdf,5,SEP29,2,0.0,0,107.0,107.0,True,True
raw/wayback/puts_20260716221913.pdf,5,DEC29,2,0.0,0,84.0,84.0,True,True
raw/wayback/puts_20260716221913.pdf,5,MAR30,2,0.0,0,42.0,42.0,True,True
raw/wayback/calls_20260717221410.pdf,3,AUG26,38,9470.0,9470.0,823443.0,823443.0,True,True
raw/wayback/calls_20260717221410.pdf,3,SEP26,61,28679.0,28679.0,5953919.0,5953919.0,True,True
raw/wayback/calls_20260717221410.pdf,4,OCT26,32,6800.0,6800.0,763365.0,763365.0,True,True
raw/wayback/calls_20260717221410.pdf,4,NOV26,21,750.0,750.0,265368.0,265368.0,True,True
raw/wayback/calls_20260717221410.pdf,4,DEC26,67,55942.0,55942.0,6449766.0,6449766.0,True,True
raw/wayback/calls_20260717221410.pdf,5,MAR27,54,19930.0,19930.0,1576534.0,1576534.0,True,True
raw/wayback/calls_20260717221410.pdf,5,JUN27,50,16550.0,16550.0,950388.0,950388.0,True,True
raw/wayback/calls_20260717221410.pdf,5,SEP27,32,202.0,202.0,237481.0,237481.0,True,True
raw/wayback/calls_20260717221410.pdf,5,DEC27,32,3908.0,3908.0,598643.0,598643.0,True,True
raw/wayback/calls_20260717221410.pdf,6,MAR28,22,2600.0,2600.0,200035.0,200035.0,True,True
raw/wayback/calls_20260717221410.pdf,6,JUN28,22,300.0,300.0,181250.0,181250.0,True,True
raw/wayback/calls_20260717221410.pdf,6,SEP28,18,300.0,300.0,160087.0,160087.0,True,True
raw/wayback/calls_20260717221410.pdf,6,DEC28,17,300.0,300.0,45842.0,45842.0,True,True
raw/wayback/calls_20260717221410.pdf,6,MAR29,9,200.0,200.0,3389.0,3389.0,True,True
raw/wayback/calls_20260717221410.pdf,6,JUN29,6,200.0,200.0,23442.0,23442.0,True,True
raw/wayback/calls_20260717221410.pdf,6,SEP29,2,0.0,0,21.0,21.0,True,True
raw/wayback/calls_20260717221410.pdf,6,DEC29,2,0.0,0,104.0,104.0,True,True
raw/wayback/puts_20260717221425.pdf,1,AUG26,35,8227.0,8227.0,700941.0,700941.0,True,True
raw/wayback/puts_20260717221425.pdf,1,SEP26,61,138524.0,138524.0,3291272.0,3291272.0,True,True
raw/wayback/puts_20260717221425.pdf,2,OCT26,31,2331.0,2331.0,400938.0,400938.0,True,True
raw/wayback/puts_20260717221425.pdf,2,NOV26,22,0.0,0,140514.0,140514.0,True,True
raw/wayback/puts_20260717221425.pdf,2,DEC26,70,24150.0,24150.0,4241349.0,4241349.0,True,True
raw/wayback/puts_20260717221425.pdf,3,MAR27,60,7125.0,7125.0,1454550.0,1454550.0,True,True
raw/wayback/puts_20260717221425.pdf,3,JUN27,50,1670.0,1670.0,585557.0,585557.0,True,True
raw/wayback/puts_20260717221425.pdf,3,SEP27,41,0.0,0,346904.0,346904.0,True,True
raw/wayback/puts_20260717221425.pdf,4,DEC27,38,208.0,208.0,278374.0,278374.0,True,True
raw/wayback/puts_20260717221425.pdf,4,MAR28,28,400.0,400.0,137794.0,137794.0,True,True
raw/wayback/puts_20260717221425.pdf,4,JUN28,22,0.0,0,87594.0,87594.0,True,True
raw/wayback/puts_20260717221425.pdf,4,SEP28,20,0.0,0,47029.0,47029.0,True,True
raw/wayback/puts_20260717221425.pdf,5,DEC28,20,0.0,0,10257.0,10257.0,True,True
raw/wayback/puts_20260717221425.pdf,5,MAR29,8,0.0,0,1632.0,1632.0,True,True
raw/wayback/puts_20260717221425.pdf,5,JUN29,5,0.0,0,1209.0,1209.0,True,True
raw/wayback/puts_20260717221425.pdf,5,SEP29,2,0.0,0,107.0,107.0,True,True
raw/wayback/puts_20260717221425.pdf,5,DEC29,2,0.0,0,84.0,84.0,True,True
raw/wayback/puts_20260717221425.pdf,5,MAR30,2,0.0,0,42.0,42.0,True,True
raw/wayback/calls_20260720221733.pdf,3,AUG26,38,21726.0,21726.0,830823.0,830823.0,True,True
raw/wayback/calls_20260720221733.pdf,3,SEP26,61,181731.0,181731.0,5973412.0,5973412.0,True,True
raw/wayback/calls_20260720221733.pdf,4,OCT26,32,67722.0,67722.0,786142.0,786142.0,True,True
raw/wayback/calls_20260720221733.pdf,4,NOV26,21,3847.0,3847.0,262505.0,262505.0,True,True
raw/wayback/calls_20260720221733.pdf,4,DEC26,67,141054.0,141054.0,6505973.0,6505973.0,True,True
raw/wayback/calls_20260720221733.pdf,5,MAR27,54,181621.0,181621.0,1676777.0,1676777.0,True,True
raw/wayback/calls_20260720221733.pdf,5,JUN27,50,10291.0,10291.0,947299.0,947299.0,True,True
raw/wayback/calls_20260720221733.pdf,5,SEP27,32,500.0,500.0,237731.0,237731.0,True,True
raw/wayback/calls_20260720221733.pdf,5,DEC27,32,4950.0,4950.0,602061.0,602061.0,True,True
raw/wayback/calls_20260720221733.pdf,6,MAR28,22,20.0,20.0,200055.0,200055.0,True,True
raw/wayback/calls_20260720221733.pdf,6,JUN28,22,250.0,250.0,181250.0,181250.0,True,True
raw/wayback/calls_20260720221733.pdf,6,SEP28,18,250.0,250.0,160337.0,160337.0,True,True
raw/wayback/calls_20260720221733.pdf,6,DEC28,17,250.0,250.0,45942.0,45942.0,True,True
raw/wayback/calls_20260720221733.pdf,6,MAR29,9,0.0,0,3389.0,3389.0,True,True
raw/wayback/calls_20260720221733.pdf,6,JUN29,6,0.0,0,23442.0,23442.0,True,True
raw/wayback/calls_20260720221733.pdf,6,SEP29,2,0.0,0,21.0,21.0,True,True
raw/wayback/calls_20260720221733.pdf,6,DEC29,2,0.0,0,104.0,104.0,True,True
raw/wayback/puts_20260720221744.pdf,1,AUG26,35,31524.0,31524.0,715635.0,715635.0,True,True
raw/wayback/puts_20260720221744.pdf,1,SEP26,61,108984.0,108984.0,3262219.0,3262219.0,True,True
raw/wayback/puts_20260720221744.pdf,2,OCT26,31,32001.0,32001.0,418551.0,418551.0,True,True
raw/wayback/puts_20260720221744.pdf,2,NOV26,22,1.0,1.0,140515.0,140515.0,True,True
raw/wayback/puts_20260720221744.pdf,2,DEC26,70,37293.0,37293.0,4249120.0,4249120.0,True,True
raw/wayback/puts_20260720221744.pdf,3,MAR27,60,260.0,260.0,1454550.0,1454550.0,True,True
raw/wayback/puts_20260720221744.pdf,3,JUN27,50,4800.0,4800.0,589257.0,589257.0,True,True
raw/wayback/puts_20260720221744.pdf,3,SEP27,41,0.0,0,346904.0,346904.0,True,True
raw/wayback/puts_20260720221744.pdf,4,DEC27,38,0.0,0,278374.0,278374.0,True,True
raw/wayback/puts_20260720221744.pdf,4,MAR28,28,2000.0,2000.0,139094.0,139094.0,True,True
raw/wayback/puts_20260720221744.pdf,4,JUN28,22,0.0,0,87594.0,87594.0,True,True
raw/wayback/puts_20260720221744.pdf,4,SEP28,20,0.0,0,47029.0,47029.0,True,True
raw/wayback/puts_20260720221744.pdf,5,DEC28,20,0.0,0,10257.0,10257.0,True,True
raw/wayback/puts_20260720221744.pdf,5,MAR29,8,0.0,0,1632.0,1632.0,True,True
raw/wayback/puts_20260720221744.pdf,5,JUN29,5,0.0,0,1209.0,1209.0,True,True
raw/wayback/puts_20260720221744.pdf,5,SEP29,2,0.0,0,107.0,107.0,True,True
raw/wayback/puts_20260720221744.pdf,5,DEC29,2,0.0,0,84.0,84.0,True,True
raw/wayback/puts_20260720221744.pdf,5,MAR30,2,0.0,0,42.0,42.0,True,True
raw/wayback/calls_20260721222044.pdf,3,AUG26,38,51946.0,51946.0,812866.0,812866.0,True,True
raw/wayback/calls_20260721222044.pdf,3,SEP26,61,28970.0,28970.0,5983121.0,5983121.0,True,True
raw/wayback/calls_20260721222044.pdf,4,OCT26,32,19760.0,19760.0,797623.0,797623.0,True,True
raw/wayback/calls_20260721222044.pdf,4,NOV26,21,0.0,0,262505.0,262505.0,True,True
raw/wayback/calls_20260721222044.pdf,4,DEC26,68,43342.0,43342.0,6503940.0,6503940.0,True,True
raw/wayback/calls_20260721222044.pdf,5,MAR27,54,89519.0,89519.0,1745320.0,1745320.0,True,True
raw/wayback/calls_20260721222044.pdf,5,JUN27,50,19095.0,19095.0,957354.0,957354.0,True,True
raw/wayback/calls_20260721222044.pdf,5,SEP27,32,100.0,100.0,237831.0,237831.0,True,True
raw/wayback/calls_20260721222044.pdf,5,DEC27,32,6007.0,6007.0,602062.0,602062.0,True,True
raw/wayback/calls_20260721222044.pdf,6,MAR28,22,78.0,78.0,200115.0,200115.0,True,True
raw/wayback/calls_20260721222044.pdf,6,JUN28,22,0.0,0,181250.0,181250.0,True,True
raw/wayback/calls_20260721222044.pdf,6,SEP28,18,4.0,4.0,160341.0,160341.0,True,True
raw/wayback/calls_20260721222044.pdf,6,DEC28,17,0.0,0,45942.0,45942.0,True,True
raw/wayback/calls_20260721222044.pdf,6,MAR29,9,0.0,0,3389.0,3389.0,True,True
raw/wayback/calls_20260721222044.pdf,6,JUN29,6,0.0,0,23442.0,23442.0,True,True
raw/wayback/calls_20260721222044.pdf,6,SEP29,2,0.0,0,21.0,21.0,True,True
raw/wayback/calls_20260721222044.pdf,6,DEC29,2,0.0,0,104.0,104.0,True,True
raw/wayback/calls_20260722222228.pdf,3,AUG26,39,91321.0,91321.0,825160.0,825160.0,True,True
raw/wayback/calls_20260722222228.pdf,3,SEP26,60,331519.0,331519.0,6055081.0,6055081.0,True,True
raw/wayback/calls_20260722222228.pdf,4,OCT26,32,3588.0,3588.0,799745.0,799745.0,True,True
raw/wayback/calls_20260722222228.pdf,4,NOV26,22,16.0,16.0,262521.0,262521.0,True,True
raw/wayback/calls_20260722222228.pdf,4,DEC26,68,93951.0,93951.0,6507820.0,6507820.0,True,True
raw/wayback/calls_20260722222228.pdf,5,MAR27,54,173399.0,173399.0,1867633.0,1867633.0,True,True
raw/wayback/calls_20260722222228.pdf,5,JUN27,50,23039.0,23039.0,973789.0,973789.0,True,True
raw/wayback/calls_20260722222228.pdf,5,SEP27,32,101.0,101.0,237832.0,237832.0,True,True
raw/wayback/calls_20260722222228.pdf,5,DEC27,32,500.0,500.0,602562.0,602562.0,True,True
raw/wayback/calls_20260722222228.pdf,6,MAR28,22,15.0,15.0,200130.0,200130.0,True,True
raw/wayback/calls_20260722222228.pdf,6,JUN28,22,0.0,0,181250.0,181250.0,True,True
raw/wayback/calls_20260722222228.pdf,6,SEP28,18,0.0,0,160341.0,160341.0,True,True
raw/wayback/calls_20260722222228.pdf,6,DEC28,18,4.0,4.0,45946.0,45946.0,True,True
raw/wayback/calls_20260722222228.pdf,6,MAR29,9,0.0,0,3389.0,3389.0,True,True
raw/wayback/calls_20260722222228.pdf,6,JUN29,6,0.0,0,23442.0,23442.0,True,True
raw/wayback/calls_20260722222228.pdf,6,SEP29,2,0.0,0,21.0,21.0,True,True
raw/wayback/calls_20260722222228.pdf,6,DEC29,2,0.0,0,104.0,104.0,True,True
raw/wayback/puts_20260722222243.pdf,1,AUG26,35,98874.0,98874.0,734176.0,734176.0,True,True
raw/wayback/puts_20260722222243.pdf,1,SEP26,61,112375.0,112375.0,3282394.0,3282394.0,True,True
raw/wayback/puts_20260722222243.pdf,2,OCT26,31,64574.0,64574.0,420735.0,420735.0,True,True
raw/wayback/puts_20260722222243.pdf,2,NOV26,22,1.0,1.0,140516.0,140516.0,True,True
raw/wayback/puts_20260722222243.pdf,2,DEC26,70,195247.0,195247.0,4309045.0,4309045.0,True,True
raw/wayback/puts_20260722222243.pdf,3,MAR27,60,13386.0,13386.0,1452983.0,1452983.0,True,True
raw/wayback/puts_20260722222243.pdf,3,JUN27,50,3287.0,3287.0,591212.0,591212.0,True,True
raw/wayback/puts_20260722222243.pdf,3,SEP27,41,3400.0,3400.0,350554.0,350554.0,True,True
raw/wayback/puts_20260722222243.pdf,4,DEC27,38,3802.0,3802.0,275824.0,275824.0,True,True
raw/wayback/puts_20260722222243.pdf,4,MAR28,28,3300.0,3300.0,146344.0,146344.0,True,True
raw/wayback/puts_20260722222243.pdf,4,JUN28,22,0.0,0,87594.0,87594.0,True,True
raw/wayback/puts_20260722222243.pdf,4,SEP28,20,0.0,0,47029.0,47029.0,True,True
raw/wayback/puts_20260722222243.pdf,5,DEC28,20,0.0,0,10257.0,10257.0,True,True
raw/wayback/puts_20260722222243.pdf,5,MAR29,8,0.0,0,1632.0,1632.0,True,True
raw/wayback/puts_20260722222243.pdf,5,JUN29,5,0.0,0,1209.0,1209.0,True,True
raw/wayback/puts_20260722222243.pdf,5,SEP29,2,0.0,0,107.0,107.0,True,True
raw/wayback/puts_20260722222243.pdf,5,DEC29,2,0.0,0,84.0,84.0,True,True
raw/wayback/puts_20260722222243.pdf,5,MAR30,2,0.0,0,42.0,42.0,True,True
raw/wayback/calls_20260723221543.pdf,3,AUG26,41,246297.0,246297.0,936031.0,936031.0,True,True
raw/wayback/calls_20260723221543.pdf,3,SEP26,60,120196.0,120196.0,6080025.0,6080025.0,True,True
raw/wayback/calls_20260723221543.pdf,4,OCT26,33,11725.0,11725.0,801875.0,801875.0,True,True
raw/wayback/calls_20260723221543.pdf,4,NOV26,22,1069.0,1069.0,262871.0,262871.0,True,True
raw/wayback/calls_20260723221543.pdf,4,DEC26,68,449325.0,449325.0,6580368.0,6580368.0,True,True
raw/wayback/calls_20260723221543.pdf,4,JAN27,1,16.0,16.0,16.0,16.0,True,True
raw/wayback/calls_20260723221543.pdf,5,MAR27,56,11316.0,11316.0,1877642.0,1877642.0,True,True
raw/wayback/calls_20260723221543.pdf,5,JUN27,51,8669.0,8669.0,972353.0,972353.0,True,True
raw/wayback/calls_20260723221543.pdf,5,SEP27,32,200.0,200.0,237832.0,237832.0,True,True
raw/wayback/calls_20260723221543.pdf,6,DEC27,32,55.0,55.0,602827.0,602827.0,True,True
raw/wayback/calls_20260723221543.pdf,6,MAR28,23,850.0,850.0,201118.0,201118.0,True,True
raw/wayback/calls_20260723221543.pdf,6,JUN28,22,0.0,0,182952.0,182952.0,True,True
raw/wayback/calls_20260723221543.pdf,6,SEP28,18,0.0,0,160360.0,160360.0,True,True
raw/wayback/calls_20260723221543.pdf,6,DEC28,18,0.0,0,46169.0,46169.0,True,True
raw/wayback/calls_20260723221543.pdf,6,MAR29,9,0.0,0,3389.0,3389.0,True,True
raw/wayback/calls_20260723221543.pdf,6,JUN29,6,0.0,0,23442.0,23442.0,True,True
raw/wayback/calls_20260723221543.pdf,6,SEP29,2,0.0,0,21.0,21.0,True,True
raw/wayback/calls_20260723221543.pdf,6,DEC29,2,0.0,0,104.0,104.0,True,True
raw/wayback/puts_20260723221610.pdf,1,AUG26,36,214098.0,214098.0,819858.0,819858.0,True,True
raw/wayback/puts_20260723221610.pdf,1,SEP26,61,155140.0,155140.0,3279425.0,3279425.0,True,True
raw/wayback/puts_20260723221610.pdf,2,OCT26,33,25576.0,25576.0,437805.0,437805.0,True,True
raw/wayback/puts_20260723221610.pdf,2,NOV26,22,6000.0,6000.0,144516.0,144516.0,True,True
raw/wayback/puts_20260723221610.pdf,2,DEC26,70,185110.0,185110.0,4298639.0,4298639.0,True,True
raw/wayback/puts_20260723221610.pdf,2,JAN27,3,2854.0,2854.0,2854.0,2854.0,True,True
raw/wayback/puts_20260723221610.pdf,3,MAR27,60,6544.0,6544.0,1460225.0,1460225.0,True,True
raw/wayback/puts_20260723221610.pdf,3,JUN27,50,16932.0,16932.0,596177.0,596177.0,True,True
raw/wayback/puts_20260723221610.pdf,4,SEP27,41,708.0,708.0,351047.0,351047.0,True,True
raw/wayback/puts_20260723221610.pdf,4,DEC27,38,439.0,439.0,275861.0,275861.0,True,True
raw/wayback/puts_20260723221610.pdf,4,MAR28,28,937.0,937.0,147363.0,147363.0,True,True
raw/wayback/puts_20260723221610.pdf,4,JUN28,22,0.0,0,87594.0,87594.0,True,True
raw/wayback/puts_20260723221610.pdf,4,SEP28,20,0.0,0,47280.0,47280.0,True,True
raw/wayback/puts_20260723221610.pdf,5,DEC28,20,0.0,0,10257.0,10257.0,True,True
raw/wayback/puts_20260723221610.pdf,5,MAR29,8,0.0,0,1632.0,1632.0,True,True
raw/wayback/puts_20260723221610.pdf,5,JUN29,5,0.0,0,1209.0,1209.0,True,True
raw/wayback/puts_20260723221610.pdf,5,SEP29,2,0.0,0,107.0,107.0,True,True
raw/wayback/puts_20260723221610.pdf,5,DEC29,2,0.0,0,84.0,84.0,True,True
raw/wayback/puts_20260723221610.pdf,5,MAR30,2,0.0,0,42.0,42.0,True,True
raw/wayback/calls_20260724222511.pdf,3,AUG26,41,206552.0,206552.0,948591.0,948591.0,True,True
raw/wayback/calls_20260724222511.pdf,3,SEP26,60,74259.0,74259.0,6081499.0,6081499.0,True,True
raw/wayback/calls_20260724222511.pdf,4,OCT26,33,15031.0,15031.0,810791.0,810791.0,True,True
raw/wayback/calls_20260724222511.pdf,4,NOV26,23,23358.0,23358.0,280638.0,280638.0,True,True
raw/wayback/calls_20260724222511.pdf,4,DEC26,68,208336.0,208336.0,6585203.0,6585203.0,True,True
raw/wayback/calls_20260724222511.pdf,4,JAN27,2,16.0,16.0,32.0,32.0,True,True
raw/wayback/calls_20260724222511.pdf,5,MAR27,56,18961.0,18961.0,1879467.0,1879467.0,True,True
raw/wayback/calls_20260724222511.pdf,5,JUN27,52,49825.0,49825.0,998003.0,998003.0,True,True
raw/wayback/calls_20260724222511.pdf,5,SEP27,32,39124.0,39124.0,273282.0,273282.0,True,True
raw/wayback/calls_20260724222511.pdf,6,DEC27,32,13139.0,13139.0,605591.0,605591.0,True,True
raw/wayback/calls_20260724222511.pdf,6,MAR28,23,500.0,500.0,201480.0,201480.0,True,True
raw/wayback/calls_20260724222511.pdf,6,JUN28,22,40.0,40.0,181290.0,181290.0,True,True
raw/wayback/calls_20260724222511.pdf,6,SEP28,18,0.0,0,160341.0,160341.0,True,True
raw/wayback/calls_20260724222511.pdf,6,DEC28,18,3500.0,3500.0,46828.0,46828.0,True,True
raw/wayback/calls_20260724222511.pdf,6,MAR29,9,0.0,0,3389.0,3389.0,True,True
raw/wayback/calls_20260724222511.pdf,6,JUN29,6,0.0,0,23442.0,23442.0,True,True
raw/wayback/calls_20260724222511.pdf,6,SEP29,2,0.0,0,21.0,21.0,True,True
raw/wayback/calls_20260724222511.pdf,6,DEC29,2,0.0,0,104.0,104.0,True,True
raw/wayback/puts_20260724222527.pdf,1,AUG26,36,443679.0,443679.0,994017.0,994017.0,True,True
raw/wayback/puts_20260724222527.pdf,1,SEP26,61,237767.0,237767.0,3375380.0,3375380.0,True,True
raw/wayback/puts_20260724222527.pdf,2,OCT26,33,40071.0,40071.0,411164.0,411164.0,True,True
raw/wayback/puts_20260724222527.pdf,2,NOV26,22,0.0,0,144516.0,144516.0,True,True
raw/wayback/puts_20260724222527.pdf,2,DEC26,70,346791.0,346791.0,4391830.0,4391830.0,True,True
raw/wayback/puts_20260724222527.pdf,2,JAN27,3,0.0,0,2854.0,2854.0,True,True
raw/wayback/puts_20260724222527.pdf,3,MAR27,60,7779.0,7779.0,1455530.0,1455530.0,True,True
raw/wayback/puts_20260724222527.pdf,3,JUN27,51,14856.0,14856.0,603372.0,603372.0,True,True
raw/wayback/puts_20260724222527.pdf,4,SEP27,41,15770.0,15770.0,355148.0,355148.0,True,True
raw/wayback/puts_20260724222527.pdf,4,DEC27,38,17513.0,17513.0,280644.0,280644.0,True,True
raw/wayback/puts_20260724222527.pdf,4,MAR28,29,1038.0,1038.0,148089.0,148089.0,True,True
raw/wayback/puts_20260724222527.pdf,4,JUN28,23,2250.0,2250.0,89844.0,89844.0,True,True
raw/wayback/puts_20260724222527.pdf,5,SEP28,20,0.0,0,47029.0,47029.0,True,True
raw/wayback/puts_20260724222527.pdf,5,DEC28,20,7800.0,7800.0,17857.0,17857.0,True,True
raw/wayback/puts_20260724222527.pdf,5,MAR29,8,0.0,0,1632.0,1632.0,True,True
raw/wayback/puts_20260724222527.pdf,5,JUN29,5,0.0,0,1209.0,1209.0,True,True
raw/wayback/puts_20260724222527.pdf,5,SEP29,2,0.0,0,107.0,107.0,True,True
raw/wayback/puts_20260724222527.pdf,5,DEC29,2,0.0,0,84.0,84.0,True,True
raw/wayback/puts_20260724222527.pdf,5,MAR30,2,0.0,0,42.0,42.0,True,True
raw/wayback/calls_20260727222329.pdf,3,AUG26,41,56524.0,56524.0,958469.0,958469.0,True,True
raw/wayback/calls_20260727222329.pdf,3,SEP26,61,187293.0,187293.0,6118429.0,6118429.0,True,True
raw/wayback/calls_20260727222329.pdf,4,OCT26,33,23072.0,23072.0,823744.0,823744.0,True,True
raw/wayback/calls_20260727222329.pdf,4,NOV26,23,0.0,0,280638.0,280638.0,True,True
raw/wayback/calls_20260727222329.pdf,4,DEC26,69,116242.0,116242.0,6620551.0,6620551.0,True,True
raw/wayback/calls_20260727222329.pdf,4,JAN27,2,0.0,0,32.0,32.0,True,True
raw/wayback/calls_20260727222329.pdf,5,MAR27,56,7127.0,7127.0,1883123.0,1883123.0,True,True
raw/wayback/calls_20260727222329.pdf,5,JUN27,52,9121.0,9121.0,999271.0,999271.0,True,True
raw/wayback/calls_20260727222329.pdf,5,SEP27,32,500.0,500.0,273132.0,273132.0,True,True
raw/wayback/calls_20260727222329.pdf,6,DEC27,32,4746.0,4746.0,609662.0,609662.0,True,True
raw/wayback/calls_20260727222329.pdf,6,MAR28,23,500.0,500.0,201980.0,201980.0,True,True
raw/wayback/calls_20260727222329.pdf,6,JUN28,22,0.0,0,181290.0,181290.0,True,True
raw/wayback/calls_20260727222329.pdf,6,SEP28,18,0.0,0,160341.0,160341.0,True,True
raw/wayback/calls_20260727222329.pdf,6,DEC28,18,950.0,950.0,47778.0,47778.0,True,True
raw/wayback/calls_20260727222329.pdf,6,MAR29,9,0.0,0,3389.0,3389.0,True,True
raw/wayback/calls_20260727222329.pdf,6,JUN29,6,0.0,0,23442.0,23442.0,True,True
raw/wayback/calls_20260727222329.pdf,6,SEP29,2,0.0,0,21.0,21.0,True,True
raw/wayback/calls_20260727222329.pdf,7,DEC29,2,0.0,0,104.0,104.0,True,True
raw/wayback/puts_20260727222427.pdf,1,AUG26,35,80722.0,80722.0,1008264.0,1008264.0,True,True
raw/wayback/puts_20260727222427.pdf,1,SEP26,61,129523.0,129523.0,3382025.0,3382025.0,True,True
raw/wayback/puts_20260727222427.pdf,2,OCT26,33,47979.0,47979.0,441873.0,441873.0,True,True
raw/wayback/puts_20260727222427.pdf,2,NOV26,22,0.0,0,144516.0,144516.0,True,True
raw/wayback/puts_20260727222427.pdf,2,DEC26,70,68214.0,68214.0,4410208.0,4410208.0,True,True
raw/wayback/puts_20260727222427.pdf,2,JAN27,3,0.0,0,2854.0,2854.0,True,True
raw/wayback/puts_20260727222427.pdf,3,MAR27,62,29392.0,29392.0,1453750.0,1453750.0,True,True
raw/wayback/puts_20260727222427.pdf,3,JUN27,51,11930.0,11930.0,602969.0,602969.0,True,True
raw/wayback/puts_20260727222427.pdf,4,SEP27,41,16070.0,16070.0,362062.0,362062.0,True,True
raw/wayback/puts_20260727222427.pdf,4,DEC27,38,4436.0,4436.0,282178.0,282178.0,True,True
raw/wayback/puts_20260727222427.pdf,4,MAR28,29,500.0,500.0,148589.0,148589.0,True,True
raw/wayback/puts_20260727222427.pdf,4,JUN28,23,0.0,0,89844.0,89844.0,True,True
raw/wayback/puts_20260727222427.pdf,5,SEP28,20,0.0,0,47029.0,47029.0,True,True
raw/wayback/puts_20260727222427.pdf,5,DEC28,21,950.0,950.0,18807.0,18807.0,True,True
raw/wayback/puts_20260727222427.pdf,5,MAR29,8,0.0,0,1632.0,1632.0,True,True
raw/wayback/puts_20260727222427.pdf,5,JUN29,5,0.0,0,1209.0,1209.0,True,True
raw/wayback/puts_20260727222427.pdf,5,SEP29,2,0.0,0,107.0,107.0,True,True
raw/wayback/puts_20260727222427.pdf,5,DEC29,2,0.0,0,84.0,84.0,True,True
raw/wayback/puts_20260727222427.pdf,5,MAR30,2,0.0,0,42.0,42.0,True,True
raw/wayback/calls_20260730223124.pdf,3,AUG26,41,351974.0,351974.0,1040580.0,1040580.0,True,True
raw/wayback/calls_20260730223124.pdf,3,SEP26,61,436499.0,436499.0,6312071.0,6312071.0,True,True
raw/wayback/calls_20260730223124.pdf,4,OCT26,33,31933.0,31933.0,844588.0,844588.0,True,True
raw/wayback/calls_20260730223124.pdf,4,NOV26,24,5520.0,5520.0,270930.0,270930.0,True,True
raw/wayback/calls_20260730223124.pdf,4,DEC26,69,142865.0,142865.0,6571857.0,6571857.0,True,True
raw/wayback/calls_20260730223124.pdf,4,JAN27,3,200.0,200.0,232.0,232.0,True,True
raw/wayback/calls_20260730223124.pdf,5,MAR27,56,28689.0,28689.0,1915006.0,1915006.0,True,True
raw/wayback/calls_20260730223124.pdf,5,JUN27,52,40378.0,40378.0,1019654.0,1019654.0,True,True
raw/wayback/calls_20260730223124.pdf,5,SEP27,32,611.0,611.0,285566.0,285566.0,True,True
raw/wayback/calls_20260730223124.pdf,6,DEC27,32,2741.0,2741.0,610932.0,610932.0,True,True
raw/wayback/calls_20260730223124.pdf,6,MAR28,23,412.0,412.0,201982.0,201982.0,True,True
raw/wayback/calls_20260730223124.pdf,6,JUN28,22,868.0,868.0,181765.0,181765.0,True,True
raw/wayback/calls_20260730223124.pdf,6,SEP28,18,410.0,410.0,160341.0,160341.0,True,True
raw/wayback/calls_20260730223124.pdf,6,DEC28,18,3.0,3.0,49378.0,49378.0,True,True
raw/wayback/calls_20260730223124.pdf,6,MAR29,9,0.0,0,3389.0,3389.0,True,True
raw/wayback/calls_20260730223124.pdf,6,JUN29,6,0.0,0,23442.0,23442.0,True,True
raw/wayback/calls_20260730223124.pdf,6,SEP29,2,0.0,0,21.0,21.0,True,True
raw/wayback/calls_20260730223124.pdf,7,DEC29,2,0.0,0,104.0,104.0,True,True
raw/wayback/puts_20260730223139.pdf,1,AUG26,34,451990.0,451990.0,1075333.0,1075333.0,True,True
raw/wayback/puts_20260730223139.pdf,1,SEP26,62,409661.0,409661.0,3491258.0,3491258.0,True,True
raw/wayback/puts_20260730223139.pdf,2,OCT26,33,42655.0,42655.0,496473.0,496473.0,True,True
raw/wayback/puts_20260730223139.pdf,2,NOV26,22,2000.0,2000.0,145491.0,145491.0,True,True
raw/wayback/puts_20260730223139.pdf,2,DEC26,70,152541.0,152541.0,4459609.0,4459609.0,True,True
raw/wayback/puts_20260730223139.pdf,2,JAN27,3,0.0,0,2854.0,2854.0,True,True
raw/wayback/puts_20260730223139.pdf,3,MAR27,62,35355.0,35355.0,1478694.0,1478694.0,True,True
raw/wayback/puts_20260730223139.pdf,3,JUN27,52,23637.0,23637.0,619394.0,619394.0,True,True
raw/wayback/puts_20260730223139.pdf,4,SEP27,41,12250.0,12250.0,366970.0,366970.0,True,True
raw/wayback/puts_20260730223139.pdf,4,DEC27,38,3250.0,3250.0,285052.0,285052.0,True,True
raw/wayback/puts_20260730223139.pdf,4,MAR28,29,252.0,252.0,154540.0,154540.0,True,True
raw/wayback/puts_20260730223139.pdf,4,JUN28,23,600.0,600.0,90264.0,90264.0,True,True
raw/wayback/puts_20260730223139.pdf,5,SEP28,20,150.0,150.0,47174.0,47174.0,True,True
raw/wayback/puts_20260730223139.pdf,5,DEC28,21,0.0,0,18807.0,18807.0,True,True
raw/wayback/puts_20260730223139.pdf,5,MAR29,8,0.0,0,1632.0,1632.0,True,True
raw/wayback/puts_20260730223139.pdf,5,JUN29,5,0.0,0,1209.0,1209.0,True,True
raw/wayback/puts_20260730223139.pdf,5,SEP29,2,0.0,0,107.0,107.0,True,True
raw/wayback/puts_20260730223139.pdf,5,DEC29,2,0.0,0,84.0,84.0,True,True
raw/wayback/puts_20260730223139.pdf,5,MAR30,2,0.0,0,42.0,42.0,True,True
raw/wayback/calls_20260731223312.pdf,3,AUG26,41,127476.0,127476.0,1039447.0,1039447.0,True,True
raw/wayback/calls_20260731223312.pdf,3,SEP26,61,133546.0,133546.0,6313662.0,6313662.0,True,True
raw/wayback/calls_20260731223312.pdf,4,OCT26,33,71540.0,71540.0,859700.0,859700.0,True,True
raw/wayback/calls_20260731223312.pdf,4,NOV26,24,2008.0,2008.0,272510.0,272510.0,True,True
raw/wayback/calls_20260731223312.pdf,4,DEC26,69,138875.0,138875.0,6658273.0,6658273.0,True,True
raw/wayback/calls_20260731223312.pdf,4,JAN27,7,12675.0,12675.0,12857.0,12857.0,True,True
raw/wayback/calls_20260731223312.pdf,5,MAR27,56,20967.0,20967.0,1924232.0,1924232.0,True,True
raw/wayback/calls_20260731223312.pdf,5,JUN27,52,1766.0,1766.0,1018871.0,1018871.0,True,True
raw/wayback/calls_20260731223312.pdf,5,SEP27,32,2195.0,2195.0,286816.0,286816.0,True,True
raw/wayback/calls_20260731223312.pdf,6,DEC27,32,22639.0,22639.0,626307.0,626307.0,True,True
raw/wayback/calls_20260731223312.pdf,6,MAR28,23,1054.0,1054.0,202632.0,202632.0,True,True
raw/wayback/calls_20260731223312.pdf,6,JUN28,22,685.0,685.0,181830.0,181830.0,True,True
raw/wayback/calls_20260731223312.pdf,6,SEP28,18,210.0,210.0,160341.0,160341.0,True,True
raw/wayback/calls_20260731223312.pdf,6,DEC28,18,60.0,60.0,49438.0,49438.0,True,True
raw/wayback/calls_20260731223312.pdf,6,MAR29,9,0.0,0,3389.0,3389.0,True,True
raw/wayback/calls_20260731223312.pdf,6,JUN29,6,0.0,0,23442.0,23442.0,True,True
raw/wayback/calls_20260731223312.pdf,7,SEP29,2,0.0,0,21.0,21.0,True,True
raw/wayback/calls_20260731223312.pdf,7,DEC29,2,0.0,0,104.0,104.0,True,True
raw/wayback/puts_20260731223338.pdf,1,AUG26,34,152044.0,152044.0,1096875.0,1096875.0,True,True
raw/wayback/puts_20260731223338.pdf,1,SEP26,62,261992.0,261992.0,3546682.0,3546682.0,True,True
raw/wayback/puts_20260731223338.pdf,2,OCT26,33,36781.0,36781.0,492390.0,492390.0,True,True
raw/wayback/puts_20260731223338.pdf,2,NOV26,22,14348.0,14348.0,153239.0,153239.0,True,True
raw/wayback/puts_20260731223338.pdf,2,DEC26,70,219447.0,219447.0,4507532.0,4507532.0,True,True
raw/wayback/puts_20260731223338.pdf,2,JAN27,3,0.0,0,2854.0,2854.0,True,True
raw/wayback/puts_20260731223338.pdf,3,MAR27,62,21455.0,21455.0,1488984.0,1488984.0,True,True
raw/wayback/puts_20260731223338.pdf,3,JUN27,54,59379.0,59379.0,642620.0,642620.0,True,True
raw/wayback/puts_20260731223338.pdf,4,SEP27,41,2150.0,2150.0,368258.0,368258.0,True,True
raw/wayback/puts_20260731223338.pdf,4,DEC27,38,560.0,560.0,285267.0,285267.0,True,True
raw/wayback/puts_20260731223338.pdf,4,MAR28,30,1688.0,1688.0,155372.0,155372.0,True,True
raw/wayback/puts_20260731223338.pdf,4,JUN28,24,1175.0,1175.0,90605.0,90605.0,True,True
raw/wayback/puts_20260731223338.pdf,5,SEP28,20,280.0,280.0,47151.0,47151.0,True,True
raw/wayback/puts_20260731223338.pdf,5,DEC28,21,0.0,0,18807.0,18807.0,True,True
raw/wayback/puts_20260731223338.pdf,5,MAR29,8,0.0,0,1632.0,1632.0,True,True
raw/wayback/puts_20260731223338.pdf,5,JUN29,5,0.0,0,1209.0,1209.0,True,True
raw/wayback/puts_20260731223338.pdf,5,SEP29,2,0.0,0,107.0,107.0,True,True
raw/wayback/puts_20260731223338.pdf,5,DEC29,2,0.0,0,84.0,84.0,True,True
raw/wayback/puts_20260731223338.pdf,5,MAR30,2,0.0,0,42.0,42.0,True,True
raw/wayback/calls_20260803222012.pdf,3,AUG26,40,11527.0,11527.0,1040613.0,1040613.0,True,True
raw/wayback/calls_20260803222012.pdf,3,SEP26,61,82172.0,82172.0,6332807.0,6332807.0,True,True
raw/wayback/calls_20260803222012.pdf,4,OCT26,33,71656.0,71656.0,914942.0,914942.0,True,True
raw/wayback/calls_20260803222012.pdf,4,NOV26,24,1522.0,1522.0,272063.0,272063.0,True,True
raw/wayback/calls_20260803222012.pdf,4,DEC26,69,95627.0,95627.0,6718378.0,6718378.0,True,True
raw/wayback/calls_20260803222012.pdf,4,JAN27,7,3000.0,3000.0,15857.0,15857.0,True,True
raw/wayback/calls_20260803222012.pdf,5,MAR27,56,7379.0,7379.0,1929353.0,1929353.0,True,True
raw/wayback/calls_20260803222012.pdf,5,JUN27,52,3639.0,3639.0,1018637.0,1018637.0,True,True
raw/wayback/calls_20260803222012.pdf,5,SEP27,32,17260.0,17260.0,298425.0,298425.0,True,True
raw/wayback/calls_20260803222012.pdf,6,DEC27,32,3502.0,3502.0,627580.0,627580.0,True,True
raw/wayback/calls_20260803222012.pdf,6,MAR28,23,1152.0,1152.0,203784.0,203784.0,True,True
raw/wayback/calls_20260803222012.pdf,6,JUN28,22,0.0,0,181830.0,181830.0,True,True
raw/wayback/calls_20260803222012.pdf,6,SEP28,18,0.0,0,160341.0,160341.0,True,True
raw/wayback/calls_20260803222012.pdf,6,DEC28,18,3.0,3.0,49438.0,49438.0,True,True
raw/wayback/calls_20260803222012.pdf,6,MAR29,9,0.0,0,3389.0,3389.0,True,True
raw/wayback/calls_20260803222012.pdf,6,JUN29,6,0.0,0,23442.0,23442.0,True,True
raw/wayback/calls_20260803222012.pdf,6,SEP29,2,0.0,0,21.0,21.0,True,True
raw/wayback/calls_20260803222012.pdf,7,DEC29,2,0.0,0,104.0,104.0,True,True
raw/wayback/puts_20260803222027.pdf,1,AUG26,34,80046.0,80046.0,1086171.0,1086171.0,True,True
raw/wayback/puts_20260803222027.pdf,1,SEP26,61,157590.0,157590.0,3618145.0,3618145.0,True,True
raw/wayback/puts_20260803222027.pdf,2,OCT26,33,65134.0,65134.0,519293.0,519293.0,True,True
raw/wayback/puts_20260803222027.pdf,2,NOV26,22,11118.0,11118.0,141512.0,141512.0,True,True
raw/wayback/puts_20260803222027.pdf,2,DEC26,70,243113.0,243113.0,4655752.0,4655752.0,True,True
raw/wayback/puts_20260803222027.pdf,2,JAN27,3,0.0,0,2854.0,2854.0,True,True
raw/wayback/puts_20260803222027.pdf,3,MAR27,62,22167.0,22167.0,1498774.0,1498774.0,True,True
raw/wayback/puts_20260803222027.pdf,3,JUN27,54,12738.0,12738.0,652784.0,652784.0,True,True
raw/wayback/puts_20260803222027.pdf,4,SEP27,41,2803.0,2803.0,369571.0,369571.0,True,True
raw/wayback/puts_20260803222027.pdf,4,DEC27,38,3554.0,3554.0,286221.0,286221.0,True,True
raw/wayback/puts_20260803222027.pdf,4,MAR28,31,1748.0,1748.0,156722.0,156722.0,True,True
raw/wayback/puts_20260803222027.pdf,4,JUN28,24,50.0,50.0,90655.0,90655.0,True,True
raw/wayback/puts_20260803222027.pdf,5,SEP28,20,50.0,50.0,47201.0,47201.0,True,True
raw/wayback/puts_20260803222027.pdf,5,DEC28,21,2000.0,2000.0,20757.0,20757.0,True,True
raw/wayback/puts_20260803222027.pdf,5,MAR29,8,0.0,0,1632.0,1632.0,True,True
raw/wayback/puts_20260803222027.pdf,5,JUN29,5,0.0,0,1209.0,1209.0,True,True
raw/wayback/puts_20260803222027.pdf,5,SEP29,2,0.0,0,107.0,107.0,True,True
raw/wayback/puts_20260803222027.pdf,5,DEC29,2,0.0,0,84.0,84.0,True,True
raw/wayback/puts_20260803222027.pdf,5,MAR30,2,0.0,0,42.0,42.0,True,True
raw/wayback/calls_20260804222227.pdf,3,AUG26,40,14960.0,14960.0,1033231.0,1033231.0,True,True
raw/wayback/calls_20260804222227.pdf,3,SEP26,61,97209.0,97209.0,6343927.0,6343927.0,True,True
raw/wayback/calls_20260804222227.pdf,4,OCT26,34,7744.0,7744.0,917276.0,917276.0,True,True
raw/wayback/calls_20260804222227.pdf,4,NOV26,24,7077.0,7077.0,274006.0,274006.0,True,True
raw/wayback/calls_20260804222227.pdf,4,DEC26,69,66854.0,66854.0,6718460.0,6718460.0,True,True
raw/wayback/calls_20260804222227.pdf,4,JAN27,8,16.0,16.0,15873.0,15873.0,True,True
raw/wayback/calls_20260804222227.pdf,5,MAR27,56,16840.0,16840.0,1942340.0,1942340.0,True,True
raw/wayback/calls_20260804222227.pdf,5,JUN27,52,2983.0,2983.0,1019561.0,1019561.0,True,True
raw/wayback/calls_20260804222227.pdf,5,SEP27,32,1018.0,1018.0,298025.0,298025.0,True,True
raw/wayback/calls_20260804222227.pdf,6,DEC27,33,373.0,373.0,627886.0,627886.0,True,True
raw/wayback/calls_20260804222227.pdf,6,MAR28,24,10218.0,10218.0,210820.0,210820.0,True,True
raw/wayback/calls_20260804222227.pdf,6,JUN28,22,118.0,118.0,181712.0,181712.0,True,True
raw/wayback/calls_20260804222227.pdf,6,SEP28,18,0.0,0,160341.0,160341.0,True,True
raw/wayback/calls_20260804222227.pdf,6,DEC28,18,100.0,100.0,49538.0,49538.0,True,True
raw/wayback/calls_20260804222227.pdf,6,MAR29,9,0.0,0,3389.0,3389.0,True,True
raw/wayback/calls_20260804222227.pdf,6,JUN29,6,0.0,0,23442.0,23442.0,True,True
raw/wayback/calls_20260804222227.pdf,7,SEP29,2,0.0,0,21.0,21.0,True,True
raw/wayback/calls_20260804222227.pdf,7,DEC29,2,0.0,0,104.0,104.0,True,True
raw/wayback/puts_20260804222243.pdf,1,AUG26,34,22917.0,22917.0,1071057.0,1071057.0,True,True
raw/wayback/puts_20260804222243.pdf,1,SEP26,61,131997.0,131997.0,3649664.0,3649664.0,True,True
raw/wayback/puts_20260804222243.pdf,2,OCT26,33,35249.0,35249.0,531881.0,531881.0,True,True
raw/wayback/puts_20260804222243.pdf,2,NOV26,22,6077.0,6077.0,141022.0,141022.0,True,True
raw/wayback/puts_20260804222243.pdf,2,DEC26,70,70383.0,70383.0,4630247.0,4630247.0,True,True
raw/wayback/puts_20260804222243.pdf,2,JAN27,4,16.0,16.0,2870.0,2870.0,True,True
raw/wayback/puts_20260804222243.pdf,3,MAR27,62,50787.0,50787.0,1510042.0,1510042.0,True,True
raw/wayback/puts_20260804222243.pdf,3,JUN27,54,1000.0,1000.0,653734.0,653734.0,True,True
raw/wayback/puts_20260804222243.pdf,4,SEP27,41,1100.0,1100.0,370021.0,370021.0,True,True
raw/wayback/puts_20260804222243.pdf,4,DEC27,38,0.0,0,286221.0,286221.0,True,True
raw/wayback/puts_20260804222243.pdf,4,MAR28,31,100.0,100.0,156822.0,156822.0,True,True
raw/wayback/puts_20260804222243.pdf,4,JUN28,24,0.0,0,90655.0,90655.0,True,True
raw/wayback/puts_20260804222243.pdf,5,SEP28,20,0.0,0,47201.0,47201.0,True,True
raw/wayback/puts_20260804222243.pdf,5,DEC28,21,20100.0,20100.0,40557.0,40557.0,True,True
raw/wayback/puts_20260804222243.pdf,5,MAR29,8,0.0,0,1632.0,1632.0,True,True
raw/wayback/puts_20260804222243.pdf,5,JUN29,5,0.0,0,1209.0,1209.0,True,True
raw/wayback/puts_20260804222243.pdf,5,SEP29,2,0.0,0,107.0,107.0,True,True
raw/wayback/puts_20260804222243.pdf,5,DEC29,2,0.0,0,84.0,84.0,True,True
raw/wayback/puts_20260804222243.pdf,5,MAR30,2,0.0,0,42.0,42.0,True,True
raw/wayback/calls_20260805222342.pdf,3,AUG26,40,74338.0,74338.0,1063128.0,1063128.0,True,True
raw/wayback/calls_20260805222342.pdf,3,SEP26,61,105610.0,105610.0,6360947.0,6360947.0,True,True
raw/wayback/calls_20260805222342.pdf,4,OCT26,34,34301.0,34301.0,933056.0,933056.0,True,True
raw/wayback/calls_20260805222342.pdf,4,NOV26,24,7180.0,7180.0,275397.0,275397.0,True,True
raw/wayback/calls_20260805222342.pdf,4,DEC26,69,155907.0,155907.0,6736040.0,6736040.0,True,True
raw/wayback/calls_20260805222342.pdf,4,JAN27,8,2150.0,2150.0,17673.0,17673.0,True,True
raw/wayback/calls_20260805222342.pdf,5,MAR27,56,9796.0,9796.0,1947256.0,1947256.0,True,True
raw/wayback/calls_20260805222342.pdf,5,JUN27,52,2552.0,2552.0,1019018.0,1019018.0,True,True
raw/wayback/calls_20260805222342.pdf,5,SEP27,32,201.0,201.0,298224.0,298224.0,True,True
raw/wayback/calls_20260805222342.pdf,6,DEC27,33,1178.0,1178.0,628528.0,628528.0,True,True
raw/wayback/calls_20260805222342.pdf,6,MAR28,24,14100.0,14100.0,220920.0,220920.0,True,True
raw/wayback/calls_20260805222342.pdf,6,JUN28,22,900.0,900.0,182612.0,182612.0,True,True
raw/wayback/calls_20260805222342.pdf,6,SEP28,19,250.0,250.0,160591.0,160591.0,True,True
raw/wayback/calls_20260805222342.pdf,6,DEC28,18,1600.0,1600.0,50538.0,50538.0,True,True
raw/wayback/calls_20260805222342.pdf,6,MAR29,9,0.0,0,3389.0,3389.0,True,True
raw/wayback/calls_20260805222342.pdf,6,JUN29,6,0.0,0,23442.0,23442.0,True,True
raw/wayback/calls_20260805222342.pdf,7,SEP29,2,0.0,0,21.0,21.0,True,True
raw/wayback/calls_20260805222342.pdf,7,DEC29,2,0.0,0,104.0,104.0,True,True
raw/wayback/puts_20260807011612.pdf,1,AUG26,34,30387.0,30387.0,1100929.0,1100929.0,True,True
raw/wayback/puts_20260807011612.pdf,1,SEP26,61,154498.0,154498.0,3661573.0,3661573.0,True,True
raw/wayback/puts_20260807011612.pdf,2,OCT26,33,31553.0,31553.0,541212.0,541212.0,True,True
raw/wayback/puts_20260807011612.pdf,2,NOV26,22,542.0,542.0,139292.0,139292.0,True,True
raw/wayback/puts_20260807011612.pdf,2,DEC26,70,47748.0,47748.0,4657807.0,4657807.0,True,True
raw/wayback/puts_20260807011612.pdf,2,JAN27,4,0.0,0,2870.0,2870.0,True,True
raw/wayback/puts_20260807011612.pdf,3,MAR27,62,5896.0,5896.0,1515554.0,1515554.0,True,True
raw/wayback/puts_20260807011612.pdf,3,JUN27,54,2600.0,2600.0,652932.0,652932.0,True,True
raw/wayback/puts_20260807011612.pdf,4,SEP27,41,200.0,200.0,376850.0,376850.0,True,True
raw/wayback/puts_20260807011612.pdf,4,DEC27,38,408.0,408.0,286997.0,286997.0,True,True
raw/wayback/puts_20260807011612.pdf,4,MAR28,31,0.0,0,162573.0,162573.0,True,True
raw/wayback/puts_20260807011612.pdf,4,JUN28,24,0.0,0,91255.0,91255.0,True,True
raw/wayback/puts_20260807011612.pdf,5,SEP28,20,0.0,0,47416.0,47416.0,True,True
raw/wayback/puts_20260807011612.pdf,5,DEC28,21,0.0,0,65532.0,65532.0,True,True
raw/wayback/puts_20260807011612.pdf,5,MAR29,8,0.0,0,1632.0,1632.0,True,True
raw/wayback/puts_20260807011612.pdf,5,JUN29,5,0.0,0,1209.0,1209.0,True,True
raw/wayback/puts_20260807011612.pdf,5,SEP29,2,0.0,0,107.0,107.0,True,True
raw/wayback/puts_20260807011612.pdf,5,DEC29,2,0.0,0,84.0,84.0,True,True
raw/wayback/puts_20260807011612.pdf,5,MAR30,2,0.0,0,42.0,42.0,True,True
raw/wayback/calls_20260813215410.pdf,3,AUG26,40,145448.0,145448.0,983836.0,983836.0,True,True
raw/wayback/calls_20260813215410.pdf,3,SEP26,61,401685.0,401685.0,6414317.0,6414317.0,True,True
raw/wayback/calls_20260813215410.pdf,4,OCT26,34,99688.0,99688.0,1063877.0,1063877.0,True,True
raw/wayback/calls_20260813215410.pdf,4,NOV26,25,57872.0,57872.0,365048.0,365048.0,True,True
raw/wayback/calls_20260813215410.pdf,4,DEC26,69,186664.0,186664.0,6917975.0,6917975.0,True,True
raw/wayback/calls_20260813215410.pdf,4,JAN27,15,3905.0,3905.0,52987.0,52987.0,True,True
raw/wayback/calls_20260813215410.pdf,5,MAR27,56,125824.0,125824.0,2063813.0,2063813.0,True,True
raw/wayback/calls_20260813215410.pdf,5,JUN27,53,20607.0,20607.0,1130690.0,1130690.0,True,True
raw/wayback/calls_20260813215410.pdf,5,SEP27,33,47925.0,47925.0,414042.0,414042.0,True,True
raw/wayback/calls_20260813215410.pdf,6,DEC27,34,1026.0,1026.0,626165.0,626165.0,True,True
raw/wayback/calls_20260813215410.pdf,6,MAR28,24,0.0,0,233141.0,233141.0,True,True
raw/wayback/calls_20260813215410.pdf,6,JUN28,22,4450.0,4450.0,186853.0,186853.0,True,True
raw/wayback/calls_20260813215410.pdf,6,SEP28,19,0.0,0,161141.0,161141.0,True,True
raw/wayback/calls_20260813215410.pdf,6,DEC28,18,0.0,0,50741.0,50741.0,True,True
raw/wayback/calls_20260813215410.pdf,7,MAR29,10,0.0,0,3639.0,3639.0,True,True
raw/wayback/calls_20260813215410.pdf,7,JUN29,7,0.0,0,23692.0,23692.0,True,True
raw/wayback/calls_20260813215410.pdf,7,SEP29,2,0.0,0,21.0,21.0,True,True
raw/wayback/calls_20260813215410.pdf,7,DEC29,2,0.0,0,104.0,104.0,True,True
raw/wayback/puts_20260813215426.pdf,1,AUG26,34,24968.0,24968.0,1146163.0,1146163.0,True,True
raw/wayback/puts_20260813215426.pdf,1,SEP26,60,210146.0,210146.0,3762875.0,3762875.0,True,True
raw/wayback/puts_20260813215426.pdf,2,OCT26,33,14888.0,14888.0,506972.0,506972.0,True,True
raw/wayback/puts_20260813215426.pdf,2,NOV26,22,750.0,750.0,143873.0,143873.0,True,True
raw/wayback/puts_20260813215426.pdf,2,DEC26,69,244379.0,244379.0,4532151.0,4532151.0,True,True
raw/wayback/puts_20260813215426.pdf,2,JAN27,8,1.0,1.0,7695.0,7695.0,True,True
raw/wayback/puts_20260813215426.pdf,3,MAR27,62,37854.0,37854.0,1529722.0,1529722.0,True,True
raw/wayback/puts_20260813215426.pdf,3,JUN27,55,3464.0,3464.0,679552.0,679552.0,True,True
raw/wayback/puts_20260813215426.pdf,4,SEP27,41,423.0,423.0,375921.0,375921.0,True,True
raw/wayback/puts_20260813215426.pdf,4,DEC27,38,479.0,479.0,294132.0,294132.0,True,True
raw/wayback/puts_20260813215426.pdf,4,MAR28,31,100.0,100.0,177396.0,177396.0,True,True
raw/wayback/puts_20260813215426.pdf,4,JUN28,24,4550.0,4550.0,95145.0,95145.0,True,True
raw/wayback/puts_20260813215426.pdf,5,SEP28,22,0.0,0,48193.0,48193.0,True,True
raw/wayback/puts_20260813215426.pdf,5,DEC28,23,0.0,0,65797.0,65797.0,True,True
raw/wayback/puts_20260813215426.pdf,5,MAR29,13,0.0,0,2102.0,2102.0,True,True
raw/wayback/puts_20260813215426.pdf,5,JUN29,10,0.0,0,1679.0,1679.0,True,True
raw/wayback/puts_20260813215426.pdf,5,SEP29,3,0.0,0,118.0,118.0,True,True
raw/wayback/puts_20260813215426.pdf,5,DEC29,2,0.0,0,84.0,84.0,True,True
raw/wayback/puts_20260813215426.pdf,5,MAR30,2,0.0,0,42.0,42.0,True,True
raw/wayback/puts_20260813215426.pdf,5,JUN30,1,0.0,0,20.0,20.0,True,True
raw/wayback/calls_20260814213900.pdf,3,AUG26,40,56261.0,56261.0,960501.0,960501.0,True,True
raw/wayback/calls_20260814213900.pdf,3,SEP26,61,144817.0,144817.0,6445359.0,6445359.0,True,True
raw/wayback/calls_20260814213900.pdf,4,OCT26,34,214051.0,214051.0,1151224.0,1151224.0,True,True
raw/wayback/calls_20260814213900.pdf,4,NOV26,26,70879.0,70879.0,410321.0,410321.0,True,True
raw/wayback/calls_20260814213900.pdf,4,DEC26,69,112719.0,112719.0,6939679.0,6939679.0,True,True
raw/wayback/calls_20260814213900.pdf,4,JAN27,16,6210.0,6210.0,57682.0,57682.0,True,True
raw/wayback/calls_20260814213900.pdf,5,MAR27,56,77241.0,77241.0,2066662.0,2066662.0,True,True
raw/wayback/calls_20260814213900.pdf,5,JUN27,54,5138.0,5138.0,1131285.0,1131285.0,True,True
raw/wayback/calls_20260814213900.pdf,5,SEP27,33,2550.0,2550.0,414664.0,414664.0,True,True
raw/wayback/calls_20260814213900.pdf,6,DEC27,34,33133.0,33133.0,644657.0,644657.0,True,True
raw/wayback/calls_20260814213900.pdf,6,MAR28,24,3200.0,3200.0,235191.0,235191.0,True,True
raw/wayback/calls_20260814213900.pdf,6,JUN28,22,860.0,860.0,187322.0,187322.0,True,True
raw/wayback/calls_20260814213900.pdf,6,SEP28,19,550.0,550.0,161641.0,161641.0,True,True
raw/wayback/calls_20260814213900.pdf,6,DEC28,18,0.0,0,50741.0,50741.0,True,True
raw/wayback/calls_20260814213900.pdf,7,MAR29,10,0.0,0,3639.0,3639.0,True,True
raw/wayback/calls_20260814213900.pdf,7,JUN29,7,0.0,0,23692.0,23692.0,True,True
raw/wayback/calls_20260814213900.pdf,7,SEP29,2,0.0,0,21.0,21.0,True,True
raw/wayback/calls_20260814213900.pdf,7,DEC29,2,0.0,0,104.0,104.0,True,True
raw/wayback/puts_20260814213916.pdf,1,AUG26,34,1451.0,1451.0,1147029.0,1147029.0,True,True
raw/wayback/puts_20260814213916.pdf,1,SEP26,60,184759.0,184759.0,3772165.0,3772165.0,True,True
raw/wayback/puts_20260814213916.pdf,2,OCT26,33,45932.0,45932.0,529381.0,529381.0,True,True
raw/wayback/puts_20260814213916.pdf,2,NOV26,22,500.0,500.0,143873.0,143873.0,True,True
raw/wayback/puts_20260814213916.pdf,2,DEC26,69,219841.0,219841.0,4454833.0,4454833.0,True,True
raw/wayback/puts_20260814213916.pdf,2,JAN27,8,0.0,0,7695.0,7695.0,True,True
raw/wayback/puts_20260814213916.pdf,3,MAR27,62,23105.0,23105.0,1526166.0,1526166.0,True,True
raw/wayback/puts_20260814213916.pdf,3,JUN27,55,3376.0,3376.0,679977.0,679977.0,True,True
raw/wayback/puts_20260814213916.pdf,4,SEP27,41,15428.0,15428.0,380571.0,380571.0,True,True
raw/wayback/puts_20260814213916.pdf,4,DEC27,38,21893.0,21893.0,313676.0,313676.0,True,True
raw/wayback/puts_20260814213916.pdf,4,MAR28,31,4250.0,4250.0,178765.0,178765.0,True,True
raw/wayback/puts_20260814213916.pdf,4,JUN28,24,950.0,950.0,95695.0,95695.0,True,True
raw/wayback/puts_20260814213916.pdf,5,SEP28,22,1001.0,1001.0,49176.0,49176.0,True,True
raw/wayback/puts_20260814213916.pdf,5,DEC28,23,0.0,0,65797.0,65797.0,True,True
raw/wayback/puts_20260814213916.pdf,5,MAR29,13,0.0,0,2102.0,2102.0,True,True
raw/wayback/puts_20260814213916.pdf,5,JUN29,10,0.0,0,1679.0,1679.0,True,True
raw/wayback/puts_20260814213916.pdf,5,SEP29,3,0.0,0,118.0,118.0,True,True
raw/wayback/puts_20260814213916.pdf,5,DEC29,2,0.0,0,84.0,84.0,True,True
raw/wayback/puts_20260814213916.pdf,5,MAR30,2,0.0,0,42.0,42.0,True,True
raw/wayback/puts_20260814213916.pdf,5,JUN30,1,0.0,0,20.0,20.0,True,True
raw/wayback/calls_20260817214213.pdf,3,AUG26,39,67301.0,67301.0,0.0,0,True,True
raw/wayback/calls_20260817214213.pdf,3,SEP26,61,247363.0,247363.0,6535934.0,6535934.0,True,True
raw/wayback/calls_20260817214213.pdf,4,OCT26,33,198107.0,198107.0,1240940.0,1240940.0,True,True
raw/wayback/calls_20260817214213.pdf,4,NOV26,26,6000.0,6000.0,415951.0,415951.0,True,True
raw/wayback/calls_20260817214213.pdf,4,DEC26,70,125194.0,125194.0,6974655.0,6974655.0,True,True
raw/wayback/calls_20260817214213.pdf,4,JAN27,17,4129.0,4129.0,60686.0,60686.0,True,True
raw/wayback/calls_20260817214213.pdf,5,MAR27,56,67979.0,67979.0,2088979.0,2088979.0,True,True
raw/wayback/calls_20260817214213.pdf,5,JUN27,54,58885.0,58885.0,1095205.0,1095205.0,True,True
raw/wayback/calls_20260817214213.pdf,5,SEP27,33,39000.0,39000.0,451042.0,451042.0,True,True
raw/wayback/calls_20260817214213.pdf,6,DEC27,34,617.0,617.0,645266.0,645266.0,True,True
raw/wayback/calls_20260817214213.pdf,6,MAR28,24,2600.0,2600.0,237477.0,237477.0,True,True
raw/wayback/calls_20260817214213.pdf,6,JUN28,22,4900.0,4900.0,190932.0,190932.0,True,True
raw/wayback/calls_20260817214213.pdf,6,SEP28,19,0.0,0,161641.0,161641.0,True,True
raw/wayback/calls_20260817214213.pdf,6,DEC28,18,0.0,0,50741.0,50741.0,True,True
raw/wayback/calls_20260817214213.pdf,7,MAR29,10,0.0,0,3639.0,3639.0,True,True
raw/wayback/calls_20260817214213.pdf,7,JUN29,7,0.0,0,23692.0,23692.0,True,True
raw/wayback/calls_20260817214213.pdf,7,SEP29,2,0.0,0,21.0,21.0,True,True
raw/wayback/calls_20260817214213.pdf,7,DEC29,2,0.0,0,104.0,104.0,True,True
raw/wayback/puts_20260817214230.pdf,1,AUG26,34,11231.0,11231.0,0.0,0,True,True
raw/wayback/puts_20260817214230.pdf,1,SEP26,60,189049.0,189049.0,3829408.0,3829408.0,True,True
raw/wayback/puts_20260817214230.pdf,2,OCT26,33,57030.0,57030.0,517911.0,517911.0,True,True
raw/wayback/puts_20260817214230.pdf,2,NOV26,22,280.0,280.0,144145.0,144145.0,True,True
raw/wayback/puts_20260817214230.pdf,2,DEC26,69,118277.0,118277.0,4435495.0,4435495.0,True,True
raw/wayback/puts_20260817214230.pdf,2,JAN27,8,1.0,1.0,7695.0,7695.0,True,True
raw/wayback/puts_20260817214230.pdf,3,MAR27,62,15915.0,15915.0,1525984.0,1525984.0,True,True
raw/wayback/puts_20260817214230.pdf,3,JUN27,55,4995.0,4995.0,683405.0,683405.0,True,True
raw/wayback/puts_20260817214230.pdf,4,SEP27,41,0.0,0,380571.0,380571.0,True,True
raw/wayback/puts_20260817214230.pdf,4,DEC27,38,2495.0,2495.0,315437.0,315437.0,True,True
raw/wayback/puts_20260817214230.pdf,4,MAR28,31,2825.0,2825.0,181140.0,181140.0,True,True
raw/wayback/puts_20260817214230.pdf,4,JUN28,24,175.0,175.0,95870.0,95870.0,True,True
raw/wayback/puts_20260817214230.pdf,5,SEP28,22,0.0,0,49176.0,49176.0,True,True
raw/wayback/puts_20260817214230.pdf,5,DEC28,23,0.0,0,65797.0,65797.0,True,True
raw/wayback/puts_20260817214230.pdf,5,MAR29,13,0.0,0,2102.0,2102.0,True,True
raw/wayback/puts_20260817214230.pdf,5,JUN29,10,0.0,0,1679.0,1679.0,True,True
raw/wayback/puts_20260817214230.pdf,5,SEP29,3,0.0,0,118.0,118.0,True,True
raw/wayback/puts_20260817214230.pdf,5,DEC29,2,0.0,0,84.0,84.0,True,True
raw/wayback/puts_20260817214230.pdf,5,MAR30,2,0.0,0,42.0,42.0,True,True
raw/wayback/puts_20260817214230.pdf,5,JUN30,1,0.0,0,20.0,20.0,True,True
raw/wayback/calls_20260818213642.pdf,3,AUG26,10,0.0,0,0.0,0,True,True
raw/wayback/calls_20260818213642.pdf,3,SEP26,61,155276.0,155276.0,6548605.0,6548605.0,True,True
raw/wayback/calls_20260818213642.pdf,3,OCT26,34,8100.0,8100.0,1241987.0,1241987.0,True,True
raw/wayback/calls_20260818213642.pdf,4,NOV26,26,8700.0,8700.0,423435.0,423435.0,True,True
raw/wayback/calls_20260818213642.pdf,4,DEC26,70,100844.0,100844.0,6992651.0,6992651.0,True,True
raw/wayback/calls_20260818213642.pdf,4,JAN27,17,0.0,0,60686.0,60686.0,True,True
raw/wayback/calls_20260818213642.pdf,4,FEB27,1,16.0,16.0,16.0,16.0,True,True
raw/wayback/calls_20260818213642.pdf,5,MAR27,56,15925.0,15925.0,2094803.0,2094803.0,True,True
raw/wayback/calls_20260818213642.pdf,5,JUN27,54,292.0,292.0,1095206.0,1095206.0,True,True
raw/wayback/calls_20260818213642.pdf,5,SEP27,33,640.0,640.0,451037.0,451037.0,True,True
raw/wayback/calls_20260818213642.pdf,6,DEC27,34,0.0,0,645266.0,645266.0,True,True
raw/wayback/calls_20260818213642.pdf,6,MAR28,24,0.0,0,237477.0,237477.0,True,True
raw/wayback/calls_20260818213642.pdf,6,JUN28,23,3.0,3.0,190935.0,190935.0,True,True
raw/wayback/calls_20260818213642.pdf,6,SEP28,19,0.0,0,161641.0,161641.0,True,True
raw/wayback/calls_20260818213642.pdf,6,DEC28,19,202.0,202.0,50842.0,50842.0,True,True
raw/wayback/calls_20260818213642.pdf,6,MAR29,11,2300.0,2300.0,5939.0,5939.0,True,True
raw/wayback/calls_20260818213642.pdf,6,JUN29,7,0.0,0,23692.0,23692.0,True,True
raw/wayback/calls_20260818213642.pdf,6,SEP29,2,0.0,0,21.0,21.0,True,True
raw/wayback/calls_20260818213642.pdf,7,DEC29,2,0.0,0,104.0,104.0,True,True
raw/wayback/calls_20260819213711.pdf,3,SEP26,61,125011.0,125011.0,6508890.0,6508890.0,True,True
raw/wayback/calls_20260819213711.pdf,3,OCT26,34,49841.0,49841.0,1245573.0,1245573.0,True,True
raw/wayback/calls_20260819213711.pdf,3,NOV26,26,8400.0,8400.0,425885.0,425885.0,True,True
raw/wayback/calls_20260819213711.pdf,4,DEC26,70,42342.0,42342.0,7008199.0,7008199.0,True,True
raw/wayback/calls_20260819213711.pdf,4,JAN27,17,20000.0,20000.0,78061.0,78061.0,True,True
raw/wayback/calls_20260819213711.pdf,4,FEB27,1,0.0,0,16.0,16.0,True,True
raw/wayback/calls_20260819213711.pdf,5,MAR27,57,37479.0,37479.0,2115333.0,2115333.0,True,True
raw/wayback/calls_20260819213711.pdf,5,JUN27,54,8967.0,8967.0,1097692.0,1097692.0,True,True
raw/wayback/calls_20260819213711.pdf,5,SEP27,34,501.0,501.0,451537.0,451537.0,True,True
raw/wayback/calls_20260819213711.pdf,6,DEC27,34,16250.0,16250.0,659807.0,659807.0,True,True
raw/wayback/calls_20260819213711.pdf,6,MAR28,24,3950.0,3950.0,241402.0,241402.0,True,True
raw/wayback/calls_20260819213711.pdf,6,JUN28,23,0.0,0,190935.0,190935.0,True,True
raw/wayback/calls_20260819213711.pdf,6,SEP28,19,0.0,0,161641.0,161641.0,True,True
raw/wayback/calls_20260819213711.pdf,6,DEC28,19,0.0,0,50842.0,50842.0,True,True
raw/wayback/calls_20260819213711.pdf,6,MAR29,11,0.0,0,5939.0,5939.0,True,True
raw/wayback/calls_20260819213711.pdf,6,JUN29,7,0.0,0,23692.0,23692.0,True,True
raw/wayback/calls_20260819213711.pdf,6,SEP29,2,0.0,0,21.0,21.0,True,True
raw/wayback/calls_20260819213711.pdf,6,DEC29,2,0.0,0,104.0,104.0,True,True
raw/wayback/puts_20260819213735.pdf,1,SEP26,60,108923.0,108923.0,3840816.0,3840816.0,True,True
raw/wayback/puts_20260819213735.pdf,1,OCT26,33,5500.0,5500.0,524731.0,524731.0,True,True
raw/wayback/puts_20260819213735.pdf,2,NOV26,25,4606.0,4606.0,152614.0,152614.0,True,True
raw/wayback/puts_20260819213735.pdf,2,DEC26,69,116070.0,116070.0,4455615.0,4455615.0,True,True
raw/wayback/puts_20260819213735.pdf,2,JAN27,10,350.0,350.0,8045.0,8045.0,True,True
raw/wayback/puts_20260819213735.pdf,2,FEB27,1,0.0,0,2.0,2.0,True,True
raw/wayback/puts_20260819213735.pdf,3,MAR27,62,9978.0,9978.0,1533445.0,1533445.0,True,True
raw/wayback/puts_20260819213735.pdf,3,JUN27,55,10484.0,10484.0,685587.0,685587.0,True,True
raw/wayback/puts_20260819213735.pdf,3,SEP27,41,50.0,50.0,380571.0,380571.0,True,True
raw/wayback/puts_20260819213735.pdf,4,DEC27,38,7500.0,7500.0,312293.0,312293.0,True,True
raw/wayback/puts_20260819213735.pdf,4,MAR28,31,4050.0,4050.0,184690.0,184690.0,True,True
raw/wayback/puts_20260819213735.pdf,4,JUN28,24,0.0,0,95870.0,95870.0,True,True
raw/wayback/puts_20260819213735.pdf,4,SEP28,22,0.0,0,49176.0,49176.0,True,True
raw/wayback/puts_20260819213735.pdf,5,DEC28,23,0.0,0,65797.0,65797.0,True,True
raw/wayback/puts_20260819213735.pdf,5,MAR29,13,0.0,0,2102.0,2102.0,True,True
raw/wayback/puts_20260819213735.pdf,5,JUN29,10,0.0,0,1679.0,1679.0,True,True
raw/wayback/puts_20260819213735.pdf,5,SEP29,3,0.0,0,118.0,118.0,True,True
raw/wayback/puts_20260819213735.pdf,5,DEC29,2,0.0,0,84.0,84.0,True,True
raw/wayback/puts_20260819213735.pdf,5,MAR30,2,0.0,0,42.0,42.0,True,True
raw/wayback/puts_20260819213735.pdf,5,JUN30,1,0.0,0,20.0,20.0,True,True
raw/wayback/calls_20260821213714.pdf,3,SEP26,61,85096.0,85096.0,6479428.0,6479428.0,True,True
raw/wayback/calls_20260821213714.pdf,3,OCT26,34,48759.0,48759.0,1245673.0,1245673.0,True,True
raw/wayback/calls_20260821213714.pdf,3,NOV26,26,43421.0,43421.0,451879.0,451879.0,True,True
raw/wayback/calls_20260821213714.pdf,4,DEC26,70,45435.0,45435.0,7023855.0,7023855.0,True,True
raw/wayback/calls_20260821213714.pdf,4,JAN27,17,5.0,5.0,83386.0,83386.0,True,True
raw/wayback/calls_20260821213714.pdf,4,FEB27,1,0.0,0,16.0,16.0,True,True
raw/wayback/calls_20260821213714.pdf,5,MAR27,57,1100.0,1100.0,2127870.0,2127870.0,True,True
raw/wayback/calls_20260821213714.pdf,5,JUN27,54,127194.0,127194.0,1112463.0,1112463.0,True,True
raw/wayback/calls_20260821213714.pdf,5,SEP27,34,1500.0,1500.0,453264.0,453264.0,True,True
raw/wayback/calls_20260821213714.pdf,6,DEC27,34,50.0,50.0,668675.0,668675.0,True,True
raw/wayback/calls_20260821213714.pdf,6,MAR28,24,0.0,0,241952.0,241952.0,True,True
raw/wayback/calls_20260821213714.pdf,6,JUN28,23,0.0,0,190935.0,190935.0,True,True
raw/wayback/calls_20260821213714.pdf,6,SEP28,19,0.0,0,161641.0,161641.0,True,True
raw/wayback/calls_20260821213714.pdf,6,DEC28,20,50.0,50.0,50892.0,50892.0,True,True
raw/wayback/calls_20260821213714.pdf,6,MAR29,11,0.0,0,5939.0,5939.0,True,True
raw/wayback/calls_20260821213714.pdf,6,JUN29,7,0.0,0,23692.0,23692.0,True,True
raw/wayback/calls_20260821213714.pdf,6,SEP29,2,0.0,0,21.0,21.0,True,True
raw/wayback/calls_20260821213714.pdf,6,DEC29,2,0.0,0,104.0,104.0,True,True
raw/wayback/puts_20260821213727.pdf,1,SEP26,60,171411.0,171411.0,3832378.0,3832378.0,True,True
raw/wayback/puts_20260821213727.pdf,1,OCT26,33,9904.0,9904.0,536738.0,536738.0,True,True
raw/wayback/puts_20260821213727.pdf,2,NOV26,25,450.0,450.0,155768.0,155768.0,True,True
raw/wayback/puts_20260821213727.pdf,2,DEC26,69,149658.0,149658.0,4501742.0,4501742.0,True,True
raw/wayback/puts_20260821213727.pdf,2,JAN27,10,0.0,0,8045.0,8045.0,True,True
raw/wayback/puts_20260821213727.pdf,2,FEB27,1,0.0,0,2.0,2.0,True,True
raw/wayback/puts_20260821213727.pdf,3,MAR27,62,11373.0,11373.0,1551223.0,1551223.0,True,True
raw/wayback/puts_20260821213727.pdf,3,JUN27,55,2534.0,2534.0,686481.0,686481.0,True,True
raw/wayback/puts_20260821213727.pdf,3,SEP27,41,95.0,95.0,380505.0,380505.0,True,True
raw/wayback/puts_20260821213727.pdf,4,DEC27,38,346.0,346.0,318030.0,318030.0,True,True
raw/wayback/puts_20260821213727.pdf,4,MAR28,31,95.0,95.0,185285.0,185285.0,True,True
raw/wayback/puts_20260821213727.pdf,4,JUN28,25,45.0,45.0,96165.0,96165.0,True,True
raw/wayback/puts_20260821213727.pdf,4,SEP28,22,45.0,45.0,49271.0,49271.0,True,True
raw/wayback/puts_20260821213727.pdf,5,DEC28,23,45.0,45.0,65842.0,65842.0,True,True
raw/wayback/puts_20260821213727.pdf,5,MAR29,13,45.0,45.0,2147.0,2147.0,True,True
raw/wayback/puts_20260821213727.pdf,5,JUN29,10,45.0,45.0,1724.0,1724.0,True,True
raw/wayback/puts_20260821213727.pdf,5,SEP29,4,45.0,45.0,163.0,163.0,True,True
raw/wayback/puts_20260821213727.pdf,5,DEC29,2,0.0,0,84.0,84.0,True,True
raw/wayback/puts_20260821213727.pdf,5,MAR30,2,0.0,0,42.0,42.0,True,True
raw/wayback/puts_20260821213727.pdf,5,JUN30,1,0.0,0,20.0,20.0,True,True
raw/wayback/calls_20260825230157.pdf,3,SEP26,60,96732.0,96732.0,6496144.0,6496144.0,True,True
raw/wayback/calls_20260825230157.pdf,3,OCT26,34,5578.0,5578.0,1284802.0,1284802.0,True,True
raw/wayback/calls_20260825230157.pdf,3,NOV26,26,22912.0,22912.0,477103.0,477103.0,True,True
raw/wayback/calls_20260825230157.pdf,4,DEC26,69,45494.0,45494.0,7014052.0,7014052.0,True,True
raw/wayback/calls_20260825230157.pdf,4,JAN27,17,5000.0,5000.0,87386.0,87386.0,True,True
raw/wayback/calls_20260825230157.pdf,4,FEB27,2,1.0,1.0,17.0,17.0,True,True
raw/wayback/calls_20260825230157.pdf,5,MAR27,57,24412.0,24412.0,2139788.0,2139788.0,True,True
raw/wayback/calls_20260825230157.pdf,5,JUN27,55,1796.0,1796.0,1132525.0,1132525.0,True,True
raw/wayback/calls_20260825230157.pdf,5,SEP27,34,3449.0,3449.0,455229.0,455229.0,True,True
raw/wayback/calls_20260825230157.pdf,6,DEC27,34,24378.0,24378.0,696754.0,696754.0,True,True
raw/wayback/calls_20260825230157.pdf,6,MAR28,24,650.0,650.0,245352.0,245352.0,True,True
raw/wayback/calls_20260825230157.pdf,6,JUN28,23,0.0,0,193232.0,193232.0,True,True
raw/wayback/calls_20260825230157.pdf,6,SEP28,20,1000.0,1000.0,162641.0,162641.0,True,True
raw/wayback/calls_20260825230157.pdf,6,DEC28,20,3000.0,3000.0,53392.0,53392.0,True,True
raw/wayback/calls_20260825230157.pdf,6,MAR29,11,0.0,0,5939.0,5939.0,True,True
raw/wayback/calls_20260825230157.pdf,6,JUN29,7,0.0,0,23692.0,23692.0,True,True
raw/wayback/calls_20260825230157.pdf,6,SEP29,2,0.0,0,21.0,21.0,True,True
raw/wayback/calls_20260825230157.pdf,6,DEC29,2,0.0,0,104.0,104.0,True,True
raw/wayback/puts_20260825230253.pdf,1,SEP26,54,95310.0,95310.0,3727875.0,3727875.0,True,True
raw/wayback/puts_20260825230253.pdf,1,OCT26,35,41000.0,41000.0,523977.0,523977.0,True,True
raw/wayback/puts_20260825230253.pdf,1,NOV26,25,7650.0,7650.0,160539.0,160539.0,True,True
raw/wayback/puts_20260825230253.pdf,2,DEC26,66,73425.0,73425.0,4511034.0,4511034.0,True,True
raw/wayback/puts_20260825230253.pdf,2,JAN27,10,0.0,0,8215.0,8215.0,True,True
raw/wayback/puts_20260825230253.pdf,2,FEB27,1,0.0,0,2.0,2.0,True,True
raw/wayback/puts_20260825230253.pdf,3,MAR27,62,6529.0,6529.0,1556311.0,1556311.0,True,True
raw/wayback/puts_20260825230253.pdf,3,JUN27,55,2925.0,2925.0,684851.0,684851.0,True,True
raw/wayback/puts_20260825230253.pdf,3,SEP27,41,9200.0,9200.0,354039.0,354039.0,True,True
raw/wayback/puts_20260825230253.pdf,4,DEC27,38,25.0,25.0,318030.0,318030.0,True,True
raw/wayback/puts_20260825230253.pdf,4,MAR28,31,675.0,675.0,187885.0,187885.0,True,True
raw/wayback/puts_20260825230253.pdf,4,JUN28,25,75.0,75.0,96240.0,96240.0,True,True
raw/wayback/puts_20260825230253.pdf,4,SEP28,22,1025.0,1025.0,50271.0,50271.0,True,True
raw/wayback/puts_20260825230253.pdf,5,DEC28,23,2.0,2.0,65844.0,65844.0,True,True
raw/wayback/puts_20260825230253.pdf,5,MAR29,13,0.0,0,2147.0,2147.0,True,True
raw/wayback/puts_20260825230253.pdf,5,JUN29,10,0.0,0,1724.0,1724.0,True,True
raw/wayback/puts_20260825230253.pdf,5,SEP29,4,0.0,0,163.0,163.0,True,True
raw/wayback/puts_20260825230253.pdf,5,DEC29,2,0.0,0,84.0,84.0,True,True
raw/wayback/puts_20260825230253.pdf,5,MAR30,2,0.0,0,42.0,42.0,True,True
raw/wayback/puts_20260825230253.pdf,5,JUN30,1,0.0,0,25.0,25.0,True,True
raw/wayback/calls_20260827020702.pdf,3,SEP26,60,92075.0,92075.0,6475169.0,6475169.0,True,True
raw/wayback/calls_20260827020702.pdf,3,OCT26,34,133440.0,133440.0,1336860.0,1336860.0,True,True
raw/wayback/calls_20260827020702.pdf,3,NOV26,26,10001.0,10001.0,486021.0,486021.0,True,True
raw/wayback/calls_20260827020702.pdf,4,DEC26,69,126763.0,126763.0,7049046.0,7049046.0,True,True
raw/wayback/calls_20260827020702.pdf,4,JAN27,17,2484.0,2484.0,88455.0,88455.0,True,True
raw/wayback/calls_20260827020702.pdf,4,FEB27,3,16.0,16.0,33.0,33.0,True,True
raw/wayback/calls_20260827020702.pdf,5,MAR27,57,96010.0,96010.0,2186363.0,2186363.0,True,True
raw/wayback/calls_20260827020702.pdf,5,JUN27,55,7350.0,7350.0,1138327.0,1138327.0,True,True
raw/wayback/calls_20260827020702.pdf,5,SEP27,34,1000.0,1000.0,455907.0,455907.0,True,True
raw/wayback/calls_20260827020702.pdf,6,DEC27,34,2657.0,2657.0,698644.0,698644.0,True,True
raw/wayback/calls_20260827020702.pdf,6,MAR28,24,1500.0,1500.0,246577.0,246577.0,True,True
raw/wayback/calls_20260827020702.pdf,6,JUN28,23,4700.0,4700.0,197417.0,197417.0,True,True
raw/wayback/calls_20260827020702.pdf,6,SEP28,20,757.0,757.0,163398.0,163398.0,True,True
raw/wayback/calls_20260827020702.pdf,6,DEC28,21,600.0,600.0,53938.0,53938.0,True,True
raw/wayback/calls_20260827020702.pdf,6,MAR29,11,0.0,0,5939.0,5939.0,True,True
raw/wayback/calls_20260827020702.pdf,6,JUN29,7,0.0,0,23692.0,23692.0,True,True
raw/wayback/calls_20260827020702.pdf,6,SEP29,2,0.0,0,21.0,21.0,True,True
raw/wayback/calls_20260827020702.pdf,6,DEC29,2,0.0,0,104.0,104.0,True,True
raw/wayback/puts_20260827020721.pdf,1,SEP26,54,148101.0,148101.0,3766988.0,3766988.0,True,True
raw/wayback/puts_20260827020721.pdf,1,OCT26,35,23775.0,23775.0,521884.0,521884.0,True,True
raw/wayback/puts_20260827020721.pdf,1,NOV26,25,1405.0,1405.0,160231.0,160231.0,True,True
raw/wayback/puts_20260827020721.pdf,2,DEC26,66,22567.0,22567.0,4509927.0,4509927.0,True,True
raw/wayback/puts_20260827020721.pdf,2,JAN27,11,1100.0,1100.0,9315.0,9315.0,True,True
raw/wayback/puts_20260827020721.pdf,2,FEB27,1,14.0,14.0,16.0,16.0,True,True
raw/wayback/puts_20260827020721.pdf,3,MAR27,62,26262.0,26262.0,1567964.0,1567964.0,True,True
raw/wayback/puts_20260827020721.pdf,3,JUN27,56,1000.0,1000.0,685151.0,685151.0,True,True
raw/wayback/puts_20260827020721.pdf,3,SEP27,41,4600.0,4600.0,356038.0,356038.0,True,True
raw/wayback/puts_20260827020721.pdf,4,DEC27,38,1362.0,1362.0,318335.0,318335.0,True,True
raw/wayback/puts_20260827020721.pdf,4,MAR28,31,11805.0,11805.0,192589.0,192589.0,True,True
raw/wayback/puts_20260827020721.pdf,4,JUN28,25,750.0,750.0,96890.0,96890.0,True,True
raw/wayback/puts_20260827020721.pdf,4,SEP28,22,1307.0,1307.0,51578.0,51578.0,True,True
raw/wayback/puts_20260827020721.pdf,5,DEC28,23,500.0,500.0,66294.0,66294.0,True,True
raw/wayback/puts_20260827020721.pdf,5,MAR29,13,0.0,0,2147.0,2147.0,True,True
raw/wayback/puts_20260827020721.pdf,5,JUN29,10,1.0,1.0,1725.0,1725.0,True,True
raw/wayback/puts_20260827020721.pdf,5,SEP29,4,0.0,0,163.0,163.0,True,True
raw/wayback/puts_20260827020721.pdf,5,DEC29,2,0.0,0,84.0,84.0,True,True
raw/wayback/puts_20260827020721.pdf,5,MAR30,2,0.0,0,42.0,42.0,True,True
raw/wayback/puts_20260827020721.pdf,5,JUN30,1,0.0,0,25.0,25.0,True,True
raw/wayback/calls_20260829031841.pdf,3,SEP26,59,78517.0,78517.0,6507781.0,6507781.0,True,True
raw/wayback/calls_20260829031841.pdf,3,OCT26,34,89558.0,89558.0,1367406.0,1367406.0,True,True
raw/wayback/calls_20260829031841.pdf,3,NOV26,26,22154.0,22154.0,495054.0,495054.0,True,True
raw/wayback/calls_20260829031841.pdf,4,DEC26,67,51814.0,51814.0,7011755.0,7011755.0,True,True
raw/wayback/calls_20260829031841.pdf,4,JAN27,19,2500.0,2500.0,91679.0,91679.0,True,True
raw/wayback/calls_20260829031841.pdf,4,FEB27,3,0.0,0,33.0,33.0,True,True
raw/wayback/calls_20260829031841.pdf,5,MAR27,57,55428.0,55428.0,2227541.0,2227541.0,True,True
raw/wayback/calls_20260829031841.pdf,5,JUN27,55,706.0,706.0,1139727.0,1139727.0,True,True
raw/wayback/calls_20260829031841.pdf,5,SEP27,34,28602.0,28602.0,478113.0,478113.0,True,True
raw/wayback/calls_20260829031841.pdf,6,DEC27,35,6148.0,6148.0,706941.0,706941.0,True,True
raw/wayback/calls_20260829031841.pdf,6,MAR28,24,12530.0,12530.0,250117.0,250117.0,True,True
raw/wayback/calls_20260829031841.pdf,6,JUN28,24,10000.0,10000.0,207263.0,207263.0,True,True
raw/wayback/calls_20260829031841.pdf,6,SEP28,20,0.0,0,163398.0,163398.0,True,True
raw/wayback/calls_20260829031841.pdf,6,DEC28,21,300.0,300.0,54538.0,54538.0,True,True
raw/wayback/calls_20260829031841.pdf,6,MAR29,11,0.0,0,5939.0,5939.0,True,True
raw/wayback/calls_20260829031841.pdf,6,JUN29,7,0.0,0,23692.0,23692.0,True,True
raw/wayback/calls_20260829031841.pdf,6,SEP29,2,0.0,0,21.0,21.0,True,True
raw/wayback/calls_20260829031841.pdf,6,DEC29,2,0.0,0,104.0,104.0,True,True
raw/wayback/puts_20260828072300.pdf,1,SEP26,53,76681.0,76681.0,3760679.0,3760679.0,True,True
raw/wayback/puts_20260828072300.pdf,1,OCT26,35,14502.0,14502.0,529457.0,529457.0,True,True
raw/wayback/puts_20260828072300.pdf,2,NOV26,27,4950.0,4950.0,163777.0,163777.0,True,True
raw/wayback/puts_20260828072300.pdf,2,DEC26,65,68873.0,68873.0,4517722.0,4517722.0,True,True
raw/wayback/puts_20260828072300.pdf,2,JAN27,14,3500.0,3500.0,14690.0,14690.0,True,True
raw/wayback/puts_20260828072300.pdf,2,FEB27,1,0.0,0,16.0,16.0,True,True
raw/wayback/puts_20260828072300.pdf,3,MAR27,62,29316.0,29316.0,1575851.0,1575851.0,True,True
raw/wayback/puts_20260828072300.pdf,3,JUN27,56,10330.0,10330.0,698754.0,698754.0,True,True
raw/wayback/puts_20260828072300.pdf,3,SEP27,41,7980.0,7980.0,362931.0,362931.0,True,True
raw/wayback/puts_20260828072300.pdf,4,DEC27,39,1251.0,1251.0,319680.0,319680.0,True,True
raw/wayback/puts_20260828072300.pdf,4,MAR28,31,2480.0,2480.0,192971.0,192971.0,True,True
raw/wayback/puts_20260828072300.pdf,4,JUN28,25,150.0,150.0,97517.0,97517.0,True,True
raw/wayback/puts_20260828072300.pdf,4,SEP28,22,0.0,0,51578.0,51578.0,True,True
raw/wayback/puts_20260828072300.pdf,5,DEC28,23,0.0,0,66294.0,66294.0,True,True
raw/wayback/puts_20260828072300.pdf,5,MAR29,13,0.0,0,2147.0,2147.0,True,True
raw/wayback/puts_20260828072300.pdf,5,JUN29,10,0.0,0,1725.0,1725.0,True,True
raw/wayback/puts_20260828072300.pdf,5,SEP29,4,0.0,0,163.0,163.0,True,True
raw/wayback/puts_20260828072300.pdf,5,DEC29,2,0.0,0,84.0,84.0,True,True
raw/wayback/puts_20260828072300.pdf,5,MAR30,2,0.0,0,42.0,42.0,True,True
raw/wayback/puts_20260828072300.pdf,5,JUN30,1,0.0,0,25.0,25.0,True,True
raw/wayback/calls_20260901004348.pdf,3,SEP26,59,300616.0,300616.0,6516462.0,6516462.0,True,True
raw/wayback/calls_20260901004348.pdf,3,OCT26,35,213773.0,213773.0,1333758.0,1333758.0,True,True
raw/wayback/calls_20260901004348.pdf,3,NOV26,26,50165.0,50165.0,517737.0,517737.0,True,True
raw/wayback/calls_20260901004348.pdf,4,DEC26,67,476843.0,476843.0,7014916.0,7014916.0,True,True
raw/wayback/calls_20260901004348.pdf,4,JAN27,20,130.0,130.0,91609.0,91609.0,True,True
raw/wayback/calls_20260901004348.pdf,4,FEB27,5,32.0,32.0,65.0,65.0,True,True
raw/wayback/calls_20260901004348.pdf,5,MAR27,57,86907.0,86907.0,2223540.0,2223540.0,True,True
raw/wayback/calls_20260901004348.pdf,5,JUN27,55,60014.0,60014.0,1127576.0,1127576.0,True,True
raw/wayback/calls_20260901004348.pdf,5,SEP27,34,2822.0,2822.0,476797.0,476797.0,True,True
raw/wayback/calls_20260901004348.pdf,6,DEC27,35,2842.0,2842.0,706718.0,706718.0,True,True
raw/wayback/calls_20260901004348.pdf,6,MAR28,24,16360.0,16360.0,263678.0,263678.0,True,True
raw/wayback/calls_20260901004348.pdf,6,JUN28,24,225.0,225.0,207363.0,207363.0,True,True
raw/wayback/calls_20260901004348.pdf,6,SEP28,20,285.0,285.0,163148.0,163148.0,True,True
raw/wayback/calls_20260901004348.pdf,6,DEC28,21,375.0,375.0,54713.0,54713.0,True,True
raw/wayback/calls_20260901004348.pdf,6,MAR29,11,25.0,25.0,5939.0,5939.0,True,True
raw/wayback/calls_20260901004348.pdf,6,JUN29,8,25.0,25.0,23717.0,23717.0,True,True
raw/wayback/calls_20260901004348.pdf,6,SEP29,2,0.0,0,21.0,21.0,True,True
raw/wayback/calls_20260901004348.pdf,7,DEC29,2,0.0,0,104.0,104.0,True,True
raw/wayback/puts_20260901004413.pdf,1,SEP26,51,278906.0,278906.0,3687768.0,3687768.0,True,True
raw/wayback/puts_20260901004413.pdf,1,OCT26,35,210593.0,210593.0,605257.0,605257.0,True,True
raw/wayback/puts_20260901004413.pdf,1,NOV26,28,21655.0,21655.0,171657.0,171657.0,True,True
raw/wayback/puts_20260901004413.pdf,2,DEC26,65,269037.0,269037.0,4574944.0,4574944.0,True,True
raw/wayback/puts_20260901004413.pdf,2,JAN27,14,690.0,690.0,15380.0,15380.0,True,True
raw/wayback/puts_20260901004413.pdf,2,FEB27,2,16.0,16.0,32.0,32.0,True,True
raw/wayback/puts_20260901004413.pdf,3,MAR27,62,47173.0,47173.0,1596640.0,1596640.0,True,True
raw/wayback/puts_20260901004413.pdf,3,JUN27,56,14957.0,14957.0,695820.0,695820.0,True,True
raw/wayback/puts_20260901004413.pdf,3,SEP27,41,10544.0,10544.0,366722.0,366722.0,True,True
raw/wayback/puts_20260901004413.pdf,4,DEC27,39,27014.0,27014.0,320578.0,320578.0,True,True
raw/wayback/puts_20260901004413.pdf,4,MAR28,31,390.0,390.0,192931.0,192931.0,True,True
raw/wayback/puts_20260901004413.pdf,4,JUN28,25,251.0,251.0,97768.0,97768.0,True,True
raw/wayback/puts_20260901004413.pdf,4,SEP28,23,310.0,310.0,51378.0,51378.0,True,True
raw/wayback/puts_20260901004413.pdf,5,DEC28,23,16.0,16.0,66310.0,66310.0,True,True
raw/wayback/puts_20260901004413.pdf,5,MAR29,13,0.0,0,2147.0,2147.0,True,True
raw/wayback/puts_20260901004413.pdf,5,JUN29,10,0.0,0,1725.0,1725.0,True,True
raw/wayback/puts_20260901004413.pdf,5,SEP29,4,0.0,0,163.0,163.0,True,True
raw/wayback/puts_20260901004413.pdf,5,DEC29,2,0.0,0,84.0,84.0,True,True
raw/wayback/puts_20260901004413.pdf,5,MAR30,2,0.0,0,42.0,42.0,True,True
raw/wayback/puts_20260901004413.pdf,5,JUN30,1,10.0,10.0,35.0,35.0,True,True
raw/wayback/calls_20260901231444.pdf,3,SEP26,59,129926.0,129926.0,6504966.0,6504966.0,True,True
raw/wayback/calls_20260901231444.pdf,3,OCT26,35,41011.0,41011.0,1341780.0,1341780.0,True,True
raw/wayback/calls_20260901231444.pdf,3,NOV26,26,33522.0,33522.0,540031.0,540031.0,True,True
raw/wayback/calls_20260901231444.pdf,4,DEC26,67,142537.0,142537.0,7034035.0,7034035.0,True,True
raw/wayback/calls_20260901231444.pdf,4,JAN27,20,0.0,0,91609.0,91609.0,True,True
raw/wayback/calls_20260901231444.pdf,4,FEB27,5,1.0,1.0,64.0,64.0,True,True
raw/wayback/calls_20260901231444.pdf,5,MAR27,57,54813.0,54813.0,2227068.0,2227068.0,True,True
raw/wayback/calls_20260901231444.pdf,5,JUN27,55,57679.0,57679.0,1153854.0,1153854.0,True,True
raw/wayback/calls_20260901231444.pdf,5,SEP27,34,352.0,352.0,476552.0,476552.0,True,True
raw/wayback/calls_20260901231444.pdf,6,DEC27,35,48199.0,48199.0,688988.0,688988.0,True,True
raw/wayback/calls_20260901231444.pdf,6,MAR28,24,556.0,556.0,263695.0,263695.0,True,True
raw/wayback/calls_20260901231444.pdf,6,JUN28,24,2186.0,2186.0,208399.0,208399.0,True,True
raw/wayback/calls_20260901231444.pdf,6,SEP28,20,0.0,0,163148.0,163148.0,True,True
raw/wayback/calls_20260901231444.pdf,6,DEC28,21,0.0,0,54713.0,54713.0,True,True
raw/wayback/calls_20260901231444.pdf,6,MAR29,11,0.0,0,5939.0,5939.0,True,True
raw/wayback/calls_20260901231444.pdf,6,JUN29,8,0.0,0,23717.0,23717.0,True,True
raw/wayback/calls_20260901231444.pdf,6,SEP29,2,0.0,0,21.0,21.0,True,True
raw/wayback/calls_20260901231444.pdf,7,DEC29,2,0.0,0,104.0,104.0,True,True
raw/wayback/calls_20260902231421.pdf,3,SEP26,59,199219.0,199219.0,6501463.0,6501463.0,True,True
raw/wayback/calls_20260902231421.pdf,3,OCT26,35,57301.0,57301.0,1364824.0,1364824.0,True,True
raw/wayback/calls_20260902231421.pdf,3,NOV26,26,311.0,311.0,540061.0,540061.0,True,True
raw/wayback/calls_20260902231421.pdf,4,DEC26,67,73331.0,73331.0,7025614.0,7025614.0,True,True
raw/wayback/calls_20260902231421.pdf,4,JAN27,20,833.0,833.0,92442.0,92442.0,True,True
raw/wayback/calls_20260902231421.pdf,4,FEB27,5,0.0,0,64.0,64.0,True,True
raw/wayback/calls_20260902231421.pdf,5,MAR27,56,142287.0,142287.0,2186644.0,2186644.0,True,True
raw/wayback/calls_20260902231421.pdf,5,JUN27,55,24346.0,24346.0,1128597.0,1128597.0,True,True
raw/wayback/calls_20260902231421.pdf,5,SEP27,35,7319.0,7319.0,480969.0,480969.0,True,True
raw/wayback/calls_20260902231421.pdf,6,DEC27,35,12020.0,12020.0,687070.0,687070.0,True,True
raw/wayback/calls_20260902231421.pdf,6,MAR28,24,505.0,505.0,264200.0,264200.0,True,True
raw/wayback/calls_20260902231421.pdf,6,JUN28,25,1000.0,1000.0,208899.0,208899.0,True,True
raw/wayback/calls_20260902231421.pdf,6,SEP28,20,2.0,2.0,163148.0,163148.0,True,True
raw/wayback/calls_20260902231421.pdf,6,DEC28,21,0.0,0,54713.0,54713.0,True,True
raw/wayback/calls_20260902231421.pdf,6,MAR29,11,0.0,0,5939.0,5939.0,True,True
raw/wayback/calls_20260902231421.pdf,6,JUN29,8,0.0,0,23717.0,23717.0,True,True
raw/wayback/calls_20260902231421.pdf,6,SEP29,2,0.0,0,21.0,21.0,True,True
raw/wayback/calls_20260902231421.pdf,7,DEC29,2,0.0,0,104.0,104.0,True,True
raw/wayback/puts_20260902231438.pdf,1,SEP26,52,97291.0,97291.0,3576360.0,3576360.0,True,True
raw/wayback/puts_20260902231438.pdf,1,OCT26,35,37838.0,37838.0,625448.0,625448.0,True,True
raw/wayback/puts_20260902231438.pdf,2,NOV26,28,6601.0,6601.0,173167.0,173167.0,True,True
raw/wayback/puts_20260902231438.pdf,2,DEC26,65,134641.0,134641.0,4615731.0,4615731.0,True,True
raw/wayback/puts_20260902231438.pdf,2,JAN27,15,1109.0,1109.0,20390.0,20390.0,True,True
raw/wayback/puts_20260902231438.pdf,2,FEB27,2,0.0,0,32.0,32.0,True,True
raw/wayback/puts_20260902231438.pdf,3,MAR27,60,60012.0,60012.0,1578829.0,1578829.0,True,True
raw/wayback/puts_20260902231438.pdf,3,JUN27,56,44570.0,44570.0,689280.0,689280.0,True,True
raw/wayback/puts_20260902231438.pdf,3,SEP27,41,7175.0,7175.0,366482.0,366482.0,True,True
raw/wayback/puts_20260902231438.pdf,4,DEC27,39,8612.0,8612.0,317911.0,317911.0,True,True
raw/wayback/puts_20260902231438.pdf,4,MAR28,31,570.0,570.0,193949.0,193949.0,True,True
raw/wayback/puts_20260902231438.pdf,4,JUN28,25,60.0,60.0,99872.0,99872.0,True,True
raw/wayback/puts_20260902231438.pdf,4,SEP28,23,65.0,65.0,51323.0,51323.0,True,True
raw/wayback/puts_20260902231438.pdf,5,DEC28,23,60.0,60.0,66287.0,66287.0,True,True
raw/wayback/puts_20260902231438.pdf,5,MAR29,13,60.0,60.0,2124.0,2124.0,True,True
raw/wayback/puts_20260902231438.pdf,5,JUN29,10,60.0,60.0,1725.0,1725.0,True,True
raw/wayback/puts_20260902231438.pdf,5,SEP29,4,0.0,0,163.0,163.0,True,True
raw/wayback/puts_20260902231438.pdf,5,DEC29,2,0.0,0,84.0,84.0,True,True
raw/wayback/puts_20260902231438.pdf,5,MAR30,2,0.0,0,42.0,42.0,True,True
raw/wayback/puts_20260902231438.pdf,5,JUN30,1,0.0,0,35.0,35.0,True,True
raw/wayback/calls_20260903231512.pdf,3,SEP26,59,195537.0,195537.0,6543014.0,6543014.0,True,True
raw/wayback/calls_20260903231512.pdf,3,OCT26,35,42097.0,42097.0,1365049.0,1365049.0,True,True
raw/wayback/calls_20260903231512.pdf,3,NOV26,26,1776.0,1776.0,540777.0,540777.0,True,True
raw/wayback/calls_20260903231512.pdf,4,DEC26,67,73773.0,73773.0,7042448.0,7042448.0,True,True
raw/wayback/calls_20260903231512.pdf,4,JAN27,20,0.0,0,92442.0,92442.0,True,True
raw/wayback/calls_20260903231512.pdf,4,FEB27,4,0.0,0,64.0,64.0,True,True
raw/wayback/calls_20260903231512.pdf,5,MAR27,56,15742.0,15742.0,2192547.0,2192547.0,True,True
raw/wayback/calls_20260903231512.pdf,5,JUN27,55,18460.0,18460.0,1136011.0,1136011.0,True,True
raw/wayback/calls_20260903231512.pdf,5,SEP27,35,17423.0,17423.0,486465.0,486465.0,True,True
raw/wayback/calls_20260903231512.pdf,6,DEC27,35,28404.0,28404.0,686333.0,686333.0,True,True
raw/wayback/calls_20260903231512.pdf,6,MAR28,25,2507.0,2507.0,265561.0,265561.0,True,True
raw/wayback/calls_20260903231512.pdf,6,JUN28,25,2000.0,2000.0,210149.0,210149.0,True,True
raw/wayback/calls_20260903231512.pdf,6,SEP28,20,0.0,0,163148.0,163148.0,True,True
raw/wayback/calls_20260903231512.pdf,6,DEC28,21,4.0,4.0,54713.0,54713.0,True,True
raw/wayback/calls_20260903231512.pdf,6,MAR29,12,2.0,2.0,5941.0,5941.0,True,True
raw/wayback/calls_20260903231512.pdf,6,JUN29,8,0.0,0,23717.0,23717.0,True,True
raw/wayback/calls_20260903231512.pdf,7,SEP29,2,0.0,0,21.0,21.0,True,True
raw/wayback/calls_20260903231512.pdf,7,DEC29,2,0.0,0,104.0,104.0,True,True
raw/wayback/puts_20260903231529.pdf,1,SEP26,52,87867.0,87867.0,3524892.0,3524892.0,True,True
raw/wayback/puts_20260903231529.pdf,1,OCT26,35,2769.0,2769.0,625752.0,625752.0,True,True
raw/wayback/puts_20260903231529.pdf,2,NOV26,29,4929.0,4929.0,175488.0,175488.0,True,True
raw/wayback/puts_20260903231529.pdf,2,DEC26,65,87983.0,87983.0,4623058.0,4623058.0,True,True
raw/wayback/puts_20260903231529.pdf,2,JAN27,15,240.0,240.0,20510.0,20510.0,True,True
raw/wayback/puts_20260903231529.pdf,2,FEB27,2,0.0,0,32.0,32.0,True,True
raw/wayback/puts_20260903231529.pdf,3,MAR27,60,45159.0,45159.0,1569122.0,1569122.0,True,True
raw/wayback/puts_20260903231529.pdf,3,JUN27,57,17286.0,17286.0,695495.0,695495.0,True,True
raw/wayback/puts_20260903231529.pdf,3,SEP27,41,17943.0,17943.0,376679.0,376679.0,True,True
raw/wayback/puts_20260903231529.pdf,4,DEC27,39,16077.0,16077.0,326429.0,326429.0,True,True
raw/wayback/puts_20260903231529.pdf,4,MAR28,32,2686.0,2686.0,195715.0,195715.0,True,True
raw/wayback/puts_20260903231529.pdf,4,JUN28,25,2333.0,2333.0,99898.0,99898.0,True,True
raw/wayback/puts_20260903231529.pdf,4,SEP28,23,20.0,20.0,51323.0,51323.0,True,True
raw/wayback/puts_20260903231529.pdf,5,DEC28,23,20.0,20.0,66307.0,66307.0,True,True
raw/wayback/puts_20260903231529.pdf,5,MAR29,13,20.0,20.0,2144.0,2144.0,True,True
raw/wayback/puts_20260903231529.pdf,5,JUN29,10,0.0,0,1725.0,1725.0,True,True
raw/wayback/puts_20260903231529.pdf,5,SEP29,4,0.0,0,163.0,163.0,True,True
raw/wayback/puts_20260903231529.pdf,5,DEC29,2,0.0,0,84.0,84.0,True,True
raw/wayback/puts_20260903231529.pdf,5,MAR30,2,0.0,0,42.0,42.0,True,True
raw/wayback/puts_20260903231529.pdf,5,JUN30,1,0.0,0,35.0,35.0,True,True
raw/wayback/calls_20260904230326.pdf,3,SEP26,60,379763.0,379763.0,6452066.0,6452066.0,True,True
raw/wayback/calls_20260904230326.pdf,3,OCT26,35,191711.0,191711.0,1402311.0,1402311.0,True,True
raw/wayback/calls_20260904230326.pdf,3,NOV26,26,42375.0,42375.0,519204.0,519204.0,True,True
raw/wayback/calls_20260904230326.pdf,4,DEC26,67,240240.0,240240.0,7005313.0,7005313.0,True,True
raw/wayback/calls_20260904230326.pdf,4,JAN27,20,2000.0,2000.0,93442.0,93442.0,True,True
raw/wayback/calls_20260904230326.pdf,4,FEB27,4,0.0,0,64.0,64.0,True,True
raw/wayback/calls_20260904230326.pdf,5,MAR27,56,17696.0,17696.0,2191855.0,2191855.0,True,True
raw/wayback/calls_20260904230326.pdf,5,JUN27,55,6792.0,6792.0,1140806.0,1140806.0,True,True
raw/wayback/calls_20260904230326.pdf,5,SEP27,35,12920.0,12920.0,493695.0,493695.0,True,True
raw/wayback/calls_20260904230326.pdf,6,DEC27,35,21677.0,21677.0,692908.0,692908.0,True,True
raw/wayback/calls_20260904230326.pdf,6,MAR28,25,4256.0,4256.0,268111.0,268111.0,True,True
raw/wayback/calls_20260904230326.pdf,6,JUN28,25,1000.0,1000.0,210149.0,210149.0,True,True
raw/wayback/calls_20260904230326.pdf,6,SEP28,20,1000.0,1000.0,163148.0,163148.0,True,True
raw/wayback/calls_20260904230326.pdf,6,DEC28,21,8.0,8.0,54717.0,54717.0,True,True
raw/wayback/calls_20260904230326.pdf,6,MAR29,12,0.0,0,5941.0,5941.0,True,True
raw/wayback/calls_20260904230326.pdf,6,JUN29,9,2.0,2.0,23719.0,23719.0,True,True
raw/wayback/calls_20260904230326.pdf,7,SEP29,3,2.0,2.0,23.0,23.0,True,True
raw/wayback/calls_20260904230326.pdf,7,DEC29,2,0.0,0,104.0,104.0,True,True
raw/wayback/puts_20260904230341.pdf,1,SEP26,52,237219.0,237219.0,3526657.0,3526657.0,True,True
raw/wayback/puts_20260904230341.pdf,1,OCT26,35,71758.0,71758.0,620437.0,620437.0,True,True
raw/wayback/puts_20260904230341.pdf,2,NOV26,29,54930.0,54930.0,201302.0,201302.0,True,True
raw/wayback/puts_20260904230341.pdf,2,DEC26,64,90102.0,90102.0,4628783.0,4628783.0,True,True
raw/wayback/puts_20260904230341.pdf,2,JAN27,15,2000.0,2000.0,21860.0,21860.0,True,True
raw/wayback/puts_20260904230341.pdf,2,FEB27,2,0.0,0,32.0,32.0,True,True
raw/wayback/puts_20260904230341.pdf,3,MAR27,60,21990.0,21990.0,1581972.0,1581972.0,True,True
raw/wayback/puts_20260904230341.pdf,3,JUN27,57,11019.0,11019.0,697244.0,697244.0,True,True
raw/wayback/puts_20260904230341.pdf,3,SEP27,42,5592.0,5592.0,381864.0,381864.0,True,True
raw/wayback/puts_20260904230341.pdf,4,DEC27,38,6781.0,6781.0,331102.0,331102.0,True,True
raw/wayback/puts_20260904230341.pdf,4,MAR28,32,4256.0,4256.0,198171.0,198171.0,True,True
raw/wayback/puts_20260904230341.pdf,4,JUN28,25,0.0,0,99898.0,99898.0,True,True
raw/wayback/puts_20260904230341.pdf,4,SEP28,23,0.0,0,51323.0,51323.0,True,True
raw/wayback/puts_20260904230341.pdf,5,DEC28,23,0.0,0,66307.0,66307.0,True,True
raw/wayback/puts_20260904230341.pdf,5,MAR29,13,0.0,0,2144.0,2144.0,True,True
raw/wayback/puts_20260904230341.pdf,5,JUN29,10,0.0,0,1725.0,1725.0,True,True
raw/wayback/puts_20260904230341.pdf,5,SEP29,4,0.0,0,163.0,163.0,True,True
raw/wayback/puts_20260904230341.pdf,5,DEC29,2,0.0,0,84.0,84.0,True,True
raw/wayback/puts_20260904230341.pdf,5,MAR30,2,0.0,0,42.0,42.0,True,True
raw/wayback/puts_20260904230341.pdf,5,JUN30,3,36.0,36.0,71.0,71.0,True,True
raw/wayback/calls_20260908233221.pdf,3,SEP26,60,135851.0,135851.0,6448179.0,6448179.0,True,True
raw/wayback/calls_20260908233221.pdf,3,OCT26,35,69169.0,69169.0,1428446.0,1428446.0,True,True
raw/wayback/calls_20260908233221.pdf,3,NOV26,26,8700.0,8700.0,521591.0,521591.0,True,True
raw/wayback/calls_20260908233221.pdf,4,DEC26,67,257794.0,257794.0,7092417.0,7092417.0,True,True
raw/wayback/calls_20260908233221.pdf,4,JAN27,20,2785.0,2785.0,95217.0,95217.0,True,True
raw/wayback/calls_20260908233221.pdf,4,FEB27,4,0.0,0,64.0,64.0,True,True
raw/wayback/calls_20260908233221.pdf,5,MAR27,56,7593.0,7593.0,2193196.0,2193196.0,True,True
raw/wayback/calls_20260908233221.pdf,5,JUN27,55,17715.0,17715.0,1153936.0,1153936.0,True,True
raw/wayback/calls_20260908233221.pdf,5,SEP27,35,68501.0,68501.0,545948.0,545948.0,True,True
raw/wayback/calls_20260908233221.pdf,6,DEC27,35,6026.0,6026.0,695363.0,695363.0,True,True
raw/wayback/calls_20260908233221.pdf,6,MAR28,25,900.0,900.0,268811.0,268811.0,True,True
raw/wayback/calls_20260908233221.pdf,6,JUN28,25,1250.0,1250.0,210649.0,210649.0,True,True
raw/wayback/calls_20260908233221.pdf,6,SEP28,20,0.0,0,163148.0,163148.0,True,True
raw/wayback/calls_20260908233221.pdf,6,DEC28,21,0.0,0,54717.0,54717.0,True,True
raw/wayback/calls_20260908233221.pdf,6,MAR29,12,0.0,0,5941.0,5941.0,True,True
raw/wayback/calls_20260908233221.pdf,6,JUN29,9,0.0,0,23719.0,23719.0,True,True
raw/wayback/calls_20260908233221.pdf,7,SEP29,3,0.0,0,23.0,23.0,True,True
raw/wayback/calls_20260908233221.pdf,7,DEC29,2,0.0,0,104.0,104.0,True,True
raw/wayback/puts_20260908233315.pdf,1,SEP26,51,59165.0,59165.0,3472344.0,3472344.0,True,True
raw/wayback/puts_20260908233315.pdf,1,OCT26,35,27393.0,27393.0,608879.0,608879.0,True,True
raw/wayback/puts_20260908233315.pdf,2,NOV26,29,17000.0,17000.0,216985.0,216985.0,True,True
raw/wayback/puts_20260908233315.pdf,2,DEC26,62,29872.0,29872.0,4631795.0,4631795.0,True,True
raw/wayback/puts_20260908233315.pdf,2,JAN27,15,1.0,1.0,21860.0,21860.0,True,True
raw/wayback/puts_20260908233315.pdf,2,FEB27,2,0.0,0,32.0,32.0,True,True
raw/wayback/puts_20260908233315.pdf,3,MAR27,60,716.0,716.0,1582039.0,1582039.0,True,True
raw/wayback/puts_20260908233315.pdf,3,JUN27,57,10466.0,10466.0,698343.0,698343.0,True,True
raw/wayback/puts_20260908233315.pdf,3,SEP27,42,8550.0,8550.0,388601.0,388601.0,True,True
raw/wayback/puts_20260908233315.pdf,4,DEC27,37,1575.0,1575.0,331787.0,331787.0,True,True
raw/wayback/puts_20260908233315.pdf,4,MAR28,32,951.0,951.0,198922.0,198922.0,True,True
raw/wayback/puts_20260908233315.pdf,4,JUN28,25,50.0,50.0,99948.0,99948.0,True,True
raw/wayback/puts_20260908233315.pdf,4,SEP28,23,3630.0,3630.0,54097.0,54097.0,True,True
raw/wayback/puts_20260908233315.pdf,5,DEC28,23,52.0,52.0,66309.0,66309.0,True,True
raw/wayback/puts_20260908233315.pdf,5,MAR29,13,50.0,50.0,2194.0,2194.0,True,True
raw/wayback/puts_20260908233315.pdf,5,JUN29,10,50.0,50.0,1775.0,1775.0,True,True
raw/wayback/puts_20260908233315.pdf,5,SEP29,4,0.0,0,163.0,163.0,True,True
raw/wayback/puts_20260908233315.pdf,5,DEC29,2,0.0,0,84.0,84.0,True,True
raw/wayback/puts_20260908233315.pdf,5,MAR30,2,0.0,0,42.0,42.0,True,True
raw/wayback/puts_20260908233315.pdf,5,JUN30,3,0.0,0,71.0,71.0,True,True
raw/wayback/calls_20260909231610.pdf,3,SEP26,60,314565.0,314565.0,6441028.0,6441028.0,True,True
raw/wayback/calls_20260909231610.pdf,3,OCT26,35,97236.0,97236.0,1430520.0,1430520.0,True,True
raw/wayback/calls_20260909231610.pdf,3,NOV26,26,7935.0,7935.0,522401.0,522401.0,True,True
raw/wayback/calls_20260909231610.pdf,4,DEC26,67,97618.0,97618.0,7110082.0,7110082.0,True,True
raw/wayback/calls_20260909231610.pdf,4,JAN27,20,0.0,0,95217.0,95217.0,True,True
raw/wayback/calls_20260909231610.pdf,4,FEB27,4,0.0,0,64.0,64.0,True,True
raw/wayback/calls_20260909231610.pdf,5,MAR27,56,23093.0,23093.0,2193612.0,2193612.0,True,True
raw/wayback/calls_20260909231610.pdf,5,JUN27,55,6931.0,6931.0,1155884.0,1155884.0,True,True
raw/wayback/calls_20260909231610.pdf,5,SEP27,35,30306.0,30306.0,562958.0,562958.0,True,True
raw/wayback/calls_20260909231610.pdf,6,DEC27,35,4505.0,4505.0,694383.0,694383.0,True,True
raw/wayback/calls_20260909231610.pdf,6,MAR28,25,0.0,0,268811.0,268811.0,True,True
raw/wayback/calls_20260909231610.pdf,6,JUN28,25,20000.0,20000.0,230649.0,230649.0,True,True
raw/wayback/calls_20260909231610.pdf,6,SEP28,20,0.0,0,163148.0,163148.0,True,True
raw/wayback/calls_20260909231610.pdf,6,DEC28,21,0.0,0,54717.0,54717.0,True,True
raw/wayback/calls_20260909231610.pdf,6,MAR29,12,0.0,0,5941.0,5941.0,True,True
raw/wayback/calls_20260909231610.pdf,6,JUN29,9,0.0,0,23719.0,23719.0,True,True
raw/wayback/calls_20260909231610.pdf,7,SEP29,3,0.0,0,23.0,23.0,True,True
raw/wayback/calls_20260909231610.pdf,7,DEC29,2,0.0,0,104.0,104.0,True,True
raw/wayback/puts_20260909231625.pdf,1,SEP26,51,70179.0,70179.0,3467436.0,3467436.0,True,True
raw/wayback/puts_20260909231625.pdf,1,OCT26,35,69655.0,69655.0,616750.0,616750.0,True,True
raw/wayback/puts_20260909231625.pdf,2,NOV26,29,7875.0,7875.0,223586.0,223586.0,True,True
raw/wayback/puts_20260909231625.pdf,2,DEC26,62,147860.0,147860.0,4704871.0,4704871.0,True,True
raw/wayback/puts_20260909231625.pdf,2,JAN27,16,97.0,97.0,21957.0,21957.0,True,True
raw/wayback/puts_20260909231625.pdf,2,FEB27,2,0.0,0,32.0,32.0,True,True
raw/wayback/puts_20260909231625.pdf,3,MAR27,60,13568.0,13568.0,1586904.0,1586904.0,True,True
raw/wayback/puts_20260909231625.pdf,3,JUN27,57,4643.0,4643.0,702172.0,702172.0,True,True
raw/wayback/puts_20260909231625.pdf,3,SEP27,42,520.0,520.0,389046.0,389046.0,True,True
raw/wayback/puts_20260909231625.pdf,4,DEC27,37,500.0,500.0,332237.0,332237.0,True,True
raw/wayback/puts_20260909231625.pdf,4,MAR28,32,9.0,9.0,198922.0,198922.0,True,True
raw/wayback/puts_20260909231625.pdf,4,JUN28,25,0.0,0,99948.0,99948.0,True,True
raw/wayback/puts_20260909231625.pdf,4,SEP28,23,0.0,0,54097.0,54097.0,True,True
raw/wayback/puts_20260909231625.pdf,5,DEC28,23,10.0,10.0,66319.0,66319.0,True,True
raw/wayback/puts_20260909231625.pdf,5,MAR29,13,0.0,0,2194.0,2194.0,True,True
raw/wayback/puts_20260909231625.pdf,5,JUN29,10,0.0,0,1775.0,1775.0,True,True
raw/wayback/puts_20260909231625.pdf,5,SEP29,4,0.0,0,163.0,163.0,True,True
raw/wayback/puts_20260909231625.pdf,5,DEC29,2,0.0,0,84.0,84.0,True,True
raw/wayback/puts_20260909231625.pdf,5,MAR30,2,0.0,0,42.0,42.0,True,True
raw/wayback/puts_20260909231625.pdf,5,JUN30,3,0.0,0,71.0,71.0,True,True
raw/wayback/puts_20260910231713.pdf,1,SEP26,51,66144.0,66144.0,3471507.0,3471507.0,True,True
raw/wayback/puts_20260910231713.pdf,1,OCT26,35,36490.0,36490.0,627560.0,627560.0,True,True
raw/wayback/puts_20260910231713.pdf,2,NOV26,31,6513.0,6513.0,228249.0,228249.0,True,True
raw/wayback/puts_20260910231713.pdf,2,DEC26,60,264232.0,264232.0,4685270.0,4685270.0,True,True
raw/wayback/puts_20260910231713.pdf,2,JAN27,18,46966.0,46966.0,59022.0,59022.0,True,True
raw/wayback/puts_20260910231713.pdf,2,FEB27,2,0.0,0,32.0,32.0,True,True
raw/wayback/puts_20260910231713.pdf,3,MAR27,60,7123.0,7123.0,1592783.0,1592783.0,True,True
raw/wayback/puts_20260910231713.pdf,3,JUN27,57,8000.0,8000.0,704922.0,704922.0,True,True
raw/wayback/puts_20260910231713.pdf,3,SEP27,42,75.0,75.0,389107.0,389107.0,True,True
raw/wayback/puts_20260910231713.pdf,4,DEC27,37,11926.0,11926.0,339714.0,339714.0,True,True
raw/wayback/puts_20260910231713.pdf,4,MAR28,32,340.0,340.0,199042.0,199042.0,True,True
raw/wayback/puts_20260910231713.pdf,4,JUN28,25,1001.0,1001.0,100949.0,100949.0,True,True
raw/wayback/puts_20260910231713.pdf,4,SEP28,23,0.0,0,54097.0,54097.0,True,True
raw/wayback/puts_20260910231713.pdf,5,DEC28,23,1.0,1.0,66320.0,66320.0,True,True
raw/wayback/puts_20260910231713.pdf,5,MAR29,13,0.0,0,2194.0,2194.0,True,True
raw/wayback/puts_20260910231713.pdf,5,JUN29,10,0.0,0,1775.0,1775.0,True,True
raw/wayback/puts_20260910231713.pdf,5,SEP29,4,0.0,0,163.0,163.0,True,True
raw/wayback/puts_20260910231713.pdf,5,DEC29,2,0.0,0,84.0,84.0,True,True
raw/wayback/puts_20260910231713.pdf,5,MAR30,2,0.0,0,42.0,42.0,True,True
raw/wayback/puts_20260910231713.pdf,5,JUN30,3,0.0,0,71.0,71.0,True,True
raw/wayback/puts_20260911231411.pdf,1,SEP26,51,133445.0,133445.0,3389133.0,3389133.0,True,True
raw/wayback/puts_20260911231411.pdf,1,OCT26,35,83339.0,83339.0,612955.0,612955.0,True,True
raw/wayback/puts_20260911231411.pdf,2,NOV26,31,16238.0,16238.0,237171.0,237171.0,True,True
raw/wayback/puts_20260911231411.pdf,2,DEC26,60,180288.0,180288.0,4679921.0,4679921.0,True,True
raw/wayback/puts_20260911231411.pdf,2,JAN27,18,7953.0,7953.0,65669.0,65669.0,True,True
raw/wayback/puts_20260911231411.pdf,2,FEB27,2,0.0,0,32.0,32.0,True,True
raw/wayback/puts_20260911231411.pdf,3,MAR27,60,64406.0,64406.0,1585640.0,1585640.0,True,True
raw/wayback/puts_20260911231411.pdf,3,JUN27,58,67480.0,67480.0,700689.0,700689.0,True,True
raw/wayback/puts_20260911231411.pdf,3,SEP27,42,29700.0,29700.0,414049.0,414049.0,True,True
raw/wayback/puts_20260911231411.pdf,4,DEC27,37,6747.0,6747.0,339521.0,339521.0,True,True
raw/wayback/puts_20260911231411.pdf,4,MAR28,34,1300.0,1300.0,200342.0,200342.0,True,True
raw/wayback/puts_20260911231411.pdf,4,JUN28,25,1237.0,1237.0,101777.0,101777.0,True,True
raw/wayback/puts_20260911231411.pdf,4,SEP28,23,2500.0,2500.0,56347.0,56347.0,True,True
raw/wayback/puts_20260911231411.pdf,5,DEC28,23,2252.0,2252.0,67176.0,67176.0,True,True
raw/wayback/puts_20260911231411.pdf,5,MAR29,13,0.0,0,2194.0,2194.0,True,True
raw/wayback/puts_20260911231411.pdf,5,JUN29,10,0.0,0,1775.0,1775.0,True,True
raw/wayback/puts_20260911231411.pdf,5,SEP29,4,0.0,0,163.0,163.0,True,True
raw/wayback/puts_20260911231411.pdf,5,DEC29,2,0.0,0,84.0,84.0,True,True
raw/wayback/puts_20260911231411.pdf,5,MAR30,2,0.0,0,42.0,42.0,True,True
raw/wayback/puts_20260911231411.pdf,5,JUN30,3,0.0,0,71.0,71.0,True,True
raw/wayback/calls_20260914235815.pdf,3,SEP26,58,121425.0,121425.0,0.0,0,True,True
raw/wayback/calls_20260914235815.pdf,3,OCT26,35,185218.0,185218.0,1414447.0,1414447.0,True,True
raw/wayback/calls_20260914235815.pdf,3,NOV26,26,25465.0,25465.0,507618.0,507618.0,True,True
raw/wayback/calls_20260914235815.pdf,4,DEC26,69,273549.0,273549.0,7097358.0,7097358.0,True,True
raw/wayback/calls_20260914235815.pdf,4,JAN27,23,2719.0,2719.0,98664.0,98664.0,True,True
raw/wayback/calls_20260914235815.pdf,4,FEB27,9,8000.0,8000.0,10080.0,10080.0,True,True
raw/wayback/calls_20260914235815.pdf,5,MAR27,58,37122.0,37122.0,2214584.0,2214584.0,True,True
raw/wayback/calls_20260914235815.pdf,5,JUN27,57,53934.0,53934.0,1221562.0,1221562.0,True,True
raw/wayback/calls_20260914235815.pdf,5,SEP27,38,8965.0,8965.0,601647.0,601647.0,True,True
raw/wayback/calls_20260914235815.pdf,6,DEC27,35,12273.0,12273.0,708284.0,708284.0,True,True
raw/wayback/calls_20260914235815.pdf,6,MAR28,25,1702.0,1702.0,270492.0,270492.0,True,True
raw/wayback/calls_20260914235815.pdf,6,JUN28,27,17720.0,17720.0,277328.0,277328.0,True,True
raw/wayback/calls_20260914235815.pdf,6,SEP28,20,2.0,2.0,163195.0,163195.0,True,True
raw/wayback/calls_20260914235815.pdf,6,DEC28,21,500.0,500.0,76256.0,76256.0,True,True
raw/wayback/calls_20260914235815.pdf,7,MAR29,12,0.0,0,6046.0,6046.0,True,True
raw/wayback/calls_20260914235815.pdf,7,JUN29,9,0.0,0,23779.0,23779.0,True,True
raw/wayback/calls_20260914235815.pdf,7,SEP29,3,0.0,0,23.0,23.0,True,True
raw/wayback/calls_20260914235815.pdf,7,DEC29,2,0.0,0,104.0,104.0,True,True
raw/wayback/puts_20260914235822.pdf,1,SEP26,50,219138.0,219138.0,0.0,0,True,True
raw/wayback/puts_20260914235822.pdf,1,OCT26,35,175550.0,175550.0,625297.0,625297.0,True,True
raw/wayback/puts_20260914235822.pdf,2,NOV26,31,12960.0,12960.0,241784.0,241784.0,True,True
raw/wayback/puts_20260914235822.pdf,2,DEC26,60,581249.0,581249.0,4806967.0,4806967.0,True,True
raw/wayback/puts_20260914235822.pdf,2,JAN27,19,18006.0,18006.0,79570.0,79570.0,True,True
raw/wayback/puts_20260914235822.pdf,2,FEB27,2,0.0,0,32.0,32.0,True,True
raw/wayback/puts_20260914235822.pdf,3,MAR27,60,80710.0,80710.0,1586979.0,1586979.0,True,True
raw/wayback/puts_20260914235822.pdf,3,JUN27,59,34131.0,34131.0,724743.0,724743.0,True,True
raw/wayback/puts_20260914235822.pdf,3,SEP27,42,10042.0,10042.0,421028.0,421028.0,True,True
raw/wayback/puts_20260914235822.pdf,4,DEC27,37,21410.0,21410.0,347491.0,347491.0,True,True
raw/wayback/puts_20260914235822.pdf,4,MAR28,34,2005.0,2005.0,200961.0,200961.0,True,True
raw/wayback/puts_20260914235822.pdf,4,JUN28,25,1375.0,1375.0,103152.0,103152.0,True,True
raw/wayback/puts_20260914235822.pdf,4,SEP28,23,4473.0,4473.0,60084.0,60084.0,True,True
raw/wayback/puts_20260914235822.pdf,5,DEC28,24,50.0,50.0,67201.0,67201.0,True,True
raw/wayback/puts_20260914235822.pdf,5,MAR29,13,0.0,0,2194.0,2194.0,True,True
raw/wayback/puts_20260914235822.pdf,5,JUN29,10,0.0,0,1775.0,1775.0,True,True
raw/wayback/puts_20260914235822.pdf,5,SEP29,4,0.0,0,163.0,163.0,True,True
raw/wayback/puts_20260914235822.pdf,5,DEC29,2,0.0,0,84.0,84.0,True,True
raw/wayback/puts_20260914235822.pdf,5,MAR30,2,0.0,0,42.0,42.0,True,True
raw/wayback/puts_20260914235822.pdf,5,JUN30,3,0.0,0,71.0,71.0,True,True
raw/wayback/calls_20260915234310.pdf,3,SEP26,12,0.0,0,0.0,0,True,True
raw/wayback/calls_20260915234310.pdf,3,OCT26,35,57787.0,57787.0,1430213.0,1430213.0,True,True
raw/wayback/calls_20260915234310.pdf,3,NOV26,26,24878.0,24878.0,504489.0,504489.0,True,True
raw/wayback/calls_20260915234310.pdf,4,DEC26,71,139394.0,139394.0,7102418.0,7102418.0,True,True
raw/wayback/calls_20260915234310.pdf,4,JAN27,29,29769.0,29769.0,124436.0,124436.0,True,True
raw/wayback/calls_20260915234310.pdf,4,FEB27,9,0.0,0,10080.0,10080.0,True,True
raw/wayback/calls_20260915234310.pdf,4,MAR27,58,79357.0,79357.0,2239907.0,2239907.0,True,True
raw/wayback/calls_20260915234310.pdf,5,JUN27,58,102261.0,102261.0,1315683.0,1315683.0,True,True
raw/wayback/calls_20260915234310.pdf,5,SEP27,38,15347.0,15347.0,609443.0,609443.0,True,True
raw/wayback/calls_20260915234310.pdf,5,DEC27,35,11811.0,11811.0,716176.0,716176.0,True,True
raw/wayback/calls_20260915234310.pdf,6,MAR28,25,13750.0,13750.0,280392.0,280392.0,True,True
raw/wayback/calls_20260915234310.pdf,6,JUN28,27,30.0,30.0,277358.0,277358.0,True,True
raw/wayback/calls_20260915234310.pdf,6,SEP28,21,3.0,3.0,163196.0,163196.0,True,True
raw/wayback/calls_20260915234310.pdf,6,DEC28,21,0.0,0,76256.0,76256.0,True,True
raw/wayback/calls_20260915234310.pdf,6,MAR29,12,0.0,0,6046.0,6046.0,True,True
raw/wayback/calls_20260915234310.pdf,6,JUN29,9,0.0,0,23779.0,23779.0,True,True
raw/wayback/calls_20260915234310.pdf,6,SEP29,3,0.0,0,23.0,23.0,True,True
raw/wayback/calls_20260915234310.pdf,6,DEC29,2,0.0,0,104.0,104.0,True,True
raw/wayback/puts_20260915234338.pdf,1,SEP26,23,0.0,0,0.0,0,True,True
raw/wayback/puts_20260915234338.pdf,1,OCT26,35,11284.0,11284.0,630557.0,630557.0,True,True
raw/wayback/puts_20260915234338.pdf,1,NOV26,31,84146.0,84146.0,201837.0,201837.0,True,True
raw/wayback/puts_20260915234338.pdf,2,DEC26,60,333124.0,333124.0,4897502.0,4897502.0,True,True
raw/wayback/puts_20260915234338.pdf,2,JAN27,20,2500.0,2500.0,80770.0,80770.0,True,True
raw/wayback/puts_20260915234338.pdf,2,FEB27,2,0.0,0,32.0,32.0,True,True
raw/wayback/puts_20260915234338.pdf,2,MAR27,60,67098.0,67098.0,1622623.0,1622623.0,True,True
raw/wayback/puts_20260915234338.pdf,3,JUN27,59,76917.0,76917.0,794509.0,794509.0,True,True
raw/wayback/puts_20260915234338.pdf,3,SEP27,42,13012.0,13012.0,421628.0,421628.0,True,True
raw/wayback/puts_20260915234338.pdf,4,DEC27,37,9048.0,9048.0,351427.0,351427.0,True,True
raw/wayback/puts_20260915234338.pdf,4,MAR28,34,710.0,710.0,201671.0,201671.0,True,True
raw/wayback/puts_20260915234338.pdf,4,JUN28,25,360.0,360.0,103512.0,103512.0,True,True
raw/wayback/puts_20260915234338.pdf,4,SEP28,23,160.0,160.0,60244.0,60244.0,True,True
raw/wayback/puts_20260915234338.pdf,4,DEC28,24,1.0,1.0,67201.0,67201.0,True,True
raw/wayback/puts_20260915234338.pdf,5,MAR29,13,0.0,0,2194.0,2194.0,True,True
raw/wayback/puts_20260915234338.pdf,5,JUN29,10,0.0,0,1775.0,1775.0,True,True
raw/wayback/puts_20260915234338.pdf,5,SEP29,4,0.0,0,163.0,163.0,True,True
raw/wayback/puts_20260915234338.pdf,5,DEC29,2,0.0,0,84.0,84.0,True,True
raw/wayback/puts_20260915234338.pdf,5,MAR30,2,0.0,0,42.0,42.0,True,True
raw/wayback/puts_20260915234338.pdf,5,JUN30,3,0.0,0,71.0,71.0,True,True
raw/wayback/calls_20260917000443.pdf,3,OCT26,36,153199.0,153199.0,1491514.0,1491514.0,True,True
raw/wayback/calls_20260917000443.pdf,3,NOV26,28,59801.0,59801.0,514072.0,514072.0,True,True
raw/wayback/calls_20260917000443.pdf,4,DEC26,71,66535.0,66535.0,7112075.0,7112075.0,True,True
raw/wayback/calls_20260917000443.pdf,4,JAN27,30,14335.0,14335.0,137265.0,137265.0,True,True
raw/wayback/calls_20260917000443.pdf,4,FEB27,13,1830.0,1830.0,11910.0,11910.0,True,True
raw/wayback/calls_20260917000443.pdf,4,MAR27,59,45282.0,45282.0,2260716.0,2260716.0,True,True
raw/wayback/calls_20260917000443.pdf,5,JUN27,58,22086.0,22086.0,1323873.0,1323873.0,True,True
raw/wayback/calls_20260917000443.pdf,5,SEP27,38,38444.0,38444.0,633668.0,633668.0,True,True
raw/wayback/calls_20260917000443.pdf,5,DEC27,36,65817.0,65817.0,725094.0,725094.0,True,True
raw/wayback/calls_20260917000443.pdf,6,MAR28,27,349.0,349.0,280502.0,280502.0,True,True
raw/wayback/calls_20260917000443.pdf,6,JUN28,27,348.0,348.0,277519.0,277519.0,True,True
raw/wayback/calls_20260917000443.pdf,6,SEP28,21,594.0,594.0,163789.0,163789.0,True,True
raw/wayback/calls_20260917000443.pdf,6,DEC28,22,438.0,438.0,76692.0,76692.0,True,True
raw/wayback/calls_20260917000443.pdf,6,MAR29,12,181.0,181.0,6182.0,6182.0,True,True
raw/wayback/calls_20260917000443.pdf,6,JUN29,9,177.0,177.0,23956.0,23956.0,True,True
raw/wayback/calls_20260917000443.pdf,6,SEP29,4,171.0,171.0,194.0,194.0,True,True
raw/wayback/calls_20260917000443.pdf,6,DEC29,3,165.0,165.0,269.0,269.0,True,True
raw/wayback/puts_20260917234305.pdf,1,OCT26,35,207590.0,207590.0,617757.0,617757.0,True,True
raw/wayback/puts_20260917234305.pdf,1,NOV26,31,37207.0,37207.0,201435.0,201435.0,True,True
raw/wayback/puts_20260917234305.pdf,2,DEC26,60,722159.0,722159.0,5164815.0,5164815.0,True,True
raw/wayback/puts_20260917234305.pdf,2,JAN27,22,6880.0,6880.0,87241.0,87241.0,True,True
raw/wayback/puts_20260917234305.pdf,2,FEB27,5,2750.0,2750.0,3165.0,3165.0,True,True
raw/wayback/puts_20260917234305.pdf,2,MAR27,61,55881.0,55881.0,1649396.0,1649396.0,True,True
raw/wayback/puts_20260917234305.pdf,3,JUN27,60,43804.0,43804.0,814633.0,814633.0,True,True
raw/wayback/puts_20260917234305.pdf,3,SEP27,42,27127.0,27127.0,442280.0,442280.0,True,True
raw/wayback/puts_20260917234305.pdf,3,DEC27,39,24320.0,24320.0,383079.0,383079.0,True,True
raw/wayback/puts_20260917234305.pdf,4,MAR28,34,10850.0,10850.0,212511.0,212511.0,True,True
raw/wayback/puts_20260917234305.pdf,4,JUN28,28,0.0,0,103726.0,103726.0,True,True
raw/wayback/puts_20260917234305.pdf,4,SEP28,23,1002.0,1002.0,61144.0,61144.0,True,True
raw/wayback/puts_20260917234305.pdf,4,DEC28,26,1.0,1.0,68152.0,68152.0,True,True
raw/wayback/puts_20260917234305.pdf,4,MAR29,13,0.0,0,2194.0,2194.0,True,True
raw/wayback/puts_20260917234305.pdf,5,JUN29,10,0.0,0,1775.0,1775.0,True,True
raw/wayback/puts_20260917234305.pdf,5,SEP29,4,0.0,0,163.0,163.0,True,True
raw/wayback/puts_20260917234305.pdf,5,DEC29,2,0.0,0,84.0,84.0,True,True
raw/wayback/puts_20260917234305.pdf,5,MAR30,2,0.0,0,42.0,42.0,True,True
raw/wayback/puts_20260917234305.pdf,5,JUN30,3,0.0,0,71.0,71.0,True,True
raw/wayback/puts_20260918232017.pdf,1,OCT26,35,51891.0,51891.0,607956.0,607956.0,True,True
raw/wayback/puts_20260918232017.pdf,1,NOV26,31,12406.0,12406.0,205877.0,205877.0,True,True
raw/wayback/puts_20260918232017.pdf,2,DEC26,60,294337.0,294337.0,5108472.0,5108472.0,True,True
raw/wayback/puts_20260918232017.pdf,2,JAN27,22,37458.0,37458.0,121959.0,121959.0,True,True
raw/wayback/puts_20260918232017.pdf,2,FEB27,5,0.0,0,3165.0,3165.0,True,True
raw/wayback/puts_20260918232017.pdf,2,MAR27,60,111859.0,111859.0,1681494.0,1681494.0,True,True
raw/wayback/puts_20260918232017.pdf,3,JUN27,60,26815.0,26815.0,828914.0,828914.0,True,True
raw/wayback/puts_20260918232017.pdf,3,SEP27,44,5242.0,5242.0,446854.0,446854.0,True,True
raw/wayback/puts_20260918232017.pdf,3,DEC27,39,14721.0,14721.0,393540.0,393540.0,True,True
raw/wayback/puts_20260918232017.pdf,4,MAR28,34,7357.0,7357.0,219103.0,219103.0,True,True
raw/wayback/puts_20260918232017.pdf,4,JUN28,28,470.0,470.0,104106.0,104106.0,True,True
raw/wayback/puts_20260918232017.pdf,4,SEP28,23,570.0,570.0,61584.0,61584.0,True,True
raw/wayback/puts_20260918232017.pdf,4,DEC28,25,470.0,470.0,68232.0,68232.0,True,True
raw/wayback/puts_20260918232017.pdf,4,MAR29,13,20.0,20.0,2174.0,2174.0,True,True
raw/wayback/puts_20260918232017.pdf,5,JUN29,11,20.0,20.0,1795.0,1795.0,True,True
raw/wayback/puts_20260918232017.pdf,5,SEP29,5,20.0,20.0,183.0,183.0,True,True
raw/wayback/puts_20260918232017.pdf,5,DEC29,2,0.0,0,84.0,84.0,True,True
raw/wayback/puts_20260918232017.pdf,5,MAR30,2,0.0,0,42.0,42.0,True,True
raw/wayback/puts_20260918232017.pdf,5,JUN30,3,0.0,0,71.0,71.0,True,True
raw/wayback/puts_20260922000910.pdf,1,OCT26,35,57486.0,57486.0,628531.0,628531.0,True,True
raw/wayback/puts_20260922000910.pdf,1,NOV26,32,34699.0,34699.0,227405.0,227405.0,True,True
raw/wayback/puts_20260922000910.pdf,2,DEC26,60,73756.0,73756.0,5104071.0,5104071.0,True,True
raw/wayback/puts_20260922000910.pdf,2,JAN27,23,6101.0,6101.0,127357.0,127357.0,True,True
raw/wayback/puts_20260922000910.pdf,2,FEB27,6,6792.0,6792.0,9165.0,9165.0,True,True
raw/wayback/puts_20260922000910.pdf,2,MAR27,60,86120.0,86120.0,1666106.0,1666106.0,True,True
raw/wayback/puts_20260922000910.pdf,3,JUN27,60,24776.0,24776.0,838010.0,838010.0,True,True
raw/wayback/puts_20260922000910.pdf,3,SEP27,44,9908.0,9908.0,452691.0,452691.0,True,True
raw/wayback/puts_20260922000910.pdf,3,DEC27,38,13437.0,13437.0,398372.0,398372.0,True,True
raw/wayback/puts_20260922000910.pdf,4,MAR28,34,12676.0,12676.0,229797.0,229797.0,True,True
raw/wayback/puts_20260922000910.pdf,4,JUN28,27,5407.0,5407.0,108856.0,108856.0,True,True
raw/wayback/puts_20260922000910.pdf,4,SEP28,23,50.0,50.0,61584.0,61584.0,True,True
raw/wayback/puts_20260922000910.pdf,4,DEC28,25,1.0,1.0,67282.0,67282.0,True,True
raw/wayback/puts_20260922000910.pdf,4,MAR29,13,0.0,0,2174.0,2174.0,True,True
raw/wayback/puts_20260922000910.pdf,5,JUN29,11,0.0,0,1795.0,1795.0,True,True
raw/wayback/puts_20260922000910.pdf,5,SEP29,5,0.0,0,183.0,183.0,True,True
raw/wayback/puts_20260922000910.pdf,5,DEC29,2,0.0,0,84.0,84.0,True,True
raw/wayback/puts_20260922000910.pdf,5,MAR30,2,0.0,0,42.0,42.0,True,True
raw/wayback/puts_20260922000910.pdf,5,JUN30,3,0.0,0,71.0,71.0,True,True
raw/wayback/puts_20260925000611.pdf,1,OCT26,35,91494.0,91494.0,630405.0,630405.0,True,True
raw/wayback/puts_20260925000611.pdf,1,NOV26,32,96372.0,96372.0,291671.0,291671.0,True,True
raw/wayback/puts_20260925000611.pdf,2,DEC26,58,531977.0,531977.0,5150846.0,5150846.0,True,True
raw/wayback/puts_20260925000611.pdf,2,JAN27,24,13602.0,13602.0,181056.0,181056.0,True,True
raw/wayback/puts_20260925000611.pdf,2,FEB27,6,500.0,500.0,8251.0,8251.0,True,True
raw/wayback/puts_20260925000611.pdf,2,MAR27,60,148527.0,148527.0,1628904.0,1628904.0,True,True
raw/wayback/puts_20260925000611.pdf,3,JUN27,60,8840.0,8840.0,835953.0,835953.0,True,True
raw/wayback/puts_20260925000611.pdf,3,SEP27,46,35739.0,35739.0,454597.0,454597.0,True,True
raw/wayback/puts_20260925000611.pdf,3,DEC27,38,14317.0,14317.0,403076.0,403076.0,True,True
raw/wayback/puts_20260925000611.pdf,4,MAR28,34,42250.0,42250.0,261910.0,261910.0,True,True
raw/wayback/puts_20260925000611.pdf,4,JUN28,27,4562.0,4562.0,115428.0,115428.0,True,True
raw/wayback/puts_20260925000611.pdf,4,SEP28,23,2520.0,2520.0,64874.0,64874.0,True,True
raw/wayback/puts_20260925000611.pdf,4,DEC28,24,0.0,0,67482.0,67482.0,True,True
raw/wayback/puts_20260925000611.pdf,4,MAR29,13,1.0,1.0,2173.0,2173.0,True,True
raw/wayback/puts_20260925000611.pdf,5,JUN29,11,0.0,0,1795.0,1795.0,True,True
raw/wayback/puts_20260925000611.pdf,5,SEP29,5,0.0,0,183.0,183.0,True,True
raw/wayback/puts_20260925000611.pdf,5,DEC29,2,0.0,0,84.0,84.0,True,True
raw/wayback/puts_20260925000611.pdf,5,MAR30,2,0.0,0,42.0,42.0,True,True
raw/wayback/puts_20260925000611.pdf,5,JUN30,3,0.0,0,71.0,71.0,True,True
raw/wayback/calls_20260926000441.pdf,3,OCT26,38,58361.0,58361.0,1666661.0,1666661.0,True,True
raw/wayback/calls_20260926000441.pdf,3,NOV26,29,100510.0,100510.0,894469.0,894469.0,True,True
raw/wayback/calls_20260926000441.pdf,4,DEC26,69,88960.0,88960.0,7378680.0,7378680.0,True,True
raw/wayback/calls_20260926000441.pdf,4,JAN27,37,8365.0,8365.0,169887.0,169887.0,True,True
raw/wayback/calls_20260926000441.pdf,4,FEB27,22,2989.0,2989.0,20890.0,20890.0,True,True
raw/wayback/calls_20260926000441.pdf,4,MAR27,63,69239.0,69239.0,2794351.0,2794351.0,True,True
raw/wayback/calls_20260926000441.pdf,5,JUN27,59,51038.0,51038.0,1653888.0,1653888.0,True,True
raw/wayback/calls_20260926000441.pdf,5,SEP27,43,45416.0,45416.0,715897.0,715897.0,True,True
raw/wayback/calls_20260926000441.pdf,6,DEC27,37,9068.0,9068.0,794301.0,794301.0,True,True
raw/wayback/calls_20260926000441.pdf,6,MAR28,29,20134.0,20134.0,335844.0,335844.0,True,True
raw/wayback/calls_20260926000441.pdf,6,JUN28,30,1294.0,1294.0,281506.0,281506.0,True,True
raw/wayback/calls_20260926000441.pdf,6,SEP28,22,600.0,600.0,172157.0,172157.0,True,True
raw/wayback/calls_20260926000441.pdf,6,DEC28,24,2216.0,2216.0,83947.0,83947.0,True,True
raw/wayback/calls_20260926000441.pdf,6,MAR29,13,0.0,0,11252.0,11252.0,True,True
raw/wayback/calls_20260926000441.pdf,7,JUN29,11,0.0,0,23996.0,23996.0,True,True
raw/wayback/calls_20260926000441.pdf,7,SEP29,7,0.0,0,374.0,374.0,True,True
raw/wayback/calls_20260926000441.pdf,7,DEC29,3,0.0,0,269.0,269.0,True,True
