trade_date,symbol,effective_date,maturity_date,par_rate_percent,index,source_file
2026-03-30,SOFR1D,2026-04-01,2026-04-07,3.6527178221,SOFRON Actual/360,raw/free_supplement/Eris_20260330_EOD_ParCouponCurve_SOFR.csv
2026-03-30,SOFR1W,2026-04-01,2026-04-10,3.6542158229,SOFRON Actual/360,raw/free_supplement/Eris_20260330_EOD_ParCouponCurve_SOFR.csv
2026-03-30,SOFR1M,2026-04-01,2026-05-05,3.6630385017,SOFRON Actual/360,raw/free_supplement/Eris_20260330_EOD_ParCouponCurve_SOFR.csv
2026-03-30,SOFR3M,2026-04-01,2026-07-06,3.6862595617,SOFRON Actual/360,raw/free_supplement/Eris_20260330_EOD_ParCouponCurve_SOFR.csv
2026-03-30,SOFR6M,2026-04-01,2026-10-05,3.6999962275,SOFRON Actual/360,raw/free_supplement/Eris_20260330_EOD_ParCouponCurve_SOFR.csv
2026-03-30,SOFR9M,2026-04-01,2027-01-06,3.7208208321,SOFRON Actual/360,raw/free_supplement/Eris_20260330_EOD_ParCouponCurve_SOFR.csv
2026-03-30,SOFR12M,2026-04-01,2027-04-05,3.7351744033,SOFRON Actual/360,raw/free_supplement/Eris_20260330_EOD_ParCouponCurve_SOFR.csv
2026-03-30,SOFR18M,2026-04-01,2027-10-05,3.6880150096,SOFRON Actual/360,raw/free_supplement/Eris_20260330_EOD_ParCouponCurve_SOFR.csv
2026-03-30,SOFR2Y,2026-04-01,2028-04-05,3.648829313,SOFRON Actual/360,raw/free_supplement/Eris_20260330_EOD_ParCouponCurve_SOFR.csv
2026-03-30,SOFR3Y,2026-04-01,2029-04-04,3.6050119679,SOFRON Actual/360,raw/free_supplement/Eris_20260330_EOD_ParCouponCurve_SOFR.csv
2026-03-30,SOFR4Y,2026-04-01,2030-04-03,3.6128489248,SOFRON Actual/360,raw/free_supplement/Eris_20260330_EOD_ParCouponCurve_SOFR.csv
2026-03-30,SOFR5Y,2026-04-01,2031-04-03,3.6483730049,SOFRON Actual/360,raw/free_supplement/Eris_20260330_EOD_ParCouponCurve_SOFR.csv
2026-03-30,SOFR6Y,2026-04-01,2032-04-05,3.6968985867,SOFRON Actual/360,raw/free_supplement/Eris_20260330_EOD_ParCouponCurve_SOFR.csv
2026-03-30,SOFR7Y,2026-04-01,2033-04-05,3.7476929386,SOFRON Actual/360,raw/free_supplement/Eris_20260330_EOD_ParCouponCurve_SOFR.csv
2026-03-30,SOFR8Y,2026-04-01,2034-04-05,3.795751979,SOFRON Actual/360,raw/free_supplement/Eris_20260330_EOD_ParCouponCurve_SOFR.csv
2026-03-30,SOFR9Y,2026-04-01,2035-04-04,3.8408571544,SOFRON Actual/360,raw/free_supplement/Eris_20260330_EOD_ParCouponCurve_SOFR.csv
2026-03-30,SOFR10Y,2026-04-01,2036-04-03,3.8853927231,SOFRON Actual/360,raw/free_supplement/Eris_20260330_EOD_ParCouponCurve_SOFR.csv
2026-03-30,SOFR12Y,2026-04-01,2038-04-05,3.9734472003,SOFRON Actual/360,raw/free_supplement/Eris_20260330_EOD_ParCouponCurve_SOFR.csv
2026-03-30,SOFR15Y,2026-04-01,2041-04-03,4.0819055391,SOFRON Actual/360,raw/free_supplement/Eris_20260330_EOD_ParCouponCurve_SOFR.csv
2026-03-30,SOFR20Y,2026-04-01,2046-04-04,4.1643977238,SOFRON Actual/360,raw/free_supplement/Eris_20260330_EOD_ParCouponCurve_SOFR.csv
2026-03-30,SOFR25Y,2026-04-01,2051-04-05,4.1617381621,SOFRON Actual/360,raw/free_supplement/Eris_20260330_EOD_ParCouponCurve_SOFR.csv
2026-03-30,SOFR30Y,2026-04-01,2056-04-05,4.1195523706,SOFRON Actual/360,raw/free_supplement/Eris_20260330_EOD_ParCouponCurve_SOFR.csv
2026-03-30,SOFR40Y,2026-04-01,2066-04-05,4.0036431293,SOFRON Actual/360,raw/free_supplement/Eris_20260330_EOD_ParCouponCurve_SOFR.csv
2026-03-30,SOFR50Y,2026-04-01,2076-04-03,3.8801848883,SOFRON Actual/360,raw/free_supplement/Eris_20260330_EOD_ParCouponCurve_SOFR.csv
2026-03-31,SOFR1D,2026-04-02,2026-04-08,3.6513671724,SOFRON Actual/360,raw/free_supplement/Eris_20260331_EOD_ParCouponCurve_SOFR.csv
2026-03-31,SOFR1W,2026-04-02,2026-04-13,3.6521307418,SOFRON Actual/360,raw/free_supplement/Eris_20260331_EOD_ParCouponCurve_SOFR.csv
2026-03-31,SOFR1M,2026-04-02,2026-05-06,3.6613585545,SOFRON Actual/360,raw/free_supplement/Eris_20260331_EOD_ParCouponCurve_SOFR.csv
2026-03-31,SOFR3M,2026-04-02,2026-07-07,3.679959046,SOFRON Actual/360,raw/free_supplement/Eris_20260331_EOD_ParCouponCurve_SOFR.csv
2026-03-31,SOFR6M,2026-04-02,2026-10-06,3.6883294029,SOFRON Actual/360,raw/free_supplement/Eris_20260331_EOD_ParCouponCurve_SOFR.csv
2026-03-31,SOFR9M,2026-04-02,2027-01-06,3.703654625,SOFRON Actual/360,raw/free_supplement/Eris_20260331_EOD_ParCouponCurve_SOFR.csv
2026-03-31,SOFR12M,2026-04-02,2027-04-06,3.714278422,SOFRON Actual/360,raw/free_supplement/Eris_20260331_EOD_ParCouponCurve_SOFR.csv
2026-03-31,SOFR18M,2026-04-02,2027-10-06,3.6649809304,SOFRON Actual/360,raw/free_supplement/Eris_20260331_EOD_ParCouponCurve_SOFR.csv
2026-03-31,SOFR2Y,2026-04-02,2028-04-05,3.6260880974,SOFRON Actual/360,raw/free_supplement/Eris_20260331_EOD_ParCouponCurve_SOFR.csv
2026-03-31,SOFR3Y,2026-04-02,2029-04-04,3.5802575781,SOFRON Actual/360,raw/free_supplement/Eris_20260331_EOD_ParCouponCurve_SOFR.csv
2026-03-31,SOFR4Y,2026-04-02,2030-04-04,3.5846697747,SOFRON Actual/360,raw/free_supplement/Eris_20260331_EOD_ParCouponCurve_SOFR.csv
2026-03-31,SOFR5Y,2026-04-02,2031-04-04,3.6200920353,SOFRON Actual/360,raw/free_supplement/Eris_20260331_EOD_ParCouponCurve_SOFR.csv
2026-03-31,SOFR6Y,2026-04-02,2032-04-06,3.6690954527,SOFRON Actual/360,raw/free_supplement/Eris_20260331_EOD_ParCouponCurve_SOFR.csv
2026-03-31,SOFR7Y,2026-04-02,2033-04-06,3.7199387269,SOFRON Actual/360,raw/free_supplement/Eris_20260331_EOD_ParCouponCurve_SOFR.csv
2026-03-31,SOFR8Y,2026-04-02,2034-04-05,3.7682748721,SOFRON Actual/360,raw/free_supplement/Eris_20260331_EOD_ParCouponCurve_SOFR.csv
2026-03-31,SOFR9Y,2026-04-02,2035-04-04,3.814917258,SOFRON Actual/360,raw/free_supplement/Eris_20260331_EOD_ParCouponCurve_SOFR.csv
2026-03-31,SOFR10Y,2026-04-02,2036-04-04,3.8612491063,SOFRON Actual/360,raw/free_supplement/Eris_20260331_EOD_ParCouponCurve_SOFR.csv
2026-03-31,SOFR12Y,2026-04-02,2038-04-06,3.9519439204,SOFRON Actual/360,raw/free_supplement/Eris_20260331_EOD_ParCouponCurve_SOFR.csv
2026-03-31,SOFR15Y,2026-04-02,2041-04-04,4.0643729401,SOFRON Actual/360,raw/free_supplement/Eris_20260331_EOD_ParCouponCurve_SOFR.csv
2026-03-31,SOFR20Y,2026-04-02,2046-04-04,4.1531257891,SOFRON Actual/360,raw/free_supplement/Eris_20260331_EOD_ParCouponCurve_SOFR.csv
2026-03-31,SOFR25Y,2026-04-02,2051-04-05,4.1555129682,SOFRON Actual/360,raw/free_supplement/Eris_20260331_EOD_ParCouponCurve_SOFR.csv
2026-03-31,SOFR30Y,2026-04-02,2056-04-05,4.1190971132,SOFRON Actual/360,raw/free_supplement/Eris_20260331_EOD_ParCouponCurve_SOFR.csv
2026-03-31,SOFR40Y,2026-04-02,2066-04-06,4.0024020396,SOFRON Actual/360,raw/free_supplement/Eris_20260331_EOD_ParCouponCurve_SOFR.csv
2026-03-31,SOFR50Y,2026-04-02,2076-04-06,3.8818940005,SOFRON Actual/360,raw/free_supplement/Eris_20260331_EOD_ParCouponCurve_SOFR.csv
2026-04-01,SOFR1D,2026-04-06,2026-04-09,3.649495395,SOFRON Actual/360,raw/free_supplement/Eris_20260401_EOD_ParCouponCurve_SOFR.csv
2026-04-01,SOFR1W,2026-04-06,2026-04-15,3.6510867,SOFRON Actual/360,raw/free_supplement/Eris_20260401_EOD_ParCouponCurve_SOFR.csv
2026-04-01,SOFR1M,2026-04-06,2026-05-08,3.6594977205,SOFRON Actual/360,raw/free_supplement/Eris_20260401_EOD_ParCouponCurve_SOFR.csv
2026-04-01,SOFR3M,2026-04-06,2026-07-08,3.6776024519,SOFRON Actual/360,raw/free_supplement/Eris_20260401_EOD_ParCouponCurve_SOFR.csv
2026-04-01,SOFR6M,2026-04-06,2026-10-08,3.6899727659,SOFRON Actual/360,raw/free_supplement/Eris_20260401_EOD_ParCouponCurve_SOFR.csv
2026-04-01,SOFR9M,2026-04-06,2027-01-08,3.7030903093,SOFRON Actual/360,raw/free_supplement/Eris_20260401_EOD_ParCouponCurve_SOFR.csv
2026-04-01,SOFR12M,2026-04-06,2027-04-08,3.7087697638,SOFRON Actual/360,raw/free_supplement/Eris_20260401_EOD_ParCouponCurve_SOFR.csv
2026-04-01,SOFR18M,2026-04-06,2027-10-08,3.6585152473,SOFRON Actual/360,raw/free_supplement/Eris_20260401_EOD_ParCouponCurve_SOFR.csv
2026-04-01,SOFR2Y,2026-04-06,2028-04-10,3.6261131863,SOFRON Actual/360,raw/free_supplement/Eris_20260401_EOD_ParCouponCurve_SOFR.csv
2026-04-01,SOFR3Y,2026-04-06,2029-04-10,3.5905403181,SOFRON Actual/360,raw/free_supplement/Eris_20260401_EOD_ParCouponCurve_SOFR.csv
2026-04-01,SOFR4Y,2026-04-06,2030-04-10,3.599738586,SOFRON Actual/360,raw/free_supplement/Eris_20260401_EOD_ParCouponCurve_SOFR.csv
2026-04-01,SOFR5Y,2026-04-06,2031-04-09,3.6372667023,SOFRON Actual/360,raw/free_supplement/Eris_20260401_EOD_ParCouponCurve_SOFR.csv
2026-04-01,SOFR6Y,2026-04-06,2032-04-08,3.6869748697,SOFRON Actual/360,raw/free_supplement/Eris_20260401_EOD_ParCouponCurve_SOFR.csv
2026-04-01,SOFR7Y,2026-04-06,2033-04-08,3.7376599827,SOFRON Actual/360,raw/free_supplement/Eris_20260401_EOD_ParCouponCurve_SOFR.csv
2026-04-01,SOFR8Y,2026-04-06,2034-04-11,3.7862944977,SOFRON Actual/360,raw/free_supplement/Eris_20260401_EOD_ParCouponCurve_SOFR.csv
2026-04-01,SOFR9Y,2026-04-06,2035-04-10,3.8330251604,SOFRON Actual/360,raw/free_supplement/Eris_20260401_EOD_ParCouponCurve_SOFR.csv
2026-04-01,SOFR10Y,2026-04-06,2036-04-09,3.8789102276,SOFRON Actual/360,raw/free_supplement/Eris_20260401_EOD_ParCouponCurve_SOFR.csv
2026-04-01,SOFR12Y,2026-04-06,2038-04-08,3.9669628858,SOFRON Actual/360,raw/free_supplement/Eris_20260401_EOD_ParCouponCurve_SOFR.csv
2026-04-01,SOFR15Y,2026-04-06,2041-04-10,4.0777946997,SOFRON Actual/360,raw/free_supplement/Eris_20260401_EOD_ParCouponCurve_SOFR.csv
2026-04-01,SOFR20Y,2026-04-06,2046-04-10,4.1647461384,SOFRON Actual/360,raw/free_supplement/Eris_20260401_EOD_ParCouponCurve_SOFR.csv
2026-04-01,SOFR25Y,2026-04-06,2051-04-10,4.1671539951,SOFRON Actual/360,raw/free_supplement/Eris_20260401_EOD_ParCouponCurve_SOFR.csv
2026-04-01,SOFR30Y,2026-04-06,2056-04-10,4.1304417461,SOFRON Actual/360,raw/free_supplement/Eris_20260401_EOD_ParCouponCurve_SOFR.csv
2026-04-01,SOFR40Y,2026-04-06,2066-04-08,4.0179643321,SOFRON Actual/360,raw/free_supplement/Eris_20260401_EOD_ParCouponCurve_SOFR.csv
2026-04-01,SOFR50Y,2026-04-06,2076-04-08,3.8980032806,SOFRON Actual/360,raw/free_supplement/Eris_20260401_EOD_ParCouponCurve_SOFR.csv
2026-04-02,SOFR1D,2026-04-07,2026-04-10,3.6469067476,SOFRON Actual/360,raw/free_supplement/Eris_20260402_EOD_ParCouponCurve_SOFR.csv
2026-04-02,SOFR1W,2026-04-07,2026-04-16,3.6485495269,SOFRON Actual/360,raw/free_supplement/Eris_20260402_EOD_ParCouponCurve_SOFR.csv
2026-04-02,SOFR1M,2026-04-07,2026-05-11,3.6573843396,SOFRON Actual/360,raw/free_supplement/Eris_20260402_EOD_ParCouponCurve_SOFR.csv
2026-04-02,SOFR3M,2026-04-07,2026-07-09,3.6735571535,SOFRON Actual/360,raw/free_supplement/Eris_20260402_EOD_ParCouponCurve_SOFR.csv
2026-04-02,SOFR6M,2026-04-07,2026-10-09,3.6830626061,SOFRON Actual/360,raw/free_supplement/Eris_20260402_EOD_ParCouponCurve_SOFR.csv
2026-04-02,SOFR9M,2026-04-07,2027-01-11,3.6996146889,SOFRON Actual/360,raw/free_supplement/Eris_20260402_EOD_ParCouponCurve_SOFR.csv
2026-04-02,SOFR12M,2026-04-07,2027-04-09,3.709940816,SOFRON Actual/360,raw/free_supplement/Eris_20260402_EOD_ParCouponCurve_SOFR.csv
2026-04-02,SOFR18M,2026-04-07,2027-10-12,3.6626447153,SOFRON Actual/360,raw/free_supplement/Eris_20260402_EOD_ParCouponCurve_SOFR.csv
2026-04-02,SOFR2Y,2026-04-07,2028-04-11,3.628153715,SOFRON Actual/360,raw/free_supplement/Eris_20260402_EOD_ParCouponCurve_SOFR.csv
2026-04-02,SOFR3Y,2026-04-07,2029-04-11,3.5903461311,SOFRON Actual/360,raw/free_supplement/Eris_20260402_EOD_ParCouponCurve_SOFR.csv
2026-04-02,SOFR4Y,2026-04-07,2030-04-10,3.5996938914,SOFRON Actual/360,raw/free_supplement/Eris_20260402_EOD_ParCouponCurve_SOFR.csv
2026-04-02,SOFR5Y,2026-04-07,2031-04-09,3.6344532517,SOFRON Actual/360,raw/free_supplement/Eris_20260402_EOD_ParCouponCurve_SOFR.csv
2026-04-02,SOFR6Y,2026-04-07,2032-04-09,3.6823415547,SOFRON Actual/360,raw/free_supplement/Eris_20260402_EOD_ParCouponCurve_SOFR.csv
2026-04-02,SOFR7Y,2026-04-07,2033-04-11,3.732259582,SOFRON Actual/360,raw/free_supplement/Eris_20260402_EOD_ParCouponCurve_SOFR.csv
2026-04-02,SOFR8Y,2026-04-07,2034-04-12,3.7803921695,SOFRON Actual/360,raw/free_supplement/Eris_20260402_EOD_ParCouponCurve_SOFR.csv
2026-04-02,SOFR9Y,2026-04-07,2035-04-11,3.8259061129,SOFRON Actual/360,raw/free_supplement/Eris_20260402_EOD_ParCouponCurve_SOFR.csv
2026-04-02,SOFR10Y,2026-04-07,2036-04-09,3.8706211151,SOFRON Actual/360,raw/free_supplement/Eris_20260402_EOD_ParCouponCurve_SOFR.csv
2026-04-02,SOFR12Y,2026-04-07,2038-04-09,3.9584397534,SOFRON Actual/360,raw/free_supplement/Eris_20260402_EOD_ParCouponCurve_SOFR.csv
2026-04-02,SOFR15Y,2026-04-07,2041-04-10,4.067344559,SOFRON Actual/360,raw/free_supplement/Eris_20260402_EOD_ParCouponCurve_SOFR.csv
2026-04-02,SOFR20Y,2026-04-07,2046-04-11,4.1513521566,SOFRON Actual/360,raw/free_supplement/Eris_20260402_EOD_ParCouponCurve_SOFR.csv
2026-04-02,SOFR25Y,2026-04-07,2051-04-11,4.152165063,SOFRON Actual/360,raw/free_supplement/Eris_20260402_EOD_ParCouponCurve_SOFR.csv
2026-04-02,SOFR30Y,2026-04-07,2056-04-11,4.1147479693,SOFRON Actual/360,raw/free_supplement/Eris_20260402_EOD_ParCouponCurve_SOFR.csv
2026-04-02,SOFR40Y,2026-04-07,2066-04-12,4.0013844619,SOFRON Actual/360,raw/free_supplement/Eris_20260402_EOD_ParCouponCurve_SOFR.csv
2026-04-02,SOFR50Y,2026-04-07,2076-04-09,3.8814836208,SOFRON Actual/360,raw/free_supplement/Eris_20260402_EOD_ParCouponCurve_SOFR.csv
2026-04-03,SOFR1D,2026-04-07,2026-04-10,3.7090868251,SOFRON Actual/360,raw/free_supplement/Eris_20260403_EOD_ParCouponCurve_SOFR.csv
2026-04-03,SOFR1W,2026-04-07,2026-04-16,3.7019607411,SOFRON Actual/360,raw/free_supplement/Eris_20260403_EOD_ParCouponCurve_SOFR.csv
2026-04-03,SOFR1M,2026-04-07,2026-05-11,3.629449519,SOFRON Actual/360,raw/free_supplement/Eris_20260403_EOD_ParCouponCurve_SOFR.csv
2026-04-03,SOFR3M,2026-04-07,2026-07-09,3.5229035899,SOFRON Actual/360,raw/free_supplement/Eris_20260403_EOD_ParCouponCurve_SOFR.csv
2026-04-03,SOFR6M,2026-04-07,2026-10-09,3.6373915217,SOFRON Actual/360,raw/free_supplement/Eris_20260403_EOD_ParCouponCurve_SOFR.csv
2026-04-03,SOFR9M,2026-04-07,2027-01-11,3.6798951633,SOFRON Actual/360,raw/free_supplement/Eris_20260403_EOD_ParCouponCurve_SOFR.csv
2026-04-03,SOFR12M,2026-04-07,2027-04-09,3.7089452238,SOFRON Actual/360,raw/free_supplement/Eris_20260403_EOD_ParCouponCurve_SOFR.csv
2026-04-03,SOFR18M,2026-04-07,2027-10-12,3.6837055565,SOFRON Actual/360,raw/free_supplement/Eris_20260403_EOD_ParCouponCurve_SOFR.csv
2026-04-03,SOFR2Y,2026-04-07,2028-04-11,3.6594619211,SOFRON Actual/360,raw/free_supplement/Eris_20260403_EOD_ParCouponCurve_SOFR.csv
2026-04-03,SOFR3Y,2026-04-07,2029-04-11,3.6259213387,SOFRON Actual/360,raw/free_supplement/Eris_20260403_EOD_ParCouponCurve_SOFR.csv
2026-04-03,SOFR4Y,2026-04-07,2030-04-10,3.6313899183,SOFRON Actual/360,raw/free_supplement/Eris_20260403_EOD_ParCouponCurve_SOFR.csv
2026-04-03,SOFR5Y,2026-04-07,2031-04-09,3.6645300593,SOFRON Actual/360,raw/free_supplement/Eris_20260403_EOD_ParCouponCurve_SOFR.csv
2026-04-03,SOFR6Y,2026-04-07,2032-04-09,3.711723222,SOFRON Actual/360,raw/free_supplement/Eris_20260403_EOD_ParCouponCurve_SOFR.csv
2026-04-03,SOFR7Y,2026-04-07,2033-04-11,3.7605437964,SOFRON Actual/360,raw/free_supplement/Eris_20260403_EOD_ParCouponCurve_SOFR.csv
2026-04-03,SOFR8Y,2026-04-07,2034-04-12,3.8071484998,SOFRON Actual/360,raw/free_supplement/Eris_20260403_EOD_ParCouponCurve_SOFR.csv
2026-04-03,SOFR9Y,2026-04-07,2035-04-11,3.8513732473,SOFRON Actual/360,raw/free_supplement/Eris_20260403_EOD_ParCouponCurve_SOFR.csv
2026-04-03,SOFR10Y,2026-04-07,2036-04-09,3.8956317402,SOFRON Actual/360,raw/free_supplement/Eris_20260403_EOD_ParCouponCurve_SOFR.csv
2026-04-03,SOFR12Y,2026-04-07,2038-04-09,3.9843793903,SOFRON Actual/360,raw/free_supplement/Eris_20260403_EOD_ParCouponCurve_SOFR.csv
2026-04-03,SOFR15Y,2026-04-07,2041-04-10,4.0898429429,SOFRON Actual/360,raw/free_supplement/Eris_20260403_EOD_ParCouponCurve_SOFR.csv
2026-04-03,SOFR20Y,2026-04-07,2046-04-11,4.1706701441,SOFRON Actual/360,raw/free_supplement/Eris_20260403_EOD_ParCouponCurve_SOFR.csv
2026-04-03,SOFR25Y,2026-04-07,2051-04-11,4.169562323,SOFRON Actual/360,raw/free_supplement/Eris_20260403_EOD_ParCouponCurve_SOFR.csv
2026-04-03,SOFR30Y,2026-04-07,2056-04-11,4.1306825588,SOFRON Actual/360,raw/free_supplement/Eris_20260403_EOD_ParCouponCurve_SOFR.csv
2026-04-03,SOFR40Y,2026-04-07,2066-04-12,4.0175011306,SOFRON Actual/360,raw/free_supplement/Eris_20260403_EOD_ParCouponCurve_SOFR.csv
2026-04-03,SOFR50Y,2026-04-07,2076-04-09,3.8979902097,SOFRON Actual/360,raw/free_supplement/Eris_20260403_EOD_ParCouponCurve_SOFR.csv
2026-04-06,SOFR1D,2026-04-08,2026-04-13,3.6475892192,SOFRON Actual/360,raw/free_supplement/Eris_20260406_EOD_ParCouponCurve_SOFR.csv
2026-04-06,SOFR1W,2026-04-08,2026-04-17,3.6492082054,SOFRON Actual/360,raw/free_supplement/Eris_20260406_EOD_ParCouponCurve_SOFR.csv
2026-04-06,SOFR1M,2026-04-08,2026-05-12,3.6593610109,SOFRON Actual/360,raw/free_supplement/Eris_20260406_EOD_ParCouponCurve_SOFR.csv
2026-04-06,SOFR3M,2026-04-08,2026-07-10,3.6816120179,SOFRON Actual/360,raw/free_supplement/Eris_20260406_EOD_ParCouponCurve_SOFR.csv
2026-04-06,SOFR6M,2026-04-08,2026-10-13,3.7028553592,SOFRON Actual/360,raw/free_supplement/Eris_20260406_EOD_ParCouponCurve_SOFR.csv
2026-04-06,SOFR9M,2026-04-08,2027-01-12,3.7315422123,SOFRON Actual/360,raw/free_supplement/Eris_20260406_EOD_ParCouponCurve_SOFR.csv
2026-04-06,SOFR12M,2026-04-08,2027-04-12,3.7505467717,SOFRON Actual/360,raw/free_supplement/Eris_20260406_EOD_ParCouponCurve_SOFR.csv
2026-04-06,SOFR18M,2026-04-08,2027-10-13,3.7081368269,SOFRON Actual/360,raw/free_supplement/Eris_20260406_EOD_ParCouponCurve_SOFR.csv
2026-04-06,SOFR2Y,2026-04-08,2028-04-12,3.6733103715,SOFRON Actual/360,raw/free_supplement/Eris_20260406_EOD_ParCouponCurve_SOFR.csv
2026-04-06,SOFR3Y,2026-04-08,2029-04-11,3.6314266697,SOFRON Actual/360,raw/free_supplement/Eris_20260406_EOD_ParCouponCurve_SOFR.csv
2026-04-06,SOFR4Y,2026-04-08,2030-04-10,3.6359858787,SOFRON Actual/360,raw/free_supplement/Eris_20260406_EOD_ParCouponCurve_SOFR.csv
2026-04-06,SOFR5Y,2026-04-08,2031-04-10,3.6649637449,SOFRON Actual/360,raw/free_supplement/Eris_20260406_EOD_ParCouponCurve_SOFR.csv
2026-04-06,SOFR6Y,2026-04-08,2032-04-12,3.7087691057,SOFRON Actual/360,raw/free_supplement/Eris_20260406_EOD_ParCouponCurve_SOFR.csv
2026-04-06,SOFR7Y,2026-04-08,2033-04-12,3.7569622662,SOFRON Actual/360,raw/free_supplement/Eris_20260406_EOD_ParCouponCurve_SOFR.csv
2026-04-06,SOFR8Y,2026-04-08,2034-04-12,3.8037964913,SOFRON Actual/360,raw/free_supplement/Eris_20260406_EOD_ParCouponCurve_SOFR.csv
2026-04-06,SOFR9Y,2026-04-08,2035-04-11,3.8481536584,SOFRON Actual/360,raw/free_supplement/Eris_20260406_EOD_ParCouponCurve_SOFR.csv
2026-04-06,SOFR10Y,2026-04-08,2036-04-10,3.8916061499,SOFRON Actual/360,raw/free_supplement/Eris_20260406_EOD_ParCouponCurve_SOFR.csv
2026-04-06,SOFR12Y,2026-04-08,2038-04-12,3.9758672793,SOFRON Actual/360,raw/free_supplement/Eris_20260406_EOD_ParCouponCurve_SOFR.csv
2026-04-06,SOFR15Y,2026-04-08,2041-04-10,4.0803461283,SOFRON Actual/360,raw/free_supplement/Eris_20260406_EOD_ParCouponCurve_SOFR.csv
2026-04-06,SOFR20Y,2026-04-08,2046-04-11,4.1602726019,SOFRON Actual/360,raw/free_supplement/Eris_20260406_EOD_ParCouponCurve_SOFR.csv
2026-04-06,SOFR25Y,2026-04-08,2051-04-12,4.1578632353,SOFRON Actual/360,raw/free_supplement/Eris_20260406_EOD_ParCouponCurve_SOFR.csv
2026-04-06,SOFR30Y,2026-04-08,2056-04-12,4.117323218,SOFRON Actual/360,raw/free_supplement/Eris_20260406_EOD_ParCouponCurve_SOFR.csv
2026-04-06,SOFR40Y,2026-04-08,2066-04-13,4.0043391522,SOFRON Actual/360,raw/free_supplement/Eris_20260406_EOD_ParCouponCurve_SOFR.csv
2026-04-06,SOFR50Y,2026-04-08,2076-04-10,3.8848742969,SOFRON Actual/360,raw/free_supplement/Eris_20260406_EOD_ParCouponCurve_SOFR.csv
2026-04-07,SOFR1D,2026-04-09,2026-04-14,3.6446931231,SOFRON Actual/360,raw/free_supplement/Eris_20260407_EOD_ParCouponCurve_SOFR.csv
2026-04-07,SOFR1W,2026-04-09,2026-04-20,3.646328677,SOFRON Actual/360,raw/free_supplement/Eris_20260407_EOD_ParCouponCurve_SOFR.csv
2026-04-07,SOFR1M,2026-04-09,2026-05-13,3.6577048023,SOFRON Actual/360,raw/free_supplement/Eris_20260407_EOD_ParCouponCurve_SOFR.csv
2026-04-07,SOFR3M,2026-04-09,2026-07-13,3.678737338,SOFRON Actual/360,raw/free_supplement/Eris_20260407_EOD_ParCouponCurve_SOFR.csv
2026-04-07,SOFR6M,2026-04-09,2026-10-14,3.6976046617,SOFRON Actual/360,raw/free_supplement/Eris_20260407_EOD_ParCouponCurve_SOFR.csv
2026-04-07,SOFR9M,2026-04-09,2027-01-13,3.7203900392,SOFRON Actual/360,raw/free_supplement/Eris_20260407_EOD_ParCouponCurve_SOFR.csv
2026-04-07,SOFR12M,2026-04-09,2027-04-13,3.733998738,SOFRON Actual/360,raw/free_supplement/Eris_20260407_EOD_ParCouponCurve_SOFR.csv
2026-04-07,SOFR18M,2026-04-09,2027-10-14,3.6910515198,SOFRON Actual/360,raw/free_supplement/Eris_20260407_EOD_ParCouponCurve_SOFR.csv
2026-04-07,SOFR2Y,2026-04-09,2028-04-12,3.6563407086,SOFRON Actual/360,raw/free_supplement/Eris_20260407_EOD_ParCouponCurve_SOFR.csv
2026-04-07,SOFR3Y,2026-04-09,2029-04-11,3.6166339945,SOFRON Actual/360,raw/free_supplement/Eris_20260407_EOD_ParCouponCurve_SOFR.csv
2026-04-07,SOFR4Y,2026-04-09,2030-04-11,3.6212362087,SOFRON Actual/360,raw/free_supplement/Eris_20260407_EOD_ParCouponCurve_SOFR.csv
2026-04-07,SOFR5Y,2026-04-09,2031-04-14,3.6533535645,SOFRON Actual/360,raw/free_supplement/Eris_20260407_EOD_ParCouponCurve_SOFR.csv
2026-04-07,SOFR6Y,2026-04-09,2032-04-13,3.7006189002,SOFRON Actual/360,raw/free_supplement/Eris_20260407_EOD_ParCouponCurve_SOFR.csv
2026-04-07,SOFR7Y,2026-04-09,2033-04-13,3.7513632282,SOFRON Actual/360,raw/free_supplement/Eris_20260407_EOD_ParCouponCurve_SOFR.csv
2026-04-07,SOFR8Y,2026-04-09,2034-04-12,3.7992026404,SOFRON Actual/360,raw/free_supplement/Eris_20260407_EOD_ParCouponCurve_SOFR.csv
2026-04-07,SOFR9Y,2026-04-09,2035-04-11,3.844889003,SOFRON Actual/360,raw/free_supplement/Eris_20260407_EOD_ParCouponCurve_SOFR.csv
2026-04-07,SOFR10Y,2026-04-09,2036-04-14,3.8901026852,SOFRON Actual/360,raw/free_supplement/Eris_20260407_EOD_ParCouponCurve_SOFR.csv
2026-04-07,SOFR12Y,2026-04-09,2038-04-13,3.978766352,SOFRON Actual/360,raw/free_supplement/Eris_20260407_EOD_ParCouponCurve_SOFR.csv
2026-04-07,SOFR15Y,2026-04-09,2041-04-11,4.0887544425,SOFRON Actual/360,raw/free_supplement/Eris_20260407_EOD_ParCouponCurve_SOFR.csv
2026-04-07,SOFR20Y,2026-04-09,2046-04-11,4.1744412271,SOFRON Actual/360,raw/free_supplement/Eris_20260407_EOD_ParCouponCurve_SOFR.csv
2026-04-07,SOFR25Y,2026-04-09,2051-04-12,4.1763866628,SOFRON Actual/360,raw/free_supplement/Eris_20260407_EOD_ParCouponCurve_SOFR.csv
2026-04-07,SOFR30Y,2026-04-09,2056-04-12,4.1383799092,SOFRON Actual/360,raw/free_supplement/Eris_20260407_EOD_ParCouponCurve_SOFR.csv
2026-04-07,SOFR40Y,2026-04-09,2066-04-14,4.0260909746,SOFRON Actual/360,raw/free_supplement/Eris_20260407_EOD_ParCouponCurve_SOFR.csv
2026-04-07,SOFR50Y,2026-04-09,2076-04-13,3.9073729217,SOFRON Actual/360,raw/free_supplement/Eris_20260407_EOD_ParCouponCurve_SOFR.csv
2026-04-08,SOFR1D,2026-04-10,2026-04-15,3.6364141506,SOFRON Actual/360,raw/free_supplement/Eris_20260408_EOD_ParCouponCurve_SOFR.csv
2026-04-08,SOFR1W,2026-04-10,2026-04-21,3.637618222,SOFRON Actual/360,raw/free_supplement/Eris_20260408_EOD_ParCouponCurve_SOFR.csv
2026-04-08,SOFR1M,2026-04-10,2026-05-13,3.6494239613,SOFRON Actual/360,raw/free_supplement/Eris_20260408_EOD_ParCouponCurve_SOFR.csv
2026-04-08,SOFR3M,2026-04-10,2026-07-14,3.6746419839,SOFRON Actual/360,raw/free_supplement/Eris_20260408_EOD_ParCouponCurve_SOFR.csv
2026-04-08,SOFR6M,2026-04-10,2026-10-15,3.6945675312,SOFRON Actual/360,raw/free_supplement/Eris_20260408_EOD_ParCouponCurve_SOFR.csv
2026-04-08,SOFR9M,2026-04-10,2027-01-13,3.7091152083,SOFRON Actual/360,raw/free_supplement/Eris_20260408_EOD_ParCouponCurve_SOFR.csv
2026-04-08,SOFR12M,2026-04-10,2027-04-14,3.7160533115,SOFRON Actual/360,raw/free_supplement/Eris_20260408_EOD_ParCouponCurve_SOFR.csv
2026-04-08,SOFR18M,2026-04-10,2027-10-14,3.6602608969,SOFRON Actual/360,raw/free_supplement/Eris_20260408_EOD_ParCouponCurve_SOFR.csv
2026-04-08,SOFR2Y,2026-04-10,2028-04-12,3.6189643757,SOFRON Actual/360,raw/free_supplement/Eris_20260408_EOD_ParCouponCurve_SOFR.csv
2026-04-08,SOFR3Y,2026-04-10,2029-04-12,3.5721863715,SOFRON Actual/360,raw/free_supplement/Eris_20260408_EOD_ParCouponCurve_SOFR.csv
2026-04-08,SOFR4Y,2026-04-10,2030-04-12,3.576573591,SOFRON Actual/360,raw/free_supplement/Eris_20260408_EOD_ParCouponCurve_SOFR.csv
2026-04-08,SOFR5Y,2026-04-10,2031-04-15,3.6083244971,SOFRON Actual/360,raw/free_supplement/Eris_20260408_EOD_ParCouponCurve_SOFR.csv
2026-04-08,SOFR6Y,2026-04-10,2032-04-14,3.6550442185,SOFRON Actual/360,raw/free_supplement/Eris_20260408_EOD_ParCouponCurve_SOFR.csv
2026-04-08,SOFR7Y,2026-04-10,2033-04-13,3.7053323361,SOFRON Actual/360,raw/free_supplement/Eris_20260408_EOD_ParCouponCurve_SOFR.csv
2026-04-08,SOFR8Y,2026-04-10,2034-04-12,3.7545624565,SOFRON Actual/360,raw/free_supplement/Eris_20260408_EOD_ParCouponCurve_SOFR.csv
2026-04-08,SOFR9Y,2026-04-10,2035-04-12,3.8023634631,SOFRON Actual/360,raw/free_supplement/Eris_20260408_EOD_ParCouponCurve_SOFR.csv
2026-04-08,SOFR10Y,2026-04-10,2036-04-15,3.8492953241,SOFRON Actual/360,raw/free_supplement/Eris_20260408_EOD_ParCouponCurve_SOFR.csv
2026-04-08,SOFR12Y,2026-04-10,2038-04-14,3.9401128377,SOFRON Actual/360,raw/free_supplement/Eris_20260408_EOD_ParCouponCurve_SOFR.csv
2026-04-08,SOFR15Y,2026-04-10,2041-04-12,4.0533790412,SOFRON Actual/360,raw/free_supplement/Eris_20260408_EOD_ParCouponCurve_SOFR.csv
2026-04-08,SOFR20Y,2026-04-10,2046-04-12,4.1461143423,SOFRON Actual/360,raw/free_supplement/Eris_20260408_EOD_ParCouponCurve_SOFR.csv
2026-04-08,SOFR25Y,2026-04-10,2051-04-12,4.1540172325,SOFRON Actual/360,raw/free_supplement/Eris_20260408_EOD_ParCouponCurve_SOFR.csv
2026-04-08,SOFR30Y,2026-04-10,2056-04-12,4.1215589785,SOFRON Actual/360,raw/free_supplement/Eris_20260408_EOD_ParCouponCurve_SOFR.csv
2026-04-08,SOFR40Y,2026-04-10,2066-04-14,4.0131202829,SOFRON Actual/360,raw/free_supplement/Eris_20260408_EOD_ParCouponCurve_SOFR.csv
2026-04-08,SOFR50Y,2026-04-10,2076-04-14,3.8948213676,SOFRON Actual/360,raw/free_supplement/Eris_20260408_EOD_ParCouponCurve_SOFR.csv
2026-04-09,SOFR1D,2026-04-13,2026-04-16,3.6319795084,SOFRON Actual/360,raw/free_supplement/Eris_20260409_EOD_ParCouponCurve_SOFR.csv
2026-04-09,SOFR1W,2026-04-13,2026-04-22,3.6339582508,SOFRON Actual/360,raw/free_supplement/Eris_20260409_EOD_ParCouponCurve_SOFR.csv
2026-04-09,SOFR1M,2026-04-13,2026-05-15,3.6457900479,SOFRON Actual/360,raw/free_supplement/Eris_20260409_EOD_ParCouponCurve_SOFR.csv
2026-04-09,SOFR3M,2026-04-13,2026-07-15,3.6688450382,SOFRON Actual/360,raw/free_supplement/Eris_20260409_EOD_ParCouponCurve_SOFR.csv
2026-04-09,SOFR6M,2026-04-13,2026-10-15,3.685408209,SOFRON Actual/360,raw/free_supplement/Eris_20260409_EOD_ParCouponCurve_SOFR.csv
2026-04-09,SOFR9M,2026-04-13,2027-01-15,3.6968078475,SOFRON Actual/360,raw/free_supplement/Eris_20260409_EOD_ParCouponCurve_SOFR.csv
2026-04-09,SOFR12M,2026-04-13,2027-04-15,3.6991183582,SOFRON Actual/360,raw/free_supplement/Eris_20260409_EOD_ParCouponCurve_SOFR.csv
2026-04-09,SOFR18M,2026-04-13,2027-10-15,3.6411379702,SOFRON Actual/360,raw/free_supplement/Eris_20260409_EOD_ParCouponCurve_SOFR.csv
2026-04-09,SOFR2Y,2026-04-13,2028-04-18,3.6062830275,SOFRON Actual/360,raw/free_supplement/Eris_20260409_EOD_ParCouponCurve_SOFR.csv
2026-04-09,SOFR3Y,2026-04-13,2029-04-17,3.5658706822,SOFRON Actual/360,raw/free_supplement/Eris_20260409_EOD_ParCouponCurve_SOFR.csv
2026-04-09,SOFR4Y,2026-04-13,2030-04-17,3.5709952204,SOFRON Actual/360,raw/free_supplement/Eris_20260409_EOD_ParCouponCurve_SOFR.csv
2026-04-09,SOFR5Y,2026-04-13,2031-04-16,3.605574427,SOFRON Actual/360,raw/free_supplement/Eris_20260409_EOD_ParCouponCurve_SOFR.csv
2026-04-09,SOFR6Y,2026-04-13,2032-04-15,3.6552516267,SOFRON Actual/360,raw/free_supplement/Eris_20260409_EOD_ParCouponCurve_SOFR.csv
2026-04-09,SOFR7Y,2026-04-13,2033-04-18,3.7081980394,SOFRON Actual/360,raw/free_supplement/Eris_20260409_EOD_ParCouponCurve_SOFR.csv
2026-04-09,SOFR8Y,2026-04-13,2034-04-17,3.7594229123,SOFRON Actual/360,raw/free_supplement/Eris_20260409_EOD_ParCouponCurve_SOFR.csv
2026-04-09,SOFR9Y,2026-04-13,2035-04-17,3.8086095386,SOFRON Actual/360,raw/free_supplement/Eris_20260409_EOD_ParCouponCurve_SOFR.csv
2026-04-09,SOFR10Y,2026-04-13,2036-04-16,3.8567993901,SOFRON Actual/360,raw/free_supplement/Eris_20260409_EOD_ParCouponCurve_SOFR.csv
2026-04-09,SOFR12Y,2026-04-13,2038-04-15,3.9485875808,SOFRON Actual/360,raw/free_supplement/Eris_20260409_EOD_ParCouponCurve_SOFR.csv
2026-04-09,SOFR15Y,2026-04-13,2041-04-17,4.0628050572,SOFRON Actual/360,raw/free_supplement/Eris_20260409_EOD_ParCouponCurve_SOFR.csv
2026-04-09,SOFR20Y,2026-04-13,2046-04-17,4.1581016967,SOFRON Actual/360,raw/free_supplement/Eris_20260409_EOD_ParCouponCurve_SOFR.csv
2026-04-09,SOFR25Y,2026-04-13,2051-04-17,4.1678683612,SOFRON Actual/360,raw/free_supplement/Eris_20260409_EOD_ParCouponCurve_SOFR.csv
2026-04-09,SOFR30Y,2026-04-13,2056-04-17,4.1356948006,SOFRON Actual/360,raw/free_supplement/Eris_20260409_EOD_ParCouponCurve_SOFR.csv
2026-04-09,SOFR40Y,2026-04-13,2066-04-15,4.028348401,SOFRON Actual/360,raw/free_supplement/Eris_20260409_EOD_ParCouponCurve_SOFR.csv
2026-04-09,SOFR50Y,2026-04-13,2076-04-15,3.9109136275,SOFRON Actual/360,raw/free_supplement/Eris_20260409_EOD_ParCouponCurve_SOFR.csv
2026-04-10,SOFR1D,2026-04-14,2026-04-17,3.6438219123,SOFRON Actual/360,raw/free_supplement/Eris_20260410_EOD_ParCouponCurve_SOFR.csv
2026-04-10,SOFR1W,2026-04-14,2026-04-23,3.6454012849,SOFRON Actual/360,raw/free_supplement/Eris_20260410_EOD_ParCouponCurve_SOFR.csv
2026-04-10,SOFR1M,2026-04-14,2026-05-18,3.6537013361,SOFRON Actual/360,raw/free_supplement/Eris_20260410_EOD_ParCouponCurve_SOFR.csv
2026-04-10,SOFR3M,2026-04-14,2026-07-16,3.6735847281,SOFRON Actual/360,raw/free_supplement/Eris_20260410_EOD_ParCouponCurve_SOFR.csv
2026-04-10,SOFR6M,2026-04-14,2026-10-16,3.6933397288,SOFRON Actual/360,raw/free_supplement/Eris_20260410_EOD_ParCouponCurve_SOFR.csv
2026-04-10,SOFR9M,2026-04-14,2027-01-19,3.7061299462,SOFRON Actual/360,raw/free_supplement/Eris_20260410_EOD_ParCouponCurve_SOFR.csv
2026-04-10,SOFR12M,2026-04-14,2027-04-16,3.7122488755,SOFRON Actual/360,raw/free_supplement/Eris_20260410_EOD_ParCouponCurve_SOFR.csv
2026-04-10,SOFR18M,2026-04-14,2027-10-18,3.6596377023,SOFRON Actual/360,raw/free_supplement/Eris_20260410_EOD_ParCouponCurve_SOFR.csv
2026-04-10,SOFR2Y,2026-04-14,2028-04-19,3.6215174812,SOFRON Actual/360,raw/free_supplement/Eris_20260410_EOD_ParCouponCurve_SOFR.csv
2026-04-10,SOFR3Y,2026-04-14,2029-04-18,3.5815819137,SOFRON Actual/360,raw/free_supplement/Eris_20260410_EOD_ParCouponCurve_SOFR.csv
2026-04-10,SOFR4Y,2026-04-14,2030-04-17,3.5890654522,SOFRON Actual/360,raw/free_supplement/Eris_20260410_EOD_ParCouponCurve_SOFR.csv
2026-04-10,SOFR5Y,2026-04-14,2031-04-16,3.6239724062,SOFRON Actual/360,raw/free_supplement/Eris_20260410_EOD_ParCouponCurve_SOFR.csv
2026-04-10,SOFR6Y,2026-04-14,2032-04-16,3.6734729535,SOFRON Actual/360,raw/free_supplement/Eris_20260410_EOD_ParCouponCurve_SOFR.csv
2026-04-10,SOFR7Y,2026-04-14,2033-04-19,3.7261461871,SOFRON Actual/360,raw/free_supplement/Eris_20260410_EOD_ParCouponCurve_SOFR.csv
2026-04-10,SOFR8Y,2026-04-14,2034-04-18,3.7770718416,SOFRON Actual/360,raw/free_supplement/Eris_20260410_EOD_ParCouponCurve_SOFR.csv
2026-04-10,SOFR9Y,2026-04-14,2035-04-18,3.8262606621,SOFRON Actual/360,raw/free_supplement/Eris_20260410_EOD_ParCouponCurve_SOFR.csv
2026-04-10,SOFR10Y,2026-04-14,2036-04-16,3.8736834256,SOFRON Actual/360,raw/free_supplement/Eris_20260410_EOD_ParCouponCurve_SOFR.csv
2026-04-10,SOFR12Y,2026-04-14,2038-04-16,3.9648610143,SOFRON Actual/360,raw/free_supplement/Eris_20260410_EOD_ParCouponCurve_SOFR.csv
2026-04-10,SOFR15Y,2026-04-14,2041-04-17,4.0768832816,SOFRON Actual/360,raw/free_supplement/Eris_20260410_EOD_ParCouponCurve_SOFR.csv
2026-04-10,SOFR20Y,2026-04-14,2046-04-18,4.1702399521,SOFRON Actual/360,raw/free_supplement/Eris_20260410_EOD_ParCouponCurve_SOFR.csv
2026-04-10,SOFR25Y,2026-04-14,2051-04-18,4.1792277268,SOFRON Actual/360,raw/free_supplement/Eris_20260410_EOD_ParCouponCurve_SOFR.csv
2026-04-10,SOFR30Y,2026-04-14,2056-04-18,4.1473652258,SOFRON Actual/360,raw/free_supplement/Eris_20260410_EOD_ParCouponCurve_SOFR.csv
2026-04-10,SOFR40Y,2026-04-14,2066-04-16,4.039848209,SOFRON Actual/360,raw/free_supplement/Eris_20260410_EOD_ParCouponCurve_SOFR.csv
2026-04-10,SOFR50Y,2026-04-14,2076-04-16,3.9209703844,SOFRON Actual/360,raw/free_supplement/Eris_20260410_EOD_ParCouponCurve_SOFR.csv
2026-04-13,SOFR1D,2026-04-15,2026-04-20,3.6597857805,SOFRON Actual/360,raw/free_supplement/Eris_20260413_EOD_ParCouponCurve_SOFR.csv
2026-04-13,SOFR1W,2026-04-15,2026-04-24,3.6608504492,SOFRON Actual/360,raw/free_supplement/Eris_20260413_EOD_ParCouponCurve_SOFR.csv
2026-04-13,SOFR1M,2026-04-15,2026-05-19,3.6646284152,SOFRON Actual/360,raw/free_supplement/Eris_20260413_EOD_ParCouponCurve_SOFR.csv
2026-04-13,SOFR3M,2026-04-15,2026-07-17,3.6761551375,SOFRON Actual/360,raw/free_supplement/Eris_20260413_EOD_ParCouponCurve_SOFR.csv
2026-04-13,SOFR6M,2026-04-15,2026-10-19,3.6907159315,SOFRON Actual/360,raw/free_supplement/Eris_20260413_EOD_ParCouponCurve_SOFR.csv
2026-04-13,SOFR9M,2026-04-15,2027-01-20,3.6981585983,SOFRON Actual/360,raw/free_supplement/Eris_20260413_EOD_ParCouponCurve_SOFR.csv
2026-04-13,SOFR12M,2026-04-15,2027-04-19,3.6998514005,SOFRON Actual/360,raw/free_supplement/Eris_20260413_EOD_ParCouponCurve_SOFR.csv
2026-04-13,SOFR18M,2026-04-15,2027-10-19,3.6412420229,SOFRON Actual/360,raw/free_supplement/Eris_20260413_EOD_ParCouponCurve_SOFR.csv
2026-04-13,SOFR2Y,2026-04-15,2028-04-19,3.6036061383,SOFRON Actual/360,raw/free_supplement/Eris_20260413_EOD_ParCouponCurve_SOFR.csv
2026-04-13,SOFR3Y,2026-04-15,2029-04-18,3.5619924924,SOFRON Actual/360,raw/free_supplement/Eris_20260413_EOD_ParCouponCurve_SOFR.csv
2026-04-13,SOFR4Y,2026-04-15,2030-04-17,3.5704886404,SOFRON Actual/360,raw/free_supplement/Eris_20260413_EOD_ParCouponCurve_SOFR.csv
2026-04-13,SOFR5Y,2026-04-15,2031-04-17,3.606005691,SOFRON Actual/360,raw/free_supplement/Eris_20260413_EOD_ParCouponCurve_SOFR.csv
2026-04-13,SOFR6Y,2026-04-15,2032-04-19,3.6555257418,SOFRON Actual/360,raw/free_supplement/Eris_20260413_EOD_ParCouponCurve_SOFR.csv
2026-04-13,SOFR7Y,2026-04-15,2033-04-20,3.7092157538,SOFRON Actual/360,raw/free_supplement/Eris_20260413_EOD_ParCouponCurve_SOFR.csv
2026-04-13,SOFR8Y,2026-04-15,2034-04-19,3.7603180626,SOFRON Actual/360,raw/free_supplement/Eris_20260413_EOD_ParCouponCurve_SOFR.csv
2026-04-13,SOFR9Y,2026-04-15,2035-04-18,3.8092963827,SOFRON Actual/360,raw/free_supplement/Eris_20260413_EOD_ParCouponCurve_SOFR.csv
2026-04-13,SOFR10Y,2026-04-15,2036-04-17,3.8571881079,SOFRON Actual/360,raw/free_supplement/Eris_20260413_EOD_ParCouponCurve_SOFR.csv
2026-04-13,SOFR12Y,2026-04-15,2038-04-19,3.9493387916,SOFRON Actual/360,raw/free_supplement/Eris_20260413_EOD_ParCouponCurve_SOFR.csv
2026-04-13,SOFR15Y,2026-04-15,2041-04-17,4.0628987319,SOFRON Actual/360,raw/free_supplement/Eris_20260413_EOD_ParCouponCurve_SOFR.csv
2026-04-13,SOFR20Y,2026-04-15,2046-04-18,4.1576078933,SOFRON Actual/360,raw/free_supplement/Eris_20260413_EOD_ParCouponCurve_SOFR.csv
2026-04-13,SOFR25Y,2026-04-15,2051-04-19,4.1679213078,SOFRON Actual/360,raw/free_supplement/Eris_20260413_EOD_ParCouponCurve_SOFR.csv
2026-04-13,SOFR30Y,2026-04-15,2056-04-19,4.1381084718,SOFRON Actual/360,raw/free_supplement/Eris_20260413_EOD_ParCouponCurve_SOFR.csv
2026-04-13,SOFR40Y,2026-04-15,2066-04-19,4.029261702,SOFRON Actual/360,raw/free_supplement/Eris_20260413_EOD_ParCouponCurve_SOFR.csv
2026-04-13,SOFR50Y,2026-04-15,2076-04-20,3.9094530174,SOFRON Actual/360,raw/free_supplement/Eris_20260413_EOD_ParCouponCurve_SOFR.csv
2026-04-14,SOFR1D,2026-04-16,2026-04-21,3.6662942509,SOFRON Actual/360,raw/free_supplement/Eris_20260414_EOD_ParCouponCurve_SOFR.csv
2026-04-14,SOFR1W,2026-04-16,2026-04-27,3.6672453465,SOFRON Actual/360,raw/free_supplement/Eris_20260414_EOD_ParCouponCurve_SOFR.csv
2026-04-14,SOFR1M,2026-04-16,2026-05-20,3.6701116529,SOFRON Actual/360,raw/free_supplement/Eris_20260414_EOD_ParCouponCurve_SOFR.csv
2026-04-14,SOFR3M,2026-04-16,2026-07-20,3.6794485378,SOFRON Actual/360,raw/free_supplement/Eris_20260414_EOD_ParCouponCurve_SOFR.csv
2026-04-14,SOFR6M,2026-04-16,2026-10-20,3.6909592916,SOFRON Actual/360,raw/free_supplement/Eris_20260414_EOD_ParCouponCurve_SOFR.csv
2026-04-14,SOFR9M,2026-04-16,2027-01-21,3.6935374803,SOFRON Actual/360,raw/free_supplement/Eris_20260414_EOD_ParCouponCurve_SOFR.csv
2026-04-14,SOFR12M,2026-04-16,2027-04-20,3.6905697539,SOFRON Actual/360,raw/free_supplement/Eris_20260414_EOD_ParCouponCurve_SOFR.csv
2026-04-14,SOFR18M,2026-04-16,2027-10-20,3.6249803706,SOFRON Actual/360,raw/free_supplement/Eris_20260414_EOD_ParCouponCurve_SOFR.csv
2026-04-14,SOFR2Y,2026-04-16,2028-04-19,3.5806523226,SOFRON Actual/360,raw/free_supplement/Eris_20260414_EOD_ParCouponCurve_SOFR.csv
2026-04-14,SOFR3Y,2026-04-16,2029-04-18,3.5313791338,SOFRON Actual/360,raw/free_supplement/Eris_20260414_EOD_ParCouponCurve_SOFR.csv
2026-04-14,SOFR4Y,2026-04-16,2030-04-18,3.5372497566,SOFRON Actual/360,raw/free_supplement/Eris_20260414_EOD_ParCouponCurve_SOFR.csv
2026-04-14,SOFR5Y,2026-04-16,2031-04-18,3.5699759514,SOFRON Actual/360,raw/free_supplement/Eris_20260414_EOD_ParCouponCurve_SOFR.csv
2026-04-14,SOFR6Y,2026-04-16,2032-04-20,3.6195004043,SOFRON Actual/360,raw/free_supplement/Eris_20260414_EOD_ParCouponCurve_SOFR.csv
2026-04-14,SOFR7Y,2026-04-16,2033-04-20,3.6746006537,SOFRON Actual/360,raw/free_supplement/Eris_20260414_EOD_ParCouponCurve_SOFR.csv
2026-04-14,SOFR8Y,2026-04-16,2034-04-19,3.7270507612,SOFRON Actual/360,raw/free_supplement/Eris_20260414_EOD_ParCouponCurve_SOFR.csv
2026-04-14,SOFR9Y,2026-04-16,2035-04-18,3.7771005578,SOFRON Actual/360,raw/free_supplement/Eris_20260414_EOD_ParCouponCurve_SOFR.csv
2026-04-14,SOFR10Y,2026-04-16,2036-04-18,3.8262513643,SOFRON Actual/360,raw/free_supplement/Eris_20260414_EOD_ParCouponCurve_SOFR.csv
2026-04-14,SOFR12Y,2026-04-16,2038-04-20,3.9208327789,SOFRON Actual/360,raw/free_supplement/Eris_20260414_EOD_ParCouponCurve_SOFR.csv
2026-04-14,SOFR15Y,2026-04-16,2041-04-18,4.0366247896,SOFRON Actual/360,raw/free_supplement/Eris_20260414_EOD_ParCouponCurve_SOFR.csv
2026-04-14,SOFR20Y,2026-04-16,2046-04-18,4.1351328326,SOFRON Actual/360,raw/free_supplement/Eris_20260414_EOD_ParCouponCurve_SOFR.csv
2026-04-14,SOFR25Y,2026-04-16,2051-04-19,4.1481713729,SOFRON Actual/360,raw/free_supplement/Eris_20260414_EOD_ParCouponCurve_SOFR.csv
2026-04-14,SOFR30Y,2026-04-16,2056-04-19,4.1193023228,SOFRON Actual/360,raw/free_supplement/Eris_20260414_EOD_ParCouponCurve_SOFR.csv
2026-04-14,SOFR40Y,2026-04-16,2066-04-20,4.0127249213,SOFRON Actual/360,raw/free_supplement/Eris_20260414_EOD_ParCouponCurve_SOFR.csv
2026-04-14,SOFR50Y,2026-04-16,2076-04-21,3.8943126864,SOFRON Actual/360,raw/free_supplement/Eris_20260414_EOD_ParCouponCurve_SOFR.csv
2026-04-15,SOFR1D,2026-04-17,2026-04-22,3.6628686613,SOFRON Actual/360,raw/free_supplement/Eris_20260415_EOD_ParCouponCurve_SOFR.csv
2026-04-15,SOFR1W,2026-04-17,2026-04-28,3.663297343,SOFRON Actual/360,raw/free_supplement/Eris_20260415_EOD_ParCouponCurve_SOFR.csv
2026-04-15,SOFR1M,2026-04-17,2026-05-20,3.6637718823,SOFRON Actual/360,raw/free_supplement/Eris_20260415_EOD_ParCouponCurve_SOFR.csv
2026-04-15,SOFR3M,2026-04-17,2026-07-21,3.6735095256,SOFRON Actual/360,raw/free_supplement/Eris_20260415_EOD_ParCouponCurve_SOFR.csv
2026-04-15,SOFR6M,2026-04-17,2026-10-21,3.6885751169,SOFRON Actual/360,raw/free_supplement/Eris_20260415_EOD_ParCouponCurve_SOFR.csv
2026-04-15,SOFR9M,2026-04-17,2027-01-21,3.6918642256,SOFRON Actual/360,raw/free_supplement/Eris_20260415_EOD_ParCouponCurve_SOFR.csv
2026-04-15,SOFR12M,2026-04-17,2027-04-21,3.6906030063,SOFRON Actual/360,raw/free_supplement/Eris_20260415_EOD_ParCouponCurve_SOFR.csv
2026-04-15,SOFR18M,2026-04-17,2027-10-20,3.6308381179,SOFRON Actual/360,raw/free_supplement/Eris_20260415_EOD_ParCouponCurve_SOFR.csv
2026-04-15,SOFR2Y,2026-04-17,2028-04-19,3.5920807332,SOFRON Actual/360,raw/free_supplement/Eris_20260415_EOD_ParCouponCurve_SOFR.csv
2026-04-15,SOFR3Y,2026-04-17,2029-04-19,3.5502421561,SOFRON Actual/360,raw/free_supplement/Eris_20260415_EOD_ParCouponCurve_SOFR.csv
2026-04-15,SOFR4Y,2026-04-17,2030-04-22,3.5587433819,SOFRON Actual/360,raw/free_supplement/Eris_20260415_EOD_ParCouponCurve_SOFR.csv
2026-04-15,SOFR5Y,2026-04-17,2031-04-21,3.5932064085,SOFRON Actual/360,raw/free_supplement/Eris_20260415_EOD_ParCouponCurve_SOFR.csv
2026-04-15,SOFR6Y,2026-04-17,2032-04-21,3.6429658092,SOFRON Actual/360,raw/free_supplement/Eris_20260415_EOD_ParCouponCurve_SOFR.csv
2026-04-15,SOFR7Y,2026-04-17,2033-04-20,3.69621982,SOFRON Actual/360,raw/free_supplement/Eris_20260415_EOD_ParCouponCurve_SOFR.csv
2026-04-15,SOFR8Y,2026-04-17,2034-04-19,3.7474220879,SOFRON Actual/360,raw/free_supplement/Eris_20260415_EOD_ParCouponCurve_SOFR.csv
2026-04-15,SOFR9Y,2026-04-17,2035-04-19,3.7967383514,SOFRON Actual/360,raw/free_supplement/Eris_20260415_EOD_ParCouponCurve_SOFR.csv
2026-04-15,SOFR10Y,2026-04-17,2036-04-21,3.8453777618,SOFRON Actual/360,raw/free_supplement/Eris_20260415_EOD_ParCouponCurve_SOFR.csv
2026-04-15,SOFR12Y,2026-04-17,2038-04-21,3.9400475856,SOFRON Actual/360,raw/free_supplement/Eris_20260415_EOD_ParCouponCurve_SOFR.csv
2026-04-15,SOFR15Y,2026-04-17,2041-04-22,4.0548489869,SOFRON Actual/360,raw/free_supplement/Eris_20260415_EOD_ParCouponCurve_SOFR.csv
2026-04-15,SOFR20Y,2026-04-17,2046-04-19,4.1534077301,SOFRON Actual/360,raw/free_supplement/Eris_20260415_EOD_ParCouponCurve_SOFR.csv
2026-04-15,SOFR25Y,2026-04-17,2051-04-19,4.1659692401,SOFRON Actual/360,raw/free_supplement/Eris_20260415_EOD_ParCouponCurve_SOFR.csv
2026-04-15,SOFR30Y,2026-04-17,2056-04-19,4.1357945562,SOFRON Actual/360,raw/free_supplement/Eris_20260415_EOD_ParCouponCurve_SOFR.csv
2026-04-15,SOFR40Y,2026-04-17,2066-04-21,4.0292502034,SOFRON Actual/360,raw/free_supplement/Eris_20260415_EOD_ParCouponCurve_SOFR.csv
2026-04-15,SOFR50Y,2026-04-17,2076-04-22,3.9119089947,SOFRON Actual/360,raw/free_supplement/Eris_20260415_EOD_ParCouponCurve_SOFR.csv
2026-04-16,SOFR1D,2026-04-20,2026-04-23,3.6528143619,SOFRON Actual/360,raw/free_supplement/Eris_20260416_EOD_ParCouponCurve_SOFR.csv
2026-04-16,SOFR1W,2026-04-20,2026-04-29,3.6537110447,SOFRON Actual/360,raw/free_supplement/Eris_20260416_EOD_ParCouponCurve_SOFR.csv
2026-04-16,SOFR1M,2026-04-20,2026-05-22,3.6566603379,SOFRON Actual/360,raw/free_supplement/Eris_20260416_EOD_ParCouponCurve_SOFR.csv
2026-04-16,SOFR3M,2026-04-20,2026-07-22,3.6692349576,SOFRON Actual/360,raw/free_supplement/Eris_20260416_EOD_ParCouponCurve_SOFR.csv
2026-04-16,SOFR6M,2026-04-20,2026-10-22,3.6835668616,SOFRON Actual/360,raw/free_supplement/Eris_20260416_EOD_ParCouponCurve_SOFR.csv
2026-04-16,SOFR9M,2026-04-20,2027-01-22,3.6893131796,SOFRON Actual/360,raw/free_supplement/Eris_20260416_EOD_ParCouponCurve_SOFR.csv
2026-04-16,SOFR12M,2026-04-20,2027-04-22,3.6913936291,SOFRON Actual/360,raw/free_supplement/Eris_20260416_EOD_ParCouponCurve_SOFR.csv
2026-04-16,SOFR18M,2026-04-20,2027-10-22,3.6376425156,SOFRON Actual/360,raw/free_supplement/Eris_20260416_EOD_ParCouponCurve_SOFR.csv
2026-04-16,SOFR2Y,2026-04-20,2028-04-24,3.6038951592,SOFRON Actual/360,raw/free_supplement/Eris_20260416_EOD_ParCouponCurve_SOFR.csv
2026-04-16,SOFR3Y,2026-04-20,2029-04-24,3.5664683593,SOFRON Actual/360,raw/free_supplement/Eris_20260416_EOD_ParCouponCurve_SOFR.csv
2026-04-16,SOFR4Y,2026-04-20,2030-04-24,3.5768859673,SOFRON Actual/360,raw/free_supplement/Eris_20260416_EOD_ParCouponCurve_SOFR.csv
2026-04-16,SOFR5Y,2026-04-20,2031-04-23,3.6124523584,SOFRON Actual/360,raw/free_supplement/Eris_20260416_EOD_ParCouponCurve_SOFR.csv
2026-04-16,SOFR6Y,2026-04-20,2032-04-22,3.6635188523,SOFRON Actual/360,raw/free_supplement/Eris_20260416_EOD_ParCouponCurve_SOFR.csv
2026-04-16,SOFR7Y,2026-04-20,2033-04-22,3.7185719295,SOFRON Actual/360,raw/free_supplement/Eris_20260416_EOD_ParCouponCurve_SOFR.csv
2026-04-16,SOFR8Y,2026-04-20,2034-04-24,3.7711458268,SOFRON Actual/360,raw/free_supplement/Eris_20260416_EOD_ParCouponCurve_SOFR.csv
2026-04-16,SOFR9Y,2026-04-20,2035-04-24,3.8213683908,SOFRON Actual/360,raw/free_supplement/Eris_20260416_EOD_ParCouponCurve_SOFR.csv
2026-04-16,SOFR10Y,2026-04-20,2036-04-23,3.8709166174,SOFRON Actual/360,raw/free_supplement/Eris_20260416_EOD_ParCouponCurve_SOFR.csv
2026-04-16,SOFR12Y,2026-04-20,2038-04-22,3.9663675378,SOFRON Actual/360,raw/free_supplement/Eris_20260416_EOD_ParCouponCurve_SOFR.csv
2026-04-16,SOFR15Y,2026-04-20,2041-04-24,4.0833942623,SOFRON Actual/360,raw/free_supplement/Eris_20260416_EOD_ParCouponCurve_SOFR.csv
2026-04-16,SOFR20Y,2026-04-20,2046-04-24,4.1841984839,SOFRON Actual/360,raw/free_supplement/Eris_20260416_EOD_ParCouponCurve_SOFR.csv
2026-04-16,SOFR25Y,2026-04-20,2051-04-24,4.1980546978,SOFRON Actual/360,raw/free_supplement/Eris_20260416_EOD_ParCouponCurve_SOFR.csv
2026-04-16,SOFR30Y,2026-04-20,2056-04-24,4.1712291376,SOFRON Actual/360,raw/free_supplement/Eris_20260416_EOD_ParCouponCurve_SOFR.csv
2026-04-16,SOFR40Y,2026-04-20,2066-04-22,4.0626846136,SOFRON Actual/360,raw/free_supplement/Eris_20260416_EOD_ParCouponCurve_SOFR.csv
2026-04-16,SOFR50Y,2026-04-20,2076-04-22,3.9449026669,SOFRON Actual/360,raw/free_supplement/Eris_20260416_EOD_ParCouponCurve_SOFR.csv
2026-04-17,SOFR1D,2026-04-21,2026-04-24,3.6457975986,SOFRON Actual/360,raw/free_supplement/Eris_20260417_EOD_ParCouponCurve_SOFR.csv
2026-04-17,SOFR1W,2026-04-21,2026-04-30,3.6470114332,SOFRON Actual/360,raw/free_supplement/Eris_20260417_EOD_ParCouponCurve_SOFR.csv
2026-04-17,SOFR1M,2026-04-21,2026-05-26,3.6519748934,SOFRON Actual/360,raw/free_supplement/Eris_20260417_EOD_ParCouponCurve_SOFR.csv
2026-04-17,SOFR3M,2026-04-21,2026-07-23,3.6637376063,SOFRON Actual/360,raw/free_supplement/Eris_20260417_EOD_ParCouponCurve_SOFR.csv
2026-04-17,SOFR6M,2026-04-21,2026-10-23,3.6619109524,SOFRON Actual/360,raw/free_supplement/Eris_20260417_EOD_ParCouponCurve_SOFR.csv
2026-04-17,SOFR9M,2026-04-21,2027-01-25,3.6488667762,SOFRON Actual/360,raw/free_supplement/Eris_20260417_EOD_ParCouponCurve_SOFR.csv
2026-04-17,SOFR12M,2026-04-21,2027-04-23,3.6382938561,SOFRON Actual/360,raw/free_supplement/Eris_20260417_EOD_ParCouponCurve_SOFR.csv
2026-04-17,SOFR18M,2026-04-21,2027-10-25,3.5692226335,SOFRON Actual/360,raw/free_supplement/Eris_20260417_EOD_ParCouponCurve_SOFR.csv
2026-04-17,SOFR2Y,2026-04-21,2028-04-25,3.5276687902,SOFRON Actual/360,raw/free_supplement/Eris_20260417_EOD_ParCouponCurve_SOFR.csv
2026-04-17,SOFR3Y,2026-04-21,2029-04-25,3.4910871471,SOFRON Actual/360,raw/free_supplement/Eris_20260417_EOD_ParCouponCurve_SOFR.csv
2026-04-17,SOFR4Y,2026-04-21,2030-04-24,3.5064972081,SOFRON Actual/360,raw/free_supplement/Eris_20260417_EOD_ParCouponCurve_SOFR.csv
2026-04-17,SOFR5Y,2026-04-21,2031-04-23,3.546000973,SOFRON Actual/360,raw/free_supplement/Eris_20260417_EOD_ParCouponCurve_SOFR.csv
2026-04-17,SOFR6Y,2026-04-21,2032-04-23,3.6004060135,SOFRON Actual/360,raw/free_supplement/Eris_20260417_EOD_ParCouponCurve_SOFR.csv
2026-04-17,SOFR7Y,2026-04-21,2033-04-25,3.6586574454,SOFRON Actual/360,raw/free_supplement/Eris_20260417_EOD_ParCouponCurve_SOFR.csv
2026-04-17,SOFR8Y,2026-04-21,2034-04-25,3.7148625014,SOFRON Actual/360,raw/free_supplement/Eris_20260417_EOD_ParCouponCurve_SOFR.csv
2026-04-17,SOFR9Y,2026-04-21,2035-04-25,3.769100072,SOFRON Actual/360,raw/free_supplement/Eris_20260417_EOD_ParCouponCurve_SOFR.csv
2026-04-17,SOFR10Y,2026-04-21,2036-04-23,3.8214433444,SOFRON Actual/360,raw/free_supplement/Eris_20260417_EOD_ParCouponCurve_SOFR.csv
2026-04-17,SOFR12Y,2026-04-21,2038-04-26,3.9219237505,SOFRON Actual/360,raw/free_supplement/Eris_20260417_EOD_ParCouponCurve_SOFR.csv
2026-04-17,SOFR15Y,2026-04-21,2041-04-24,4.0441193464,SOFRON Actual/360,raw/free_supplement/Eris_20260417_EOD_ParCouponCurve_SOFR.csv
2026-04-17,SOFR20Y,2026-04-21,2046-04-25,4.1505581084,SOFRON Actual/360,raw/free_supplement/Eris_20260417_EOD_ParCouponCurve_SOFR.csv
2026-04-17,SOFR25Y,2026-04-21,2051-04-25,4.1686687883,SOFRON Actual/360,raw/free_supplement/Eris_20260417_EOD_ParCouponCurve_SOFR.csv
2026-04-17,SOFR30Y,2026-04-21,2056-04-25,4.1439777128,SOFRON Actual/360,raw/free_supplement/Eris_20260417_EOD_ParCouponCurve_SOFR.csv
2026-04-17,SOFR40Y,2026-04-21,2066-04-23,4.0414071463,SOFRON Actual/360,raw/free_supplement/Eris_20260417_EOD_ParCouponCurve_SOFR.csv
2026-04-17,SOFR50Y,2026-04-21,2076-04-23,3.9246788766,SOFRON Actual/360,raw/free_supplement/Eris_20260417_EOD_ParCouponCurve_SOFR.csv
2026-04-21,SOFR1D,2026-04-23,2026-04-28,3.6378011844,SOFRON Actual/360,raw/free_supplement/Eris_20260421_EOD_ParCouponCurve_SOFR.csv
2026-04-21,SOFR1W,2026-04-23,2026-05-04,3.6400284349,SOFRON Actual/360,raw/free_supplement/Eris_20260421_EOD_ParCouponCurve_SOFR.csv
2026-04-21,SOFR1M,2026-04-23,2026-05-28,3.6531295955,SOFRON Actual/360,raw/free_supplement/Eris_20260421_EOD_ParCouponCurve_SOFR.csv
2026-04-21,SOFR3M,2026-04-23,2026-07-27,3.6713110226,SOFRON Actual/360,raw/free_supplement/Eris_20260421_EOD_ParCouponCurve_SOFR.csv
2026-04-21,SOFR6M,2026-04-23,2026-10-27,3.6825114599,SOFRON Actual/360,raw/free_supplement/Eris_20260421_EOD_ParCouponCurve_SOFR.csv
2026-04-21,SOFR9M,2026-04-23,2027-01-27,3.6865862361,SOFRON Actual/360,raw/free_supplement/Eris_20260421_EOD_ParCouponCurve_SOFR.csv
2026-04-21,SOFR12M,2026-04-23,2027-04-27,3.6880780195,SOFRON Actual/360,raw/free_supplement/Eris_20260421_EOD_ParCouponCurve_SOFR.csv
2026-04-21,SOFR18M,2026-04-23,2027-10-27,3.6353506266,SOFRON Actual/360,raw/free_supplement/Eris_20260421_EOD_ParCouponCurve_SOFR.csv
2026-04-21,SOFR2Y,2026-04-23,2028-04-26,3.5997233095,SOFRON Actual/360,raw/free_supplement/Eris_20260421_EOD_ParCouponCurve_SOFR.csv
2026-04-21,SOFR3Y,2026-04-23,2029-04-25,3.5617241712,SOFRON Actual/360,raw/free_supplement/Eris_20260421_EOD_ParCouponCurve_SOFR.csv
2026-04-21,SOFR4Y,2026-04-23,2030-04-25,3.5727853098,SOFRON Actual/360,raw/free_supplement/Eris_20260421_EOD_ParCouponCurve_SOFR.csv
2026-04-21,SOFR5Y,2026-04-23,2031-04-25,3.6056263455,SOFRON Actual/360,raw/free_supplement/Eris_20260421_EOD_ParCouponCurve_SOFR.csv
2026-04-21,SOFR6Y,2026-04-23,2032-04-27,3.6524581864,SOFRON Actual/360,raw/free_supplement/Eris_20260421_EOD_ParCouponCurve_SOFR.csv
2026-04-21,SOFR7Y,2026-04-23,2033-04-27,3.7044633727,SOFRON Actual/360,raw/free_supplement/Eris_20260421_EOD_ParCouponCurve_SOFR.csv
2026-04-21,SOFR8Y,2026-04-23,2034-04-26,3.7553353796,SOFRON Actual/360,raw/free_supplement/Eris_20260421_EOD_ParCouponCurve_SOFR.csv
2026-04-21,SOFR9Y,2026-04-23,2035-04-25,3.8048220733,SOFRON Actual/360,raw/free_supplement/Eris_20260421_EOD_ParCouponCurve_SOFR.csv
2026-04-21,SOFR10Y,2026-04-23,2036-04-25,3.85355956,SOFRON Actual/360,raw/free_supplement/Eris_20260421_EOD_ParCouponCurve_SOFR.csv
2026-04-21,SOFR12Y,2026-04-23,2038-04-28,3.9469853622,SOFRON Actual/360,raw/free_supplement/Eris_20260421_EOD_ParCouponCurve_SOFR.csv
2026-04-21,SOFR15Y,2026-04-23,2041-04-25,4.0605213407,SOFRON Actual/360,raw/free_supplement/Eris_20260421_EOD_ParCouponCurve_SOFR.csv
2026-04-21,SOFR20Y,2026-04-23,2046-04-25,4.1570446262,SOFRON Actual/360,raw/free_supplement/Eris_20260421_EOD_ParCouponCurve_SOFR.csv
2026-04-21,SOFR25Y,2026-04-23,2051-04-26,4.169057114,SOFRON Actual/360,raw/free_supplement/Eris_20260421_EOD_ParCouponCurve_SOFR.csv
2026-04-21,SOFR30Y,2026-04-23,2056-04-26,4.1396412116,SOFRON Actual/360,raw/free_supplement/Eris_20260421_EOD_ParCouponCurve_SOFR.csv
2026-04-21,SOFR40Y,2026-04-23,2066-04-27,4.0356481468,SOFRON Actual/360,raw/free_supplement/Eris_20260421_EOD_ParCouponCurve_SOFR.csv
2026-04-21,SOFR50Y,2026-04-23,2076-04-27,3.9199145122,SOFRON Actual/360,raw/free_supplement/Eris_20260421_EOD_ParCouponCurve_SOFR.csv
2026-04-22,SOFR1D,2026-04-24,2026-04-29,3.6483885814,SOFRON Actual/360,raw/free_supplement/Eris_20260422_EOD_ParCouponCurve_SOFR.csv
2026-04-22,SOFR1W,2026-04-24,2026-05-05,3.6494132408,SOFRON Actual/360,raw/free_supplement/Eris_20260422_EOD_ParCouponCurve_SOFR.csv
2026-04-22,SOFR1M,2026-04-24,2026-05-28,3.6564007486,SOFRON Actual/360,raw/free_supplement/Eris_20260422_EOD_ParCouponCurve_SOFR.csv
2026-04-22,SOFR3M,2026-04-24,2026-07-28,3.6687880701,SOFRON Actual/360,raw/free_supplement/Eris_20260422_EOD_ParCouponCurve_SOFR.csv
2026-04-22,SOFR6M,2026-04-24,2026-10-28,3.6803001898,SOFRON Actual/360,raw/free_supplement/Eris_20260422_EOD_ParCouponCurve_SOFR.csv
2026-04-22,SOFR9M,2026-04-24,2027-01-27,3.6885040078,SOFRON Actual/360,raw/free_supplement/Eris_20260422_EOD_ParCouponCurve_SOFR.csv
2026-04-22,SOFR12M,2026-04-24,2027-04-28,3.6947604203,SOFRON Actual/360,raw/free_supplement/Eris_20260422_EOD_ParCouponCurve_SOFR.csv
2026-04-22,SOFR18M,2026-04-24,2027-10-27,3.6465841019,SOFRON Actual/360,raw/free_supplement/Eris_20260422_EOD_ParCouponCurve_SOFR.csv
2026-04-22,SOFR2Y,2026-04-24,2028-04-26,3.6136870855,SOFRON Actual/360,raw/free_supplement/Eris_20260422_EOD_ParCouponCurve_SOFR.csv
2026-04-22,SOFR3Y,2026-04-24,2029-04-26,3.5747907934,SOFRON Actual/360,raw/free_supplement/Eris_20260422_EOD_ParCouponCurve_SOFR.csv
2026-04-22,SOFR4Y,2026-04-24,2030-04-26,3.5836399145,SOFRON Actual/360,raw/free_supplement/Eris_20260422_EOD_ParCouponCurve_SOFR.csv
2026-04-22,SOFR5Y,2026-04-24,2031-04-28,3.6135902336,SOFRON Actual/360,raw/free_supplement/Eris_20260422_EOD_ParCouponCurve_SOFR.csv
2026-04-22,SOFR6Y,2026-04-24,2032-04-28,3.6597343132,SOFRON Actual/360,raw/free_supplement/Eris_20260422_EOD_ParCouponCurve_SOFR.csv
2026-04-22,SOFR7Y,2026-04-24,2033-04-27,3.7109909146,SOFRON Actual/360,raw/free_supplement/Eris_20260422_EOD_ParCouponCurve_SOFR.csv
2026-04-22,SOFR8Y,2026-04-24,2034-04-26,3.7607220875,SOFRON Actual/360,raw/free_supplement/Eris_20260422_EOD_ParCouponCurve_SOFR.csv
2026-04-22,SOFR9Y,2026-04-24,2035-04-26,3.8087922193,SOFRON Actual/360,raw/free_supplement/Eris_20260422_EOD_ParCouponCurve_SOFR.csv
2026-04-22,SOFR10Y,2026-04-24,2036-04-28,3.8562656291,SOFRON Actual/360,raw/free_supplement/Eris_20260422_EOD_ParCouponCurve_SOFR.csv
2026-04-22,SOFR12Y,2026-04-24,2038-04-28,3.9486795666,SOFRON Actual/360,raw/free_supplement/Eris_20260422_EOD_ParCouponCurve_SOFR.csv
2026-04-22,SOFR15Y,2026-04-24,2041-04-26,4.0610745658,SOFRON Actual/360,raw/free_supplement/Eris_20260422_EOD_ParCouponCurve_SOFR.csv
2026-04-22,SOFR20Y,2026-04-24,2046-04-26,4.1566073326,SOFRON Actual/360,raw/free_supplement/Eris_20260422_EOD_ParCouponCurve_SOFR.csv
2026-04-22,SOFR25Y,2026-04-24,2051-04-26,4.167515942,SOFRON Actual/360,raw/free_supplement/Eris_20260422_EOD_ParCouponCurve_SOFR.csv
2026-04-22,SOFR30Y,2026-04-24,2056-04-26,4.1361020306,SOFRON Actual/360,raw/free_supplement/Eris_20260422_EOD_ParCouponCurve_SOFR.csv
2026-04-22,SOFR40Y,2026-04-24,2066-04-28,4.0328050224,SOFRON Actual/360,raw/free_supplement/Eris_20260422_EOD_ParCouponCurve_SOFR.csv
2026-04-22,SOFR50Y,2026-04-24,2076-04-28,3.9177286656,SOFRON Actual/360,raw/free_supplement/Eris_20260422_EOD_ParCouponCurve_SOFR.csv
2026-04-23,SOFR1D,2026-04-27,2026-04-30,3.6680334445,SOFRON Actual/360,raw/free_supplement/Eris_20260423_EOD_ParCouponCurve_SOFR.csv
2026-04-23,SOFR1W,2026-04-27,2026-05-06,3.667154676,SOFRON Actual/360,raw/free_supplement/Eris_20260423_EOD_ParCouponCurve_SOFR.csv
2026-04-23,SOFR1M,2026-04-27,2026-05-29,3.6640382238,SOFRON Actual/360,raw/free_supplement/Eris_20260423_EOD_ParCouponCurve_SOFR.csv
2026-04-23,SOFR3M,2026-04-27,2026-07-29,3.6702078679,SOFRON Actual/360,raw/free_supplement/Eris_20260423_EOD_ParCouponCurve_SOFR.csv
2026-04-23,SOFR6M,2026-04-27,2026-10-29,3.6799006523,SOFRON Actual/360,raw/free_supplement/Eris_20260423_EOD_ParCouponCurve_SOFR.csv
2026-04-23,SOFR9M,2026-04-27,2027-01-29,3.6915739271,SOFRON Actual/360,raw/free_supplement/Eris_20260423_EOD_ParCouponCurve_SOFR.csv
2026-04-23,SOFR12M,2026-04-27,2027-04-29,3.7067216228,SOFRON Actual/360,raw/free_supplement/Eris_20260423_EOD_ParCouponCurve_SOFR.csv
2026-04-23,SOFR18M,2026-04-27,2027-10-29,3.6713486152,SOFRON Actual/360,raw/free_supplement/Eris_20260423_EOD_ParCouponCurve_SOFR.csv
2026-04-23,SOFR2Y,2026-04-27,2028-05-01,3.6438903425,SOFRON Actual/360,raw/free_supplement/Eris_20260423_EOD_ParCouponCurve_SOFR.csv
2026-04-23,SOFR3Y,2026-04-27,2029-05-01,3.6082082924,SOFRON Actual/360,raw/free_supplement/Eris_20260423_EOD_ParCouponCurve_SOFR.csv
2026-04-23,SOFR4Y,2026-04-27,2030-05-01,3.6155800838,SOFRON Actual/360,raw/free_supplement/Eris_20260423_EOD_ParCouponCurve_SOFR.csv
2026-04-23,SOFR5Y,2026-04-27,2031-04-30,3.6472255441,SOFRON Actual/360,raw/free_supplement/Eris_20260423_EOD_ParCouponCurve_SOFR.csv
2026-04-23,SOFR6Y,2026-04-27,2032-04-29,3.6934039907,SOFRON Actual/360,raw/free_supplement/Eris_20260423_EOD_ParCouponCurve_SOFR.csv
2026-04-23,SOFR7Y,2026-04-27,2033-04-29,3.7430699506,SOFRON Actual/360,raw/free_supplement/Eris_20260423_EOD_ParCouponCurve_SOFR.csv
2026-04-23,SOFR8Y,2026-04-27,2034-05-01,3.7906942758,SOFRON Actual/360,raw/free_supplement/Eris_20260423_EOD_ParCouponCurve_SOFR.csv
2026-04-23,SOFR9Y,2026-04-27,2035-05-01,3.8366051019,SOFRON Actual/360,raw/free_supplement/Eris_20260423_EOD_ParCouponCurve_SOFR.csv
2026-04-23,SOFR10Y,2026-04-27,2036-04-30,3.8823988697,SOFRON Actual/360,raw/free_supplement/Eris_20260423_EOD_ParCouponCurve_SOFR.csv
2026-04-23,SOFR12Y,2026-04-27,2038-04-29,3.9718193431,SOFRON Actual/360,raw/free_supplement/Eris_20260423_EOD_ParCouponCurve_SOFR.csv
2026-04-23,SOFR15Y,2026-04-27,2041-05-01,4.0821469907,SOFRON Actual/360,raw/free_supplement/Eris_20260423_EOD_ParCouponCurve_SOFR.csv
2026-04-23,SOFR20Y,2026-04-27,2046-05-01,4.1744535827,SOFRON Actual/360,raw/free_supplement/Eris_20260423_EOD_ParCouponCurve_SOFR.csv
2026-04-23,SOFR25Y,2026-04-27,2051-05-01,4.1816095468,SOFRON Actual/360,raw/free_supplement/Eris_20260423_EOD_ParCouponCurve_SOFR.csv
2026-04-23,SOFR30Y,2026-04-27,2056-05-01,4.1504961368,SOFRON Actual/360,raw/free_supplement/Eris_20260423_EOD_ParCouponCurve_SOFR.csv
2026-04-23,SOFR40Y,2026-04-27,2066-04-29,4.0445152811,SOFRON Actual/360,raw/free_supplement/Eris_20260423_EOD_ParCouponCurve_SOFR.csv
2026-04-23,SOFR50Y,2026-04-27,2076-04-29,3.9292099742,SOFRON Actual/360,raw/free_supplement/Eris_20260423_EOD_ParCouponCurve_SOFR.csv
2026-04-24,SOFR1D,2026-04-28,2026-05-01,3.6361183512,SOFRON Actual/360,raw/free_supplement/Eris_20260424_EOD_ParCouponCurve_SOFR.csv
2026-04-24,SOFR1W,2026-04-28,2026-05-07,3.6381783388,SOFRON Actual/360,raw/free_supplement/Eris_20260424_EOD_ParCouponCurve_SOFR.csv
2026-04-24,SOFR1M,2026-04-28,2026-06-01,3.6514272868,SOFRON Actual/360,raw/free_supplement/Eris_20260424_EOD_ParCouponCurve_SOFR.csv
2026-04-24,SOFR3M,2026-04-28,2026-07-30,3.6757918263,SOFRON Actual/360,raw/free_supplement/Eris_20260424_EOD_ParCouponCurve_SOFR.csv
2026-04-24,SOFR6M,2026-04-28,2026-10-30,3.6724310543,SOFRON Actual/360,raw/free_supplement/Eris_20260424_EOD_ParCouponCurve_SOFR.csv
2026-04-24,SOFR9M,2026-04-28,2027-02-01,3.6716467197,SOFRON Actual/360,raw/free_supplement/Eris_20260424_EOD_ParCouponCurve_SOFR.csv
2026-04-24,SOFR12M,2026-04-28,2027-04-30,3.6739184547,SOFRON Actual/360,raw/free_supplement/Eris_20260424_EOD_ParCouponCurve_SOFR.csv
2026-04-24,SOFR18M,2026-04-28,2027-11-01,3.6311900124,SOFRON Actual/360,raw/free_supplement/Eris_20260424_EOD_ParCouponCurve_SOFR.csv
2026-04-24,SOFR2Y,2026-04-28,2028-05-02,3.6038847477,SOFRON Actual/360,raw/free_supplement/Eris_20260424_EOD_ParCouponCurve_SOFR.csv
2026-04-24,SOFR3Y,2026-04-28,2029-05-02,3.573158012,SOFRON Actual/360,raw/free_supplement/Eris_20260424_EOD_ParCouponCurve_SOFR.csv
2026-04-24,SOFR4Y,2026-04-28,2030-05-01,3.5845995543,SOFRON Actual/360,raw/free_supplement/Eris_20260424_EOD_ParCouponCurve_SOFR.csv
2026-04-24,SOFR5Y,2026-04-28,2031-04-30,3.6197419588,SOFRON Actual/360,raw/free_supplement/Eris_20260424_EOD_ParCouponCurve_SOFR.csv
2026-04-24,SOFR6Y,2026-04-28,2032-04-30,3.6687050079,SOFRON Actual/360,raw/free_supplement/Eris_20260424_EOD_ParCouponCurve_SOFR.csv
2026-04-24,SOFR7Y,2026-04-28,2033-05-02,3.7216796036,SOFRON Actual/360,raw/free_supplement/Eris_20260424_EOD_ParCouponCurve_SOFR.csv
2026-04-24,SOFR8Y,2026-04-28,2034-05-02,3.7737492898,SOFRON Actual/360,raw/free_supplement/Eris_20260424_EOD_ParCouponCurve_SOFR.csv
2026-04-24,SOFR9Y,2026-04-28,2035-05-02,3.8242898205,SOFRON Actual/360,raw/free_supplement/Eris_20260424_EOD_ParCouponCurve_SOFR.csv
2026-04-24,SOFR10Y,2026-04-28,2036-04-30,3.8725669057,SOFRON Actual/360,raw/free_supplement/Eris_20260424_EOD_ParCouponCurve_SOFR.csv
2026-04-24,SOFR12Y,2026-04-28,2038-04-30,3.9635648566,SOFRON Actual/360,raw/free_supplement/Eris_20260424_EOD_ParCouponCurve_SOFR.csv
2026-04-24,SOFR15Y,2026-04-28,2041-05-01,4.0758649875,SOFRON Actual/360,raw/free_supplement/Eris_20260424_EOD_ParCouponCurve_SOFR.csv
2026-04-24,SOFR20Y,2026-04-28,2046-05-02,4.169923929,SOFRON Actual/360,raw/free_supplement/Eris_20260424_EOD_ParCouponCurve_SOFR.csv
2026-04-24,SOFR25Y,2026-04-28,2051-05-02,4.1788830823,SOFRON Actual/360,raw/free_supplement/Eris_20260424_EOD_ParCouponCurve_SOFR.csv
2026-04-24,SOFR30Y,2026-04-28,2056-05-02,4.1481333326,SOFRON Actual/360,raw/free_supplement/Eris_20260424_EOD_ParCouponCurve_SOFR.csv
2026-04-24,SOFR40Y,2026-04-28,2066-04-30,4.0423425155,SOFRON Actual/360,raw/free_supplement/Eris_20260424_EOD_ParCouponCurve_SOFR.csv
2026-04-24,SOFR50Y,2026-04-28,2076-04-30,3.9249896659,SOFRON Actual/360,raw/free_supplement/Eris_20260424_EOD_ParCouponCurve_SOFR.csv
2026-04-27,SOFR1D,2026-04-29,2026-05-04,3.6340809621,SOFRON Actual/360,raw/free_supplement/Eris_20260427_EOD_ParCouponCurve_SOFR.csv
2026-04-27,SOFR1W,2026-04-29,2026-05-08,3.635834923,SOFRON Actual/360,raw/free_supplement/Eris_20260427_EOD_ParCouponCurve_SOFR.csv
2026-04-27,SOFR1M,2026-04-29,2026-06-02,3.647768943,SOFRON Actual/360,raw/free_supplement/Eris_20260427_EOD_ParCouponCurve_SOFR.csv
2026-04-27,SOFR3M,2026-04-29,2026-07-31,3.6703721197,SOFRON Actual/360,raw/free_supplement/Eris_20260427_EOD_ParCouponCurve_SOFR.csv
2026-04-27,SOFR6M,2026-04-29,2026-11-02,3.6742369856,SOFRON Actual/360,raw/free_supplement/Eris_20260427_EOD_ParCouponCurve_SOFR.csv
2026-04-27,SOFR9M,2026-04-29,2027-02-02,3.6819339421,SOFRON Actual/360,raw/free_supplement/Eris_20260427_EOD_ParCouponCurve_SOFR.csv
2026-04-27,SOFR12M,2026-04-29,2027-05-03,3.6902142131,SOFRON Actual/360,raw/free_supplement/Eris_20260427_EOD_ParCouponCurve_SOFR.csv
2026-04-27,SOFR18M,2026-04-29,2027-11-02,3.6522536067,SOFRON Actual/360,raw/free_supplement/Eris_20260427_EOD_ParCouponCurve_SOFR.csv
2026-04-27,SOFR2Y,2026-04-29,2028-05-02,3.6283320836,SOFRON Actual/360,raw/free_supplement/Eris_20260427_EOD_ParCouponCurve_SOFR.csv
2026-04-27,SOFR3Y,2026-04-29,2029-05-02,3.5983242424,SOFRON Actual/360,raw/free_supplement/Eris_20260427_EOD_ParCouponCurve_SOFR.csv
2026-04-27,SOFR4Y,2026-04-29,2030-05-01,3.6116274675,SOFRON Actual/360,raw/free_supplement/Eris_20260427_EOD_ParCouponCurve_SOFR.csv
2026-04-27,SOFR5Y,2026-04-29,2031-05-01,3.647795148,SOFRON Actual/360,raw/free_supplement/Eris_20260427_EOD_ParCouponCurve_SOFR.csv
2026-04-27,SOFR6Y,2026-04-29,2032-05-03,3.6967021737,SOFRON Actual/360,raw/free_supplement/Eris_20260427_EOD_ParCouponCurve_SOFR.csv
2026-04-27,SOFR7Y,2026-04-29,2033-05-03,3.7492387565,SOFRON Actual/360,raw/free_supplement/Eris_20260427_EOD_ParCouponCurve_SOFR.csv
2026-04-27,SOFR8Y,2026-04-29,2034-05-02,3.800186099,SOFRON Actual/360,raw/free_supplement/Eris_20260427_EOD_ParCouponCurve_SOFR.csv
2026-04-27,SOFR9Y,2026-04-29,2035-05-02,3.8497997697,SOFRON Actual/360,raw/free_supplement/Eris_20260427_EOD_ParCouponCurve_SOFR.csv
2026-04-27,SOFR10Y,2026-04-29,2036-05-01,3.8978562502,SOFRON Actual/360,raw/free_supplement/Eris_20260427_EOD_ParCouponCurve_SOFR.csv
2026-04-27,SOFR12Y,2026-04-29,2038-05-03,3.9897942544,SOFRON Actual/360,raw/free_supplement/Eris_20260427_EOD_ParCouponCurve_SOFR.csv
2026-04-27,SOFR15Y,2026-04-29,2041-05-01,4.1027297695,SOFRON Actual/360,raw/free_supplement/Eris_20260427_EOD_ParCouponCurve_SOFR.csv
2026-04-27,SOFR20Y,2026-04-29,2046-05-02,4.1978335358,SOFRON Actual/360,raw/free_supplement/Eris_20260427_EOD_ParCouponCurve_SOFR.csv
2026-04-27,SOFR25Y,2026-04-29,2051-05-02,4.2071388662,SOFRON Actual/360,raw/free_supplement/Eris_20260427_EOD_ParCouponCurve_SOFR.csv
2026-04-27,SOFR30Y,2026-04-29,2056-05-02,4.1766451093,SOFRON Actual/360,raw/free_supplement/Eris_20260427_EOD_ParCouponCurve_SOFR.csv
2026-04-27,SOFR40Y,2026-04-29,2066-05-03,4.0677893093,SOFRON Actual/360,raw/free_supplement/Eris_20260427_EOD_ParCouponCurve_SOFR.csv
2026-04-27,SOFR50Y,2026-04-29,2076-05-01,3.9516043992,SOFRON Actual/360,raw/free_supplement/Eris_20260427_EOD_ParCouponCurve_SOFR.csv
2026-04-28,SOFR1D,2026-04-30,2026-05-05,3.6416747482,SOFRON Actual/360,raw/free_supplement/Eris_20260428_EOD_ParCouponCurve_SOFR.csv
2026-04-28,SOFR1W,2026-04-30,2026-05-11,3.6429822288,SOFRON Actual/360,raw/free_supplement/Eris_20260428_EOD_ParCouponCurve_SOFR.csv
2026-04-28,SOFR1M,2026-04-30,2026-06-02,3.649267954,SOFRON Actual/360,raw/free_supplement/Eris_20260428_EOD_ParCouponCurve_SOFR.csv
2026-04-28,SOFR3M,2026-04-30,2026-08-03,3.6640676928,SOFRON Actual/360,raw/free_supplement/Eris_20260428_EOD_ParCouponCurve_SOFR.csv
2026-04-28,SOFR6M,2026-04-30,2026-11-03,3.675467789,SOFRON Actual/360,raw/free_supplement/Eris_20260428_EOD_ParCouponCurve_SOFR.csv
2026-04-28,SOFR9M,2026-04-30,2027-02-02,3.6905059402,SOFRON Actual/360,raw/free_supplement/Eris_20260428_EOD_ParCouponCurve_SOFR.csv
2026-04-28,SOFR12M,2026-04-30,2027-05-04,3.7077551875,SOFRON Actual/360,raw/free_supplement/Eris_20260428_EOD_ParCouponCurve_SOFR.csv
2026-04-28,SOFR18M,2026-04-30,2027-11-02,3.6845514069,SOFRON Actual/360,raw/free_supplement/Eris_20260428_EOD_ParCouponCurve_SOFR.csv
2026-04-28,SOFR2Y,2026-04-30,2028-05-02,3.667503631,SOFRON Actual/360,raw/free_supplement/Eris_20260428_EOD_ParCouponCurve_SOFR.csv
2026-04-28,SOFR3Y,2026-04-30,2029-05-02,3.6398974032,SOFRON Actual/360,raw/free_supplement/Eris_20260428_EOD_ParCouponCurve_SOFR.csv
2026-04-28,SOFR4Y,2026-04-30,2030-05-02,3.6491750277,SOFRON Actual/360,raw/free_supplement/Eris_20260428_EOD_ParCouponCurve_SOFR.csv
2026-04-28,SOFR5Y,2026-04-30,2031-05-02,3.6799838948,SOFRON Actual/360,raw/free_supplement/Eris_20260428_EOD_ParCouponCurve_SOFR.csv
2026-04-28,SOFR6Y,2026-04-30,2032-05-04,3.7233677521,SOFRON Actual/360,raw/free_supplement/Eris_20260428_EOD_ParCouponCurve_SOFR.csv
2026-04-28,SOFR7Y,2026-04-30,2033-05-03,3.7708036179,SOFRON Actual/360,raw/free_supplement/Eris_20260428_EOD_ParCouponCurve_SOFR.csv
2026-04-28,SOFR8Y,2026-04-30,2034-05-02,3.8180646083,SOFRON Actual/360,raw/free_supplement/Eris_20260428_EOD_ParCouponCurve_SOFR.csv
2026-04-28,SOFR9Y,2026-04-30,2035-05-02,3.8647836813,SOFRON Actual/360,raw/free_supplement/Eris_20260428_EOD_ParCouponCurve_SOFR.csv
2026-04-28,SOFR10Y,2026-04-30,2036-05-02,3.9104061452,SOFRON Actual/360,raw/free_supplement/Eris_20260428_EOD_ParCouponCurve_SOFR.csv
2026-04-28,SOFR12Y,2026-04-30,2038-05-04,3.9975325167,SOFRON Actual/360,raw/free_supplement/Eris_20260428_EOD_ParCouponCurve_SOFR.csv
2026-04-28,SOFR15Y,2026-04-30,2041-05-02,4.1059408484,SOFRON Actual/360,raw/free_supplement/Eris_20260428_EOD_ParCouponCurve_SOFR.csv
2026-04-28,SOFR20Y,2026-04-30,2046-05-02,4.196384134,SOFRON Actual/360,raw/free_supplement/Eris_20260428_EOD_ParCouponCurve_SOFR.csv
2026-04-28,SOFR25Y,2026-04-30,2051-05-02,4.202736714,SOFRON Actual/360,raw/free_supplement/Eris_20260428_EOD_ParCouponCurve_SOFR.csv
2026-04-28,SOFR30Y,2026-04-30,2056-05-02,4.1720021876,SOFRON Actual/360,raw/free_supplement/Eris_20260428_EOD_ParCouponCurve_SOFR.csv
2026-04-28,SOFR40Y,2026-04-30,2066-05-04,4.0618402715,SOFRON Actual/360,raw/free_supplement/Eris_20260428_EOD_ParCouponCurve_SOFR.csv
2026-04-28,SOFR50Y,2026-04-30,2076-05-04,3.9440679688,SOFRON Actual/360,raw/free_supplement/Eris_20260428_EOD_ParCouponCurve_SOFR.csv
2026-04-29,SOFR1D,2026-05-01,2026-05-06,3.6370105035,SOFRON Actual/360,raw/free_supplement/Eris_20260429_EOD_ParCouponCurve_SOFR.csv
2026-04-29,SOFR1W,2026-05-01,2026-05-12,3.6380617852,SOFRON Actual/360,raw/free_supplement/Eris_20260429_EOD_ParCouponCurve_SOFR.csv
2026-04-29,SOFR1M,2026-05-01,2026-06-03,3.6477090418,SOFRON Actual/360,raw/free_supplement/Eris_20260429_EOD_ParCouponCurve_SOFR.csv
2026-04-29,SOFR3M,2026-05-01,2026-08-05,3.6702637053,SOFRON Actual/360,raw/free_supplement/Eris_20260429_EOD_ParCouponCurve_SOFR.csv
2026-04-29,SOFR6M,2026-05-01,2026-11-04,3.6908612399,SOFRON Actual/360,raw/free_supplement/Eris_20260429_EOD_ParCouponCurve_SOFR.csv
2026-04-29,SOFR9M,2026-05-01,2027-02-03,3.7233213188,SOFRON Actual/360,raw/free_supplement/Eris_20260429_EOD_ParCouponCurve_SOFR.csv
2026-04-29,SOFR12M,2026-05-01,2027-05-05,3.7620136111,SOFRON Actual/360,raw/free_supplement/Eris_20260429_EOD_ParCouponCurve_SOFR.csv
2026-04-29,SOFR18M,2026-05-01,2027-11-03,3.7663849213,SOFRON Actual/360,raw/free_supplement/Eris_20260429_EOD_ParCouponCurve_SOFR.csv
2026-04-29,SOFR2Y,2026-05-01,2028-05-03,3.7593719682,SOFRON Actual/360,raw/free_supplement/Eris_20260429_EOD_ParCouponCurve_SOFR.csv
2026-04-29,SOFR3Y,2026-05-01,2029-05-03,3.725635416,SOFRON Actual/360,raw/free_supplement/Eris_20260429_EOD_ParCouponCurve_SOFR.csv
2026-04-29,SOFR4Y,2026-05-01,2030-05-03,3.7294239162,SOFRON Actual/360,raw/free_supplement/Eris_20260429_EOD_ParCouponCurve_SOFR.csv
2026-04-29,SOFR5Y,2026-05-01,2031-05-05,3.7548561816,SOFRON Actual/360,raw/free_supplement/Eris_20260429_EOD_ParCouponCurve_SOFR.csv
2026-04-29,SOFR6Y,2026-05-01,2032-05-05,3.7953373544,SOFRON Actual/360,raw/free_supplement/Eris_20260429_EOD_ParCouponCurve_SOFR.csv
2026-04-29,SOFR7Y,2026-05-01,2033-05-04,3.8400505483,SOFRON Actual/360,raw/free_supplement/Eris_20260429_EOD_ParCouponCurve_SOFR.csv
2026-04-29,SOFR8Y,2026-05-01,2034-05-03,3.8830493921,SOFRON Actual/360,raw/free_supplement/Eris_20260429_EOD_ParCouponCurve_SOFR.csv
2026-04-29,SOFR9Y,2026-05-01,2035-05-03,3.9247784239,SOFRON Actual/360,raw/free_supplement/Eris_20260429_EOD_ParCouponCurve_SOFR.csv
2026-04-29,SOFR10Y,2026-05-01,2036-05-05,3.9666442763,SOFRON Actual/360,raw/free_supplement/Eris_20260429_EOD_ParCouponCurve_SOFR.csv
2026-04-29,SOFR12Y,2026-05-01,2038-05-05,4.0503823648,SOFRON Actual/360,raw/free_supplement/Eris_20260429_EOD_ParCouponCurve_SOFR.csv
2026-04-29,SOFR15Y,2026-05-01,2041-05-03,4.1541916943,SOFRON Actual/360,raw/free_supplement/Eris_20260429_EOD_ParCouponCurve_SOFR.csv
2026-04-29,SOFR20Y,2026-05-01,2046-05-03,4.2397680261,SOFRON Actual/360,raw/free_supplement/Eris_20260429_EOD_ParCouponCurve_SOFR.csv
2026-04-29,SOFR25Y,2026-05-01,2051-05-03,4.2410221869,SOFRON Actual/360,raw/free_supplement/Eris_20260429_EOD_ParCouponCurve_SOFR.csv
2026-04-29,SOFR30Y,2026-05-01,2056-05-03,4.2047260474,SOFRON Actual/360,raw/free_supplement/Eris_20260429_EOD_ParCouponCurve_SOFR.csv
2026-04-29,SOFR40Y,2026-05-01,2066-05-05,4.0958186772,SOFRON Actual/360,raw/free_supplement/Eris_20260429_EOD_ParCouponCurve_SOFR.csv
2026-04-29,SOFR50Y,2026-05-01,2076-05-05,3.9777239275,SOFRON Actual/360,raw/free_supplement/Eris_20260429_EOD_ParCouponCurve_SOFR.csv
2026-04-30,SOFR1D,2026-05-04,2026-05-07,3.6364361715,SOFRON Actual/360,raw/free_supplement/Eris_20260430_EOD_ParCouponCurve_SOFR.csv
2026-04-30,SOFR1W,2026-05-04,2026-05-13,3.6379282738,SOFRON Actual/360,raw/free_supplement/Eris_20260430_EOD_ParCouponCurve_SOFR.csv
2026-04-30,SOFR1M,2026-05-04,2026-06-08,3.6462401612,SOFRON Actual/360,raw/free_supplement/Eris_20260430_EOD_ParCouponCurve_SOFR.csv
2026-04-30,SOFR3M,2026-05-04,2026-08-06,3.6598306788,SOFRON Actual/360,raw/free_supplement/Eris_20260430_EOD_ParCouponCurve_SOFR.csv
2026-04-30,SOFR6M,2026-05-04,2026-11-06,3.6708376607,SOFRON Actual/360,raw/free_supplement/Eris_20260430_EOD_ParCouponCurve_SOFR.csv
2026-04-30,SOFR9M,2026-05-04,2027-02-08,3.6922629661,SOFRON Actual/360,raw/free_supplement/Eris_20260430_EOD_ParCouponCurve_SOFR.csv
2026-04-30,SOFR12M,2026-05-04,2027-05-06,3.7244118049,SOFRON Actual/360,raw/free_supplement/Eris_20260430_EOD_ParCouponCurve_SOFR.csv
2026-04-30,SOFR18M,2026-05-04,2027-11-08,3.7276818302,SOFRON Actual/360,raw/free_supplement/Eris_20260430_EOD_ParCouponCurve_SOFR.csv
2026-04-30,SOFR2Y,2026-05-04,2028-05-08,3.7152735527,SOFRON Actual/360,raw/free_supplement/Eris_20260430_EOD_ParCouponCurve_SOFR.csv
2026-04-30,SOFR3Y,2026-05-04,2029-05-08,3.6846203803,SOFRON Actual/360,raw/free_supplement/Eris_20260430_EOD_ParCouponCurve_SOFR.csv
2026-04-30,SOFR4Y,2026-05-04,2030-05-08,3.6908148895,SOFRON Actual/360,raw/free_supplement/Eris_20260430_EOD_ParCouponCurve_SOFR.csv
2026-04-30,SOFR5Y,2026-05-04,2031-05-07,3.7187131145,SOFRON Actual/360,raw/free_supplement/Eris_20260430_EOD_ParCouponCurve_SOFR.csv
2026-04-30,SOFR6Y,2026-05-04,2032-05-06,3.7627113179,SOFRON Actual/360,raw/free_supplement/Eris_20260430_EOD_ParCouponCurve_SOFR.csv
2026-04-30,SOFR7Y,2026-05-04,2033-05-06,3.8120322977,SOFRON Actual/360,raw/free_supplement/Eris_20260430_EOD_ParCouponCurve_SOFR.csv
2026-04-30,SOFR8Y,2026-05-04,2034-05-08,3.8593652679,SOFRON Actual/360,raw/free_supplement/Eris_20260430_EOD_ParCouponCurve_SOFR.csv
2026-04-30,SOFR9Y,2026-05-04,2035-05-08,3.9047846167,SOFRON Actual/360,raw/free_supplement/Eris_20260430_EOD_ParCouponCurve_SOFR.csv
2026-04-30,SOFR10Y,2026-05-04,2036-05-07,3.949907664,SOFRON Actual/360,raw/free_supplement/Eris_20260430_EOD_ParCouponCurve_SOFR.csv
2026-04-30,SOFR12Y,2026-05-04,2038-05-06,4.0377442669,SOFRON Actual/360,raw/free_supplement/Eris_20260430_EOD_ParCouponCurve_SOFR.csv
2026-04-30,SOFR15Y,2026-05-04,2041-05-08,4.1465370589,SOFRON Actual/360,raw/free_supplement/Eris_20260430_EOD_ParCouponCurve_SOFR.csv
2026-04-30,SOFR20Y,2026-05-04,2046-05-08,4.2359020501,SOFRON Actual/360,raw/free_supplement/Eris_20260430_EOD_ParCouponCurve_SOFR.csv
2026-04-30,SOFR25Y,2026-05-04,2051-05-08,4.2408580138,SOFRON Actual/360,raw/free_supplement/Eris_20260430_EOD_ParCouponCurve_SOFR.csv
2026-04-30,SOFR30Y,2026-05-04,2056-05-08,4.2070111955,SOFRON Actual/360,raw/free_supplement/Eris_20260430_EOD_ParCouponCurve_SOFR.csv
2026-04-30,SOFR40Y,2026-05-04,2066-05-06,4.0966631969,SOFRON Actual/360,raw/free_supplement/Eris_20260430_EOD_ParCouponCurve_SOFR.csv
2026-04-30,SOFR50Y,2026-05-04,2076-05-06,3.9815827058,SOFRON Actual/360,raw/free_supplement/Eris_20260430_EOD_ParCouponCurve_SOFR.csv
2026-05-05,SOFR1D,2026-05-07,2026-05-12,3.6361086755,SOFRON Actual/360,raw/free_supplement/Eris_20260505_EOD_ParCouponCurve_SOFR.csv
2026-05-05,SOFR1W,2026-05-07,2026-05-18,3.6370114106,SOFRON Actual/360,raw/free_supplement/Eris_20260505_EOD_ParCouponCurve_SOFR.csv
2026-05-05,SOFR1M,2026-05-07,2026-06-10,3.638986828,SOFRON Actual/360,raw/free_supplement/Eris_20260505_EOD_ParCouponCurve_SOFR.csv
2026-05-05,SOFR3M,2026-05-07,2026-08-11,3.6453834309,SOFRON Actual/360,raw/free_supplement/Eris_20260505_EOD_ParCouponCurve_SOFR.csv
2026-05-05,SOFR6M,2026-05-07,2026-11-12,3.6701460444,SOFRON Actual/360,raw/free_supplement/Eris_20260505_EOD_ParCouponCurve_SOFR.csv
2026-05-05,SOFR9M,2026-05-07,2027-02-10,3.7164353657,SOFRON Actual/360,raw/free_supplement/Eris_20260505_EOD_ParCouponCurve_SOFR.csv
2026-05-05,SOFR12M,2026-05-07,2027-05-11,3.7664105516,SOFRON Actual/360,raw/free_supplement/Eris_20260505_EOD_ParCouponCurve_SOFR.csv
2026-05-05,SOFR18M,2026-05-07,2027-11-10,3.7823133682,SOFRON Actual/360,raw/free_supplement/Eris_20260505_EOD_ParCouponCurve_SOFR.csv
2026-05-05,SOFR2Y,2026-05-07,2028-05-10,3.7754478482,SOFRON Actual/360,raw/free_supplement/Eris_20260505_EOD_ParCouponCurve_SOFR.csv
2026-05-05,SOFR3Y,2026-05-07,2029-05-09,3.7456589399,SOFRON Actual/360,raw/free_supplement/Eris_20260505_EOD_ParCouponCurve_SOFR.csv
2026-05-05,SOFR4Y,2026-05-07,2030-05-09,3.7506228851,SOFRON Actual/360,raw/free_supplement/Eris_20260505_EOD_ParCouponCurve_SOFR.csv
2026-05-05,SOFR5Y,2026-05-07,2031-05-09,3.7778954207,SOFRON Actual/360,raw/free_supplement/Eris_20260505_EOD_ParCouponCurve_SOFR.csv
2026-05-05,SOFR6Y,2026-05-07,2032-05-11,3.8197839612,SOFRON Actual/360,raw/free_supplement/Eris_20260505_EOD_ParCouponCurve_SOFR.csv
2026-05-05,SOFR7Y,2026-05-07,2033-05-11,3.8660980424,SOFRON Actual/360,raw/free_supplement/Eris_20260505_EOD_ParCouponCurve_SOFR.csv
2026-05-05,SOFR8Y,2026-05-07,2034-05-10,3.9105978175,SOFRON Actual/360,raw/free_supplement/Eris_20260505_EOD_ParCouponCurve_SOFR.csv
2026-05-05,SOFR9Y,2026-05-07,2035-05-09,3.9534524626,SOFRON Actual/360,raw/free_supplement/Eris_20260505_EOD_ParCouponCurve_SOFR.csv
2026-05-05,SOFR10Y,2026-05-07,2036-05-09,3.9955902932,SOFRON Actual/360,raw/free_supplement/Eris_20260505_EOD_ParCouponCurve_SOFR.csv
2026-05-05,SOFR12Y,2026-05-07,2038-05-11,4.0768463031,SOFRON Actual/360,raw/free_supplement/Eris_20260505_EOD_ParCouponCurve_SOFR.csv
2026-05-05,SOFR15Y,2026-05-07,2041-05-09,4.1798812061,SOFRON Actual/360,raw/free_supplement/Eris_20260505_EOD_ParCouponCurve_SOFR.csv
2026-05-05,SOFR20Y,2026-05-07,2046-05-09,4.2634393306,SOFRON Actual/360,raw/free_supplement/Eris_20260505_EOD_ParCouponCurve_SOFR.csv
2026-05-05,SOFR25Y,2026-05-07,2051-05-10,4.2627997589,SOFRON Actual/360,raw/free_supplement/Eris_20260505_EOD_ParCouponCurve_SOFR.csv
2026-05-05,SOFR30Y,2026-05-07,2056-05-10,4.2259064198,SOFRON Actual/360,raw/free_supplement/Eris_20260505_EOD_ParCouponCurve_SOFR.csv
2026-05-05,SOFR40Y,2026-05-07,2066-05-11,4.1139094587,SOFRON Actual/360,raw/free_supplement/Eris_20260505_EOD_ParCouponCurve_SOFR.csv
2026-05-05,SOFR50Y,2026-05-07,2076-05-11,4.0007986892,SOFRON Actual/360,raw/free_supplement/Eris_20260505_EOD_ParCouponCurve_SOFR.csv
2026-05-06,SOFR1D,2026-05-08,2026-05-13,3.6317224301,SOFRON Actual/360,raw/free_supplement/Eris_20260506_EOD_ParCouponCurve_SOFR.csv
2026-05-06,SOFR1W,2026-05-08,2026-05-19,3.6325199429,SOFRON Actual/360,raw/free_supplement/Eris_20260506_EOD_ParCouponCurve_SOFR.csv
2026-05-06,SOFR1M,2026-05-08,2026-06-10,3.6379286702,SOFRON Actual/360,raw/free_supplement/Eris_20260506_EOD_ParCouponCurve_SOFR.csv
2026-05-06,SOFR3M,2026-05-08,2026-08-12,3.645871248,SOFRON Actual/360,raw/free_supplement/Eris_20260506_EOD_ParCouponCurve_SOFR.csv
2026-05-06,SOFR6M,2026-05-08,2026-11-12,3.6593524469,SOFRON Actual/360,raw/free_supplement/Eris_20260506_EOD_ParCouponCurve_SOFR.csv
2026-05-06,SOFR9M,2026-05-08,2027-02-10,3.6905856945,SOFRON Actual/360,raw/free_supplement/Eris_20260506_EOD_ParCouponCurve_SOFR.csv
2026-05-06,SOFR12M,2026-05-08,2027-05-12,3.7269126356,SOFRON Actual/360,raw/free_supplement/Eris_20260506_EOD_ParCouponCurve_SOFR.csv
2026-05-06,SOFR18M,2026-05-08,2027-11-10,3.7212155145,SOFRON Actual/360,raw/free_supplement/Eris_20260506_EOD_ParCouponCurve_SOFR.csv
2026-05-06,SOFR2Y,2026-05-08,2028-05-10,3.711485884,SOFRON Actual/360,raw/free_supplement/Eris_20260506_EOD_ParCouponCurve_SOFR.csv
2026-05-06,SOFR3Y,2026-05-08,2029-05-10,3.6843000172,SOFRON Actual/360,raw/free_supplement/Eris_20260506_EOD_ParCouponCurve_SOFR.csv
2026-05-06,SOFR4Y,2026-05-08,2030-05-10,3.6916817908,SOFRON Actual/360,raw/free_supplement/Eris_20260506_EOD_ParCouponCurve_SOFR.csv
2026-05-06,SOFR5Y,2026-05-08,2031-05-12,3.7228242468,SOFRON Actual/360,raw/free_supplement/Eris_20260506_EOD_ParCouponCurve_SOFR.csv
2026-05-06,SOFR6Y,2026-05-08,2032-05-12,3.7680761243,SOFRON Actual/360,raw/free_supplement/Eris_20260506_EOD_ParCouponCurve_SOFR.csv
2026-05-06,SOFR7Y,2026-05-08,2033-05-11,3.816097051,SOFRON Actual/360,raw/free_supplement/Eris_20260506_EOD_ParCouponCurve_SOFR.csv
2026-05-06,SOFR8Y,2026-05-08,2034-05-10,3.8625363772,SOFRON Actual/360,raw/free_supplement/Eris_20260506_EOD_ParCouponCurve_SOFR.csv
2026-05-06,SOFR9Y,2026-05-08,2035-05-10,3.9075026576,SOFRON Actual/360,raw/free_supplement/Eris_20260506_EOD_ParCouponCurve_SOFR.csv
2026-05-06,SOFR10Y,2026-05-08,2036-05-12,3.9517706924,SOFRON Actual/360,raw/free_supplement/Eris_20260506_EOD_ParCouponCurve_SOFR.csv
2026-05-06,SOFR12Y,2026-05-08,2038-05-12,4.037731899,SOFRON Actual/360,raw/free_supplement/Eris_20260506_EOD_ParCouponCurve_SOFR.csv
2026-05-06,SOFR15Y,2026-05-08,2041-05-10,4.1449066393,SOFRON Actual/360,raw/free_supplement/Eris_20260506_EOD_ParCouponCurve_SOFR.csv
2026-05-06,SOFR20Y,2026-05-08,2046-05-10,4.2351083617,SOFRON Actual/360,raw/free_supplement/Eris_20260506_EOD_ParCouponCurve_SOFR.csv
2026-05-06,SOFR25Y,2026-05-08,2051-05-10,4.2416130038,SOFRON Actual/360,raw/free_supplement/Eris_20260506_EOD_ParCouponCurve_SOFR.csv
2026-05-06,SOFR30Y,2026-05-08,2056-05-10,4.2105949767,SOFRON Actual/360,raw/free_supplement/Eris_20260506_EOD_ParCouponCurve_SOFR.csv
2026-05-06,SOFR40Y,2026-05-08,2066-05-12,4.0985217352,SOFRON Actual/360,raw/free_supplement/Eris_20260506_EOD_ParCouponCurve_SOFR.csv
2026-05-06,SOFR50Y,2026-05-08,2076-05-12,3.9812974307,SOFRON Actual/360,raw/free_supplement/Eris_20260506_EOD_ParCouponCurve_SOFR.csv
2026-05-08,SOFR1D,2026-05-12,2026-05-15,3.6258974039,SOFRON Actual/360,raw/free_supplement/Eris_20260508_EOD_ParCouponCurve_SOFR.csv
2026-05-08,SOFR1W,2026-05-12,2026-05-21,3.6266821992,SOFRON Actual/360,raw/free_supplement/Eris_20260508_EOD_ParCouponCurve_SOFR.csv
2026-05-08,SOFR1M,2026-05-12,2026-06-16,3.628262763,SOFRON Actual/360,raw/free_supplement/Eris_20260508_EOD_ParCouponCurve_SOFR.csv
2026-05-08,SOFR3M,2026-05-12,2026-08-14,3.6384746938,SOFRON Actual/360,raw/free_supplement/Eris_20260508_EOD_ParCouponCurve_SOFR.csv
2026-05-08,SOFR6M,2026-05-12,2026-11-16,3.6606774941,SOFRON Actual/360,raw/free_supplement/Eris_20260508_EOD_ParCouponCurve_SOFR.csv
2026-05-08,SOFR9M,2026-05-12,2027-02-17,3.6931175478,SOFRON Actual/360,raw/free_supplement/Eris_20260508_EOD_ParCouponCurve_SOFR.csv
2026-05-08,SOFR12M,2026-05-12,2027-05-14,3.7269301474,SOFRON Actual/360,raw/free_supplement/Eris_20260508_EOD_ParCouponCurve_SOFR.csv
2026-05-08,SOFR18M,2026-05-12,2027-11-16,3.7295475036,SOFRON Actual/360,raw/free_supplement/Eris_20260508_EOD_ParCouponCurve_SOFR.csv
2026-05-08,SOFR2Y,2026-05-12,2028-05-16,3.7278423018,SOFRON Actual/360,raw/free_supplement/Eris_20260508_EOD_ParCouponCurve_SOFR.csv
2026-05-08,SOFR3Y,2026-05-12,2029-05-16,3.7059093193,SOFRON Actual/360,raw/free_supplement/Eris_20260508_EOD_ParCouponCurve_SOFR.csv
2026-05-08,SOFR4Y,2026-05-12,2030-05-15,3.709507702,SOFRON Actual/360,raw/free_supplement/Eris_20260508_EOD_ParCouponCurve_SOFR.csv
2026-05-08,SOFR5Y,2026-05-12,2031-05-14,3.7365623124,SOFRON Actual/360,raw/free_supplement/Eris_20260508_EOD_ParCouponCurve_SOFR.csv
2026-05-08,SOFR6Y,2026-05-12,2032-05-14,3.7808763858,SOFRON Actual/360,raw/free_supplement/Eris_20260508_EOD_ParCouponCurve_SOFR.csv
2026-05-08,SOFR7Y,2026-05-12,2033-05-16,3.8302621785,SOFRON Actual/360,raw/free_supplement/Eris_20260508_EOD_ParCouponCurve_SOFR.csv
2026-05-08,SOFR8Y,2026-05-12,2034-05-16,3.8779287198,SOFRON Actual/360,raw/free_supplement/Eris_20260508_EOD_ParCouponCurve_SOFR.csv
2026-05-08,SOFR9Y,2026-05-12,2035-05-16,3.9238718522,SOFRON Actual/360,raw/free_supplement/Eris_20260508_EOD_ParCouponCurve_SOFR.csv
2026-05-08,SOFR10Y,2026-05-12,2036-05-14,3.9682166695,SOFRON Actual/360,raw/free_supplement/Eris_20260508_EOD_ParCouponCurve_SOFR.csv
2026-05-08,SOFR12Y,2026-05-12,2038-05-14,4.0540652638,SOFRON Actual/360,raw/free_supplement/Eris_20260508_EOD_ParCouponCurve_SOFR.csv
2026-05-08,SOFR15Y,2026-05-12,2041-05-15,4.1624099655,SOFRON Actual/360,raw/free_supplement/Eris_20260508_EOD_ParCouponCurve_SOFR.csv
2026-05-08,SOFR20Y,2026-05-12,2046-05-16,4.2549432858,SOFRON Actual/360,raw/free_supplement/Eris_20260508_EOD_ParCouponCurve_SOFR.csv
2026-05-08,SOFR25Y,2026-05-12,2051-05-16,4.2626821609,SOFRON Actual/360,raw/free_supplement/Eris_20260508_EOD_ParCouponCurve_SOFR.csv
2026-05-08,SOFR30Y,2026-05-12,2056-05-16,4.2323928421,SOFRON Actual/360,raw/free_supplement/Eris_20260508_EOD_ParCouponCurve_SOFR.csv
2026-05-08,SOFR40Y,2026-05-12,2066-05-14,4.1216927306,SOFRON Actual/360,raw/free_supplement/Eris_20260508_EOD_ParCouponCurve_SOFR.csv
2026-05-08,SOFR50Y,2026-05-12,2076-05-14,4.0015389818,SOFRON Actual/360,raw/free_supplement/Eris_20260508_EOD_ParCouponCurve_SOFR.csv
2026-05-11,SOFR1D,2026-05-13,2026-05-18,3.6204648705,SOFRON Actual/360,raw/free_supplement/Eris_20260511_EOD_ParCouponCurve_SOFR.csv
2026-05-11,SOFR1W,2026-05-13,2026-05-22,3.6223479738,SOFRON Actual/360,raw/free_supplement/Eris_20260511_EOD_ParCouponCurve_SOFR.csv
2026-05-11,SOFR1M,2026-05-13,2026-06-17,3.6364515251,SOFRON Actual/360,raw/free_supplement/Eris_20260511_EOD_ParCouponCurve_SOFR.csv
2026-05-11,SOFR3M,2026-05-13,2026-08-17,3.6538406431,SOFRON Actual/360,raw/free_supplement/Eris_20260511_EOD_ParCouponCurve_SOFR.csv
2026-05-11,SOFR6M,2026-05-13,2026-11-17,3.6825556654,SOFRON Actual/360,raw/free_supplement/Eris_20260511_EOD_ParCouponCurve_SOFR.csv
2026-05-11,SOFR9M,2026-05-13,2027-02-18,3.7251280022,SOFRON Actual/360,raw/free_supplement/Eris_20260511_EOD_ParCouponCurve_SOFR.csv
2026-05-11,SOFR12M,2026-05-13,2027-05-17,3.7647529026,SOFRON Actual/360,raw/free_supplement/Eris_20260511_EOD_ParCouponCurve_SOFR.csv
2026-05-11,SOFR18M,2026-05-13,2027-11-17,3.7762773386,SOFRON Actual/360,raw/free_supplement/Eris_20260511_EOD_ParCouponCurve_SOFR.csv
2026-05-11,SOFR2Y,2026-05-13,2028-05-17,3.7796683357,SOFRON Actual/360,raw/free_supplement/Eris_20260511_EOD_ParCouponCurve_SOFR.csv
2026-05-11,SOFR3Y,2026-05-13,2029-05-16,3.7597963121,SOFRON Actual/360,raw/free_supplement/Eris_20260511_EOD_ParCouponCurve_SOFR.csv
2026-05-11,SOFR4Y,2026-05-13,2030-05-15,3.7633892121,SOFRON Actual/360,raw/free_supplement/Eris_20260511_EOD_ParCouponCurve_SOFR.csv
2026-05-11,SOFR5Y,2026-05-13,2031-05-15,3.7878094898,SOFRON Actual/360,raw/free_supplement/Eris_20260511_EOD_ParCouponCurve_SOFR.csv
2026-05-11,SOFR6Y,2026-05-13,2032-05-17,3.828733869,SOFRON Actual/360,raw/free_supplement/Eris_20260511_EOD_ParCouponCurve_SOFR.csv
2026-05-11,SOFR7Y,2026-05-13,2033-05-17,3.8757978828,SOFRON Actual/360,raw/free_supplement/Eris_20260511_EOD_ParCouponCurve_SOFR.csv
2026-05-11,SOFR8Y,2026-05-13,2034-05-17,3.9230242844,SOFRON Actual/360,raw/free_supplement/Eris_20260511_EOD_ParCouponCurve_SOFR.csv
2026-05-11,SOFR9Y,2026-05-13,2035-05-16,3.9683943305,SOFRON Actual/360,raw/free_supplement/Eris_20260511_EOD_ParCouponCurve_SOFR.csv
2026-05-11,SOFR10Y,2026-05-13,2036-05-15,4.0124779616,SOFRON Actual/360,raw/free_supplement/Eris_20260511_EOD_ParCouponCurve_SOFR.csv
2026-05-11,SOFR12Y,2026-05-13,2038-05-17,4.0960410181,SOFRON Actual/360,raw/free_supplement/Eris_20260511_EOD_ParCouponCurve_SOFR.csv
2026-05-11,SOFR15Y,2026-05-13,2041-05-15,4.2022013007,SOFRON Actual/360,raw/free_supplement/Eris_20260511_EOD_ParCouponCurve_SOFR.csv
2026-05-11,SOFR20Y,2026-05-13,2046-05-16,4.2918430598,SOFRON Actual/360,raw/free_supplement/Eris_20260511_EOD_ParCouponCurve_SOFR.csv
2026-05-11,SOFR25Y,2026-05-13,2051-05-17,4.2981923151,SOFRON Actual/360,raw/free_supplement/Eris_20260511_EOD_ParCouponCurve_SOFR.csv
2026-05-11,SOFR30Y,2026-05-13,2056-05-17,4.2663048517,SOFRON Actual/360,raw/free_supplement/Eris_20260511_EOD_ParCouponCurve_SOFR.csv
2026-05-11,SOFR40Y,2026-05-13,2066-05-17,4.1561567349,SOFRON Actual/360,raw/free_supplement/Eris_20260511_EOD_ParCouponCurve_SOFR.csv
2026-05-11,SOFR50Y,2026-05-13,2076-05-15,4.0412305817,SOFRON Actual/360,raw/free_supplement/Eris_20260511_EOD_ParCouponCurve_SOFR.csv
2026-05-13,SOFR1D,2026-05-15,2026-05-20,3.6217652704,SOFRON Actual/360,raw/free_supplement/Eris_20260513_EOD_ParCouponCurve_SOFR.csv
2026-05-13,SOFR1W,2026-05-15,2026-05-27,3.6227976428,SOFRON Actual/360,raw/free_supplement/Eris_20260513_EOD_ParCouponCurve_SOFR.csv
2026-05-13,SOFR1M,2026-05-15,2026-06-17,3.6313577906,SOFRON Actual/360,raw/free_supplement/Eris_20260513_EOD_ParCouponCurve_SOFR.csv
2026-05-13,SOFR3M,2026-05-15,2026-08-19,3.6507192269,SOFRON Actual/360,raw/free_supplement/Eris_20260513_EOD_ParCouponCurve_SOFR.csv
2026-05-13,SOFR6M,2026-05-15,2026-11-18,3.6882035748,SOFRON Actual/360,raw/free_supplement/Eris_20260513_EOD_ParCouponCurve_SOFR.csv
2026-05-13,SOFR9M,2026-05-15,2027-02-18,3.7395286284,SOFRON Actual/360,raw/free_supplement/Eris_20260513_EOD_ParCouponCurve_SOFR.csv
2026-05-13,SOFR12M,2026-05-15,2027-05-19,3.7910261337,SOFRON Actual/360,raw/free_supplement/Eris_20260513_EOD_ParCouponCurve_SOFR.csv
2026-05-13,SOFR18M,2026-05-15,2027-11-17,3.8186512129,SOFRON Actual/360,raw/free_supplement/Eris_20260513_EOD_ParCouponCurve_SOFR.csv
2026-05-13,SOFR2Y,2026-05-15,2028-05-17,3.8284404689,SOFRON Actual/360,raw/free_supplement/Eris_20260513_EOD_ParCouponCurve_SOFR.csv
2026-05-13,SOFR3Y,2026-05-15,2029-05-17,3.8166260814,SOFRON Actual/360,raw/free_supplement/Eris_20260513_EOD_ParCouponCurve_SOFR.csv
2026-05-13,SOFR4Y,2026-05-15,2030-05-17,3.8212200773,SOFRON Actual/360,raw/free_supplement/Eris_20260513_EOD_ParCouponCurve_SOFR.csv
2026-05-13,SOFR5Y,2026-05-15,2031-05-19,3.8453681024,SOFRON Actual/360,raw/free_supplement/Eris_20260513_EOD_ParCouponCurve_SOFR.csv
2026-05-13,SOFR6Y,2026-05-15,2032-05-19,3.8863794927,SOFRON Actual/360,raw/free_supplement/Eris_20260513_EOD_ParCouponCurve_SOFR.csv
2026-05-13,SOFR7Y,2026-05-15,2033-05-18,3.9323455927,SOFRON Actual/360,raw/free_supplement/Eris_20260513_EOD_ParCouponCurve_SOFR.csv
2026-05-13,SOFR8Y,2026-05-15,2034-05-17,3.9772476233,SOFRON Actual/360,raw/free_supplement/Eris_20260513_EOD_ParCouponCurve_SOFR.csv
2026-05-13,SOFR9Y,2026-05-15,2035-05-17,4.0206881105,SOFRON Actual/360,raw/free_supplement/Eris_20260513_EOD_ParCouponCurve_SOFR.csv
2026-05-13,SOFR10Y,2026-05-15,2036-05-19,4.0632149985,SOFRON Actual/360,raw/free_supplement/Eris_20260513_EOD_ParCouponCurve_SOFR.csv
2026-05-13,SOFR12Y,2026-05-15,2038-05-19,4.1453480095,SOFRON Actual/360,raw/free_supplement/Eris_20260513_EOD_ParCouponCurve_SOFR.csv
2026-05-13,SOFR15Y,2026-05-15,2041-05-17,4.2496168583,SOFRON Actual/360,raw/free_supplement/Eris_20260513_EOD_ParCouponCurve_SOFR.csv
2026-05-13,SOFR20Y,2026-05-15,2046-05-17,4.337504019,SOFRON Actual/360,raw/free_supplement/Eris_20260513_EOD_ParCouponCurve_SOFR.csv
2026-05-13,SOFR25Y,2026-05-15,2051-05-17,4.3420040065,SOFRON Actual/360,raw/free_supplement/Eris_20260513_EOD_ParCouponCurve_SOFR.csv
2026-05-13,SOFR30Y,2026-05-15,2056-05-17,4.3085559101,SOFRON Actual/360,raw/free_supplement/Eris_20260513_EOD_ParCouponCurve_SOFR.csv
2026-05-13,SOFR40Y,2026-05-15,2066-05-19,4.1969177143,SOFRON Actual/360,raw/free_supplement/Eris_20260513_EOD_ParCouponCurve_SOFR.csv
2026-05-13,SOFR50Y,2026-05-15,2076-05-19,4.0791232995,SOFRON Actual/360,raw/free_supplement/Eris_20260513_EOD_ParCouponCurve_SOFR.csv
2026-05-19,SOFR1D,2026-05-21,2026-05-27,3.547282438,SOFRON Actual/360,raw/free_supplement/Eris_20260519_EOD_ParCouponCurve_SOFR.csv
2026-05-19,SOFR1W,2026-05-21,2026-06-01,3.5515519418,SOFRON Actual/360,raw/free_supplement/Eris_20260519_EOD_ParCouponCurve_SOFR.csv
2026-05-19,SOFR1M,2026-05-21,2026-06-24,3.5825588162,SOFRON Actual/360,raw/free_supplement/Eris_20260519_EOD_ParCouponCurve_SOFR.csv
2026-05-19,SOFR3M,2026-05-21,2026-08-25,3.6339936006,SOFRON Actual/360,raw/free_supplement/Eris_20260519_EOD_ParCouponCurve_SOFR.csv
2026-05-19,SOFR6M,2026-05-21,2026-11-25,3.7086895576,SOFRON Actual/360,raw/free_supplement/Eris_20260519_EOD_ParCouponCurve_SOFR.csv
2026-05-19,SOFR9M,2026-05-21,2027-02-24,3.7911528486,SOFRON Actual/360,raw/free_supplement/Eris_20260519_EOD_ParCouponCurve_SOFR.csv
2026-05-19,SOFR12M,2026-05-21,2027-05-25,3.8691529392,SOFRON Actual/360,raw/free_supplement/Eris_20260519_EOD_ParCouponCurve_SOFR.csv
2026-05-19,SOFR18M,2026-05-21,2027-11-24,3.9384419182,SOFRON Actual/360,raw/free_supplement/Eris_20260519_EOD_ParCouponCurve_SOFR.csv
2026-05-19,SOFR2Y,2026-05-21,2028-05-24,3.9766242893,SOFRON Actual/360,raw/free_supplement/Eris_20260519_EOD_ParCouponCurve_SOFR.csv
2026-05-19,SOFR3Y,2026-05-21,2029-05-23,3.9965709502,SOFRON Actual/360,raw/free_supplement/Eris_20260519_EOD_ParCouponCurve_SOFR.csv
2026-05-19,SOFR4Y,2026-05-21,2030-05-23,4.0177592642,SOFRON Actual/360,raw/free_supplement/Eris_20260519_EOD_ParCouponCurve_SOFR.csv
2026-05-19,SOFR5Y,2026-05-21,2031-05-23,4.049122681,SOFRON Actual/360,raw/free_supplement/Eris_20260519_EOD_ParCouponCurve_SOFR.csv
2026-05-19,SOFR6Y,2026-05-21,2032-05-25,4.0881581184,SOFRON Actual/360,raw/free_supplement/Eris_20260519_EOD_ParCouponCurve_SOFR.csv
2026-05-19,SOFR7Y,2026-05-21,2033-05-25,4.129726822,SOFRON Actual/360,raw/free_supplement/Eris_20260519_EOD_ParCouponCurve_SOFR.csv
2026-05-19,SOFR8Y,2026-05-21,2034-05-24,4.1704592531,SOFRON Actual/360,raw/free_supplement/Eris_20260519_EOD_ParCouponCurve_SOFR.csv
2026-05-19,SOFR9Y,2026-05-21,2035-05-23,4.2099797219,SOFRON Actual/360,raw/free_supplement/Eris_20260519_EOD_ParCouponCurve_SOFR.csv
2026-05-19,SOFR10Y,2026-05-21,2036-05-23,4.2482555397,SOFRON Actual/360,raw/free_supplement/Eris_20260519_EOD_ParCouponCurve_SOFR.csv
2026-05-19,SOFR12Y,2026-05-21,2038-05-25,4.320075783,SOFRON Actual/360,raw/free_supplement/Eris_20260519_EOD_ParCouponCurve_SOFR.csv
2026-05-19,SOFR15Y,2026-05-21,2041-05-23,4.4124524387,SOFRON Actual/360,raw/free_supplement/Eris_20260519_EOD_ParCouponCurve_SOFR.csv
2026-05-19,SOFR20Y,2026-05-21,2046-05-23,4.4835375961,SOFRON Actual/360,raw/free_supplement/Eris_20260519_EOD_ParCouponCurve_SOFR.csv
2026-05-19,SOFR25Y,2026-05-21,2051-05-24,4.4773674908,SOFRON Actual/360,raw/free_supplement/Eris_20260519_EOD_ParCouponCurve_SOFR.csv
2026-05-19,SOFR30Y,2026-05-21,2056-05-24,4.43750855,SOFRON Actual/360,raw/free_supplement/Eris_20260519_EOD_ParCouponCurve_SOFR.csv
2026-05-19,SOFR40Y,2026-05-21,2066-05-25,4.32018079,SOFRON Actual/360,raw/free_supplement/Eris_20260519_EOD_ParCouponCurve_SOFR.csv
2026-05-19,SOFR50Y,2026-05-21,2076-05-26,4.1920475457,SOFRON Actual/360,raw/free_supplement/Eris_20260519_EOD_ParCouponCurve_SOFR.csv
2026-05-21,SOFR1D,2026-05-26,2026-05-29,3.5668816719,SOFRON Actual/360,raw/free_supplement/Eris_20260521_EOD_ParCouponCurve_SOFR.csv
2026-05-21,SOFR1W,2026-05-26,2026-06-04,3.5767285286,SOFRON Actual/360,raw/free_supplement/Eris_20260521_EOD_ParCouponCurve_SOFR.csv
2026-05-21,SOFR1M,2026-05-26,2026-06-30,3.6121708185,SOFRON Actual/360,raw/free_supplement/Eris_20260521_EOD_ParCouponCurve_SOFR.csv
2026-05-21,SOFR3M,2026-05-26,2026-08-28,3.6548139546,SOFRON Actual/360,raw/free_supplement/Eris_20260521_EOD_ParCouponCurve_SOFR.csv
2026-05-21,SOFR6M,2026-05-26,2026-12-01,3.7246049435,SOFRON Actual/360,raw/free_supplement/Eris_20260521_EOD_ParCouponCurve_SOFR.csv
2026-05-21,SOFR9M,2026-05-26,2027-03-02,3.8009778665,SOFRON Actual/360,raw/free_supplement/Eris_20260521_EOD_ParCouponCurve_SOFR.csv
2026-05-21,SOFR12M,2026-05-26,2027-05-28,3.8698504089,SOFRON Actual/360,raw/free_supplement/Eris_20260521_EOD_ParCouponCurve_SOFR.csv
2026-05-21,SOFR18M,2026-05-26,2027-11-30,3.9163324957,SOFRON Actual/360,raw/free_supplement/Eris_20260521_EOD_ParCouponCurve_SOFR.csv
2026-05-21,SOFR2Y,2026-05-26,2028-05-31,3.9399086383,SOFRON Actual/360,raw/free_supplement/Eris_20260521_EOD_ParCouponCurve_SOFR.csv
2026-05-21,SOFR3Y,2026-05-26,2029-05-31,3.9428572139,SOFRON Actual/360,raw/free_supplement/Eris_20260521_EOD_ParCouponCurve_SOFR.csv
2026-05-21,SOFR4Y,2026-05-26,2030-05-30,3.9551725266,SOFRON Actual/360,raw/free_supplement/Eris_20260521_EOD_ParCouponCurve_SOFR.csv
2026-05-21,SOFR5Y,2026-05-26,2031-05-29,3.9832167369,SOFRON Actual/360,raw/free_supplement/Eris_20260521_EOD_ParCouponCurve_SOFR.csv
2026-05-21,SOFR6Y,2026-05-26,2032-05-28,4.0212146628,SOFRON Actual/360,raw/free_supplement/Eris_20260521_EOD_ParCouponCurve_SOFR.csv
2026-05-21,SOFR7Y,2026-05-26,2033-05-31,4.0620379463,SOFRON Actual/360,raw/free_supplement/Eris_20260521_EOD_ParCouponCurve_SOFR.csv
2026-05-21,SOFR8Y,2026-05-26,2034-05-31,4.1023124489,SOFRON Actual/360,raw/free_supplement/Eris_20260521_EOD_ParCouponCurve_SOFR.csv
2026-05-21,SOFR9Y,2026-05-26,2035-05-31,4.1422687301,SOFRON Actual/360,raw/free_supplement/Eris_20260521_EOD_ParCouponCurve_SOFR.csv
2026-05-21,SOFR10Y,2026-05-26,2036-05-29,4.1812988307,SOFRON Actual/360,raw/free_supplement/Eris_20260521_EOD_ParCouponCurve_SOFR.csv
2026-05-21,SOFR12Y,2026-05-26,2038-05-28,4.2575503466,SOFRON Actual/360,raw/free_supplement/Eris_20260521_EOD_ParCouponCurve_SOFR.csv
2026-05-21,SOFR15Y,2026-05-26,2041-05-30,4.3538539747,SOFRON Actual/360,raw/free_supplement/Eris_20260521_EOD_ParCouponCurve_SOFR.csv
2026-05-21,SOFR20Y,2026-05-26,2046-05-31,4.4302207387,SOFRON Actual/360,raw/free_supplement/Eris_20260521_EOD_ParCouponCurve_SOFR.csv
2026-05-21,SOFR25Y,2026-05-26,2051-05-31,4.4257401419,SOFRON Actual/360,raw/free_supplement/Eris_20260521_EOD_ParCouponCurve_SOFR.csv
2026-05-21,SOFR30Y,2026-05-26,2056-05-31,4.3872046683,SOFRON Actual/360,raw/free_supplement/Eris_20260521_EOD_ParCouponCurve_SOFR.csv
2026-05-21,SOFR40Y,2026-05-26,2066-05-28,4.2728534936,SOFRON Actual/360,raw/free_supplement/Eris_20260521_EOD_ParCouponCurve_SOFR.csv
2026-05-21,SOFR50Y,2026-05-26,2076-05-28,4.1448023409,SOFRON Actual/360,raw/free_supplement/Eris_20260521_EOD_ParCouponCurve_SOFR.csv
2026-05-22,SOFR1D,2026-05-27,2026-06-01,3.5858982951,SOFRON Actual/360,raw/free_supplement/Eris_20260522_EOD_ParCouponCurve_SOFR.csv
2026-05-22,SOFR1W,2026-05-27,2026-06-05,3.5892095054,SOFRON Actual/360,raw/free_supplement/Eris_20260522_EOD_ParCouponCurve_SOFR.csv
2026-05-22,SOFR1M,2026-05-27,2026-07-01,3.6149995512,SOFRON Actual/360,raw/free_supplement/Eris_20260522_EOD_ParCouponCurve_SOFR.csv
2026-05-22,SOFR3M,2026-05-27,2026-08-31,3.6583683688,SOFRON Actual/360,raw/free_supplement/Eris_20260522_EOD_ParCouponCurve_SOFR.csv
2026-05-22,SOFR6M,2026-05-27,2026-12-01,3.7379334659,SOFRON Actual/360,raw/free_supplement/Eris_20260522_EOD_ParCouponCurve_SOFR.csv
2026-05-22,SOFR9M,2026-05-27,2027-03-02,3.8267876697,SOFRON Actual/360,raw/free_supplement/Eris_20260522_EOD_ParCouponCurve_SOFR.csv
2026-05-22,SOFR12M,2026-05-27,2027-06-01,3.9051434066,SOFRON Actual/360,raw/free_supplement/Eris_20260522_EOD_ParCouponCurve_SOFR.csv
2026-05-22,SOFR18M,2026-05-27,2027-12-01,3.9554751465,SOFRON Actual/360,raw/free_supplement/Eris_20260522_EOD_ParCouponCurve_SOFR.csv
2026-05-22,SOFR2Y,2026-05-27,2028-06-01,3.9745249568,SOFRON Actual/360,raw/free_supplement/Eris_20260522_EOD_ParCouponCurve_SOFR.csv
2026-05-22,SOFR3Y,2026-05-27,2029-05-31,3.96839723,SOFRON Actual/360,raw/free_supplement/Eris_20260522_EOD_ParCouponCurve_SOFR.csv
2026-05-22,SOFR4Y,2026-05-27,2030-05-30,3.9723462861,SOFRON Actual/360,raw/free_supplement/Eris_20260522_EOD_ParCouponCurve_SOFR.csv
2026-05-22,SOFR5Y,2026-05-27,2031-05-29,3.9908538358,SOFRON Actual/360,raw/free_supplement/Eris_20260522_EOD_ParCouponCurve_SOFR.csv
2026-05-22,SOFR6Y,2026-05-27,2032-06-01,4.0214938833,SOFRON Actual/360,raw/free_supplement/Eris_20260522_EOD_ParCouponCurve_SOFR.csv
2026-05-22,SOFR7Y,2026-05-27,2033-06-01,4.0570253287,SOFRON Actual/360,raw/free_supplement/Eris_20260522_EOD_ParCouponCurve_SOFR.csv
2026-05-22,SOFR8Y,2026-05-27,2034-06-01,4.0937768196,SOFRON Actual/360,raw/free_supplement/Eris_20260522_EOD_ParCouponCurve_SOFR.csv
2026-05-22,SOFR9Y,2026-05-27,2035-05-31,4.1302133126,SOFRON Actual/360,raw/free_supplement/Eris_20260522_EOD_ParCouponCurve_SOFR.csv
2026-05-22,SOFR10Y,2026-05-27,2036-05-29,4.1669044434,SOFRON Actual/360,raw/free_supplement/Eris_20260522_EOD_ParCouponCurve_SOFR.csv
2026-05-22,SOFR12Y,2026-05-27,2038-06-01,4.239735264,SOFRON Actual/360,raw/free_supplement/Eris_20260522_EOD_ParCouponCurve_SOFR.csv
2026-05-22,SOFR15Y,2026-05-27,2041-05-30,4.3322475288,SOFRON Actual/360,raw/free_supplement/Eris_20260522_EOD_ParCouponCurve_SOFR.csv
2026-05-22,SOFR20Y,2026-05-27,2046-05-31,4.4068431958,SOFRON Actual/360,raw/free_supplement/Eris_20260522_EOD_ParCouponCurve_SOFR.csv
2026-05-22,SOFR25Y,2026-05-27,2051-06-01,4.4012004366,SOFRON Actual/360,raw/free_supplement/Eris_20260522_EOD_ParCouponCurve_SOFR.csv
2026-05-22,SOFR30Y,2026-05-27,2056-06-01,4.3622597343,SOFRON Actual/360,raw/free_supplement/Eris_20260522_EOD_ParCouponCurve_SOFR.csv
2026-05-22,SOFR40Y,2026-05-27,2066-06-01,4.2478629625,SOFRON Actual/360,raw/free_supplement/Eris_20260522_EOD_ParCouponCurve_SOFR.csv
2026-05-22,SOFR50Y,2026-05-27,2076-05-29,4.1180893762,SOFRON Actual/360,raw/free_supplement/Eris_20260522_EOD_ParCouponCurve_SOFR.csv
2026-05-26,SOFR1D,2026-05-28,2026-06-02,3.6143594246,SOFRON Actual/360,raw/free_supplement/Eris_20260526_EOD_ParCouponCurve_SOFR.csv
2026-05-26,SOFR1W,2026-05-28,2026-06-08,3.6153799111,SOFRON Actual/360,raw/free_supplement/Eris_20260526_EOD_ParCouponCurve_SOFR.csv
2026-05-26,SOFR1M,2026-05-28,2026-07-01,3.6199827075,SOFRON Actual/360,raw/free_supplement/Eris_20260526_EOD_ParCouponCurve_SOFR.csv
2026-05-26,SOFR3M,2026-05-28,2026-09-01,3.6578204899,SOFRON Actual/360,raw/free_supplement/Eris_20260526_EOD_ParCouponCurve_SOFR.csv
2026-05-26,SOFR6M,2026-05-28,2026-12-02,3.7205526957,SOFRON Actual/360,raw/free_supplement/Eris_20260526_EOD_ParCouponCurve_SOFR.csv
2026-05-26,SOFR9M,2026-05-28,2027-03-02,3.7877941339,SOFRON Actual/360,raw/free_supplement/Eris_20260526_EOD_ParCouponCurve_SOFR.csv
2026-05-26,SOFR12M,2026-05-28,2027-06-02,3.8530342021,SOFRON Actual/360,raw/free_supplement/Eris_20260526_EOD_ParCouponCurve_SOFR.csv
2026-05-26,SOFR18M,2026-05-28,2027-12-01,3.8877843829,SOFRON Actual/360,raw/free_supplement/Eris_20260526_EOD_ParCouponCurve_SOFR.csv
2026-05-26,SOFR2Y,2026-05-28,2028-06-01,3.9000944551,SOFRON Actual/360,raw/free_supplement/Eris_20260526_EOD_ParCouponCurve_SOFR.csv
2026-05-26,SOFR3Y,2026-05-28,2029-05-31,3.8911241036,SOFRON Actual/360,raw/free_supplement/Eris_20260526_EOD_ParCouponCurve_SOFR.csv
2026-05-26,SOFR4Y,2026-05-28,2030-05-30,3.8925560861,SOFRON Actual/360,raw/free_supplement/Eris_20260526_EOD_ParCouponCurve_SOFR.csv
2026-05-26,SOFR5Y,2026-05-28,2031-05-30,3.9096460524,SOFRON Actual/360,raw/free_supplement/Eris_20260526_EOD_ParCouponCurve_SOFR.csv
2026-05-26,SOFR6Y,2026-05-28,2032-06-02,3.9421582382,SOFRON Actual/360,raw/free_supplement/Eris_20260526_EOD_ParCouponCurve_SOFR.csv
2026-05-26,SOFR7Y,2026-05-28,2033-06-02,3.981031414,SOFRON Actual/360,raw/free_supplement/Eris_20260526_EOD_ParCouponCurve_SOFR.csv
2026-05-26,SOFR8Y,2026-05-28,2034-06-01,4.0197825324,SOFRON Actual/360,raw/free_supplement/Eris_20260526_EOD_ParCouponCurve_SOFR.csv
2026-05-26,SOFR9Y,2026-05-28,2035-05-31,4.0584728763,SOFRON Actual/360,raw/free_supplement/Eris_20260526_EOD_ParCouponCurve_SOFR.csv
2026-05-26,SOFR10Y,2026-05-28,2036-05-30,4.0975923895,SOFRON Actual/360,raw/free_supplement/Eris_20260526_EOD_ParCouponCurve_SOFR.csv
2026-05-26,SOFR12Y,2026-05-28,2038-06-02,4.175208857,SOFRON Actual/360,raw/free_supplement/Eris_20260526_EOD_ParCouponCurve_SOFR.csv
2026-05-26,SOFR15Y,2026-05-28,2041-05-30,4.2730461627,SOFRON Actual/360,raw/free_supplement/Eris_20260526_EOD_ParCouponCurve_SOFR.csv
2026-05-26,SOFR20Y,2026-05-28,2046-05-31,4.3542953179,SOFRON Actual/360,raw/free_supplement/Eris_20260526_EOD_ParCouponCurve_SOFR.csv
2026-05-26,SOFR25Y,2026-05-28,2051-06-01,4.3532566734,SOFRON Actual/360,raw/free_supplement/Eris_20260526_EOD_ParCouponCurve_SOFR.csv
2026-05-26,SOFR30Y,2026-05-28,2056-06-01,4.3185379375,SOFRON Actual/360,raw/free_supplement/Eris_20260526_EOD_ParCouponCurve_SOFR.csv
2026-05-26,SOFR40Y,2026-05-28,2066-06-02,4.2045695176,SOFRON Actual/360,raw/free_supplement/Eris_20260526_EOD_ParCouponCurve_SOFR.csv
2026-05-26,SOFR50Y,2026-05-28,2076-06-01,4.0778118199,SOFRON Actual/360,raw/free_supplement/Eris_20260526_EOD_ParCouponCurve_SOFR.csv
2026-05-27,SOFR1W,2026-05-29,2026-06-09,3.6166483532,SOFRON Actual/360,raw/free_supplement/Eris_20260527_EOD_ParCouponCurve_SOFR.csv
2026-05-27,SOFR1M,2026-05-29,2026-07-01,3.6157398397,SOFRON Actual/360,raw/free_supplement/Eris_20260527_EOD_ParCouponCurve_SOFR.csv
2026-05-27,SOFR3M,2026-05-29,2026-09-02,3.6556839848,SOFRON Actual/360,raw/free_supplement/Eris_20260527_EOD_ParCouponCurve_SOFR.csv
2026-05-27,SOFR6M,2026-05-29,2026-12-02,3.7126924676,SOFRON Actual/360,raw/free_supplement/Eris_20260527_EOD_ParCouponCurve_SOFR.csv
2026-05-27,SOFR9M,2026-05-29,2027-03-02,3.7731978569,SOFRON Actual/360,raw/free_supplement/Eris_20260527_EOD_ParCouponCurve_SOFR.csv
2026-05-27,SOFR12M,2026-05-29,2027-06-02,3.833033672,SOFRON Actual/360,raw/free_supplement/Eris_20260527_EOD_ParCouponCurve_SOFR.csv
2026-05-27,SOFR18M,2026-05-29,2027-12-01,3.8669792707,SOFRON Actual/360,raw/free_supplement/Eris_20260527_EOD_ParCouponCurve_SOFR.csv
2026-05-27,SOFR2Y,2026-05-29,2028-06-01,3.8836734098,SOFRON Actual/360,raw/free_supplement/Eris_20260527_EOD_ParCouponCurve_SOFR.csv
2026-05-27,SOFR3Y,2026-05-29,2029-05-31,3.8779296321,SOFRON Actual/360,raw/free_supplement/Eris_20260527_EOD_ParCouponCurve_SOFR.csv
2026-05-27,SOFR4Y,2026-05-29,2030-05-31,3.8816230146,SOFRON Actual/360,raw/free_supplement/Eris_20260527_EOD_ParCouponCurve_SOFR.csv
2026-05-27,SOFR5Y,2026-05-29,2031-06-02,3.9008197502,SOFRON Actual/360,raw/free_supplement/Eris_20260527_EOD_ParCouponCurve_SOFR.csv
2026-05-27,SOFR6Y,2026-05-29,2032-06-02,3.9321090157,SOFRON Actual/360,raw/free_supplement/Eris_20260527_EOD_ParCouponCurve_SOFR.csv
2026-05-27,SOFR7Y,2026-05-29,2033-06-02,3.9687648814,SOFRON Actual/360,raw/free_supplement/Eris_20260527_EOD_ParCouponCurve_SOFR.csv
2026-05-27,SOFR8Y,2026-05-29,2034-06-01,4.0059431149,SOFRON Actual/360,raw/free_supplement/Eris_20260527_EOD_ParCouponCurve_SOFR.csv
2026-05-27,SOFR9Y,2026-05-29,2035-05-31,4.0435535846,SOFRON Actual/360,raw/free_supplement/Eris_20260527_EOD_ParCouponCurve_SOFR.csv
2026-05-27,SOFR10Y,2026-05-29,2036-06-02,4.0818571444,SOFRON Actual/360,raw/free_supplement/Eris_20260527_EOD_ParCouponCurve_SOFR.csv
2026-05-27,SOFR12Y,2026-05-29,2038-06-02,4.1574310241,SOFRON Actual/360,raw/free_supplement/Eris_20260527_EOD_ParCouponCurve_SOFR.csv
2026-05-27,SOFR15Y,2026-05-29,2041-05-31,4.252883853,SOFRON Actual/360,raw/free_supplement/Eris_20260527_EOD_ParCouponCurve_SOFR.csv
2026-05-27,SOFR20Y,2026-05-29,2046-05-31,4.3317447737,SOFRON Actual/360,raw/free_supplement/Eris_20260527_EOD_ParCouponCurve_SOFR.csv
2026-05-27,SOFR25Y,2026-05-29,2051-06-01,4.3301540508,SOFRON Actual/360,raw/free_supplement/Eris_20260527_EOD_ParCouponCurve_SOFR.csv
2026-05-27,SOFR30Y,2026-05-29,2056-06-01,4.2951723599,SOFRON Actual/360,raw/free_supplement/Eris_20260527_EOD_ParCouponCurve_SOFR.csv
2026-05-27,SOFR40Y,2026-05-29,2066-06-02,4.1794114866,SOFRON Actual/360,raw/free_supplement/Eris_20260527_EOD_ParCouponCurve_SOFR.csv
2026-05-27,SOFR50Y,2026-05-29,2076-06-02,4.0518989605,SOFRON Actual/360,raw/free_supplement/Eris_20260527_EOD_ParCouponCurve_SOFR.csv
2026-05-28,SOFR1D,2026-06-01,2026-06-04,3.6116665039,SOFRON Actual/360,raw/free_supplement/Eris_20260528_EOD_ParCouponCurve_SOFR.csv
2026-05-28,SOFR1W,2026-06-01,2026-06-10,3.6130062533,SOFRON Actual/360,raw/free_supplement/Eris_20260528_EOD_ParCouponCurve_SOFR.csv
2026-05-28,SOFR1M,2026-06-01,2026-07-06,3.6200544457,SOFRON Actual/360,raw/free_supplement/Eris_20260528_EOD_ParCouponCurve_SOFR.csv
2026-05-28,SOFR3M,2026-06-01,2026-09-03,3.6552600127,SOFRON Actual/360,raw/free_supplement/Eris_20260528_EOD_ParCouponCurve_SOFR.csv
2026-05-28,SOFR6M,2026-06-01,2026-12-03,3.7145514513,SOFRON Actual/360,raw/free_supplement/Eris_20260528_EOD_ParCouponCurve_SOFR.csv
2026-05-28,SOFR9M,2026-06-01,2027-03-03,3.7764835094,SOFRON Actual/360,raw/free_supplement/Eris_20260528_EOD_ParCouponCurve_SOFR.csv
2026-05-28,SOFR12M,2026-06-01,2027-06-03,3.834022457,SOFRON Actual/360,raw/free_supplement/Eris_20260528_EOD_ParCouponCurve_SOFR.csv
2026-05-28,SOFR18M,2026-06-01,2027-12-03,3.8634886901,SOFRON Actual/360,raw/free_supplement/Eris_20260528_EOD_ParCouponCurve_SOFR.csv
2026-05-28,SOFR2Y,2026-06-01,2028-06-05,3.8785482518,SOFRON Actual/360,raw/free_supplement/Eris_20260528_EOD_ParCouponCurve_SOFR.csv
2026-05-28,SOFR3Y,2026-06-01,2029-06-05,3.8691374692,SOFRON Actual/360,raw/free_supplement/Eris_20260528_EOD_ParCouponCurve_SOFR.csv
2026-05-28,SOFR4Y,2026-06-01,2030-06-05,3.8688421968,SOFRON Actual/360,raw/free_supplement/Eris_20260528_EOD_ParCouponCurve_SOFR.csv
2026-05-28,SOFR5Y,2026-06-01,2031-06-04,3.8849736572,SOFRON Actual/360,raw/free_supplement/Eris_20260528_EOD_ParCouponCurve_SOFR.csv
2026-05-28,SOFR6Y,2026-06-01,2032-06-03,3.9142742291,SOFRON Actual/360,raw/free_supplement/Eris_20260528_EOD_ParCouponCurve_SOFR.csv
2026-05-28,SOFR7Y,2026-06-01,2033-06-03,3.9486182104,SOFRON Actual/360,raw/free_supplement/Eris_20260528_EOD_ParCouponCurve_SOFR.csv
2026-05-28,SOFR8Y,2026-06-01,2034-06-05,3.9833180573,SOFRON Actual/360,raw/free_supplement/Eris_20260528_EOD_ParCouponCurve_SOFR.csv
2026-05-28,SOFR9Y,2026-06-01,2035-06-05,4.018336532,SOFRON Actual/360,raw/free_supplement/Eris_20260528_EOD_ParCouponCurve_SOFR.csv
2026-05-28,SOFR10Y,2026-06-01,2036-06-04,4.054513996,SOFRON Actual/360,raw/free_supplement/Eris_20260528_EOD_ParCouponCurve_SOFR.csv
2026-05-28,SOFR12Y,2026-06-01,2038-06-03,4.127574743,SOFRON Actual/360,raw/free_supplement/Eris_20260528_EOD_ParCouponCurve_SOFR.csv
2026-05-28,SOFR15Y,2026-06-01,2041-06-05,4.2217507401,SOFRON Actual/360,raw/free_supplement/Eris_20260528_EOD_ParCouponCurve_SOFR.csv
2026-05-28,SOFR20Y,2026-06-01,2046-06-05,4.3006746679,SOFRON Actual/360,raw/free_supplement/Eris_20260528_EOD_ParCouponCurve_SOFR.csv
2026-05-28,SOFR25Y,2026-06-01,2051-06-05,4.3001142457,SOFRON Actual/360,raw/free_supplement/Eris_20260528_EOD_ParCouponCurve_SOFR.csv
2026-05-28,SOFR30Y,2026-06-01,2056-06-05,4.2649015404,SOFRON Actual/360,raw/free_supplement/Eris_20260528_EOD_ParCouponCurve_SOFR.csv
2026-05-28,SOFR40Y,2026-06-01,2066-06-03,4.1469171482,SOFRON Actual/360,raw/free_supplement/Eris_20260528_EOD_ParCouponCurve_SOFR.csv
2026-05-28,SOFR50Y,2026-06-01,2076-06-03,4.0169089617,SOFRON Actual/360,raw/free_supplement/Eris_20260528_EOD_ParCouponCurve_SOFR.csv
2026-05-29,SOFR1D,2026-06-02,2026-06-05,3.5942038607,SOFRON Actual/360,raw/free_supplement/Eris_20260529_EOD_ParCouponCurve_SOFR.csv
2026-05-29,SOFR1W,2026-06-02,2026-06-11,3.5976454387,SOFRON Actual/360,raw/free_supplement/Eris_20260529_EOD_ParCouponCurve_SOFR.csv
2026-05-29,SOFR1M,2026-06-02,2026-07-07,3.6193482893,SOFRON Actual/360,raw/free_supplement/Eris_20260529_EOD_ParCouponCurve_SOFR.csv
2026-05-29,SOFR3M,2026-06-02,2026-09-04,3.6540286405,SOFRON Actual/360,raw/free_supplement/Eris_20260529_EOD_ParCouponCurve_SOFR.csv
2026-05-29,SOFR6M,2026-06-02,2026-12-04,3.7045788516,SOFRON Actual/360,raw/free_supplement/Eris_20260529_EOD_ParCouponCurve_SOFR.csv
2026-05-29,SOFR9M,2026-06-02,2027-03-04,3.7666717905,SOFRON Actual/360,raw/free_supplement/Eris_20260529_EOD_ParCouponCurve_SOFR.csv
2026-05-29,SOFR12M,2026-06-02,2027-06-04,3.8266294636,SOFRON Actual/360,raw/free_supplement/Eris_20260529_EOD_ParCouponCurve_SOFR.csv
2026-05-29,SOFR18M,2026-06-02,2027-12-06,3.8561447217,SOFRON Actual/360,raw/free_supplement/Eris_20260529_EOD_ParCouponCurve_SOFR.csv
2026-05-29,SOFR2Y,2026-06-02,2028-06-06,3.8691750424,SOFRON Actual/360,raw/free_supplement/Eris_20260529_EOD_ParCouponCurve_SOFR.csv
2026-05-29,SOFR3Y,2026-06-02,2029-06-06,3.8584469894,SOFRON Actual/360,raw/free_supplement/Eris_20260529_EOD_ParCouponCurve_SOFR.csv
2026-05-29,SOFR4Y,2026-06-02,2030-06-05,3.8605474021,SOFRON Actual/360,raw/free_supplement/Eris_20260529_EOD_ParCouponCurve_SOFR.csv
2026-05-29,SOFR5Y,2026-06-02,2031-06-04,3.8781680617,SOFRON Actual/360,raw/free_supplement/Eris_20260529_EOD_ParCouponCurve_SOFR.csv
2026-05-29,SOFR6Y,2026-06-02,2032-06-04,3.9086729525,SOFRON Actual/360,raw/free_supplement/Eris_20260529_EOD_ParCouponCurve_SOFR.csv
2026-05-29,SOFR7Y,2026-06-02,2033-06-06,3.944475477,SOFRON Actual/360,raw/free_supplement/Eris_20260529_EOD_ParCouponCurve_SOFR.csv
2026-05-29,SOFR8Y,2026-06-02,2034-06-06,3.981424718,SOFRON Actual/360,raw/free_supplement/Eris_20260529_EOD_ParCouponCurve_SOFR.csv
2026-05-29,SOFR9Y,2026-06-02,2035-06-06,4.0191022091,SOFRON Actual/360,raw/free_supplement/Eris_20260529_EOD_ParCouponCurve_SOFR.csv
2026-05-29,SOFR10Y,2026-06-02,2036-06-04,4.0568744527,SOFRON Actual/360,raw/free_supplement/Eris_20260529_EOD_ParCouponCurve_SOFR.csv
2026-05-29,SOFR12Y,2026-06-02,2038-06-04,4.1322839211,SOFRON Actual/360,raw/free_supplement/Eris_20260529_EOD_ParCouponCurve_SOFR.csv
2026-05-29,SOFR15Y,2026-06-02,2041-06-05,4.2287427807,SOFRON Actual/360,raw/free_supplement/Eris_20260529_EOD_ParCouponCurve_SOFR.csv
2026-05-29,SOFR20Y,2026-06-02,2046-06-06,4.3098830533,SOFRON Actual/360,raw/free_supplement/Eris_20260529_EOD_ParCouponCurve_SOFR.csv
2026-05-29,SOFR25Y,2026-06-02,2051-06-06,4.3116107111,SOFRON Actual/360,raw/free_supplement/Eris_20260529_EOD_ParCouponCurve_SOFR.csv
2026-05-29,SOFR30Y,2026-06-02,2056-06-06,4.2783971752,SOFRON Actual/360,raw/free_supplement/Eris_20260529_EOD_ParCouponCurve_SOFR.csv
2026-05-29,SOFR40Y,2026-06-02,2066-06-04,4.1619987764,SOFRON Actual/360,raw/free_supplement/Eris_20260529_EOD_ParCouponCurve_SOFR.csv
2026-05-29,SOFR50Y,2026-06-02,2076-06-04,4.0315429839,SOFRON Actual/360,raw/free_supplement/Eris_20260529_EOD_ParCouponCurve_SOFR.csv
2026-06-03,SOFR1D,2026-06-05,2026-06-10,3.6070989456,SOFRON Actual/360,raw/free_supplement/Eris_20260603_EOD_ParCouponCurve_SOFR.csv
2026-06-03,SOFR1W,2026-06-05,2026-06-16,3.6067835228,SOFRON Actual/360,raw/free_supplement/Eris_20260603_EOD_ParCouponCurve_SOFR.csv
2026-06-03,SOFR1M,2026-06-05,2026-07-08,3.6050586185,SOFRON Actual/360,raw/free_supplement/Eris_20260603_EOD_ParCouponCurve_SOFR.csv
2026-06-03,SOFR3M,2026-06-05,2026-09-10,3.6495606678,SOFRON Actual/360,raw/free_supplement/Eris_20260603_EOD_ParCouponCurve_SOFR.csv
2026-06-03,SOFR6M,2026-06-05,2026-12-09,3.7153147983,SOFRON Actual/360,raw/free_supplement/Eris_20260603_EOD_ParCouponCurve_SOFR.csv
2026-06-03,SOFR9M,2026-06-05,2027-03-09,3.7919963624,SOFRON Actual/360,raw/free_supplement/Eris_20260603_EOD_ParCouponCurve_SOFR.csv
2026-06-03,SOFR12M,2026-06-05,2027-06-09,3.8689315101,SOFRON Actual/360,raw/free_supplement/Eris_20260603_EOD_ParCouponCurve_SOFR.csv
2026-06-03,SOFR18M,2026-06-05,2027-12-08,3.9180530678,SOFRON Actual/360,raw/free_supplement/Eris_20260603_EOD_ParCouponCurve_SOFR.csv
2026-06-03,SOFR2Y,2026-06-05,2028-06-07,3.9438962297,SOFRON Actual/360,raw/free_supplement/Eris_20260603_EOD_ParCouponCurve_SOFR.csv
2026-06-03,SOFR3Y,2026-06-05,2029-06-07,3.9327729582,SOFRON Actual/360,raw/free_supplement/Eris_20260603_EOD_ParCouponCurve_SOFR.csv
2026-06-03,SOFR4Y,2026-06-05,2030-06-07,3.9282317999,SOFRON Actual/360,raw/free_supplement/Eris_20260603_EOD_ParCouponCurve_SOFR.csv
2026-06-03,SOFR5Y,2026-06-05,2031-06-09,3.9417439864,SOFRON Actual/360,raw/free_supplement/Eris_20260603_EOD_ParCouponCurve_SOFR.csv
2026-06-03,SOFR6Y,2026-06-05,2032-06-09,3.968294378,SOFRON Actual/360,raw/free_supplement/Eris_20260603_EOD_ParCouponCurve_SOFR.csv
2026-06-03,SOFR7Y,2026-06-05,2033-06-08,3.9988913336,SOFRON Actual/360,raw/free_supplement/Eris_20260603_EOD_ParCouponCurve_SOFR.csv
2026-06-03,SOFR8Y,2026-06-05,2034-06-07,4.0299710899,SOFRON Actual/360,raw/free_supplement/Eris_20260603_EOD_ParCouponCurve_SOFR.csv
2026-06-03,SOFR9Y,2026-06-05,2035-06-07,4.0618063371,SOFRON Actual/360,raw/free_supplement/Eris_20260603_EOD_ParCouponCurve_SOFR.csv
2026-06-03,SOFR10Y,2026-06-05,2036-06-09,4.095034093,SOFRON Actual/360,raw/free_supplement/Eris_20260603_EOD_ParCouponCurve_SOFR.csv
2026-06-03,SOFR12Y,2026-06-05,2038-06-09,4.1635934257,SOFRON Actual/360,raw/free_supplement/Eris_20260603_EOD_ParCouponCurve_SOFR.csv
2026-06-03,SOFR15Y,2026-06-05,2041-06-07,4.2503194797,SOFRON Actual/360,raw/free_supplement/Eris_20260603_EOD_ParCouponCurve_SOFR.csv
2026-06-03,SOFR20Y,2026-06-05,2046-06-07,4.3210625146,SOFRON Actual/360,raw/free_supplement/Eris_20260603_EOD_ParCouponCurve_SOFR.csv
2026-06-03,SOFR25Y,2026-06-05,2051-06-07,4.3170066991,SOFRON Actual/360,raw/free_supplement/Eris_20260603_EOD_ParCouponCurve_SOFR.csv
2026-06-03,SOFR30Y,2026-06-05,2056-06-07,4.27892132,SOFRON Actual/360,raw/free_supplement/Eris_20260603_EOD_ParCouponCurve_SOFR.csv
2026-06-03,SOFR40Y,2026-06-05,2066-06-09,4.1607486547,SOFRON Actual/360,raw/free_supplement/Eris_20260603_EOD_ParCouponCurve_SOFR.csv
2026-06-03,SOFR50Y,2026-06-05,2076-06-09,4.0319176894,SOFRON Actual/360,raw/free_supplement/Eris_20260603_EOD_ParCouponCurve_SOFR.csv
2026-06-09,SOFR1D,2026-06-11,2026-06-16,3.5860559312,SOFRON Actual/360,raw/free_supplement/Eris_20260609_EOD_ParCouponCurve_SOFR.csv
2026-06-09,SOFR1W,2026-06-11,2026-06-23,3.5920786833,SOFRON Actual/360,raw/free_supplement/Eris_20260609_EOD_ParCouponCurve_SOFR.csv
2026-06-09,SOFR1M,2026-06-11,2026-07-15,3.6181665646,SOFRON Actual/360,raw/free_supplement/Eris_20260609_EOD_ParCouponCurve_SOFR.csv
2026-06-09,SOFR3M,2026-06-11,2026-09-15,3.6608981204,SOFRON Actual/360,raw/free_supplement/Eris_20260609_EOD_ParCouponCurve_SOFR.csv
2026-06-09,SOFR6M,2026-06-11,2026-12-15,3.7409299873,SOFRON Actual/360,raw/free_supplement/Eris_20260609_EOD_ParCouponCurve_SOFR.csv
2026-06-09,SOFR9M,2026-06-11,2027-03-15,3.8294790635,SOFRON Actual/360,raw/free_supplement/Eris_20260609_EOD_ParCouponCurve_SOFR.csv
2026-06-09,SOFR12M,2026-06-11,2027-06-15,3.9092093444,SOFRON Actual/360,raw/free_supplement/Eris_20260609_EOD_ParCouponCurve_SOFR.csv
2026-06-09,SOFR18M,2026-06-11,2027-12-15,3.9590783897,SOFRON Actual/360,raw/free_supplement/Eris_20260609_EOD_ParCouponCurve_SOFR.csv
2026-06-09,SOFR2Y,2026-06-11,2028-06-14,3.9821113733,SOFRON Actual/360,raw/free_supplement/Eris_20260609_EOD_ParCouponCurve_SOFR.csv
2026-06-09,SOFR3Y,2026-06-11,2029-06-13,3.9726252124,SOFRON Actual/360,raw/free_supplement/Eris_20260609_EOD_ParCouponCurve_SOFR.csv
2026-06-09,SOFR4Y,2026-06-11,2030-06-13,3.9652680605,SOFRON Actual/360,raw/free_supplement/Eris_20260609_EOD_ParCouponCurve_SOFR.csv
2026-06-09,SOFR5Y,2026-06-11,2031-06-13,3.9747596381,SOFRON Actual/360,raw/free_supplement/Eris_20260609_EOD_ParCouponCurve_SOFR.csv
2026-06-09,SOFR6Y,2026-06-11,2032-06-15,3.9984358189,SOFRON Actual/360,raw/free_supplement/Eris_20260609_EOD_ParCouponCurve_SOFR.csv
2026-06-09,SOFR7Y,2026-06-11,2033-06-15,4.0280940166,SOFRON Actual/360,raw/free_supplement/Eris_20260609_EOD_ParCouponCurve_SOFR.csv
2026-06-09,SOFR8Y,2026-06-11,2034-06-14,4.0586646659,SOFRON Actual/360,raw/free_supplement/Eris_20260609_EOD_ParCouponCurve_SOFR.csv
2026-06-09,SOFR9Y,2026-06-11,2035-06-13,4.0900282356,SOFRON Actual/360,raw/free_supplement/Eris_20260609_EOD_ParCouponCurve_SOFR.csv
2026-06-09,SOFR10Y,2026-06-11,2036-06-13,4.1225933671,SOFRON Actual/360,raw/free_supplement/Eris_20260609_EOD_ParCouponCurve_SOFR.csv
2026-06-09,SOFR12Y,2026-06-11,2038-06-15,4.1887667309,SOFRON Actual/360,raw/free_supplement/Eris_20260609_EOD_ParCouponCurve_SOFR.csv
2026-06-09,SOFR15Y,2026-06-11,2041-06-13,4.2745738374,SOFRON Actual/360,raw/free_supplement/Eris_20260609_EOD_ParCouponCurve_SOFR.csv
2026-06-09,SOFR20Y,2026-06-11,2046-06-13,4.343264038,SOFRON Actual/360,raw/free_supplement/Eris_20260609_EOD_ParCouponCurve_SOFR.csv
2026-06-09,SOFR25Y,2026-06-11,2051-06-14,4.3357925946,SOFRON Actual/360,raw/free_supplement/Eris_20260609_EOD_ParCouponCurve_SOFR.csv
2026-06-09,SOFR30Y,2026-06-11,2056-06-14,4.2953580756,SOFRON Actual/360,raw/free_supplement/Eris_20260609_EOD_ParCouponCurve_SOFR.csv
2026-06-09,SOFR40Y,2026-06-11,2066-06-15,4.1735136718,SOFRON Actual/360,raw/free_supplement/Eris_20260609_EOD_ParCouponCurve_SOFR.csv
2026-06-09,SOFR50Y,2026-06-11,2076-06-15,4.0426095875,SOFRON Actual/360,raw/free_supplement/Eris_20260609_EOD_ParCouponCurve_SOFR.csv
2026-06-10,SOFR1D,2026-06-12,2026-06-17,3.5958868767,SOFRON Actual/360,raw/free_supplement/Eris_20260610_EOD_ParCouponCurve_SOFR.csv
2026-06-10,SOFR1W,2026-06-12,2026-06-24,3.5984781683,SOFRON Actual/360,raw/free_supplement/Eris_20260610_EOD_ParCouponCurve_SOFR.csv
2026-06-10,SOFR1M,2026-06-12,2026-07-15,3.6116146075,SOFRON Actual/360,raw/free_supplement/Eris_20260610_EOD_ParCouponCurve_SOFR.csv
2026-06-10,SOFR3M,2026-06-12,2026-09-16,3.6615273728,SOFRON Actual/360,raw/free_supplement/Eris_20260610_EOD_ParCouponCurve_SOFR.csv
2026-06-10,SOFR6M,2026-06-12,2026-12-16,3.7407948894,SOFRON Actual/360,raw/free_supplement/Eris_20260610_EOD_ParCouponCurve_SOFR.csv
2026-06-10,SOFR9M,2026-06-12,2027-03-16,3.8282659398,SOFRON Actual/360,raw/free_supplement/Eris_20260610_EOD_ParCouponCurve_SOFR.csv
2026-06-10,SOFR12M,2026-06-12,2027-06-16,3.9119756053,SOFRON Actual/360,raw/free_supplement/Eris_20260610_EOD_ParCouponCurve_SOFR.csv
2026-06-10,SOFR18M,2026-06-12,2027-12-15,3.9631139485,SOFRON Actual/360,raw/free_supplement/Eris_20260610_EOD_ParCouponCurve_SOFR.csv
2026-06-10,SOFR2Y,2026-06-12,2028-06-14,3.9851428956,SOFRON Actual/360,raw/free_supplement/Eris_20260610_EOD_ParCouponCurve_SOFR.csv
2026-06-10,SOFR3Y,2026-06-12,2029-06-14,3.9773636782,SOFRON Actual/360,raw/free_supplement/Eris_20260610_EOD_ParCouponCurve_SOFR.csv
2026-06-10,SOFR4Y,2026-06-12,2030-06-14,3.9736882068,SOFRON Actual/360,raw/free_supplement/Eris_20260610_EOD_ParCouponCurve_SOFR.csv
2026-06-10,SOFR5Y,2026-06-12,2031-06-16,3.9862031559,SOFRON Actual/360,raw/free_supplement/Eris_20260610_EOD_ParCouponCurve_SOFR.csv
2026-06-10,SOFR6Y,2026-06-12,2032-06-16,4.0114173688,SOFRON Actual/360,raw/free_supplement/Eris_20260610_EOD_ParCouponCurve_SOFR.csv
2026-06-10,SOFR7Y,2026-06-12,2033-06-15,4.0415882836,SOFRON Actual/360,raw/free_supplement/Eris_20260610_EOD_ParCouponCurve_SOFR.csv
2026-06-10,SOFR8Y,2026-06-12,2034-06-14,4.0732698374,SOFRON Actual/360,raw/free_supplement/Eris_20260610_EOD_ParCouponCurve_SOFR.csv
2026-06-10,SOFR9Y,2026-06-12,2035-06-14,4.1057870326,SOFRON Actual/360,raw/free_supplement/Eris_20260610_EOD_ParCouponCurve_SOFR.csv
2026-06-10,SOFR10Y,2026-06-12,2036-06-16,4.1389567441,SOFRON Actual/360,raw/free_supplement/Eris_20260610_EOD_ParCouponCurve_SOFR.csv
2026-06-10,SOFR12Y,2026-06-12,2038-06-16,4.2053761492,SOFRON Actual/360,raw/free_supplement/Eris_20260610_EOD_ParCouponCurve_SOFR.csv
2026-06-10,SOFR15Y,2026-06-12,2041-06-14,4.2915623426,SOFRON Actual/360,raw/free_supplement/Eris_20260610_EOD_ParCouponCurve_SOFR.csv
2026-06-10,SOFR20Y,2026-06-12,2046-06-14,4.3609093039,SOFRON Actual/360,raw/free_supplement/Eris_20260610_EOD_ParCouponCurve_SOFR.csv
2026-06-10,SOFR25Y,2026-06-12,2051-06-14,4.3532137448,SOFRON Actual/360,raw/free_supplement/Eris_20260610_EOD_ParCouponCurve_SOFR.csv
2026-06-10,SOFR30Y,2026-06-12,2056-06-14,4.3127441969,SOFRON Actual/360,raw/free_supplement/Eris_20260610_EOD_ParCouponCurve_SOFR.csv
2026-06-10,SOFR40Y,2026-06-12,2066-06-16,4.1910708282,SOFRON Actual/360,raw/free_supplement/Eris_20260610_EOD_ParCouponCurve_SOFR.csv
2026-06-10,SOFR50Y,2026-06-12,2076-06-16,4.0587144729,SOFRON Actual/360,raw/free_supplement/Eris_20260610_EOD_ParCouponCurve_SOFR.csv
2026-06-12,SOFR1D,2026-06-16,2026-06-22,3.6096401072,SOFRON Actual/360,raw/free_supplement/Eris_20260612_EOD_ParCouponCurve_SOFR.csv
2026-06-12,SOFR1W,2026-06-16,2026-06-25,3.6116400845,SOFRON Actual/360,raw/free_supplement/Eris_20260612_EOD_ParCouponCurve_SOFR.csv
2026-06-12,SOFR1M,2026-06-16,2026-07-20,3.623573026,SOFRON Actual/360,raw/free_supplement/Eris_20260612_EOD_ParCouponCurve_SOFR.csv
2026-06-12,SOFR3M,2026-06-16,2026-09-18,3.6622778703,SOFRON Actual/360,raw/free_supplement/Eris_20260612_EOD_ParCouponCurve_SOFR.csv
2026-06-12,SOFR6M,2026-06-16,2026-12-18,3.7281752472,SOFRON Actual/360,raw/free_supplement/Eris_20260612_EOD_ParCouponCurve_SOFR.csv
2026-06-12,SOFR9M,2026-06-16,2027-03-18,3.806914892,SOFRON Actual/360,raw/free_supplement/Eris_20260612_EOD_ParCouponCurve_SOFR.csv
2026-06-12,SOFR12M,2026-06-16,2027-06-21,3.879433778,SOFRON Actual/360,raw/free_supplement/Eris_20260612_EOD_ParCouponCurve_SOFR.csv
2026-06-12,SOFR18M,2026-06-16,2027-12-20,3.9209034997,SOFRON Actual/360,raw/free_supplement/Eris_20260612_EOD_ParCouponCurve_SOFR.csv
2026-06-12,SOFR2Y,2026-06-16,2028-06-21,3.9402325059,SOFRON Actual/360,raw/free_supplement/Eris_20260612_EOD_ParCouponCurve_SOFR.csv
2026-06-12,SOFR3Y,2026-06-16,2029-06-21,3.9309342596,SOFRON Actual/360,raw/free_supplement/Eris_20260612_EOD_ParCouponCurve_SOFR.csv
2026-06-12,SOFR4Y,2026-06-16,2030-06-20,3.926400852,SOFRON Actual/360,raw/free_supplement/Eris_20260612_EOD_ParCouponCurve_SOFR.csv
2026-06-12,SOFR5Y,2026-06-16,2031-06-18,3.9363808772,SOFRON Actual/360,raw/free_supplement/Eris_20260612_EOD_ParCouponCurve_SOFR.csv
2026-06-12,SOFR6Y,2026-06-16,2032-06-21,3.9633779435,SOFRON Actual/360,raw/free_supplement/Eris_20260612_EOD_ParCouponCurve_SOFR.csv
2026-06-12,SOFR7Y,2026-06-16,2033-06-21,3.9963133854,SOFRON Actual/360,raw/free_supplement/Eris_20260612_EOD_ParCouponCurve_SOFR.csv
2026-06-12,SOFR8Y,2026-06-16,2034-06-21,4.0286813555,SOFRON Actual/360,raw/free_supplement/Eris_20260612_EOD_ParCouponCurve_SOFR.csv
2026-06-12,SOFR9Y,2026-06-16,2035-06-21,4.0610440623,SOFRON Actual/360,raw/free_supplement/Eris_20260612_EOD_ParCouponCurve_SOFR.csv
2026-06-12,SOFR10Y,2026-06-16,2036-06-18,4.0939010809,SOFRON Actual/360,raw/free_supplement/Eris_20260612_EOD_ParCouponCurve_SOFR.csv
2026-06-12,SOFR12Y,2026-06-16,2038-06-21,4.1616118481,SOFRON Actual/360,raw/free_supplement/Eris_20260612_EOD_ParCouponCurve_SOFR.csv
2026-06-12,SOFR15Y,2026-06-16,2041-06-20,4.2493666418,SOFRON Actual/360,raw/free_supplement/Eris_20260612_EOD_ParCouponCurve_SOFR.csv
2026-06-12,SOFR20Y,2026-06-16,2046-06-21,4.3218941102,SOFRON Actual/360,raw/free_supplement/Eris_20260612_EOD_ParCouponCurve_SOFR.csv
2026-06-12,SOFR25Y,2026-06-16,2051-06-21,4.3167013481,SOFRON Actual/360,raw/free_supplement/Eris_20260612_EOD_ParCouponCurve_SOFR.csv
2026-06-12,SOFR30Y,2026-06-16,2056-06-21,4.2778109041,SOFRON Actual/360,raw/free_supplement/Eris_20260612_EOD_ParCouponCurve_SOFR.csv
2026-06-12,SOFR40Y,2026-06-16,2066-06-21,4.1577525264,SOFRON Actual/360,raw/free_supplement/Eris_20260612_EOD_ParCouponCurve_SOFR.csv
2026-06-12,SOFR50Y,2026-06-16,2076-06-18,4.0273875204,SOFRON Actual/360,raw/free_supplement/Eris_20260612_EOD_ParCouponCurve_SOFR.csv
2026-06-16,SOFR1D,2026-06-18,2026-06-24,3.601798326,SOFRON Actual/360,raw/free_supplement/Eris_20260616_EOD_ParCouponCurve_SOFR.csv
2026-06-16,SOFR1W,2026-06-18,2026-06-29,3.6031999718,SOFRON Actual/360,raw/free_supplement/Eris_20260616_EOD_ParCouponCurve_SOFR.csv
2026-06-16,SOFR1M,2026-06-18,2026-07-22,3.6227257562,SOFRON Actual/360,raw/free_supplement/Eris_20260616_EOD_ParCouponCurve_SOFR.csv
2026-06-16,SOFR3M,2026-06-18,2026-09-22,3.669238538,SOFRON Actual/360,raw/free_supplement/Eris_20260616_EOD_ParCouponCurve_SOFR.csv
2026-06-16,SOFR6M,2026-06-18,2026-12-22,3.7329479277,SOFRON Actual/360,raw/free_supplement/Eris_20260616_EOD_ParCouponCurve_SOFR.csv
2026-06-16,SOFR9M,2026-06-18,2027-03-22,3.8075427919,SOFRON Actual/360,raw/free_supplement/Eris_20260616_EOD_ParCouponCurve_SOFR.csv
2026-06-16,SOFR12M,2026-06-18,2027-06-23,3.8716927282,SOFRON Actual/360,raw/free_supplement/Eris_20260616_EOD_ParCouponCurve_SOFR.csv
2026-06-16,SOFR18M,2026-06-18,2027-12-22,3.8939823385,SOFRON Actual/360,raw/free_supplement/Eris_20260616_EOD_ParCouponCurve_SOFR.csv
2026-06-16,SOFR2Y,2026-06-18,2028-06-22,3.9034869045,SOFRON Actual/360,raw/free_supplement/Eris_20260616_EOD_ParCouponCurve_SOFR.csv
2026-06-16,SOFR3Y,2026-06-18,2029-06-21,3.8773296862,SOFRON Actual/360,raw/free_supplement/Eris_20260616_EOD_ParCouponCurve_SOFR.csv
2026-06-16,SOFR4Y,2026-06-18,2030-06-21,3.8650482781,SOFRON Actual/360,raw/free_supplement/Eris_20260616_EOD_ParCouponCurve_SOFR.csv
2026-06-16,SOFR5Y,2026-06-18,2031-06-23,3.8742047342,SOFRON Actual/360,raw/free_supplement/Eris_20260616_EOD_ParCouponCurve_SOFR.csv
2026-06-16,SOFR6Y,2026-06-18,2032-06-23,3.8981507705,SOFRON Actual/360,raw/free_supplement/Eris_20260616_EOD_ParCouponCurve_SOFR.csv
2026-06-16,SOFR7Y,2026-06-18,2033-06-23,3.9278011436,SOFRON Actual/360,raw/free_supplement/Eris_20260616_EOD_ParCouponCurve_SOFR.csv
2026-06-16,SOFR8Y,2026-06-18,2034-06-22,3.9600587951,SOFRON Actual/360,raw/free_supplement/Eris_20260616_EOD_ParCouponCurve_SOFR.csv
2026-06-16,SOFR9Y,2026-06-18,2035-06-21,3.9934967626,SOFRON Actual/360,raw/free_supplement/Eris_20260616_EOD_ParCouponCurve_SOFR.csv
2026-06-16,SOFR10Y,2026-06-18,2036-06-23,4.0279089328,SOFRON Actual/360,raw/free_supplement/Eris_20260616_EOD_ParCouponCurve_SOFR.csv
2026-06-16,SOFR12Y,2026-06-18,2038-06-23,4.0966491173,SOFRON Actual/360,raw/free_supplement/Eris_20260616_EOD_ParCouponCurve_SOFR.csv
2026-06-16,SOFR15Y,2026-06-18,2041-06-21,4.1860284837,SOFRON Actual/360,raw/free_supplement/Eris_20260616_EOD_ParCouponCurve_SOFR.csv
2026-06-16,SOFR20Y,2026-06-18,2046-06-21,4.2624411093,SOFRON Actual/360,raw/free_supplement/Eris_20260616_EOD_ParCouponCurve_SOFR.csv
2026-06-16,SOFR25Y,2026-06-18,2051-06-22,4.2611065654,SOFRON Actual/360,raw/free_supplement/Eris_20260616_EOD_ParCouponCurve_SOFR.csv
2026-06-16,SOFR30Y,2026-06-18,2056-06-22,4.2244489425,SOFRON Actual/360,raw/free_supplement/Eris_20260616_EOD_ParCouponCurve_SOFR.csv
2026-06-16,SOFR40Y,2026-06-18,2066-06-23,4.1068700707,SOFRON Actual/360,raw/free_supplement/Eris_20260616_EOD_ParCouponCurve_SOFR.csv
2026-06-16,SOFR50Y,2026-06-18,2076-06-23,3.9739660035,SOFRON Actual/360,raw/free_supplement/Eris_20260616_EOD_ParCouponCurve_SOFR.csv
2026-06-18,SOFR1D,2026-06-23,2026-06-26,3.6215087351,SOFRON Actual/360,raw/free_supplement/Eris_20260618_EOD_ParCouponCurve_SOFR.csv
2026-06-18,SOFR1W,2026-06-23,2026-07-02,3.6256205217,SOFRON Actual/360,raw/free_supplement/Eris_20260618_EOD_ParCouponCurve_SOFR.csv
2026-06-18,SOFR1M,2026-06-23,2026-07-27,3.6491682941,SOFRON Actual/360,raw/free_supplement/Eris_20260618_EOD_ParCouponCurve_SOFR.csv
2026-06-18,SOFR3M,2026-06-23,2026-09-25,3.7293648051,SOFRON Actual/360,raw/free_supplement/Eris_20260618_EOD_ParCouponCurve_SOFR.csv
2026-06-18,SOFR6M,2026-06-23,2026-12-28,3.8605699638,SOFRON Actual/360,raw/free_supplement/Eris_20260618_EOD_ParCouponCurve_SOFR.csv
2026-06-18,SOFR9M,2026-06-23,2027-03-25,3.9661473857,SOFRON Actual/360,raw/free_supplement/Eris_20260618_EOD_ParCouponCurve_SOFR.csv
2026-06-18,SOFR12M,2026-06-23,2027-06-25,4.0411592432,SOFRON Actual/360,raw/free_supplement/Eris_20260618_EOD_ParCouponCurve_SOFR.csv
2026-06-18,SOFR18M,2026-06-23,2027-12-28,4.055411071,SOFRON Actual/360,raw/free_supplement/Eris_20260618_EOD_ParCouponCurve_SOFR.csv
2026-06-18,SOFR2Y,2026-06-23,2028-06-27,4.0427112727,SOFRON Actual/360,raw/free_supplement/Eris_20260618_EOD_ParCouponCurve_SOFR.csv
2026-06-18,SOFR3Y,2026-06-23,2029-06-27,3.9846465882,SOFRON Actual/360,raw/free_supplement/Eris_20260618_EOD_ParCouponCurve_SOFR.csv
2026-06-18,SOFR4Y,2026-06-23,2030-06-26,3.9546341434,SOFRON Actual/360,raw/free_supplement/Eris_20260618_EOD_ParCouponCurve_SOFR.csv
2026-06-18,SOFR5Y,2026-06-23,2031-06-25,3.947598029,SOFRON Actual/360,raw/free_supplement/Eris_20260618_EOD_ParCouponCurve_SOFR.csv
2026-06-18,SOFR6Y,2026-06-23,2032-06-25,3.9590015583,SOFRON Actual/360,raw/free_supplement/Eris_20260618_EOD_ParCouponCurve_SOFR.csv
2026-06-18,SOFR7Y,2026-06-23,2033-06-27,3.9787069313,SOFRON Actual/360,raw/free_supplement/Eris_20260618_EOD_ParCouponCurve_SOFR.csv
2026-06-18,SOFR8Y,2026-06-23,2034-06-27,4.0013432185,SOFRON Actual/360,raw/free_supplement/Eris_20260618_EOD_ParCouponCurve_SOFR.csv
2026-06-18,SOFR9Y,2026-06-23,2035-06-27,4.0261548722,SOFRON Actual/360,raw/free_supplement/Eris_20260618_EOD_ParCouponCurve_SOFR.csv
2026-06-18,SOFR10Y,2026-06-23,2036-06-25,4.0529805681,SOFRON Actual/360,raw/free_supplement/Eris_20260618_EOD_ParCouponCurve_SOFR.csv
2026-06-18,SOFR12Y,2026-06-23,2038-06-25,4.1116392323,SOFRON Actual/360,raw/free_supplement/Eris_20260618_EOD_ParCouponCurve_SOFR.csv
2026-06-18,SOFR15Y,2026-06-23,2041-06-26,4.1884685656,SOFRON Actual/360,raw/free_supplement/Eris_20260618_EOD_ParCouponCurve_SOFR.csv
2026-06-18,SOFR20Y,2026-06-23,2046-06-27,4.2521452482,SOFRON Actual/360,raw/free_supplement/Eris_20260618_EOD_ParCouponCurve_SOFR.csv
2026-06-18,SOFR25Y,2026-06-23,2051-06-27,4.2421028055,SOFRON Actual/360,raw/free_supplement/Eris_20260618_EOD_ParCouponCurve_SOFR.csv
2026-06-18,SOFR30Y,2026-06-23,2056-06-27,4.1997466853,SOFRON Actual/360,raw/free_supplement/Eris_20260618_EOD_ParCouponCurve_SOFR.csv
2026-06-18,SOFR40Y,2026-06-23,2066-06-25,4.0725578938,SOFRON Actual/360,raw/free_supplement/Eris_20260618_EOD_ParCouponCurve_SOFR.csv
2026-06-18,SOFR50Y,2026-06-23,2076-06-25,3.9357460598,SOFRON Actual/360,raw/free_supplement/Eris_20260618_EOD_ParCouponCurve_SOFR.csv
2026-06-22,SOFR1D,2026-06-24,2026-06-29,3.640354795,SOFRON Actual/360,raw/free_supplement/Eris_20260622_EOD_ParCouponCurve_SOFR.csv
2026-06-22,SOFR1W,2026-06-24,2026-07-06,3.6430656031,SOFRON Actual/360,raw/free_supplement/Eris_20260622_EOD_ParCouponCurve_SOFR.csv
2026-06-22,SOFR1M,2026-06-24,2026-07-28,3.6606086883,SOFRON Actual/360,raw/free_supplement/Eris_20260622_EOD_ParCouponCurve_SOFR.csv
2026-06-22,SOFR3M,2026-06-24,2026-09-28,3.7372142422,SOFRON Actual/360,raw/free_supplement/Eris_20260622_EOD_ParCouponCurve_SOFR.csv
2026-06-22,SOFR6M,2026-06-24,2026-12-29,3.8790359087,SOFRON Actual/360,raw/free_supplement/Eris_20260622_EOD_ParCouponCurve_SOFR.csv
2026-06-22,SOFR9M,2026-06-24,2027-03-29,3.989255236,SOFRON Actual/360,raw/free_supplement/Eris_20260622_EOD_ParCouponCurve_SOFR.csv
2026-06-22,SOFR12M,2026-06-24,2027-06-28,4.0706280476,SOFRON Actual/360,raw/free_supplement/Eris_20260622_EOD_ParCouponCurve_SOFR.csv
2026-06-22,SOFR18M,2026-06-24,2027-12-29,4.0995467677,SOFRON Actual/360,raw/free_supplement/Eris_20260622_EOD_ParCouponCurve_SOFR.csv
2026-06-22,SOFR2Y,2026-06-24,2028-06-28,4.0971946463,SOFRON Actual/360,raw/free_supplement/Eris_20260622_EOD_ParCouponCurve_SOFR.csv
2026-06-22,SOFR3Y,2026-06-24,2029-06-27,4.0470659304,SOFRON Actual/360,raw/free_supplement/Eris_20260622_EOD_ParCouponCurve_SOFR.csv
2026-06-22,SOFR4Y,2026-06-24,2030-06-26,4.0178785296,SOFRON Actual/360,raw/free_supplement/Eris_20260622_EOD_ParCouponCurve_SOFR.csv
2026-06-22,SOFR5Y,2026-06-24,2031-06-26,4.0105126211,SOFRON Actual/360,raw/free_supplement/Eris_20260622_EOD_ParCouponCurve_SOFR.csv
2026-06-22,SOFR6Y,2026-06-24,2032-06-28,4.0199125589,SOFRON Actual/360,raw/free_supplement/Eris_20260622_EOD_ParCouponCurve_SOFR.csv
2026-06-22,SOFR7Y,2026-06-24,2033-06-28,4.0381278772,SOFRON Actual/360,raw/free_supplement/Eris_20260622_EOD_ParCouponCurve_SOFR.csv
2026-06-22,SOFR8Y,2026-06-24,2034-06-28,4.0603944023,SOFRON Actual/360,raw/free_supplement/Eris_20260622_EOD_ParCouponCurve_SOFR.csv
2026-06-22,SOFR9Y,2026-06-24,2035-06-27,4.0846995175,SOFRON Actual/360,raw/free_supplement/Eris_20260622_EOD_ParCouponCurve_SOFR.csv
2026-06-22,SOFR10Y,2026-06-24,2036-06-26,4.1109706128,SOFRON Actual/360,raw/free_supplement/Eris_20260622_EOD_ParCouponCurve_SOFR.csv
2026-06-22,SOFR12Y,2026-06-24,2038-06-28,4.1667743259,SOFRON Actual/360,raw/free_supplement/Eris_20260622_EOD_ParCouponCurve_SOFR.csv
2026-06-22,SOFR15Y,2026-06-24,2041-06-26,4.2416147104,SOFRON Actual/360,raw/free_supplement/Eris_20260622_EOD_ParCouponCurve_SOFR.csv
2026-06-22,SOFR20Y,2026-06-24,2046-06-27,4.3026639487,SOFRON Actual/360,raw/free_supplement/Eris_20260622_EOD_ParCouponCurve_SOFR.csv
2026-06-22,SOFR25Y,2026-06-24,2051-06-28,4.2904715398,SOFRON Actual/360,raw/free_supplement/Eris_20260622_EOD_ParCouponCurve_SOFR.csv
2026-06-22,SOFR30Y,2026-06-24,2056-06-28,4.2459205678,SOFRON Actual/360,raw/free_supplement/Eris_20260622_EOD_ParCouponCurve_SOFR.csv
2026-06-22,SOFR40Y,2026-06-24,2066-06-28,4.1191707559,SOFRON Actual/360,raw/free_supplement/Eris_20260622_EOD_ParCouponCurve_SOFR.csv
2026-06-22,SOFR50Y,2026-06-24,2076-06-26,3.9828104418,SOFRON Actual/360,raw/free_supplement/Eris_20260622_EOD_ParCouponCurve_SOFR.csv
2026-06-24,SOFR1D,2026-06-26,2026-07-01,3.6322406212,SOFRON Actual/360,raw/free_supplement/Eris_20260624_EOD_ParCouponCurve_SOFR.csv
2026-06-24,SOFR1W,2026-06-26,2026-07-08,3.635112173,SOFRON Actual/360,raw/free_supplement/Eris_20260624_EOD_ParCouponCurve_SOFR.csv
2026-06-24,SOFR1M,2026-06-26,2026-07-29,3.650782671,SOFRON Actual/360,raw/free_supplement/Eris_20260624_EOD_ParCouponCurve_SOFR.csv
2026-06-24,SOFR3M,2026-06-26,2026-09-30,3.7359758514,SOFRON Actual/360,raw/free_supplement/Eris_20260624_EOD_ParCouponCurve_SOFR.csv
2026-06-24,SOFR6M,2026-06-26,2026-12-30,3.8531314186,SOFRON Actual/360,raw/free_supplement/Eris_20260624_EOD_ParCouponCurve_SOFR.csv
2026-06-24,SOFR9M,2026-06-26,2027-03-31,3.9422201205,SOFRON Actual/360,raw/free_supplement/Eris_20260624_EOD_ParCouponCurve_SOFR.csv
2026-06-24,SOFR12M,2026-06-26,2027-06-30,4.0054693289,SOFRON Actual/360,raw/free_supplement/Eris_20260624_EOD_ParCouponCurve_SOFR.csv
2026-06-24,SOFR18M,2026-06-26,2027-12-29,4.0090401128,SOFRON Actual/360,raw/free_supplement/Eris_20260624_EOD_ParCouponCurve_SOFR.csv
2026-06-24,SOFR2Y,2026-06-26,2028-06-28,3.9947456811,SOFRON Actual/360,raw/free_supplement/Eris_20260624_EOD_ParCouponCurve_SOFR.csv
2026-06-24,SOFR3Y,2026-06-26,2029-06-28,3.9348401388,SOFRON Actual/360,raw/free_supplement/Eris_20260624_EOD_ParCouponCurve_SOFR.csv
2026-06-24,SOFR4Y,2026-06-26,2030-06-28,3.9044137384,SOFRON Actual/360,raw/free_supplement/Eris_20260624_EOD_ParCouponCurve_SOFR.csv
2026-06-24,SOFR5Y,2026-06-26,2031-06-30,3.8982340788,SOFRON Actual/360,raw/free_supplement/Eris_20260624_EOD_ParCouponCurve_SOFR.csv
2026-06-24,SOFR6Y,2026-06-26,2032-06-30,3.9083227899,SOFRON Actual/360,raw/free_supplement/Eris_20260624_EOD_ParCouponCurve_SOFR.csv
2026-06-24,SOFR7Y,2026-06-26,2033-06-29,3.9265611055,SOFRON Actual/360,raw/free_supplement/Eris_20260624_EOD_ParCouponCurve_SOFR.csv
2026-06-24,SOFR8Y,2026-06-26,2034-06-28,3.948883483,SOFRON Actual/360,raw/free_supplement/Eris_20260624_EOD_ParCouponCurve_SOFR.csv
2026-06-24,SOFR9Y,2026-06-26,2035-06-28,3.9739536154,SOFRON Actual/360,raw/free_supplement/Eris_20260624_EOD_ParCouponCurve_SOFR.csv
2026-06-24,SOFR10Y,2026-06-26,2036-06-30,4.0012999587,SOFRON Actual/360,raw/free_supplement/Eris_20260624_EOD_ParCouponCurve_SOFR.csv
2026-06-24,SOFR12Y,2026-06-26,2038-06-30,4.0598715183,SOFRON Actual/360,raw/free_supplement/Eris_20260624_EOD_ParCouponCurve_SOFR.csv
2026-06-24,SOFR15Y,2026-06-26,2041-06-28,4.1380284022,SOFRON Actual/360,raw/free_supplement/Eris_20260624_EOD_ParCouponCurve_SOFR.csv
2026-06-24,SOFR20Y,2026-06-26,2046-06-28,4.2029741878,SOFRON Actual/360,raw/free_supplement/Eris_20260624_EOD_ParCouponCurve_SOFR.csv
2026-06-24,SOFR25Y,2026-06-26,2051-06-28,4.1944910405,SOFRON Actual/360,raw/free_supplement/Eris_20260624_EOD_ParCouponCurve_SOFR.csv
2026-06-24,SOFR30Y,2026-06-26,2056-06-28,4.152019123,SOFRON Actual/360,raw/free_supplement/Eris_20260624_EOD_ParCouponCurve_SOFR.csv
2026-06-24,SOFR40Y,2026-06-26,2066-06-30,4.0281434552,SOFRON Actual/360,raw/free_supplement/Eris_20260624_EOD_ParCouponCurve_SOFR.csv
2026-06-24,SOFR50Y,2026-06-26,2076-06-30,3.8904353624,SOFRON Actual/360,raw/free_supplement/Eris_20260624_EOD_ParCouponCurve_SOFR.csv
2026-06-25,SOFR1D,2026-06-29,2026-07-02,3.6230477222,SOFRON Actual/360,raw/free_supplement/Eris_20260625_EOD_ParCouponCurve_SOFR.csv
2026-06-25,SOFR1W,2026-06-29,2026-07-08,3.6256258887,SOFRON Actual/360,raw/free_supplement/Eris_20260625_EOD_ParCouponCurve_SOFR.csv
2026-06-25,SOFR1M,2026-06-29,2026-07-31,3.6437979567,SOFRON Actual/360,raw/free_supplement/Eris_20260625_EOD_ParCouponCurve_SOFR.csv
2026-06-25,SOFR3M,2026-06-29,2026-10-01,3.7279744003,SOFRON Actual/360,raw/free_supplement/Eris_20260625_EOD_ParCouponCurve_SOFR.csv
2026-06-25,SOFR6M,2026-06-29,2026-12-31,3.8407301374,SOFRON Actual/360,raw/free_supplement/Eris_20260625_EOD_ParCouponCurve_SOFR.csv
2026-06-25,SOFR9M,2026-06-29,2027-03-31,3.9284594763,SOFRON Actual/360,raw/free_supplement/Eris_20260625_EOD_ParCouponCurve_SOFR.csv
2026-06-25,SOFR12M,2026-06-29,2027-07-01,3.9889918752,SOFRON Actual/360,raw/free_supplement/Eris_20260625_EOD_ParCouponCurve_SOFR.csv
2026-06-25,SOFR18M,2026-06-29,2027-12-31,3.9879448191,SOFRON Actual/360,raw/free_supplement/Eris_20260625_EOD_ParCouponCurve_SOFR.csv
2026-06-25,SOFR2Y,2026-06-29,2028-07-03,3.9723929837,SOFRON Actual/360,raw/free_supplement/Eris_20260625_EOD_ParCouponCurve_SOFR.csv
2026-06-25,SOFR3Y,2026-06-29,2029-07-03,3.9146745111,SOFRON Actual/360,raw/free_supplement/Eris_20260625_EOD_ParCouponCurve_SOFR.csv
2026-06-25,SOFR4Y,2026-06-29,2030-07-02,3.8858358863,SOFRON Actual/360,raw/free_supplement/Eris_20260625_EOD_ParCouponCurve_SOFR.csv
2026-06-25,SOFR5Y,2026-06-29,2031-07-02,3.879525837,SOFRON Actual/360,raw/free_supplement/Eris_20260625_EOD_ParCouponCurve_SOFR.csv
2026-06-25,SOFR6Y,2026-06-29,2032-07-01,3.8905205019,SOFRON Actual/360,raw/free_supplement/Eris_20260625_EOD_ParCouponCurve_SOFR.csv
2026-06-25,SOFR7Y,2026-06-29,2033-07-01,3.9106312908,SOFRON Actual/360,raw/free_supplement/Eris_20260625_EOD_ParCouponCurve_SOFR.csv
2026-06-25,SOFR8Y,2026-06-29,2034-07-03,3.9351556239,SOFRON Actual/360,raw/free_supplement/Eris_20260625_EOD_ParCouponCurve_SOFR.csv
2026-06-25,SOFR9Y,2026-06-29,2035-07-03,3.962308089,SOFRON Actual/360,raw/free_supplement/Eris_20260625_EOD_ParCouponCurve_SOFR.csv
2026-06-25,SOFR10Y,2026-06-29,2036-07-02,3.9915565647,SOFRON Actual/360,raw/free_supplement/Eris_20260625_EOD_ParCouponCurve_SOFR.csv
2026-06-25,SOFR12Y,2026-06-29,2038-07-01,4.0522736625,SOFRON Actual/360,raw/free_supplement/Eris_20260625_EOD_ParCouponCurve_SOFR.csv
2026-06-25,SOFR15Y,2026-06-29,2041-07-02,4.1329745575,SOFRON Actual/360,raw/free_supplement/Eris_20260625_EOD_ParCouponCurve_SOFR.csv
2026-06-25,SOFR20Y,2026-06-29,2046-07-03,4.1996511436,SOFRON Actual/360,raw/free_supplement/Eris_20260625_EOD_ParCouponCurve_SOFR.csv
2026-06-25,SOFR25Y,2026-06-29,2051-07-03,4.193057819,SOFRON Actual/360,raw/free_supplement/Eris_20260625_EOD_ParCouponCurve_SOFR.csv
2026-06-25,SOFR30Y,2026-06-29,2056-07-03,4.1542088247,SOFRON Actual/360,raw/free_supplement/Eris_20260625_EOD_ParCouponCurve_SOFR.csv
2026-06-25,SOFR40Y,2026-06-29,2066-07-01,4.0277285783,SOFRON Actual/360,raw/free_supplement/Eris_20260625_EOD_ParCouponCurve_SOFR.csv
2026-06-25,SOFR50Y,2026-06-29,2076-07-01,3.8901884737,SOFRON Actual/360,raw/free_supplement/Eris_20260625_EOD_ParCouponCurve_SOFR.csv
2026-06-29,SOFR1D,2026-07-01,2026-07-07,3.6253993028,SOFRON Actual/360,raw/free_supplement/Eris_20260629_EOD_ParCouponCurve_SOFR.csv
2026-06-29,SOFR1W,2026-07-01,2026-07-10,3.6275802446,SOFRON Actual/360,raw/free_supplement/Eris_20260629_EOD_ParCouponCurve_SOFR.csv
2026-06-29,SOFR1M,2026-07-01,2026-08-05,3.647830851,SOFRON Actual/360,raw/free_supplement/Eris_20260629_EOD_ParCouponCurve_SOFR.csv
2026-06-29,SOFR3M,2026-07-01,2026-10-05,3.725552835,SOFRON Actual/360,raw/free_supplement/Eris_20260629_EOD_ParCouponCurve_SOFR.csv
2026-06-29,SOFR6M,2026-07-01,2027-01-06,3.8405229285,SOFRON Actual/360,raw/free_supplement/Eris_20260629_EOD_ParCouponCurve_SOFR.csv
2026-06-29,SOFR9M,2026-07-01,2027-04-05,3.9233668987,SOFRON Actual/360,raw/free_supplement/Eris_20260629_EOD_ParCouponCurve_SOFR.csv
2026-06-29,SOFR12M,2026-07-01,2027-07-06,3.98278015,SOFRON Actual/360,raw/free_supplement/Eris_20260629_EOD_ParCouponCurve_SOFR.csv
2026-06-29,SOFR18M,2026-07-01,2028-01-05,3.9780441256,SOFRON Actual/360,raw/free_supplement/Eris_20260629_EOD_ParCouponCurve_SOFR.csv
2026-06-29,SOFR2Y,2026-07-01,2028-07-06,3.9601724785,SOFRON Actual/360,raw/free_supplement/Eris_20260629_EOD_ParCouponCurve_SOFR.csv
2026-06-29,SOFR3Y,2026-07-01,2029-07-05,3.8967507069,SOFRON Actual/360,raw/free_supplement/Eris_20260629_EOD_ParCouponCurve_SOFR.csv
2026-06-29,SOFR4Y,2026-07-01,2030-07-03,3.8611681585,SOFRON Actual/360,raw/free_supplement/Eris_20260629_EOD_ParCouponCurve_SOFR.csv
2026-06-29,SOFR5Y,2026-07-01,2031-07-03,3.8535723524,SOFRON Actual/360,raw/free_supplement/Eris_20260629_EOD_ParCouponCurve_SOFR.csv
2026-06-29,SOFR6Y,2026-07-01,2032-07-06,3.8644617818,SOFRON Actual/360,raw/free_supplement/Eris_20260629_EOD_ParCouponCurve_SOFR.csv
2026-06-29,SOFR7Y,2026-07-01,2033-07-06,3.8847579431,SOFRON Actual/360,raw/free_supplement/Eris_20260629_EOD_ParCouponCurve_SOFR.csv
2026-06-29,SOFR8Y,2026-07-01,2034-07-06,3.9095309535,SOFRON Actual/360,raw/free_supplement/Eris_20260629_EOD_ParCouponCurve_SOFR.csv
2026-06-29,SOFR9Y,2026-07-01,2035-07-05,3.9366874136,SOFRON Actual/360,raw/free_supplement/Eris_20260629_EOD_ParCouponCurve_SOFR.csv
2026-06-29,SOFR10Y,2026-07-01,2036-07-03,3.9661366361,SOFRON Actual/360,raw/free_supplement/Eris_20260629_EOD_ParCouponCurve_SOFR.csv
2026-06-29,SOFR12Y,2026-07-01,2038-07-06,4.0286674949,SOFRON Actual/360,raw/free_supplement/Eris_20260629_EOD_ParCouponCurve_SOFR.csv
2026-06-29,SOFR15Y,2026-07-01,2041-07-03,4.1113795809,SOFRON Actual/360,raw/free_supplement/Eris_20260629_EOD_ParCouponCurve_SOFR.csv
2026-06-29,SOFR20Y,2026-07-01,2046-07-05,4.1811554479,SOFRON Actual/360,raw/free_supplement/Eris_20260629_EOD_ParCouponCurve_SOFR.csv
2026-06-29,SOFR25Y,2026-07-01,2051-07-06,4.1759143097,SOFRON Actual/360,raw/free_supplement/Eris_20260629_EOD_ParCouponCurve_SOFR.csv
2026-06-29,SOFR30Y,2026-07-01,2056-07-06,4.1351953997,SOFRON Actual/360,raw/free_supplement/Eris_20260629_EOD_ParCouponCurve_SOFR.csv
2026-06-29,SOFR40Y,2026-07-01,2066-07-06,4.0144137767,SOFRON Actual/360,raw/free_supplement/Eris_20260629_EOD_ParCouponCurve_SOFR.csv
2026-06-29,SOFR50Y,2026-07-01,2076-07-06,3.8775506963,SOFRON Actual/360,raw/free_supplement/Eris_20260629_EOD_ParCouponCurve_SOFR.csv
2026-07-01,SOFR1D,2026-07-06,2026-07-09,3.6316179462,SOFRON Actual/360,raw/free_supplement/Eris_20260701_EOD_ParCouponCurve_SOFR.csv
2026-07-01,SOFR1W,2026-07-06,2026-07-15,3.634540879,SOFRON Actual/360,raw/free_supplement/Eris_20260701_EOD_ParCouponCurve_SOFR.csv
2026-07-01,SOFR1M,2026-07-06,2026-08-10,3.655785226,SOFRON Actual/360,raw/free_supplement/Eris_20260701_EOD_ParCouponCurve_SOFR.csv
2026-07-01,SOFR3M,2026-07-06,2026-10-08,3.7395812076,SOFRON Actual/360,raw/free_supplement/Eris_20260701_EOD_ParCouponCurve_SOFR.csv
2026-07-01,SOFR6M,2026-07-06,2027-01-08,3.8617286822,SOFRON Actual/360,raw/free_supplement/Eris_20260701_EOD_ParCouponCurve_SOFR.csv
2026-07-01,SOFR9M,2026-07-06,2027-04-08,3.9575352437,SOFRON Actual/360,raw/free_supplement/Eris_20260701_EOD_ParCouponCurve_SOFR.csv
2026-07-01,SOFR12M,2026-07-06,2027-07-08,4.0243136918,SOFRON Actual/360,raw/free_supplement/Eris_20260701_EOD_ParCouponCurve_SOFR.csv
2026-07-01,SOFR18M,2026-07-06,2028-01-10,4.0289616156,SOFRON Actual/360,raw/free_supplement/Eris_20260701_EOD_ParCouponCurve_SOFR.csv
2026-07-01,SOFR2Y,2026-07-06,2028-07-10,4.0195479992,SOFRON Actual/360,raw/free_supplement/Eris_20260701_EOD_ParCouponCurve_SOFR.csv
2026-07-01,SOFR3Y,2026-07-06,2029-07-10,3.9690857215,SOFRON Actual/360,raw/free_supplement/Eris_20260701_EOD_ParCouponCurve_SOFR.csv
2026-07-01,SOFR4Y,2026-07-06,2030-07-10,3.9441234617,SOFRON Actual/360,raw/free_supplement/Eris_20260701_EOD_ParCouponCurve_SOFR.csv
2026-07-01,SOFR5Y,2026-07-06,2031-07-09,3.9437065426,SOFRON Actual/360,raw/free_supplement/Eris_20260701_EOD_ParCouponCurve_SOFR.csv
2026-07-01,SOFR6Y,2026-07-06,2032-07-08,3.957884199,SOFRON Actual/360,raw/free_supplement/Eris_20260701_EOD_ParCouponCurve_SOFR.csv
2026-07-01,SOFR7Y,2026-07-06,2033-07-08,3.9803984479,SOFRON Actual/360,raw/free_supplement/Eris_20260701_EOD_ParCouponCurve_SOFR.csv
2026-07-01,SOFR8Y,2026-07-06,2034-07-10,4.0072151073,SOFRON Actual/360,raw/free_supplement/Eris_20260701_EOD_ParCouponCurve_SOFR.csv
2026-07-01,SOFR9Y,2026-07-06,2035-07-10,4.0362962657,SOFRON Actual/360,raw/free_supplement/Eris_20260701_EOD_ParCouponCurve_SOFR.csv
2026-07-01,SOFR10Y,2026-07-06,2036-07-09,4.0667136088,SOFRON Actual/360,raw/free_supplement/Eris_20260701_EOD_ParCouponCurve_SOFR.csv
2026-07-01,SOFR12Y,2026-07-06,2038-07-08,4.1277784105,SOFRON Actual/360,raw/free_supplement/Eris_20260701_EOD_ParCouponCurve_SOFR.csv
2026-07-01,SOFR15Y,2026-07-06,2041-07-10,4.2106738528,SOFRON Actual/360,raw/free_supplement/Eris_20260701_EOD_ParCouponCurve_SOFR.csv
2026-07-01,SOFR20Y,2026-07-06,2046-07-10,4.2789176343,SOFRON Actual/360,raw/free_supplement/Eris_20260701_EOD_ParCouponCurve_SOFR.csv
2026-07-01,SOFR25Y,2026-07-06,2051-07-10,4.2730213854,SOFRON Actual/360,raw/free_supplement/Eris_20260701_EOD_ParCouponCurve_SOFR.csv
2026-07-01,SOFR30Y,2026-07-06,2056-07-10,4.2325730307,SOFRON Actual/360,raw/free_supplement/Eris_20260701_EOD_ParCouponCurve_SOFR.csv
2026-07-01,SOFR40Y,2026-07-06,2066-07-08,4.1104226858,SOFRON Actual/360,raw/free_supplement/Eris_20260701_EOD_ParCouponCurve_SOFR.csv
2026-07-01,SOFR50Y,2026-07-06,2076-07-08,3.9751135376,SOFRON Actual/360,raw/free_supplement/Eris_20260701_EOD_ParCouponCurve_SOFR.csv
2026-07-02,SOFR1D,2026-07-07,2026-07-10,3.6357215934,SOFRON Actual/360,raw/free_supplement/Eris_20260702_EOD_ParCouponCurve_SOFR.csv
2026-07-02,SOFR1W,2026-07-07,2026-07-16,3.6380964301,SOFRON Actual/360,raw/free_supplement/Eris_20260702_EOD_ParCouponCurve_SOFR.csv
2026-07-02,SOFR1M,2026-07-07,2026-08-11,3.6542574207,SOFRON Actual/360,raw/free_supplement/Eris_20260702_EOD_ParCouponCurve_SOFR.csv
2026-07-02,SOFR3M,2026-07-07,2026-10-09,3.7193567517,SOFRON Actual/360,raw/free_supplement/Eris_20260702_EOD_ParCouponCurve_SOFR.csv
2026-07-02,SOFR6M,2026-07-07,2027-01-11,3.8255482967,SOFRON Actual/360,raw/free_supplement/Eris_20260702_EOD_ParCouponCurve_SOFR.csv
2026-07-02,SOFR9M,2026-07-07,2027-04-09,3.9152331165,SOFRON Actual/360,raw/free_supplement/Eris_20260702_EOD_ParCouponCurve_SOFR.csv
2026-07-02,SOFR12M,2026-07-07,2027-07-09,3.9803505956,SOFRON Actual/360,raw/free_supplement/Eris_20260702_EOD_ParCouponCurve_SOFR.csv
2026-07-02,SOFR18M,2026-07-07,2028-01-11,3.9878568838,SOFRON Actual/360,raw/free_supplement/Eris_20260702_EOD_ParCouponCurve_SOFR.csv
2026-07-02,SOFR2Y,2026-07-07,2028-07-11,3.9831716393,SOFRON Actual/360,raw/free_supplement/Eris_20260702_EOD_ParCouponCurve_SOFR.csv
2026-07-02,SOFR3Y,2026-07-07,2029-07-11,3.9454945118,SOFRON Actual/360,raw/free_supplement/Eris_20260702_EOD_ParCouponCurve_SOFR.csv
2026-07-02,SOFR4Y,2026-07-07,2030-07-10,3.9302212579,SOFRON Actual/360,raw/free_supplement/Eris_20260702_EOD_ParCouponCurve_SOFR.csv
2026-07-02,SOFR5Y,2026-07-07,2031-07-09,3.9345034936,SOFRON Actual/360,raw/free_supplement/Eris_20260702_EOD_ParCouponCurve_SOFR.csv
2026-07-02,SOFR6Y,2026-07-07,2032-07-09,3.9516020779,SOFRON Actual/360,raw/free_supplement/Eris_20260702_EOD_ParCouponCurve_SOFR.csv
2026-07-02,SOFR7Y,2026-07-07,2033-07-11,3.9755980229,SOFRON Actual/360,raw/free_supplement/Eris_20260702_EOD_ParCouponCurve_SOFR.csv
2026-07-02,SOFR8Y,2026-07-07,2034-07-11,4.0032400618,SOFRON Actual/360,raw/free_supplement/Eris_20260702_EOD_ParCouponCurve_SOFR.csv
2026-07-02,SOFR9Y,2026-07-07,2035-07-11,4.0333571844,SOFRON Actual/360,raw/free_supplement/Eris_20260702_EOD_ParCouponCurve_SOFR.csv
2026-07-02,SOFR10Y,2026-07-07,2036-07-09,4.0647448168,SOFRON Actual/360,raw/free_supplement/Eris_20260702_EOD_ParCouponCurve_SOFR.csv
2026-07-02,SOFR12Y,2026-07-07,2038-07-09,4.1296216611,SOFRON Actual/360,raw/free_supplement/Eris_20260702_EOD_ParCouponCurve_SOFR.csv
2026-07-02,SOFR15Y,2026-07-07,2041-07-10,4.214741342,SOFRON Actual/360,raw/free_supplement/Eris_20260702_EOD_ParCouponCurve_SOFR.csv
2026-07-02,SOFR20Y,2026-07-07,2046-07-11,4.2865907834,SOFRON Actual/360,raw/free_supplement/Eris_20260702_EOD_ParCouponCurve_SOFR.csv
2026-07-02,SOFR25Y,2026-07-07,2051-07-11,4.2820782522,SOFRON Actual/360,raw/free_supplement/Eris_20260702_EOD_ParCouponCurve_SOFR.csv
2026-07-02,SOFR30Y,2026-07-07,2056-07-11,4.2431539218,SOFRON Actual/360,raw/free_supplement/Eris_20260702_EOD_ParCouponCurve_SOFR.csv
2026-07-02,SOFR40Y,2026-07-07,2066-07-09,4.1214544565,SOFRON Actual/360,raw/free_supplement/Eris_20260702_EOD_ParCouponCurve_SOFR.csv
2026-07-02,SOFR50Y,2026-07-07,2076-07-09,3.985897801,SOFRON Actual/360,raw/free_supplement/Eris_20260702_EOD_ParCouponCurve_SOFR.csv
2026-07-07,SOFR1D,2026-07-09,2026-07-14,3.6310980621,SOFRON Actual/360,raw/free_supplement/Eris_20260707_EOD_ParCouponCurve_SOFR.csv
2026-07-07,SOFR1W,2026-07-09,2026-07-20,3.6335492952,SOFRON Actual/360,raw/free_supplement/Eris_20260707_EOD_ParCouponCurve_SOFR.csv
2026-07-07,SOFR1M,2026-07-09,2026-08-12,3.6561107621,SOFRON Actual/360,raw/free_supplement/Eris_20260707_EOD_ParCouponCurve_SOFR.csv
2026-07-07,SOFR3M,2026-07-09,2026-10-14,3.7379577437,SOFRON Actual/360,raw/free_supplement/Eris_20260707_EOD_ParCouponCurve_SOFR.csv
2026-07-07,SOFR6M,2026-07-09,2027-01-13,3.8570235063,SOFRON Actual/360,raw/free_supplement/Eris_20260707_EOD_ParCouponCurve_SOFR.csv
2026-07-07,SOFR9M,2026-07-09,2027-04-13,3.9450103603,SOFRON Actual/360,raw/free_supplement/Eris_20260707_EOD_ParCouponCurve_SOFR.csv
2026-07-07,SOFR12M,2026-07-09,2027-07-13,4.0097149468,SOFRON Actual/360,raw/free_supplement/Eris_20260707_EOD_ParCouponCurve_SOFR.csv
2026-07-07,SOFR18M,2026-07-09,2028-01-12,4.0193994529,SOFRON Actual/360,raw/free_supplement/Eris_20260707_EOD_ParCouponCurve_SOFR.csv
2026-07-07,SOFR2Y,2026-07-09,2028-07-12,4.0152659362,SOFRON Actual/360,raw/free_supplement/Eris_20260707_EOD_ParCouponCurve_SOFR.csv
2026-07-07,SOFR3Y,2026-07-09,2029-07-11,3.9778731896,SOFRON Actual/360,raw/free_supplement/Eris_20260707_EOD_ParCouponCurve_SOFR.csv
2026-07-07,SOFR4Y,2026-07-09,2030-07-11,3.9650714335,SOFRON Actual/360,raw/free_supplement/Eris_20260707_EOD_ParCouponCurve_SOFR.csv
2026-07-07,SOFR5Y,2026-07-09,2031-07-11,3.9700068339,SOFRON Actual/360,raw/free_supplement/Eris_20260707_EOD_ParCouponCurve_SOFR.csv
2026-07-07,SOFR6Y,2026-07-09,2032-07-13,3.99050724,SOFRON Actual/360,raw/free_supplement/Eris_20260707_EOD_ParCouponCurve_SOFR.csv
2026-07-07,SOFR7Y,2026-07-09,2033-07-13,4.0198372705,SOFRON Actual/360,raw/free_supplement/Eris_20260707_EOD_ParCouponCurve_SOFR.csv
2026-07-07,SOFR8Y,2026-07-09,2034-07-12,4.0509294592,SOFRON Actual/360,raw/free_supplement/Eris_20260707_EOD_ParCouponCurve_SOFR.csv
2026-07-07,SOFR9Y,2026-07-09,2035-07-11,4.0829481725,SOFRON Actual/360,raw/free_supplement/Eris_20260707_EOD_ParCouponCurve_SOFR.csv
2026-07-07,SOFR10Y,2026-07-09,2036-07-11,4.1163430615,SOFRON Actual/360,raw/free_supplement/Eris_20260707_EOD_ParCouponCurve_SOFR.csv
2026-07-07,SOFR12Y,2026-07-09,2038-07-13,4.1848144227,SOFRON Actual/360,raw/free_supplement/Eris_20260707_EOD_ParCouponCurve_SOFR.csv
2026-07-07,SOFR15Y,2026-07-09,2041-07-11,4.2738236841,SOFRON Actual/360,raw/free_supplement/Eris_20260707_EOD_ParCouponCurve_SOFR.csv
2026-07-07,SOFR20Y,2026-07-09,2046-07-11,4.3494493085,SOFRON Actual/360,raw/free_supplement/Eris_20260707_EOD_ParCouponCurve_SOFR.csv
2026-07-07,SOFR25Y,2026-07-09,2051-07-12,4.3478080994,SOFRON Actual/360,raw/free_supplement/Eris_20260707_EOD_ParCouponCurve_SOFR.csv
2026-07-07,SOFR30Y,2026-07-09,2056-07-12,4.3115313336,SOFRON Actual/360,raw/free_supplement/Eris_20260707_EOD_ParCouponCurve_SOFR.csv
2026-07-07,SOFR40Y,2026-07-09,2066-07-13,4.1894202641,SOFRON Actual/360,raw/free_supplement/Eris_20260707_EOD_ParCouponCurve_SOFR.csv
2026-07-07,SOFR50Y,2026-07-09,2076-07-13,4.0539556436,SOFRON Actual/360,raw/free_supplement/Eris_20260707_EOD_ParCouponCurve_SOFR.csv
2026-07-08,SOFR1D,2026-07-10,2026-07-15,3.6192590894,SOFRON Actual/360,raw/free_supplement/Eris_20260708_EOD_ParCouponCurve_SOFR.csv
2026-07-08,SOFR1W,2026-07-10,2026-07-21,3.6211732203,SOFRON Actual/360,raw/free_supplement/Eris_20260708_EOD_ParCouponCurve_SOFR.csv
2026-07-08,SOFR1M,2026-07-10,2026-08-12,3.6449609468,SOFRON Actual/360,raw/free_supplement/Eris_20260708_EOD_ParCouponCurve_SOFR.csv
2026-07-08,SOFR3M,2026-07-10,2026-10-15,3.7431234446,SOFRON Actual/360,raw/free_supplement/Eris_20260708_EOD_ParCouponCurve_SOFR.csv
2026-07-08,SOFR6M,2026-07-10,2027-01-13,3.8693921071,SOFRON Actual/360,raw/free_supplement/Eris_20260708_EOD_ParCouponCurve_SOFR.csv
2026-07-08,SOFR9M,2026-07-10,2027-04-14,3.9672034044,SOFRON Actual/360,raw/free_supplement/Eris_20260708_EOD_ParCouponCurve_SOFR.csv
2026-07-08,SOFR12M,2026-07-10,2027-07-14,4.037723815,SOFRON Actual/360,raw/free_supplement/Eris_20260708_EOD_ParCouponCurve_SOFR.csv
2026-07-08,SOFR18M,2026-07-10,2028-01-12,4.0508359981,SOFRON Actual/360,raw/free_supplement/Eris_20260708_EOD_ParCouponCurve_SOFR.csv
2026-07-08,SOFR2Y,2026-07-10,2028-07-12,4.0534812144,SOFRON Actual/360,raw/free_supplement/Eris_20260708_EOD_ParCouponCurve_SOFR.csv
2026-07-08,SOFR3Y,2026-07-10,2029-07-12,4.0272468335,SOFRON Actual/360,raw/free_supplement/Eris_20260708_EOD_ParCouponCurve_SOFR.csv
2026-07-08,SOFR4Y,2026-07-10,2030-07-12,4.0167479901,SOFRON Actual/360,raw/free_supplement/Eris_20260708_EOD_ParCouponCurve_SOFR.csv
2026-07-08,SOFR5Y,2026-07-10,2031-07-14,4.0224636933,SOFRON Actual/360,raw/free_supplement/Eris_20260708_EOD_ParCouponCurve_SOFR.csv
2026-07-08,SOFR6Y,2026-07-10,2032-07-14,4.0422605529,SOFRON Actual/360,raw/free_supplement/Eris_20260708_EOD_ParCouponCurve_SOFR.csv
2026-07-08,SOFR7Y,2026-07-10,2033-07-13,4.0681764915,SOFRON Actual/360,raw/free_supplement/Eris_20260708_EOD_ParCouponCurve_SOFR.csv
2026-07-08,SOFR8Y,2026-07-10,2034-07-12,4.0954674121,SOFRON Actual/360,raw/free_supplement/Eris_20260708_EOD_ParCouponCurve_SOFR.csv
2026-07-08,SOFR9Y,2026-07-10,2035-07-12,4.1238527307,SOFRON Actual/360,raw/free_supplement/Eris_20260708_EOD_ParCouponCurve_SOFR.csv
2026-07-08,SOFR10Y,2026-07-10,2036-07-14,4.1539941952,SOFRON Actual/360,raw/free_supplement/Eris_20260708_EOD_ParCouponCurve_SOFR.csv
2026-07-08,SOFR12Y,2026-07-10,2038-07-14,4.2182550208,SOFRON Actual/360,raw/free_supplement/Eris_20260708_EOD_ParCouponCurve_SOFR.csv
2026-07-08,SOFR15Y,2026-07-10,2041-07-12,4.3030564971,SOFRON Actual/360,raw/free_supplement/Eris_20260708_EOD_ParCouponCurve_SOFR.csv
2026-07-08,SOFR20Y,2026-07-10,2046-07-12,4.37393577,SOFRON Actual/360,raw/free_supplement/Eris_20260708_EOD_ParCouponCurve_SOFR.csv
2026-07-08,SOFR25Y,2026-07-10,2051-07-12,4.3695002899,SOFRON Actual/360,raw/free_supplement/Eris_20260708_EOD_ParCouponCurve_SOFR.csv
2026-07-08,SOFR30Y,2026-07-10,2056-07-12,4.3292382382,SOFRON Actual/360,raw/free_supplement/Eris_20260708_EOD_ParCouponCurve_SOFR.csv
2026-07-08,SOFR40Y,2026-07-10,2066-07-14,4.2084219589,SOFRON Actual/360,raw/free_supplement/Eris_20260708_EOD_ParCouponCurve_SOFR.csv
2026-07-08,SOFR50Y,2026-07-10,2076-07-14,4.0744152675,SOFRON Actual/360,raw/free_supplement/Eris_20260708_EOD_ParCouponCurve_SOFR.csv
2026-07-09,SOFR1D,2026-07-13,2026-07-16,3.609225512,SOFRON Actual/360,raw/free_supplement/Eris_20260709_EOD_ParCouponCurve_SOFR.csv
2026-07-09,SOFR1W,2026-07-13,2026-07-22,3.6125040019,SOFRON Actual/360,raw/free_supplement/Eris_20260709_EOD_ParCouponCurve_SOFR.csv
2026-07-09,SOFR1M,2026-07-13,2026-08-17,3.6382143725,SOFRON Actual/360,raw/free_supplement/Eris_20260709_EOD_ParCouponCurve_SOFR.csv
2026-07-09,SOFR3M,2026-07-13,2026-10-15,3.7261174853,SOFRON Actual/360,raw/free_supplement/Eris_20260709_EOD_ParCouponCurve_SOFR.csv
2026-07-09,SOFR6M,2026-07-13,2027-01-15,3.8453384985,SOFRON Actual/360,raw/free_supplement/Eris_20260709_EOD_ParCouponCurve_SOFR.csv
2026-07-09,SOFR9M,2026-07-13,2027-04-15,3.9374710889,SOFRON Actual/360,raw/free_supplement/Eris_20260709_EOD_ParCouponCurve_SOFR.csv
2026-07-09,SOFR12M,2026-07-13,2027-07-15,4.0054465982,SOFRON Actual/360,raw/free_supplement/Eris_20260709_EOD_ParCouponCurve_SOFR.csv
2026-07-09,SOFR18M,2026-07-13,2028-01-18,4.0163618249,SOFRON Actual/360,raw/free_supplement/Eris_20260709_EOD_ParCouponCurve_SOFR.csv
2026-07-09,SOFR2Y,2026-07-13,2028-07-17,4.0168901495,SOFRON Actual/360,raw/free_supplement/Eris_20260709_EOD_ParCouponCurve_SOFR.csv
2026-07-09,SOFR3Y,2026-07-13,2029-07-17,3.9875639267,SOFRON Actual/360,raw/free_supplement/Eris_20260709_EOD_ParCouponCurve_SOFR.csv
2026-07-09,SOFR4Y,2026-07-13,2030-07-17,3.9753469854,SOFRON Actual/360,raw/free_supplement/Eris_20260709_EOD_ParCouponCurve_SOFR.csv
2026-07-09,SOFR5Y,2026-07-13,2031-07-16,3.9826489296,SOFRON Actual/360,raw/free_supplement/Eris_20260709_EOD_ParCouponCurve_SOFR.csv
2026-07-09,SOFR6Y,2026-07-13,2032-07-15,4.0040449889,SOFRON Actual/360,raw/free_supplement/Eris_20260709_EOD_ParCouponCurve_SOFR.csv
2026-07-09,SOFR7Y,2026-07-13,2033-07-15,4.0323052645,SOFRON Actual/360,raw/free_supplement/Eris_20260709_EOD_ParCouponCurve_SOFR.csv
2026-07-09,SOFR8Y,2026-07-13,2034-07-17,4.0629127491,SOFRON Actual/360,raw/free_supplement/Eris_20260709_EOD_ParCouponCurve_SOFR.csv
2026-07-09,SOFR9Y,2026-07-13,2035-07-17,4.0945258661,SOFRON Actual/360,raw/free_supplement/Eris_20260709_EOD_ParCouponCurve_SOFR.csv
2026-07-09,SOFR10Y,2026-07-13,2036-07-16,4.1269904682,SOFRON Actual/360,raw/free_supplement/Eris_20260709_EOD_ParCouponCurve_SOFR.csv
2026-07-09,SOFR12Y,2026-07-13,2038-07-15,4.1919078826,SOFRON Actual/360,raw/free_supplement/Eris_20260709_EOD_ParCouponCurve_SOFR.csv
2026-07-09,SOFR15Y,2026-07-13,2041-07-17,4.2795687902,SOFRON Actual/360,raw/free_supplement/Eris_20260709_EOD_ParCouponCurve_SOFR.csv
2026-07-09,SOFR20Y,2026-07-13,2046-07-17,4.3534621179,SOFRON Actual/360,raw/free_supplement/Eris_20260709_EOD_ParCouponCurve_SOFR.csv
2026-07-09,SOFR25Y,2026-07-13,2051-07-17,4.3519159402,SOFRON Actual/360,raw/free_supplement/Eris_20260709_EOD_ParCouponCurve_SOFR.csv
2026-07-09,SOFR30Y,2026-07-13,2056-07-17,4.3141929144,SOFRON Actual/360,raw/free_supplement/Eris_20260709_EOD_ParCouponCurve_SOFR.csv
2026-07-09,SOFR40Y,2026-07-13,2066-07-15,4.194562985,SOFRON Actual/360,raw/free_supplement/Eris_20260709_EOD_ParCouponCurve_SOFR.csv
2026-07-09,SOFR50Y,2026-07-13,2076-07-15,4.0595537283,SOFRON Actual/360,raw/free_supplement/Eris_20260709_EOD_ParCouponCurve_SOFR.csv
2026-07-13,SOFR1D,2026-07-15,2026-07-20,3.6305661006,SOFRON Actual/360,raw/free_supplement/Eris_20260713_EOD_ParCouponCurve_SOFR.csv
2026-07-13,SOFR1W,2026-07-15,2026-07-24,3.6346502933,SOFRON Actual/360,raw/free_supplement/Eris_20260713_EOD_ParCouponCurve_SOFR.csv
2026-07-13,SOFR1M,2026-07-15,2026-08-19,3.6784930828,SOFRON Actual/360,raw/free_supplement/Eris_20260713_EOD_ParCouponCurve_SOFR.csv
2026-07-13,SOFR3M,2026-07-15,2026-10-19,3.7900631661,SOFRON Actual/360,raw/free_supplement/Eris_20260713_EOD_ParCouponCurve_SOFR.csv
2026-07-13,SOFR6M,2026-07-15,2027-01-20,3.9258089554,SOFRON Actual/360,raw/free_supplement/Eris_20260713_EOD_ParCouponCurve_SOFR.csv
2026-07-13,SOFR9M,2026-07-15,2027-04-19,4.0287819313,SOFRON Actual/360,raw/free_supplement/Eris_20260713_EOD_ParCouponCurve_SOFR.csv
2026-07-13,SOFR12M,2026-07-15,2027-07-19,4.1025757864,SOFRON Actual/360,raw/free_supplement/Eris_20260713_EOD_ParCouponCurve_SOFR.csv
2026-07-13,SOFR18M,2026-07-15,2028-01-20,4.1169397575,SOFRON Actual/360,raw/free_supplement/Eris_20260713_EOD_ParCouponCurve_SOFR.csv
2026-07-13,SOFR2Y,2026-07-15,2028-07-19,4.1188586175,SOFRON Actual/360,raw/free_supplement/Eris_20260713_EOD_ParCouponCurve_SOFR.csv
2026-07-13,SOFR3Y,2026-07-15,2029-07-18,4.086912078,SOFRON Actual/360,raw/free_supplement/Eris_20260713_EOD_ParCouponCurve_SOFR.csv
2026-07-13,SOFR4Y,2026-07-15,2030-07-17,4.0721582627,SOFRON Actual/360,raw/free_supplement/Eris_20260713_EOD_ParCouponCurve_SOFR.csv
2026-07-13,SOFR5Y,2026-07-15,2031-07-17,4.0743817487,SOFRON Actual/360,raw/free_supplement/Eris_20260713_EOD_ParCouponCurve_SOFR.csv
2026-07-13,SOFR6Y,2026-07-15,2032-07-19,4.0898859347,SOFRON Actual/360,raw/free_supplement/Eris_20260713_EOD_ParCouponCurve_SOFR.csv
2026-07-13,SOFR7Y,2026-07-15,2033-07-19,4.1129244086,SOFRON Actual/360,raw/free_supplement/Eris_20260713_EOD_ParCouponCurve_SOFR.csv
2026-07-13,SOFR8Y,2026-07-15,2034-07-19,4.1393303694,SOFRON Actual/360,raw/free_supplement/Eris_20260713_EOD_ParCouponCurve_SOFR.csv
2026-07-13,SOFR9Y,2026-07-15,2035-07-18,4.1670635843,SOFRON Actual/360,raw/free_supplement/Eris_20260713_EOD_ParCouponCurve_SOFR.csv
2026-07-13,SOFR10Y,2026-07-15,2036-07-17,4.1959491883,SOFRON Actual/360,raw/free_supplement/Eris_20260713_EOD_ParCouponCurve_SOFR.csv
2026-07-13,SOFR12Y,2026-07-15,2038-07-19,4.2551687465,SOFRON Actual/360,raw/free_supplement/Eris_20260713_EOD_ParCouponCurve_SOFR.csv
2026-07-13,SOFR15Y,2026-07-15,2041-07-17,4.3359150407,SOFRON Actual/360,raw/free_supplement/Eris_20260713_EOD_ParCouponCurve_SOFR.csv
2026-07-13,SOFR20Y,2026-07-15,2046-07-18,4.4024572575,SOFRON Actual/360,raw/free_supplement/Eris_20260713_EOD_ParCouponCurve_SOFR.csv
2026-07-13,SOFR25Y,2026-07-15,2051-07-19,4.3978492623,SOFRON Actual/360,raw/free_supplement/Eris_20260713_EOD_ParCouponCurve_SOFR.csv
2026-07-13,SOFR30Y,2026-07-15,2056-07-19,4.359815463,SOFRON Actual/360,raw/free_supplement/Eris_20260713_EOD_ParCouponCurve_SOFR.csv
2026-07-13,SOFR40Y,2026-07-15,2066-07-19,4.2367443983,SOFRON Actual/360,raw/free_supplement/Eris_20260713_EOD_ParCouponCurve_SOFR.csv
2026-07-13,SOFR50Y,2026-07-15,2076-07-17,4.1006042947,SOFRON Actual/360,raw/free_supplement/Eris_20260713_EOD_ParCouponCurve_SOFR.csv
2026-07-14,SOFR1D,2026-07-16,2026-07-21,3.6427478331,SOFRON Actual/360,raw/free_supplement/Eris_20260714_EOD_ParCouponCurve_SOFR.csv
2026-07-14,SOFR1W,2026-07-16,2026-07-27,3.6449757864,SOFRON Actual/360,raw/free_supplement/Eris_20260714_EOD_ParCouponCurve_SOFR.csv
2026-07-14,SOFR1M,2026-07-16,2026-08-19,3.6637944805,SOFRON Actual/360,raw/free_supplement/Eris_20260714_EOD_ParCouponCurve_SOFR.csv
2026-07-14,SOFR3M,2026-07-16,2026-10-20,3.7348886512,SOFRON Actual/360,raw/free_supplement/Eris_20260714_EOD_ParCouponCurve_SOFR.csv
2026-07-14,SOFR6M,2026-07-16,2027-01-21,3.8500240208,SOFRON Actual/360,raw/free_supplement/Eris_20260714_EOD_ParCouponCurve_SOFR.csv
2026-07-14,SOFR9M,2026-07-16,2027-04-20,3.9376645166,SOFRON Actual/360,raw/free_supplement/Eris_20260714_EOD_ParCouponCurve_SOFR.csv
2026-07-14,SOFR12M,2026-07-16,2027-07-20,4.0106088959,SOFRON Actual/360,raw/free_supplement/Eris_20260714_EOD_ParCouponCurve_SOFR.csv
2026-07-14,SOFR18M,2026-07-16,2028-01-20,4.0353370131,SOFRON Actual/360,raw/free_supplement/Eris_20260714_EOD_ParCouponCurve_SOFR.csv
2026-07-14,SOFR2Y,2026-07-16,2028-07-19,4.0495327776,SOFRON Actual/360,raw/free_supplement/Eris_20260714_EOD_ParCouponCurve_SOFR.csv
2026-07-14,SOFR3Y,2026-07-16,2029-07-18,4.034889921,SOFRON Actual/360,raw/free_supplement/Eris_20260714_EOD_ParCouponCurve_SOFR.csv
2026-07-14,SOFR4Y,2026-07-16,2030-07-18,4.0289239116,SOFRON Actual/360,raw/free_supplement/Eris_20260714_EOD_ParCouponCurve_SOFR.csv
2026-07-14,SOFR5Y,2026-07-16,2031-07-18,4.0373190042,SOFRON Actual/360,raw/free_supplement/Eris_20260714_EOD_ParCouponCurve_SOFR.csv
2026-07-14,SOFR6Y,2026-07-16,2032-07-20,4.0587587625,SOFRON Actual/360,raw/free_supplement/Eris_20260714_EOD_ParCouponCurve_SOFR.csv
2026-07-14,SOFR7Y,2026-07-16,2033-07-20,4.0864416005,SOFRON Actual/360,raw/free_supplement/Eris_20260714_EOD_ParCouponCurve_SOFR.csv
2026-07-14,SOFR8Y,2026-07-16,2034-07-19,4.1148321669,SOFRON Actual/360,raw/free_supplement/Eris_20260714_EOD_ParCouponCurve_SOFR.csv
2026-07-14,SOFR9Y,2026-07-16,2035-07-18,4.1437124258,SOFRON Actual/360,raw/free_supplement/Eris_20260714_EOD_ParCouponCurve_SOFR.csv
2026-07-14,SOFR10Y,2026-07-16,2036-07-18,4.1737595778,SOFRON Actual/360,raw/free_supplement/Eris_20260714_EOD_ParCouponCurve_SOFR.csv
2026-07-14,SOFR12Y,2026-07-16,2038-07-20,4.2361006874,SOFRON Actual/360,raw/free_supplement/Eris_20260714_EOD_ParCouponCurve_SOFR.csv
2026-07-14,SOFR15Y,2026-07-16,2041-07-18,4.3205061949,SOFRON Actual/360,raw/free_supplement/Eris_20260714_EOD_ParCouponCurve_SOFR.csv
2026-07-14,SOFR20Y,2026-07-16,2046-07-18,4.3920105586,SOFRON Actual/360,raw/free_supplement/Eris_20260714_EOD_ParCouponCurve_SOFR.csv
2026-07-14,SOFR25Y,2026-07-16,2051-07-19,4.3923031045,SOFRON Actual/360,raw/free_supplement/Eris_20260714_EOD_ParCouponCurve_SOFR.csv
2026-07-14,SOFR30Y,2026-07-16,2056-07-19,4.3542384318,SOFRON Actual/360,raw/free_supplement/Eris_20260714_EOD_ParCouponCurve_SOFR.csv
2026-07-14,SOFR40Y,2026-07-16,2066-07-20,4.2305097121,SOFRON Actual/360,raw/free_supplement/Eris_20260714_EOD_ParCouponCurve_SOFR.csv
2026-07-14,SOFR50Y,2026-07-16,2076-07-20,4.0951560245,SOFRON Actual/360,raw/free_supplement/Eris_20260714_EOD_ParCouponCurve_SOFR.csv
2026-07-16,SOFR1D,2026-07-20,2026-07-23,3.6277061798,SOFRON Actual/360,raw/free_supplement/Eris_20260716_EOD_ParCouponCurve_SOFR.csv
2026-07-16,SOFR1W,2026-07-20,2026-07-29,3.6302739724,SOFRON Actual/360,raw/free_supplement/Eris_20260716_EOD_ParCouponCurve_SOFR.csv
2026-07-16,SOFR1M,2026-07-20,2026-08-24,3.6482049402,SOFRON Actual/360,raw/free_supplement/Eris_20260716_EOD_ParCouponCurve_SOFR.csv
2026-07-16,SOFR3M,2026-07-20,2026-10-22,3.7199512376,SOFRON Actual/360,raw/free_supplement/Eris_20260716_EOD_ParCouponCurve_SOFR.csv
2026-07-16,SOFR6M,2026-07-20,2027-01-22,3.8284494819,SOFRON Actual/360,raw/free_supplement/Eris_20260716_EOD_ParCouponCurve_SOFR.csv
2026-07-16,SOFR9M,2026-07-20,2027-04-22,3.9138576162,SOFRON Actual/360,raw/free_supplement/Eris_20260716_EOD_ParCouponCurve_SOFR.csv
2026-07-16,SOFR12M,2026-07-20,2027-07-22,3.9817027713,SOFRON Actual/360,raw/free_supplement/Eris_20260716_EOD_ParCouponCurve_SOFR.csv
2026-07-16,SOFR18M,2026-07-20,2028-01-24,3.9994398969,SOFRON Actual/360,raw/free_supplement/Eris_20260716_EOD_ParCouponCurve_SOFR.csv
2026-07-16,SOFR2Y,2026-07-20,2028-07-24,4.0088782222,SOFRON Actual/360,raw/free_supplement/Eris_20260716_EOD_ParCouponCurve_SOFR.csv
2026-07-16,SOFR3Y,2026-07-20,2029-07-24,3.9951494292,SOFRON Actual/360,raw/free_supplement/Eris_20260716_EOD_ParCouponCurve_SOFR.csv
2026-07-16,SOFR4Y,2026-07-20,2030-07-24,3.9937009003,SOFRON Actual/360,raw/free_supplement/Eris_20260716_EOD_ParCouponCurve_SOFR.csv
2026-07-16,SOFR5Y,2026-07-20,2031-07-23,4.0048665388,SOFRON Actual/360,raw/free_supplement/Eris_20260716_EOD_ParCouponCurve_SOFR.csv
2026-07-16,SOFR6Y,2026-07-20,2032-07-22,4.0312113835,SOFRON Actual/360,raw/free_supplement/Eris_20260716_EOD_ParCouponCurve_SOFR.csv
2026-07-16,SOFR7Y,2026-07-20,2033-07-22,4.0647841913,SOFRON Actual/360,raw/free_supplement/Eris_20260716_EOD_ParCouponCurve_SOFR.csv
2026-07-16,SOFR8Y,2026-07-20,2034-07-24,4.0988088693,SOFRON Actual/360,raw/free_supplement/Eris_20260716_EOD_ParCouponCurve_SOFR.csv
2026-07-16,SOFR9Y,2026-07-20,2035-07-24,4.1326434494,SOFRON Actual/360,raw/free_supplement/Eris_20260716_EOD_ParCouponCurve_SOFR.csv
2026-07-16,SOFR10Y,2026-07-20,2036-07-23,4.167214338,SOFRON Actual/360,raw/free_supplement/Eris_20260716_EOD_ParCouponCurve_SOFR.csv
2026-07-16,SOFR12Y,2026-07-20,2038-07-22,4.236642453,SOFRON Actual/360,raw/free_supplement/Eris_20260716_EOD_ParCouponCurve_SOFR.csv
2026-07-16,SOFR15Y,2026-07-20,2041-07-24,4.3262471507,SOFRON Actual/360,raw/free_supplement/Eris_20260716_EOD_ParCouponCurve_SOFR.csv
2026-07-16,SOFR20Y,2026-07-20,2046-07-24,4.4020572965,SOFRON Actual/360,raw/free_supplement/Eris_20260716_EOD_ParCouponCurve_SOFR.csv
2026-07-16,SOFR25Y,2026-07-20,2051-07-24,4.401321558,SOFRON Actual/360,raw/free_supplement/Eris_20260716_EOD_ParCouponCurve_SOFR.csv
2026-07-16,SOFR30Y,2026-07-20,2056-07-24,4.3640833796,SOFRON Actual/360,raw/free_supplement/Eris_20260716_EOD_ParCouponCurve_SOFR.csv
2026-07-16,SOFR40Y,2026-07-20,2066-07-22,4.2448640535,SOFRON Actual/360,raw/free_supplement/Eris_20260716_EOD_ParCouponCurve_SOFR.csv
2026-07-16,SOFR50Y,2026-07-20,2076-07-22,4.1114050336,SOFRON Actual/360,raw/free_supplement/Eris_20260716_EOD_ParCouponCurve_SOFR.csv
2026-07-17,SOFR1D,2026-07-21,2026-07-24,3.6285042348,SOFRON Actual/360,raw/free_supplement/Eris_20260717_EOD_ParCouponCurve_SOFR.csv
2026-07-17,SOFR1W,2026-07-21,2026-07-30,3.6312165232,SOFRON Actual/360,raw/free_supplement/Eris_20260717_EOD_ParCouponCurve_SOFR.csv
2026-07-17,SOFR1M,2026-07-21,2026-08-25,3.6504888969,SOFRON Actual/360,raw/free_supplement/Eris_20260717_EOD_ParCouponCurve_SOFR.csv
2026-07-17,SOFR3M,2026-07-21,2026-10-23,3.7326758217,SOFRON Actual/360,raw/free_supplement/Eris_20260717_EOD_ParCouponCurve_SOFR.csv
2026-07-17,SOFR6M,2026-07-21,2027-01-25,3.8539080145,SOFRON Actual/360,raw/free_supplement/Eris_20260717_EOD_ParCouponCurve_SOFR.csv
2026-07-17,SOFR9M,2026-07-21,2027-04-23,3.9412849633,SOFRON Actual/360,raw/free_supplement/Eris_20260717_EOD_ParCouponCurve_SOFR.csv
2026-07-17,SOFR12M,2026-07-21,2027-07-23,4.0059627844,SOFRON Actual/360,raw/free_supplement/Eris_20260717_EOD_ParCouponCurve_SOFR.csv
2026-07-17,SOFR18M,2026-07-21,2028-01-25,4.017129451,SOFRON Actual/360,raw/free_supplement/Eris_20260717_EOD_ParCouponCurve_SOFR.csv
2026-07-17,SOFR2Y,2026-07-21,2028-07-25,4.0202790866,SOFRON Actual/360,raw/free_supplement/Eris_20260717_EOD_ParCouponCurve_SOFR.csv
2026-07-17,SOFR3Y,2026-07-21,2029-07-25,3.9958965058,SOFRON Actual/360,raw/free_supplement/Eris_20260717_EOD_ParCouponCurve_SOFR.csv
2026-07-17,SOFR4Y,2026-07-21,2030-07-24,3.9845912515,SOFRON Actual/360,raw/free_supplement/Eris_20260717_EOD_ParCouponCurve_SOFR.csv
2026-07-17,SOFR5Y,2026-07-21,2031-07-23,3.9906527297,SOFRON Actual/360,raw/free_supplement/Eris_20260717_EOD_ParCouponCurve_SOFR.csv
2026-07-17,SOFR6Y,2026-07-21,2032-07-23,4.0121361895,SOFRON Actual/360,raw/free_supplement/Eris_20260717_EOD_ParCouponCurve_SOFR.csv
2026-07-17,SOFR7Y,2026-07-21,2033-07-25,4.0411718605,SOFRON Actual/360,raw/free_supplement/Eris_20260717_EOD_ParCouponCurve_SOFR.csv
2026-07-17,SOFR8Y,2026-07-21,2034-07-25,4.0724688264,SOFRON Actual/360,raw/free_supplement/Eris_20260717_EOD_ParCouponCurve_SOFR.csv
2026-07-17,SOFR9Y,2026-07-21,2035-07-25,4.1050347532,SOFRON Actual/360,raw/free_supplement/Eris_20260717_EOD_ParCouponCurve_SOFR.csv
2026-07-17,SOFR10Y,2026-07-21,2036-07-23,4.1381666365,SOFRON Actual/360,raw/free_supplement/Eris_20260717_EOD_ParCouponCurve_SOFR.csv
2026-07-17,SOFR12Y,2026-07-21,2038-07-23,4.2055072782,SOFRON Actual/360,raw/free_supplement/Eris_20260717_EOD_ParCouponCurve_SOFR.csv
2026-07-17,SOFR15Y,2026-07-21,2041-07-24,4.2929400368,SOFRON Actual/360,raw/free_supplement/Eris_20260717_EOD_ParCouponCurve_SOFR.csv
2026-07-17,SOFR20Y,2026-07-21,2046-07-25,4.3675366176,SOFRON Actual/360,raw/free_supplement/Eris_20260717_EOD_ParCouponCurve_SOFR.csv
2026-07-17,SOFR25Y,2026-07-21,2051-07-25,4.3657887714,SOFRON Actual/360,raw/free_supplement/Eris_20260717_EOD_ParCouponCurve_SOFR.csv
2026-07-17,SOFR30Y,2026-07-21,2056-07-25,4.3293819536,SOFRON Actual/360,raw/free_supplement/Eris_20260717_EOD_ParCouponCurve_SOFR.csv
2026-07-17,SOFR40Y,2026-07-21,2066-07-23,4.2099854159,SOFRON Actual/360,raw/free_supplement/Eris_20260717_EOD_ParCouponCurve_SOFR.csv
2026-07-17,SOFR50Y,2026-07-21,2076-07-23,4.0762337969,SOFRON Actual/360,raw/free_supplement/Eris_20260717_EOD_ParCouponCurve_SOFR.csv
2026-07-21,SOFR1D,2026-07-23,2026-07-28,3.6416402042,SOFRON Actual/360,raw/free_supplement/Eris_20260721_EOD_ParCouponCurve_SOFR.csv
2026-07-21,SOFR1W,2026-07-23,2026-08-03,3.6451823586,SOFRON Actual/360,raw/free_supplement/Eris_20260721_EOD_ParCouponCurve_SOFR.csv
2026-07-21,SOFR1M,2026-07-23,2026-08-26,3.6751931652,SOFRON Actual/360,raw/free_supplement/Eris_20260721_EOD_ParCouponCurve_SOFR.csv
2026-07-21,SOFR3M,2026-07-23,2026-10-27,3.7712413322,SOFRON Actual/360,raw/free_supplement/Eris_20260721_EOD_ParCouponCurve_SOFR.csv
2026-07-21,SOFR6M,2026-07-23,2027-01-27,3.9077517975,SOFRON Actual/360,raw/free_supplement/Eris_20260721_EOD_ParCouponCurve_SOFR.csv
2026-07-21,SOFR9M,2026-07-23,2027-04-27,4.0050256789,SOFRON Actual/360,raw/free_supplement/Eris_20260721_EOD_ParCouponCurve_SOFR.csv
2026-07-21,SOFR12M,2026-07-23,2027-07-27,4.080201565,SOFRON Actual/360,raw/free_supplement/Eris_20260721_EOD_ParCouponCurve_SOFR.csv
2026-07-21,SOFR18M,2026-07-23,2028-01-26,4.0999556608,SOFRON Actual/360,raw/free_supplement/Eris_20260721_EOD_ParCouponCurve_SOFR.csv
2026-07-21,SOFR2Y,2026-07-23,2028-07-26,4.109872588,SOFRON Actual/360,raw/free_supplement/Eris_20260721_EOD_ParCouponCurve_SOFR.csv
2026-07-21,SOFR3Y,2026-07-23,2029-07-25,4.0914583112,SOFRON Actual/360,raw/free_supplement/Eris_20260721_EOD_ParCouponCurve_SOFR.csv
2026-07-21,SOFR4Y,2026-07-23,2030-07-25,4.0822442769,SOFRON Actual/360,raw/free_supplement/Eris_20260721_EOD_ParCouponCurve_SOFR.csv
2026-07-21,SOFR5Y,2026-07-23,2031-07-25,4.0904626913,SOFRON Actual/360,raw/free_supplement/Eris_20260721_EOD_ParCouponCurve_SOFR.csv
2026-07-21,SOFR6Y,2026-07-23,2032-07-27,4.1099772176,SOFRON Actual/360,raw/free_supplement/Eris_20260721_EOD_ParCouponCurve_SOFR.csv
2026-07-21,SOFR7Y,2026-07-23,2033-07-27,4.135199223,SOFRON Actual/360,raw/free_supplement/Eris_20260721_EOD_ParCouponCurve_SOFR.csv
2026-07-21,SOFR8Y,2026-07-23,2034-07-26,4.1629418784,SOFRON Actual/360,raw/free_supplement/Eris_20260721_EOD_ParCouponCurve_SOFR.csv
2026-07-21,SOFR9Y,2026-07-23,2035-07-25,4.1925456399,SOFRON Actual/360,raw/free_supplement/Eris_20260721_EOD_ParCouponCurve_SOFR.csv
2026-07-21,SOFR10Y,2026-07-23,2036-07-25,4.223830549,SOFRON Actual/360,raw/free_supplement/Eris_20260721_EOD_ParCouponCurve_SOFR.csv
2026-07-21,SOFR12Y,2026-07-23,2038-07-27,4.2880077728,SOFRON Actual/360,raw/free_supplement/Eris_20260721_EOD_ParCouponCurve_SOFR.csv
2026-07-21,SOFR15Y,2026-07-23,2041-07-25,4.3716627668,SOFRON Actual/360,raw/free_supplement/Eris_20260721_EOD_ParCouponCurve_SOFR.csv
2026-07-21,SOFR20Y,2026-07-23,2046-07-25,4.4419485587,SOFRON Actual/360,raw/free_supplement/Eris_20260721_EOD_ParCouponCurve_SOFR.csv
2026-07-21,SOFR25Y,2026-07-23,2051-07-26,4.4377542464,SOFRON Actual/360,raw/free_supplement/Eris_20260721_EOD_ParCouponCurve_SOFR.csv
2026-07-21,SOFR30Y,2026-07-23,2056-07-26,4.4000731493,SOFRON Actual/360,raw/free_supplement/Eris_20260721_EOD_ParCouponCurve_SOFR.csv
2026-07-21,SOFR40Y,2026-07-23,2066-07-27,4.2784058098,SOFRON Actual/360,raw/free_supplement/Eris_20260721_EOD_ParCouponCurve_SOFR.csv
2026-07-21,SOFR50Y,2026-07-23,2076-07-27,4.1439039969,SOFRON Actual/360,raw/free_supplement/Eris_20260721_EOD_ParCouponCurve_SOFR.csv
2026-07-22,SOFR1D,2026-07-24,2026-07-29,3.6600558843,SOFRON Actual/360,raw/free_supplement/Eris_20260722_EOD_ParCouponCurve_SOFR.csv
2026-07-22,SOFR1W,2026-07-24,2026-08-04,3.662653876,SOFRON Actual/360,raw/free_supplement/Eris_20260722_EOD_ParCouponCurve_SOFR.csv
2026-07-22,SOFR1M,2026-07-24,2026-08-26,3.6910747836,SOFRON Actual/360,raw/free_supplement/Eris_20260722_EOD_ParCouponCurve_SOFR.csv
2026-07-22,SOFR3M,2026-07-24,2026-10-28,3.8010090679,SOFRON Actual/360,raw/free_supplement/Eris_20260722_EOD_ParCouponCurve_SOFR.csv
2026-07-22,SOFR6M,2026-07-24,2027-01-27,3.9436327408,SOFRON Actual/360,raw/free_supplement/Eris_20260722_EOD_ParCouponCurve_SOFR.csv
2026-07-22,SOFR9M,2026-07-24,2027-04-28,4.0472612023,SOFRON Actual/360,raw/free_supplement/Eris_20260722_EOD_ParCouponCurve_SOFR.csv
2026-07-22,SOFR12M,2026-07-24,2027-07-28,4.1233813841,SOFRON Actual/360,raw/free_supplement/Eris_20260722_EOD_ParCouponCurve_SOFR.csv
2026-07-22,SOFR18M,2026-07-24,2028-01-26,4.1422366938,SOFRON Actual/360,raw/free_supplement/Eris_20260722_EOD_ParCouponCurve_SOFR.csv
2026-07-22,SOFR2Y,2026-07-24,2028-07-26,4.1503548115,SOFRON Actual/360,raw/free_supplement/Eris_20260722_EOD_ParCouponCurve_SOFR.csv
2026-07-22,SOFR3Y,2026-07-24,2029-07-26,4.1291117219,SOFRON Actual/360,raw/free_supplement/Eris_20260722_EOD_ParCouponCurve_SOFR.csv
2026-07-22,SOFR4Y,2026-07-24,2030-07-26,4.1184922356,SOFRON Actual/360,raw/free_supplement/Eris_20260722_EOD_ParCouponCurve_SOFR.csv
2026-07-22,SOFR5Y,2026-07-24,2031-07-28,4.1259193489,SOFRON Actual/360,raw/free_supplement/Eris_20260722_EOD_ParCouponCurve_SOFR.csv
2026-07-22,SOFR6Y,2026-07-24,2032-07-28,4.1446199685,SOFRON Actual/360,raw/free_supplement/Eris_20260722_EOD_ParCouponCurve_SOFR.csv
2026-07-22,SOFR7Y,2026-07-24,2033-07-27,4.1678234827,SOFRON Actual/360,raw/free_supplement/Eris_20260722_EOD_ParCouponCurve_SOFR.csv
2026-07-22,SOFR8Y,2026-07-24,2034-07-26,4.1933652197,SOFRON Actual/360,raw/free_supplement/Eris_20260722_EOD_ParCouponCurve_SOFR.csv
2026-07-22,SOFR9Y,2026-07-24,2035-07-26,4.2207306928,SOFRON Actual/360,raw/free_supplement/Eris_20260722_EOD_ParCouponCurve_SOFR.csv
2026-07-22,SOFR10Y,2026-07-24,2036-07-28,4.2497903858,SOFRON Actual/360,raw/free_supplement/Eris_20260722_EOD_ParCouponCurve_SOFR.csv
2026-07-22,SOFR12Y,2026-07-24,2038-07-28,4.3108305868,SOFRON Actual/360,raw/free_supplement/Eris_20260722_EOD_ParCouponCurve_SOFR.csv
2026-07-22,SOFR15Y,2026-07-24,2041-07-26,4.3922807152,SOFRON Actual/360,raw/free_supplement/Eris_20260722_EOD_ParCouponCurve_SOFR.csv
2026-07-22,SOFR20Y,2026-07-24,2046-07-26,4.4601055383,SOFRON Actual/360,raw/free_supplement/Eris_20260722_EOD_ParCouponCurve_SOFR.csv
2026-07-22,SOFR25Y,2026-07-24,2051-07-26,4.4533352671,SOFRON Actual/360,raw/free_supplement/Eris_20260722_EOD_ParCouponCurve_SOFR.csv
2026-07-22,SOFR30Y,2026-07-24,2056-07-26,4.4118147878,SOFRON Actual/360,raw/free_supplement/Eris_20260722_EOD_ParCouponCurve_SOFR.csv
2026-07-22,SOFR40Y,2026-07-24,2066-07-28,4.291917291,SOFRON Actual/360,raw/free_supplement/Eris_20260722_EOD_ParCouponCurve_SOFR.csv
2026-07-22,SOFR50Y,2026-07-24,2076-07-28,4.158160639,SOFRON Actual/360,raw/free_supplement/Eris_20260722_EOD_ParCouponCurve_SOFR.csv
2026-07-23,SOFR1D,2026-07-27,2026-07-30,3.6641975332,SOFRON Actual/360,raw/free_supplement/Eris_20260723_EOD_ParCouponCurve_SOFR.csv
2026-07-23,SOFR1W,2026-07-27,2026-08-05,3.6701411622,SOFRON Actual/360,raw/free_supplement/Eris_20260723_EOD_ParCouponCurve_SOFR.csv
2026-07-23,SOFR1M,2026-07-27,2026-08-31,3.7073969838,SOFRON Actual/360,raw/free_supplement/Eris_20260723_EOD_ParCouponCurve_SOFR.csv
2026-07-23,SOFR3M,2026-07-27,2026-10-29,3.8262529805,SOFRON Actual/360,raw/free_supplement/Eris_20260723_EOD_ParCouponCurve_SOFR.csv
2026-07-23,SOFR6M,2026-07-27,2027-01-29,3.9760626972,SOFRON Actual/360,raw/free_supplement/Eris_20260723_EOD_ParCouponCurve_SOFR.csv
2026-07-23,SOFR9M,2026-07-27,2027-04-29,4.0831900509,SOFRON Actual/360,raw/free_supplement/Eris_20260723_EOD_ParCouponCurve_SOFR.csv
2026-07-23,SOFR12M,2026-07-27,2027-07-29,4.1661838956,SOFRON Actual/360,raw/free_supplement/Eris_20260723_EOD_ParCouponCurve_SOFR.csv
2026-07-23,SOFR18M,2026-07-27,2028-01-31,4.1935537347,SOFRON Actual/360,raw/free_supplement/Eris_20260723_EOD_ParCouponCurve_SOFR.csv
2026-07-23,SOFR2Y,2026-07-27,2028-07-31,4.2046679774,SOFRON Actual/360,raw/free_supplement/Eris_20260723_EOD_ParCouponCurve_SOFR.csv
2026-07-23,SOFR3Y,2026-07-27,2029-07-31,4.1819749683,SOFRON Actual/360,raw/free_supplement/Eris_20260723_EOD_ParCouponCurve_SOFR.csv
2026-07-23,SOFR4Y,2026-07-27,2030-07-31,4.168987571,SOFRON Actual/360,raw/free_supplement/Eris_20260723_EOD_ParCouponCurve_SOFR.csv
2026-07-23,SOFR5Y,2026-07-27,2031-07-30,4.1725673596,SOFRON Actual/360,raw/free_supplement/Eris_20260723_EOD_ParCouponCurve_SOFR.csv
2026-07-23,SOFR6Y,2026-07-27,2032-07-29,4.1881125161,SOFRON Actual/360,raw/free_supplement/Eris_20260723_EOD_ParCouponCurve_SOFR.csv
2026-07-23,SOFR7Y,2026-07-27,2033-07-29,4.2100730495,SOFRON Actual/360,raw/free_supplement/Eris_20260723_EOD_ParCouponCurve_SOFR.csv
2026-07-23,SOFR8Y,2026-07-27,2034-07-31,4.2348312733,SOFRON Actual/360,raw/free_supplement/Eris_20260723_EOD_ParCouponCurve_SOFR.csv
2026-07-23,SOFR9Y,2026-07-27,2035-07-31,4.2611760659,SOFRON Actual/360,raw/free_supplement/Eris_20260723_EOD_ParCouponCurve_SOFR.csv
2026-07-23,SOFR10Y,2026-07-27,2036-07-30,4.2888378451,SOFRON Actual/360,raw/free_supplement/Eris_20260723_EOD_ParCouponCurve_SOFR.csv
2026-07-23,SOFR12Y,2026-07-27,2038-07-29,4.3451595772,SOFRON Actual/360,raw/free_supplement/Eris_20260723_EOD_ParCouponCurve_SOFR.csv
2026-07-23,SOFR15Y,2026-07-27,2041-07-31,4.4209209156,SOFRON Actual/360,raw/free_supplement/Eris_20260723_EOD_ParCouponCurve_SOFR.csv
2026-07-23,SOFR20Y,2026-07-27,2046-07-31,4.4809642896,SOFRON Actual/360,raw/free_supplement/Eris_20260723_EOD_ParCouponCurve_SOFR.csv
2026-07-23,SOFR25Y,2026-07-27,2051-07-31,4.4690724279,SOFRON Actual/360,raw/free_supplement/Eris_20260723_EOD_ParCouponCurve_SOFR.csv
2026-07-23,SOFR30Y,2026-07-27,2056-07-31,4.4243851326,SOFRON Actual/360,raw/free_supplement/Eris_20260723_EOD_ParCouponCurve_SOFR.csv
2026-07-23,SOFR40Y,2026-07-27,2066-07-29,4.3022173904,SOFRON Actual/360,raw/free_supplement/Eris_20260723_EOD_ParCouponCurve_SOFR.csv
2026-07-23,SOFR50Y,2026-07-27,2076-07-29,4.1668575678,SOFRON Actual/360,raw/free_supplement/Eris_20260723_EOD_ParCouponCurve_SOFR.csv
2026-07-24,SOFR1D,2026-07-28,2026-07-31,3.6589062973,SOFRON Actual/360,raw/free_supplement/Eris_20260724_EOD_ParCouponCurve_SOFR.csv
2026-07-24,SOFR1W,2026-07-28,2026-08-06,3.6665261099,SOFRON Actual/360,raw/free_supplement/Eris_20260724_EOD_ParCouponCurve_SOFR.csv
2026-07-24,SOFR1M,2026-07-28,2026-09-01,3.7097534826,SOFRON Actual/360,raw/free_supplement/Eris_20260724_EOD_ParCouponCurve_SOFR.csv
2026-07-24,SOFR3M,2026-07-28,2026-10-30,3.8278446124,SOFRON Actual/360,raw/free_supplement/Eris_20260724_EOD_ParCouponCurve_SOFR.csv
2026-07-24,SOFR6M,2026-07-28,2027-02-01,3.9695516423,SOFRON Actual/360,raw/free_supplement/Eris_20260724_EOD_ParCouponCurve_SOFR.csv
2026-07-24,SOFR9M,2026-07-28,2027-04-30,4.0714579901,SOFRON Actual/360,raw/free_supplement/Eris_20260724_EOD_ParCouponCurve_SOFR.csv
2026-07-24,SOFR12M,2026-07-28,2027-07-30,4.1496574071,SOFRON Actual/360,raw/free_supplement/Eris_20260724_EOD_ParCouponCurve_SOFR.csv
2026-07-24,SOFR18M,2026-07-28,2028-02-01,4.1681359213,SOFRON Actual/360,raw/free_supplement/Eris_20260724_EOD_ParCouponCurve_SOFR.csv
2026-07-24,SOFR2Y,2026-07-28,2028-08-01,4.1748448707,SOFRON Actual/360,raw/free_supplement/Eris_20260724_EOD_ParCouponCurve_SOFR.csv
2026-07-24,SOFR3Y,2026-07-28,2029-08-01,4.1492188854,SOFRON Actual/360,raw/free_supplement/Eris_20260724_EOD_ParCouponCurve_SOFR.csv
2026-07-24,SOFR4Y,2026-07-28,2030-07-31,4.1367637318,SOFRON Actual/360,raw/free_supplement/Eris_20260724_EOD_ParCouponCurve_SOFR.csv
2026-07-24,SOFR5Y,2026-07-28,2031-07-30,4.1411904019,SOFRON Actual/360,raw/free_supplement/Eris_20260724_EOD_ParCouponCurve_SOFR.csv
2026-07-24,SOFR6Y,2026-07-28,2032-07-30,4.1604229226,SOFRON Actual/360,raw/free_supplement/Eris_20260724_EOD_ParCouponCurve_SOFR.csv
2026-07-24,SOFR7Y,2026-07-28,2033-08-01,4.1863599023,SOFRON Actual/360,raw/free_supplement/Eris_20260724_EOD_ParCouponCurve_SOFR.csv
2026-07-24,SOFR8Y,2026-07-28,2034-08-01,4.2133659799,SOFRON Actual/360,raw/free_supplement/Eris_20260724_EOD_ParCouponCurve_SOFR.csv
2026-07-24,SOFR9Y,2026-07-28,2035-08-01,4.2411714173,SOFRON Actual/360,raw/free_supplement/Eris_20260724_EOD_ParCouponCurve_SOFR.csv
2026-07-24,SOFR10Y,2026-07-28,2036-07-30,4.2698430352,SOFRON Actual/360,raw/free_supplement/Eris_20260724_EOD_ParCouponCurve_SOFR.csv
2026-07-24,SOFR12Y,2026-07-28,2038-07-30,4.3300613245,SOFRON Actual/360,raw/free_supplement/Eris_20260724_EOD_ParCouponCurve_SOFR.csv
2026-07-24,SOFR15Y,2026-07-28,2041-07-31,4.4096861901,SOFRON Actual/360,raw/free_supplement/Eris_20260724_EOD_ParCouponCurve_SOFR.csv
2026-07-24,SOFR20Y,2026-07-28,2046-08-01,4.4740758258,SOFRON Actual/360,raw/free_supplement/Eris_20260724_EOD_ParCouponCurve_SOFR.csv
2026-07-24,SOFR25Y,2026-07-28,2051-08-01,4.4651403813,SOFRON Actual/360,raw/free_supplement/Eris_20260724_EOD_ParCouponCurve_SOFR.csv
2026-07-24,SOFR30Y,2026-07-28,2056-08-01,4.4240767651,SOFRON Actual/360,raw/free_supplement/Eris_20260724_EOD_ParCouponCurve_SOFR.csv
2026-07-24,SOFR40Y,2026-07-28,2066-07-30,4.2991305372,SOFRON Actual/360,raw/free_supplement/Eris_20260724_EOD_ParCouponCurve_SOFR.csv
2026-07-24,SOFR50Y,2026-07-28,2076-07-30,4.1649410852,SOFRON Actual/360,raw/free_supplement/Eris_20260724_EOD_ParCouponCurve_SOFR.csv
2026-07-29,SOFR1D,2026-07-31,2026-08-05,3.6561170306,SOFRON Actual/360,raw/free_supplement/Eris_20260729_EOD_ParCouponCurve_SOFR.csv
2026-07-29,SOFR1W,2026-07-31,2026-08-11,3.6568006271,SOFRON Actual/360,raw/free_supplement/Eris_20260729_EOD_ParCouponCurve_SOFR.csv
2026-07-29,SOFR1M,2026-07-31,2026-09-02,3.6602838817,SOFRON Actual/360,raw/free_supplement/Eris_20260729_EOD_ParCouponCurve_SOFR.csv
2026-07-29,SOFR3M,2026-07-31,2026-11-03,3.7302331117,SOFRON Actual/360,raw/free_supplement/Eris_20260729_EOD_ParCouponCurve_SOFR.csv
2026-07-29,SOFR6M,2026-07-31,2027-02-02,3.8639322612,SOFRON Actual/360,raw/free_supplement/Eris_20260729_EOD_ParCouponCurve_SOFR.csv
2026-07-29,SOFR9M,2026-07-31,2027-05-04,3.9636615108,SOFRON Actual/360,raw/free_supplement/Eris_20260729_EOD_ParCouponCurve_SOFR.csv
2026-07-29,SOFR12M,2026-07-31,2027-08-03,4.0419770865,SOFRON Actual/360,raw/free_supplement/Eris_20260729_EOD_ParCouponCurve_SOFR.csv
2026-07-29,SOFR18M,2026-07-31,2028-02-02,4.0697537329,SOFRON Actual/360,raw/free_supplement/Eris_20260729_EOD_ParCouponCurve_SOFR.csv
2026-07-29,SOFR2Y,2026-07-31,2028-08-02,4.0821984888,SOFRON Actual/360,raw/free_supplement/Eris_20260729_EOD_ParCouponCurve_SOFR.csv
2026-07-29,SOFR3Y,2026-07-31,2029-08-02,4.0664965491,SOFRON Actual/360,raw/free_supplement/Eris_20260729_EOD_ParCouponCurve_SOFR.csv
2026-07-29,SOFR4Y,2026-07-31,2030-08-02,4.0618403785,SOFRON Actual/360,raw/free_supplement/Eris_20260729_EOD_ParCouponCurve_SOFR.csv
2026-07-29,SOFR5Y,2026-07-31,2031-08-04,4.071714387,SOFRON Actual/360,raw/free_supplement/Eris_20260729_EOD_ParCouponCurve_SOFR.csv
2026-07-29,SOFR6Y,2026-07-31,2032-08-03,4.0954041195,SOFRON Actual/360,raw/free_supplement/Eris_20260729_EOD_ParCouponCurve_SOFR.csv
2026-07-29,SOFR7Y,2026-07-31,2033-08-02,4.1257136703,SOFRON Actual/360,raw/free_supplement/Eris_20260729_EOD_ParCouponCurve_SOFR.csv
2026-07-29,SOFR8Y,2026-07-31,2034-08-02,4.1577717988,SOFRON Actual/360,raw/free_supplement/Eris_20260729_EOD_ParCouponCurve_SOFR.csv
2026-07-29,SOFR9Y,2026-07-31,2035-08-02,4.1904208794,SOFRON Actual/360,raw/free_supplement/Eris_20260729_EOD_ParCouponCurve_SOFR.csv
2026-07-29,SOFR10Y,2026-07-31,2036-08-04,4.2244174593,SOFRON Actual/360,raw/free_supplement/Eris_20260729_EOD_ParCouponCurve_SOFR.csv
2026-07-29,SOFR12Y,2026-07-31,2038-08-03,4.293985277,SOFRON Actual/360,raw/free_supplement/Eris_20260729_EOD_ParCouponCurve_SOFR.csv
2026-07-29,SOFR15Y,2026-07-31,2041-08-02,4.3827138823,SOFRON Actual/360,raw/free_supplement/Eris_20260729_EOD_ParCouponCurve_SOFR.csv
2026-07-29,SOFR20Y,2026-07-31,2046-08-02,4.4565558628,SOFRON Actual/360,raw/free_supplement/Eris_20260729_EOD_ParCouponCurve_SOFR.csv
2026-07-29,SOFR25Y,2026-07-31,2051-08-02,4.4543975577,SOFRON Actual/360,raw/free_supplement/Eris_20260729_EOD_ParCouponCurve_SOFR.csv
2026-07-29,SOFR30Y,2026-07-31,2056-08-02,4.4153604859,SOFRON Actual/360,raw/free_supplement/Eris_20260729_EOD_ParCouponCurve_SOFR.csv
2026-07-29,SOFR40Y,2026-07-31,2066-08-03,4.2939799348,SOFRON Actual/360,raw/free_supplement/Eris_20260729_EOD_ParCouponCurve_SOFR.csv
2026-07-29,SOFR50Y,2026-07-31,2076-08-04,4.1579626204,SOFRON Actual/360,raw/free_supplement/Eris_20260729_EOD_ParCouponCurve_SOFR.csv
2026-07-30,SOFR1D,2026-08-03,2026-08-06,3.6506389362,SOFRON Actual/360,raw/free_supplement/Eris_20260730_EOD_ParCouponCurve_SOFR.csv
2026-07-30,SOFR1W,2026-08-03,2026-08-12,3.6516389029,SOFRON Actual/360,raw/free_supplement/Eris_20260730_EOD_ParCouponCurve_SOFR.csv
2026-07-30,SOFR1M,2026-08-03,2026-09-08,3.6549904807,SOFRON Actual/360,raw/free_supplement/Eris_20260730_EOD_ParCouponCurve_SOFR.csv
2026-07-30,SOFR3M,2026-08-03,2026-11-05,3.740242488,SOFRON Actual/360,raw/free_supplement/Eris_20260730_EOD_ParCouponCurve_SOFR.csv
2026-07-30,SOFR6M,2026-08-03,2027-02-05,3.8773503896,SOFRON Actual/360,raw/free_supplement/Eris_20260730_EOD_ParCouponCurve_SOFR.csv
2026-07-30,SOFR9M,2026-08-03,2027-05-05,3.96927591,SOFRON Actual/360,raw/free_supplement/Eris_20260730_EOD_ParCouponCurve_SOFR.csv
2026-07-30,SOFR12M,2026-08-03,2027-08-05,4.0427297762,SOFRON Actual/360,raw/free_supplement/Eris_20260730_EOD_ParCouponCurve_SOFR.csv
2026-07-30,SOFR18M,2026-08-03,2028-02-07,4.067357372,SOFRON Actual/360,raw/free_supplement/Eris_20260730_EOD_ParCouponCurve_SOFR.csv
2026-07-30,SOFR2Y,2026-08-03,2028-08-07,4.0829571964,SOFRON Actual/360,raw/free_supplement/Eris_20260730_EOD_ParCouponCurve_SOFR.csv
2026-07-30,SOFR3Y,2026-08-03,2029-08-07,4.0770545276,SOFRON Actual/360,raw/free_supplement/Eris_20260730_EOD_ParCouponCurve_SOFR.csv
2026-07-30,SOFR4Y,2026-08-03,2030-08-07,4.0795079275,SOFRON Actual/360,raw/free_supplement/Eris_20260730_EOD_ParCouponCurve_SOFR.csv
2026-07-30,SOFR5Y,2026-08-03,2031-08-06,4.0939875424,SOFRON Actual/360,raw/free_supplement/Eris_20260730_EOD_ParCouponCurve_SOFR.csv
2026-07-30,SOFR6Y,2026-08-03,2032-08-05,4.1228362643,SOFRON Actual/360,raw/free_supplement/Eris_20260730_EOD_ParCouponCurve_SOFR.csv
2026-07-30,SOFR7Y,2026-08-03,2033-08-05,4.1577097826,SOFRON Actual/360,raw/free_supplement/Eris_20260730_EOD_ParCouponCurve_SOFR.csv
2026-07-30,SOFR8Y,2026-08-03,2034-08-07,4.1925361242,SOFRON Actual/360,raw/free_supplement/Eris_20260730_EOD_ParCouponCurve_SOFR.csv
2026-07-30,SOFR9Y,2026-08-03,2035-08-07,4.2273616417,SOFRON Actual/360,raw/free_supplement/Eris_20260730_EOD_ParCouponCurve_SOFR.csv
2026-07-30,SOFR10Y,2026-08-03,2036-08-06,4.2634968947,SOFRON Actual/360,raw/free_supplement/Eris_20260730_EOD_ParCouponCurve_SOFR.csv
2026-07-30,SOFR12Y,2026-08-03,2038-08-05,4.3371440545,SOFRON Actual/360,raw/free_supplement/Eris_20260730_EOD_ParCouponCurve_SOFR.csv
2026-07-30,SOFR15Y,2026-08-03,2041-08-07,4.4297199882,SOFRON Actual/360,raw/free_supplement/Eris_20260730_EOD_ParCouponCurve_SOFR.csv
2026-07-30,SOFR20Y,2026-08-03,2046-08-07,4.5064532068,SOFRON Actual/360,raw/free_supplement/Eris_20260730_EOD_ParCouponCurve_SOFR.csv
2026-07-30,SOFR25Y,2026-08-03,2051-08-07,4.5056574503,SOFRON Actual/360,raw/free_supplement/Eris_20260730_EOD_ParCouponCurve_SOFR.csv
2026-07-30,SOFR30Y,2026-08-03,2056-08-07,4.4664035701,SOFRON Actual/360,raw/free_supplement/Eris_20260730_EOD_ParCouponCurve_SOFR.csv
2026-07-30,SOFR40Y,2026-08-03,2066-08-05,4.3488098699,SOFRON Actual/360,raw/free_supplement/Eris_20260730_EOD_ParCouponCurve_SOFR.csv
2026-07-30,SOFR50Y,2026-08-03,2076-08-05,4.2139003487,SOFRON Actual/360,raw/free_supplement/Eris_20260730_EOD_ParCouponCurve_SOFR.csv
2026-07-31,SOFR1D,2026-08-04,2026-08-07,3.6409699697,SOFRON Actual/360,raw/free_supplement/Eris_20260731_EOD_ParCouponCurve_SOFR.csv
2026-07-31,SOFR1W,2026-08-04,2026-08-13,3.6422525907,SOFRON Actual/360,raw/free_supplement/Eris_20260731_EOD_ParCouponCurve_SOFR.csv
2026-07-31,SOFR1M,2026-08-04,2026-09-09,3.6485045175,SOFRON Actual/360,raw/free_supplement/Eris_20260731_EOD_ParCouponCurve_SOFR.csv
2026-07-31,SOFR3M,2026-08-04,2026-11-06,3.7450014349,SOFRON Actual/360,raw/free_supplement/Eris_20260731_EOD_ParCouponCurve_SOFR.csv
2026-07-31,SOFR6M,2026-08-04,2027-02-08,3.8975520449,SOFRON Actual/360,raw/free_supplement/Eris_20260731_EOD_ParCouponCurve_SOFR.csv
2026-07-31,SOFR9M,2026-08-04,2027-05-06,4.0049000385,SOFRON Actual/360,raw/free_supplement/Eris_20260731_EOD_ParCouponCurve_SOFR.csv
2026-07-31,SOFR12M,2026-08-04,2027-08-06,4.0906512944,SOFRON Actual/360,raw/free_supplement/Eris_20260731_EOD_ParCouponCurve_SOFR.csv
2026-07-31,SOFR18M,2026-08-04,2028-02-08,4.1270376888,SOFRON Actual/360,raw/free_supplement/Eris_20260731_EOD_ParCouponCurve_SOFR.csv
2026-07-31,SOFR2Y,2026-08-04,2028-08-08,4.147672621,SOFRON Actual/360,raw/free_supplement/Eris_20260731_EOD_ParCouponCurve_SOFR.csv
2026-07-31,SOFR3Y,2026-08-04,2029-08-08,4.1512712528,SOFRON Actual/360,raw/free_supplement/Eris_20260731_EOD_ParCouponCurve_SOFR.csv
2026-07-31,SOFR4Y,2026-08-04,2030-08-07,4.1588381191,SOFRON Actual/360,raw/free_supplement/Eris_20260731_EOD_ParCouponCurve_SOFR.csv
2026-07-31,SOFR5Y,2026-08-04,2031-08-06,4.1804804335,SOFRON Actual/360,raw/free_supplement/Eris_20260731_EOD_ParCouponCurve_SOFR.csv
2026-07-31,SOFR6Y,2026-08-04,2032-08-06,4.2113918841,SOFRON Actual/360,raw/free_supplement/Eris_20260731_EOD_ParCouponCurve_SOFR.csv
2026-07-31,SOFR7Y,2026-08-04,2033-08-08,4.2444332177,SOFRON Actual/360,raw/free_supplement/Eris_20260731_EOD_ParCouponCurve_SOFR.csv
2026-07-31,SOFR8Y,2026-08-04,2034-08-08,4.2774137062,SOFRON Actual/360,raw/free_supplement/Eris_20260731_EOD_ParCouponCurve_SOFR.csv
2026-07-31,SOFR9Y,2026-08-04,2035-08-08,4.3110337707,SOFRON Actual/360,raw/free_supplement/Eris_20260731_EOD_ParCouponCurve_SOFR.csv
2026-07-31,SOFR10Y,2026-08-04,2036-08-06,4.3454742146,SOFRON Actual/360,raw/free_supplement/Eris_20260731_EOD_ParCouponCurve_SOFR.csv
2026-07-31,SOFR12Y,2026-08-04,2038-08-06,4.4167135786,SOFRON Actual/360,raw/free_supplement/Eris_20260731_EOD_ParCouponCurve_SOFR.csv
2026-07-31,SOFR15Y,2026-08-04,2041-08-07,4.5073328629,SOFRON Actual/360,raw/free_supplement/Eris_20260731_EOD_ParCouponCurve_SOFR.csv
2026-07-31,SOFR20Y,2026-08-04,2046-08-08,4.5824741233,SOFRON Actual/360,raw/free_supplement/Eris_20260731_EOD_ParCouponCurve_SOFR.csv
2026-07-31,SOFR25Y,2026-08-04,2051-08-08,4.577567039,SOFRON Actual/360,raw/free_supplement/Eris_20260731_EOD_ParCouponCurve_SOFR.csv
2026-07-31,SOFR30Y,2026-08-04,2056-08-08,4.5378331436,SOFRON Actual/360,raw/free_supplement/Eris_20260731_EOD_ParCouponCurve_SOFR.csv
2026-07-31,SOFR40Y,2026-08-04,2066-08-06,4.4183886898,SOFRON Actual/360,raw/free_supplement/Eris_20260731_EOD_ParCouponCurve_SOFR.csv
2026-07-31,SOFR50Y,2026-08-04,2076-08-06,4.2838866412,SOFRON Actual/360,raw/free_supplement/Eris_20260731_EOD_ParCouponCurve_SOFR.csv
2026-08-03,SOFR1D,2026-08-05,2026-08-10,3.6573710062,SOFRON Actual/360,raw/free_supplement/Eris_20260803_EOD_ParCouponCurve_SOFR.csv
2026-08-03,SOFR1W,2026-08-05,2026-08-14,3.657460925,SOFRON Actual/360,raw/free_supplement/Eris_20260803_EOD_ParCouponCurve_SOFR.csv
2026-08-03,SOFR1M,2026-08-05,2026-09-10,3.648010919,SOFRON Actual/360,raw/free_supplement/Eris_20260803_EOD_ParCouponCurve_SOFR.csv
2026-08-03,SOFR3M,2026-08-05,2026-11-09,3.7387678638,SOFRON Actual/360,raw/free_supplement/Eris_20260803_EOD_ParCouponCurve_SOFR.csv
2026-08-03,SOFR6M,2026-08-05,2027-02-09,3.8916763024,SOFRON Actual/360,raw/free_supplement/Eris_20260803_EOD_ParCouponCurve_SOFR.csv
2026-08-03,SOFR9M,2026-08-05,2027-05-07,3.9911635226,SOFRON Actual/360,raw/free_supplement/Eris_20260803_EOD_ParCouponCurve_SOFR.csv
2026-08-03,SOFR12M,2026-08-05,2027-08-09,4.0697173987,SOFRON Actual/360,raw/free_supplement/Eris_20260803_EOD_ParCouponCurve_SOFR.csv
2026-08-03,SOFR18M,2026-08-05,2028-02-09,4.0952166998,SOFRON Actual/360,raw/free_supplement/Eris_20260803_EOD_ParCouponCurve_SOFR.csv
2026-08-03,SOFR2Y,2026-08-05,2028-08-09,4.1117505165,SOFRON Actual/360,raw/free_supplement/Eris_20260803_EOD_ParCouponCurve_SOFR.csv
2026-08-03,SOFR3Y,2026-08-05,2029-08-08,4.1051013313,SOFRON Actual/360,raw/free_supplement/Eris_20260803_EOD_ParCouponCurve_SOFR.csv
2026-08-03,SOFR4Y,2026-08-05,2030-08-07,4.1077135138,SOFRON Actual/360,raw/free_supplement/Eris_20260803_EOD_ParCouponCurve_SOFR.csv
2026-08-03,SOFR5Y,2026-08-05,2031-08-07,4.1241956291,SOFRON Actual/360,raw/free_supplement/Eris_20260803_EOD_ParCouponCurve_SOFR.csv
2026-08-03,SOFR6Y,2026-08-05,2032-08-09,4.1542881936,SOFRON Actual/360,raw/free_supplement/Eris_20260803_EOD_ParCouponCurve_SOFR.csv
2026-08-03,SOFR7Y,2026-08-05,2033-08-09,4.189817682,SOFRON Actual/360,raw/free_supplement/Eris_20260803_EOD_ParCouponCurve_SOFR.csv
2026-08-03,SOFR8Y,2026-08-05,2034-08-09,4.2249569221,SOFRON Actual/360,raw/free_supplement/Eris_20260803_EOD_ParCouponCurve_SOFR.csv
2026-08-03,SOFR9Y,2026-08-05,2035-08-08,4.2594497547,SOFRON Actual/360,raw/free_supplement/Eris_20260803_EOD_ParCouponCurve_SOFR.csv
2026-08-03,SOFR10Y,2026-08-05,2036-08-07,4.2951431578,SOFRON Actual/360,raw/free_supplement/Eris_20260803_EOD_ParCouponCurve_SOFR.csv
2026-08-03,SOFR12Y,2026-08-05,2038-08-09,4.3691113249,SOFRON Actual/360,raw/free_supplement/Eris_20260803_EOD_ParCouponCurve_SOFR.csv
2026-08-03,SOFR15Y,2026-08-05,2041-08-07,4.4633014397,SOFRON Actual/360,raw/free_supplement/Eris_20260803_EOD_ParCouponCurve_SOFR.csv
2026-08-03,SOFR20Y,2026-08-05,2046-08-08,4.5423942404,SOFRON Actual/360,raw/free_supplement/Eris_20260803_EOD_ParCouponCurve_SOFR.csv
2026-08-03,SOFR25Y,2026-08-05,2051-08-09,4.5413028511,SOFRON Actual/360,raw/free_supplement/Eris_20260803_EOD_ParCouponCurve_SOFR.csv
2026-08-03,SOFR30Y,2026-08-05,2056-08-09,4.5054039231,SOFRON Actual/360,raw/free_supplement/Eris_20260803_EOD_ParCouponCurve_SOFR.csv
2026-08-03,SOFR40Y,2026-08-05,2066-08-09,4.3858540683,SOFRON Actual/360,raw/free_supplement/Eris_20260803_EOD_ParCouponCurve_SOFR.csv
2026-08-03,SOFR50Y,2026-08-05,2076-08-07,4.2516586912,SOFRON Actual/360,raw/free_supplement/Eris_20260803_EOD_ParCouponCurve_SOFR.csv
2026-08-12,SOFR1D,2026-08-14,2026-08-19,3.6410390025,SOFRON Actual/360,raw/free_supplement/Eris_20260812_EOD_ParCouponCurve_SOFR.csv
2026-08-12,SOFR1W,2026-08-14,2026-08-25,3.6412502358,SOFRON Actual/360,raw/free_supplement/Eris_20260812_EOD_ParCouponCurve_SOFR.csv
2026-08-12,SOFR1M,2026-08-14,2026-09-16,3.641424349,SOFRON Actual/360,raw/free_supplement/Eris_20260812_EOD_ParCouponCurve_SOFR.csv
2026-08-12,SOFR3M,2026-08-14,2026-11-18,3.7310612697,SOFRON Actual/360,raw/free_supplement/Eris_20260812_EOD_ParCouponCurve_SOFR.csv
2026-08-12,SOFR6M,2026-08-14,2027-02-18,3.848524514,SOFRON Actual/360,raw/free_supplement/Eris_20260812_EOD_ParCouponCurve_SOFR.csv
2026-08-12,SOFR9M,2026-08-14,2027-05-18,3.9335804783,SOFRON Actual/360,raw/free_supplement/Eris_20260812_EOD_ParCouponCurve_SOFR.csv
2026-08-12,SOFR12M,2026-08-14,2027-08-18,4.0056842266,SOFRON Actual/360,raw/free_supplement/Eris_20260812_EOD_ParCouponCurve_SOFR.csv
2026-08-12,SOFR18M,2026-08-14,2028-02-16,4.0325360088,SOFRON Actual/360,raw/free_supplement/Eris_20260812_EOD_ParCouponCurve_SOFR.csv
2026-08-12,SOFR2Y,2026-08-14,2028-08-16,4.0561842577,SOFRON Actual/360,raw/free_supplement/Eris_20260812_EOD_ParCouponCurve_SOFR.csv
2026-08-12,SOFR3Y,2026-08-14,2029-08-16,4.0665654133,SOFRON Actual/360,raw/free_supplement/Eris_20260812_EOD_ParCouponCurve_SOFR.csv
2026-08-12,SOFR4Y,2026-08-14,2030-08-16,4.0795692079,SOFRON Actual/360,raw/free_supplement/Eris_20260812_EOD_ParCouponCurve_SOFR.csv
2026-08-12,SOFR5Y,2026-08-14,2031-08-18,4.1024514183,SOFRON Actual/360,raw/free_supplement/Eris_20260812_EOD_ParCouponCurve_SOFR.csv
2026-08-12,SOFR6Y,2026-08-14,2032-08-18,4.1376199141,SOFRON Actual/360,raw/free_supplement/Eris_20260812_EOD_ParCouponCurve_SOFR.csv
2026-08-12,SOFR7Y,2026-08-14,2033-08-17,4.1768598342,SOFRON Actual/360,raw/free_supplement/Eris_20260812_EOD_ParCouponCurve_SOFR.csv
2026-08-12,SOFR8Y,2026-08-14,2034-08-16,4.2156667596,SOFRON Actual/360,raw/free_supplement/Eris_20260812_EOD_ParCouponCurve_SOFR.csv
2026-08-12,SOFR9Y,2026-08-14,2035-08-16,4.254216874,SOFRON Actual/360,raw/free_supplement/Eris_20260812_EOD_ParCouponCurve_SOFR.csv
2026-08-12,SOFR10Y,2026-08-14,2036-08-18,4.2933070244,SOFRON Actual/360,raw/free_supplement/Eris_20260812_EOD_ParCouponCurve_SOFR.csv
2026-08-12,SOFR12Y,2026-08-14,2038-08-18,4.3717280521,SOFRON Actual/360,raw/free_supplement/Eris_20260812_EOD_ParCouponCurve_SOFR.csv
2026-08-12,SOFR15Y,2026-08-14,2041-08-16,4.4702955418,SOFRON Actual/360,raw/free_supplement/Eris_20260812_EOD_ParCouponCurve_SOFR.csv
2026-08-12,SOFR20Y,2026-08-14,2046-08-16,4.5555516273,SOFRON Actual/360,raw/free_supplement/Eris_20260812_EOD_ParCouponCurve_SOFR.csv
2026-08-12,SOFR25Y,2026-08-14,2051-08-16,4.5612847393,SOFRON Actual/360,raw/free_supplement/Eris_20260812_EOD_ParCouponCurve_SOFR.csv
2026-08-12,SOFR30Y,2026-08-14,2056-08-16,4.5309194565,SOFRON Actual/360,raw/free_supplement/Eris_20260812_EOD_ParCouponCurve_SOFR.csv
2026-08-12,SOFR40Y,2026-08-14,2066-08-18,4.414347081,SOFRON Actual/360,raw/free_supplement/Eris_20260812_EOD_ParCouponCurve_SOFR.csv
2026-08-12,SOFR50Y,2026-08-14,2076-08-18,4.2878906022,SOFRON Actual/360,raw/free_supplement/Eris_20260812_EOD_ParCouponCurve_SOFR.csv
2026-08-13,SOFR1D,2026-08-17,2026-08-20,3.6351867974,SOFRON Actual/360,raw/free_supplement/Eris_20260813_EOD_ParCouponCurve_SOFR.csv
2026-08-13,SOFR1W,2026-08-17,2026-08-26,3.6361438526,SOFRON Actual/360,raw/free_supplement/Eris_20260813_EOD_ParCouponCurve_SOFR.csv
2026-08-13,SOFR1M,2026-08-17,2026-09-21,3.643904259,SOFRON Actual/360,raw/free_supplement/Eris_20260813_EOD_ParCouponCurve_SOFR.csv
2026-08-13,SOFR3M,2026-08-17,2026-11-19,3.7220956476,SOFRON Actual/360,raw/free_supplement/Eris_20260813_EOD_ParCouponCurve_SOFR.csv
2026-08-13,SOFR6M,2026-08-17,2027-02-19,3.8250925925,SOFRON Actual/360,raw/free_supplement/Eris_20260813_EOD_ParCouponCurve_SOFR.csv
2026-08-13,SOFR9M,2026-08-17,2027-05-19,3.9004295029,SOFRON Actual/360,raw/free_supplement/Eris_20260813_EOD_ParCouponCurve_SOFR.csv
2026-08-13,SOFR12M,2026-08-17,2027-08-19,3.9600649675,SOFRON Actual/360,raw/free_supplement/Eris_20260813_EOD_ParCouponCurve_SOFR.csv
2026-08-13,SOFR18M,2026-08-17,2028-02-22,3.9794968501,SOFRON Actual/360,raw/free_supplement/Eris_20260813_EOD_ParCouponCurve_SOFR.csv
2026-08-13,SOFR2Y,2026-08-17,2028-08-21,4.0004810978,SOFRON Actual/360,raw/free_supplement/Eris_20260813_EOD_ParCouponCurve_SOFR.csv
2026-08-13,SOFR3Y,2026-08-17,2029-08-21,4.010507231,SOFRON Actual/360,raw/free_supplement/Eris_20260813_EOD_ParCouponCurve_SOFR.csv
2026-08-13,SOFR4Y,2026-08-17,2030-08-21,4.0234755259,SOFRON Actual/360,raw/free_supplement/Eris_20260813_EOD_ParCouponCurve_SOFR.csv
2026-08-13,SOFR5Y,2026-08-17,2031-08-20,4.0473296286,SOFRON Actual/360,raw/free_supplement/Eris_20260813_EOD_ParCouponCurve_SOFR.csv
2026-08-13,SOFR6Y,2026-08-17,2032-08-19,4.0838121133,SOFRON Actual/360,raw/free_supplement/Eris_20260813_EOD_ParCouponCurve_SOFR.csv
2026-08-13,SOFR7Y,2026-08-17,2033-08-19,4.1254119421,SOFRON Actual/360,raw/free_supplement/Eris_20260813_EOD_ParCouponCurve_SOFR.csv
2026-08-13,SOFR8Y,2026-08-17,2034-08-21,4.167065634,SOFRON Actual/360,raw/free_supplement/Eris_20260813_EOD_ParCouponCurve_SOFR.csv
2026-08-13,SOFR9Y,2026-08-17,2035-08-21,4.208387478,SOFRON Actual/360,raw/free_supplement/Eris_20260813_EOD_ParCouponCurve_SOFR.csv
2026-08-13,SOFR10Y,2026-08-17,2036-08-20,4.2500817981,SOFRON Actual/360,raw/free_supplement/Eris_20260813_EOD_ParCouponCurve_SOFR.csv
2026-08-13,SOFR12Y,2026-08-17,2038-08-19,4.3317221628,SOFRON Actual/360,raw/free_supplement/Eris_20260813_EOD_ParCouponCurve_SOFR.csv
2026-08-13,SOFR15Y,2026-08-17,2041-08-21,4.4352014632,SOFRON Actual/360,raw/free_supplement/Eris_20260813_EOD_ParCouponCurve_SOFR.csv
2026-08-13,SOFR20Y,2026-08-17,2046-08-21,4.5258977089,SOFRON Actual/360,raw/free_supplement/Eris_20260813_EOD_ParCouponCurve_SOFR.csv
2026-08-13,SOFR25Y,2026-08-17,2051-08-21,4.5333023164,SOFRON Actual/360,raw/free_supplement/Eris_20260813_EOD_ParCouponCurve_SOFR.csv
2026-08-13,SOFR30Y,2026-08-17,2056-08-21,4.5023050286,SOFRON Actual/360,raw/free_supplement/Eris_20260813_EOD_ParCouponCurve_SOFR.csv
2026-08-13,SOFR40Y,2026-08-17,2066-08-19,4.3884060207,SOFRON Actual/360,raw/free_supplement/Eris_20260813_EOD_ParCouponCurve_SOFR.csv
2026-08-13,SOFR50Y,2026-08-17,2076-08-19,4.2628979342,SOFRON Actual/360,raw/free_supplement/Eris_20260813_EOD_ParCouponCurve_SOFR.csv
2026-08-14,SOFR1D,2026-08-18,2026-08-21,3.6422496461,SOFRON Actual/360,raw/free_supplement/Eris_20260814_EOD_ParCouponCurve_SOFR.csv
2026-08-14,SOFR1W,2026-08-18,2026-08-27,3.6421808401,SOFRON Actual/360,raw/free_supplement/Eris_20260814_EOD_ParCouponCurve_SOFR.csv
2026-08-14,SOFR1M,2026-08-18,2026-09-22,3.6438335264,SOFRON Actual/360,raw/free_supplement/Eris_20260814_EOD_ParCouponCurve_SOFR.csv
2026-08-14,SOFR3M,2026-08-18,2026-11-20,3.7225651692,SOFRON Actual/360,raw/free_supplement/Eris_20260814_EOD_ParCouponCurve_SOFR.csv
2026-08-14,SOFR6M,2026-08-18,2027-02-22,3.8297669704,SOFRON Actual/360,raw/free_supplement/Eris_20260814_EOD_ParCouponCurve_SOFR.csv
2026-08-14,SOFR9M,2026-08-18,2027-05-20,3.9085847125,SOFRON Actual/360,raw/free_supplement/Eris_20260814_EOD_ParCouponCurve_SOFR.csv
2026-08-14,SOFR12M,2026-08-18,2027-08-20,3.971796154,SOFRON Actual/360,raw/free_supplement/Eris_20260814_EOD_ParCouponCurve_SOFR.csv
2026-08-14,SOFR18M,2026-08-18,2028-02-23,3.9991815,SOFRON Actual/360,raw/free_supplement/Eris_20260814_EOD_ParCouponCurve_SOFR.csv
2026-08-14,SOFR2Y,2026-08-18,2028-08-22,4.0255866008,SOFRON Actual/360,raw/free_supplement/Eris_20260814_EOD_ParCouponCurve_SOFR.csv
2026-08-14,SOFR3Y,2026-08-18,2029-08-22,4.044596501,SOFRON Actual/360,raw/free_supplement/Eris_20260814_EOD_ParCouponCurve_SOFR.csv
2026-08-14,SOFR4Y,2026-08-18,2030-08-21,4.0652404705,SOFRON Actual/360,raw/free_supplement/Eris_20260814_EOD_ParCouponCurve_SOFR.csv
2026-08-14,SOFR5Y,2026-08-18,2031-08-20,4.094108881,SOFRON Actual/360,raw/free_supplement/Eris_20260814_EOD_ParCouponCurve_SOFR.csv
2026-08-14,SOFR6Y,2026-08-18,2032-08-20,4.1334695935,SOFRON Actual/360,raw/free_supplement/Eris_20260814_EOD_ParCouponCurve_SOFR.csv
2026-08-14,SOFR7Y,2026-08-18,2033-08-22,4.1765927075,SOFRON Actual/360,raw/free_supplement/Eris_20260814_EOD_ParCouponCurve_SOFR.csv
2026-08-14,SOFR8Y,2026-08-18,2034-08-22,4.2191952481,SOFRON Actual/360,raw/free_supplement/Eris_20260814_EOD_ParCouponCurve_SOFR.csv
2026-08-14,SOFR9Y,2026-08-18,2035-08-22,4.2613550741,SOFRON Actual/360,raw/free_supplement/Eris_20260814_EOD_ParCouponCurve_SOFR.csv
2026-08-14,SOFR10Y,2026-08-18,2036-08-20,4.3028455867,SOFRON Actual/360,raw/free_supplement/Eris_20260814_EOD_ParCouponCurve_SOFR.csv
2026-08-14,SOFR12Y,2026-08-18,2038-08-20,4.3843997927,SOFRON Actual/360,raw/free_supplement/Eris_20260814_EOD_ParCouponCurve_SOFR.csv
2026-08-14,SOFR15Y,2026-08-18,2041-08-21,4.4872156126,SOFRON Actual/360,raw/free_supplement/Eris_20260814_EOD_ParCouponCurve_SOFR.csv
2026-08-14,SOFR20Y,2026-08-18,2046-08-22,4.5764187894,SOFRON Actual/360,raw/free_supplement/Eris_20260814_EOD_ParCouponCurve_SOFR.csv
2026-08-14,SOFR25Y,2026-08-18,2051-08-22,4.5834760387,SOFRON Actual/360,raw/free_supplement/Eris_20260814_EOD_ParCouponCurve_SOFR.csv
2026-08-14,SOFR30Y,2026-08-18,2056-08-22,4.5523830826,SOFRON Actual/360,raw/free_supplement/Eris_20260814_EOD_ParCouponCurve_SOFR.csv
2026-08-14,SOFR40Y,2026-08-18,2066-08-20,4.4421848458,SOFRON Actual/360,raw/free_supplement/Eris_20260814_EOD_ParCouponCurve_SOFR.csv
2026-08-14,SOFR50Y,2026-08-18,2076-08-20,4.318454455,SOFRON Actual/360,raw/free_supplement/Eris_20260814_EOD_ParCouponCurve_SOFR.csv
2026-08-18,SOFR1D,2026-08-20,2026-08-25,3.6418850017,SOFRON Actual/360,raw/free_supplement/Eris_20260818_EOD_ParCouponCurve_SOFR.csv
2026-08-18,SOFR1W,2026-08-20,2026-08-31,3.6408350395,SOFRON Actual/360,raw/free_supplement/Eris_20260818_EOD_ParCouponCurve_SOFR.csv
2026-08-18,SOFR1M,2026-08-20,2026-09-23,3.6389720556,SOFRON Actual/360,raw/free_supplement/Eris_20260818_EOD_ParCouponCurve_SOFR.csv
2026-08-18,SOFR3M,2026-08-20,2026-11-24,3.7252562675,SOFRON Actual/360,raw/free_supplement/Eris_20260818_EOD_ParCouponCurve_SOFR.csv
2026-08-18,SOFR6M,2026-08-20,2027-02-24,3.8352354661,SOFRON Actual/360,raw/free_supplement/Eris_20260818_EOD_ParCouponCurve_SOFR.csv
2026-08-18,SOFR9M,2026-08-20,2027-05-24,3.9134465449,SOFRON Actual/360,raw/free_supplement/Eris_20260818_EOD_ParCouponCurve_SOFR.csv
2026-08-18,SOFR12M,2026-08-20,2027-08-24,3.9791622073,SOFRON Actual/360,raw/free_supplement/Eris_20260818_EOD_ParCouponCurve_SOFR.csv
2026-08-18,SOFR18M,2026-08-20,2028-02-24,4.005678777,SOFRON Actual/360,raw/free_supplement/Eris_20260818_EOD_ParCouponCurve_SOFR.csv
2026-08-18,SOFR2Y,2026-08-20,2028-08-23,4.0305086467,SOFRON Actual/360,raw/free_supplement/Eris_20260818_EOD_ParCouponCurve_SOFR.csv
2026-08-18,SOFR3Y,2026-08-20,2029-08-22,4.0483936063,SOFRON Actual/360,raw/free_supplement/Eris_20260818_EOD_ParCouponCurve_SOFR.csv
2026-08-18,SOFR4Y,2026-08-20,2030-08-22,4.0684339916,SOFRON Actual/360,raw/free_supplement/Eris_20260818_EOD_ParCouponCurve_SOFR.csv
2026-08-18,SOFR5Y,2026-08-20,2031-08-22,4.0979254979,SOFRON Actual/360,raw/free_supplement/Eris_20260818_EOD_ParCouponCurve_SOFR.csv
2026-08-18,SOFR6Y,2026-08-20,2032-08-24,4.138939958,SOFRON Actual/360,raw/free_supplement/Eris_20260818_EOD_ParCouponCurve_SOFR.csv
2026-08-18,SOFR7Y,2026-08-20,2033-08-24,4.1840459629,SOFRON Actual/360,raw/free_supplement/Eris_20260818_EOD_ParCouponCurve_SOFR.csv
2026-08-18,SOFR8Y,2026-08-20,2034-08-23,4.2277432503,SOFRON Actual/360,raw/free_supplement/Eris_20260818_EOD_ParCouponCurve_SOFR.csv
2026-08-18,SOFR9Y,2026-08-20,2035-08-22,4.2705090422,SOFRON Actual/360,raw/free_supplement/Eris_20260818_EOD_ParCouponCurve_SOFR.csv
2026-08-18,SOFR10Y,2026-08-20,2036-08-22,4.3133245683,SOFRON Actual/360,raw/free_supplement/Eris_20260818_EOD_ParCouponCurve_SOFR.csv
2026-08-18,SOFR12Y,2026-08-20,2038-08-24,4.3971009266,SOFRON Actual/360,raw/free_supplement/Eris_20260818_EOD_ParCouponCurve_SOFR.csv
2026-08-18,SOFR15Y,2026-08-20,2041-08-22,4.5026311912,SOFRON Actual/360,raw/free_supplement/Eris_20260818_EOD_ParCouponCurve_SOFR.csv
2026-08-18,SOFR20Y,2026-08-20,2046-08-22,4.5957477099,SOFRON Actual/360,raw/free_supplement/Eris_20260818_EOD_ParCouponCurve_SOFR.csv
2026-08-18,SOFR25Y,2026-08-20,2051-08-23,4.6035180951,SOFRON Actual/360,raw/free_supplement/Eris_20260818_EOD_ParCouponCurve_SOFR.csv
2026-08-18,SOFR30Y,2026-08-20,2056-08-23,4.5754358724,SOFRON Actual/360,raw/free_supplement/Eris_20260818_EOD_ParCouponCurve_SOFR.csv
2026-08-18,SOFR40Y,2026-08-20,2066-08-24,4.4647679058,SOFRON Actual/360,raw/free_supplement/Eris_20260818_EOD_ParCouponCurve_SOFR.csv
2026-08-18,SOFR50Y,2026-08-20,2076-08-24,4.343294373,SOFRON Actual/360,raw/free_supplement/Eris_20260818_EOD_ParCouponCurve_SOFR.csv
2026-08-20,SOFR1D,2026-08-24,2026-08-27,3.6458463546,SOFRON Actual/360,raw/free_supplement/Eris_20260820_EOD_ParCouponCurve_SOFR.csv
2026-08-20,SOFR1W,2026-08-24,2026-09-02,3.6439456241,SOFRON Actual/360,raw/free_supplement/Eris_20260820_EOD_ParCouponCurve_SOFR.csv
2026-08-20,SOFR1M,2026-08-24,2026-09-28,3.6497352565,SOFRON Actual/360,raw/free_supplement/Eris_20260820_EOD_ParCouponCurve_SOFR.csv
2026-08-20,SOFR3M,2026-08-24,2026-11-27,3.736751633,SOFRON Actual/360,raw/free_supplement/Eris_20260820_EOD_ParCouponCurve_SOFR.csv
2026-08-20,SOFR6M,2026-08-24,2027-02-26,3.8393095748,SOFRON Actual/360,raw/free_supplement/Eris_20260820_EOD_ParCouponCurve_SOFR.csv
2026-08-20,SOFR9M,2026-08-24,2027-05-26,3.9161131972,SOFRON Actual/360,raw/free_supplement/Eris_20260820_EOD_ParCouponCurve_SOFR.csv
2026-08-20,SOFR12M,2026-08-24,2027-08-26,3.9801815371,SOFRON Actual/360,raw/free_supplement/Eris_20260820_EOD_ParCouponCurve_SOFR.csv
2026-08-20,SOFR18M,2026-08-24,2028-02-28,4.0114392365,SOFRON Actual/360,raw/free_supplement/Eris_20260820_EOD_ParCouponCurve_SOFR.csv
2026-08-20,SOFR2Y,2026-08-24,2028-08-28,4.0421474655,SOFRON Actual/360,raw/free_supplement/Eris_20260820_EOD_ParCouponCurve_SOFR.csv
2026-08-20,SOFR3Y,2026-08-24,2029-08-28,4.0641785954,SOFRON Actual/360,raw/free_supplement/Eris_20260820_EOD_ParCouponCurve_SOFR.csv
2026-08-20,SOFR4Y,2026-08-24,2030-08-28,4.0864563855,SOFRON Actual/360,raw/free_supplement/Eris_20260820_EOD_ParCouponCurve_SOFR.csv
2026-08-20,SOFR5Y,2026-08-24,2031-08-27,4.1143486422,SOFRON Actual/360,raw/free_supplement/Eris_20260820_EOD_ParCouponCurve_SOFR.csv
2026-08-20,SOFR6Y,2026-08-24,2032-08-26,4.1515036762,SOFRON Actual/360,raw/free_supplement/Eris_20260820_EOD_ParCouponCurve_SOFR.csv
2026-08-20,SOFR7Y,2026-08-24,2033-08-26,4.1922739547,SOFRON Actual/360,raw/free_supplement/Eris_20260820_EOD_ParCouponCurve_SOFR.csv
2026-08-20,SOFR8Y,2026-08-24,2034-08-28,4.2325115087,SOFRON Actual/360,raw/free_supplement/Eris_20260820_EOD_ParCouponCurve_SOFR.csv
2026-08-20,SOFR9Y,2026-08-24,2035-08-28,4.2720204868,SOFRON Actual/360,raw/free_supplement/Eris_20260820_EOD_ParCouponCurve_SOFR.csv
2026-08-20,SOFR10Y,2026-08-24,2036-08-27,4.3114889414,SOFRON Actual/360,raw/free_supplement/Eris_20260820_EOD_ParCouponCurve_SOFR.csv
2026-08-20,SOFR12Y,2026-08-24,2038-08-26,4.3882219936,SOFRON Actual/360,raw/free_supplement/Eris_20260820_EOD_ParCouponCurve_SOFR.csv
2026-08-20,SOFR15Y,2026-08-24,2041-08-28,4.4866740925,SOFRON Actual/360,raw/free_supplement/Eris_20260820_EOD_ParCouponCurve_SOFR.csv
2026-08-20,SOFR20Y,2026-08-24,2046-08-28,4.5711001915,SOFRON Actual/360,raw/free_supplement/Eris_20260820_EOD_ParCouponCurve_SOFR.csv
2026-08-20,SOFR25Y,2026-08-24,2051-08-28,4.5763040395,SOFRON Actual/360,raw/free_supplement/Eris_20260820_EOD_ParCouponCurve_SOFR.csv
2026-08-20,SOFR30Y,2026-08-24,2056-08-28,4.543536316,SOFRON Actual/360,raw/free_supplement/Eris_20260820_EOD_ParCouponCurve_SOFR.csv
2026-08-20,SOFR40Y,2026-08-24,2066-08-26,4.4316670161,SOFRON Actual/360,raw/free_supplement/Eris_20260820_EOD_ParCouponCurve_SOFR.csv
2026-08-20,SOFR50Y,2026-08-24,2076-08-26,4.308368986,SOFRON Actual/360,raw/free_supplement/Eris_20260820_EOD_ParCouponCurve_SOFR.csv
2026-08-24,SOFR1D,2026-08-26,2026-08-31,3.6651098003,SOFRON Actual/360,raw/free_supplement/Eris_20260824_EOD_ParCouponCurve_SOFR.csv
2026-08-24,SOFR1W,2026-08-26,2026-09-04,3.6593609004,SOFRON Actual/360,raw/free_supplement/Eris_20260824_EOD_ParCouponCurve_SOFR.csv
2026-08-24,SOFR1M,2026-08-26,2026-09-30,3.6629624697,SOFRON Actual/360,raw/free_supplement/Eris_20260824_EOD_ParCouponCurve_SOFR.csv
2026-08-24,SOFR3M,2026-08-26,2026-12-01,3.7611520128,SOFRON Actual/360,raw/free_supplement/Eris_20260824_EOD_ParCouponCurve_SOFR.csv
2026-08-24,SOFR6M,2026-08-26,2027-03-02,3.8731470039,SOFRON Actual/360,raw/free_supplement/Eris_20260824_EOD_ParCouponCurve_SOFR.csv
2026-08-24,SOFR9M,2026-08-26,2027-05-28,3.9596642149,SOFRON Actual/360,raw/free_supplement/Eris_20260824_EOD_ParCouponCurve_SOFR.csv
2026-08-24,SOFR12M,2026-08-26,2027-08-30,4.0311396478,SOFRON Actual/360,raw/free_supplement/Eris_20260824_EOD_ParCouponCurve_SOFR.csv
2026-08-24,SOFR18M,2026-08-26,2028-03-01,4.0636691998,SOFRON Actual/360,raw/free_supplement/Eris_20260824_EOD_ParCouponCurve_SOFR.csv
2026-08-24,SOFR2Y,2026-08-26,2028-08-30,4.0909125855,SOFRON Actual/360,raw/free_supplement/Eris_20260824_EOD_ParCouponCurve_SOFR.csv
2026-08-24,SOFR3Y,2026-08-26,2029-08-29,4.1031458724,SOFRON Actual/360,raw/free_supplement/Eris_20260824_EOD_ParCouponCurve_SOFR.csv
2026-08-24,SOFR4Y,2026-08-26,2030-08-28,4.1177153192,SOFRON Actual/360,raw/free_supplement/Eris_20260824_EOD_ParCouponCurve_SOFR.csv
2026-08-24,SOFR5Y,2026-08-26,2031-08-28,4.1434829165,SOFRON Actual/360,raw/free_supplement/Eris_20260824_EOD_ParCouponCurve_SOFR.csv
2026-08-24,SOFR6Y,2026-08-26,2032-08-30,4.1797252519,SOFRON Actual/360,raw/free_supplement/Eris_20260824_EOD_ParCouponCurve_SOFR.csv
2026-08-24,SOFR7Y,2026-08-26,2033-08-30,4.2193841821,SOFRON Actual/360,raw/free_supplement/Eris_20260824_EOD_ParCouponCurve_SOFR.csv
2026-08-24,SOFR8Y,2026-08-26,2034-08-30,4.2588873874,SOFRON Actual/360,raw/free_supplement/Eris_20260824_EOD_ParCouponCurve_SOFR.csv
2026-08-24,SOFR9Y,2026-08-26,2035-08-29,4.297478657,SOFRON Actual/360,raw/free_supplement/Eris_20260824_EOD_ParCouponCurve_SOFR.csv
2026-08-24,SOFR10Y,2026-08-26,2036-08-28,4.3362033126,SOFRON Actual/360,raw/free_supplement/Eris_20260824_EOD_ParCouponCurve_SOFR.csv
2026-08-24,SOFR12Y,2026-08-26,2038-08-30,4.4128169048,SOFRON Actual/360,raw/free_supplement/Eris_20260824_EOD_ParCouponCurve_SOFR.csv
2026-08-24,SOFR15Y,2026-08-26,2041-08-28,4.5106168378,SOFRON Actual/360,raw/free_supplement/Eris_20260824_EOD_ParCouponCurve_SOFR.csv
2026-08-24,SOFR20Y,2026-08-26,2046-08-29,4.5946570561,SOFRON Actual/360,raw/free_supplement/Eris_20260824_EOD_ParCouponCurve_SOFR.csv
2026-08-24,SOFR25Y,2026-08-26,2051-08-30,4.6003889474,SOFRON Actual/360,raw/free_supplement/Eris_20260824_EOD_ParCouponCurve_SOFR.csv
2026-08-24,SOFR30Y,2026-08-26,2056-08-30,4.5664850216,SOFRON Actual/360,raw/free_supplement/Eris_20260824_EOD_ParCouponCurve_SOFR.csv
2026-08-24,SOFR40Y,2026-08-26,2066-08-30,4.4558918283,SOFRON Actual/360,raw/free_supplement/Eris_20260824_EOD_ParCouponCurve_SOFR.csv
2026-08-24,SOFR50Y,2026-08-26,2076-08-28,4.330389629,SOFRON Actual/360,raw/free_supplement/Eris_20260824_EOD_ParCouponCurve_SOFR.csv
2026-08-25,SOFR1D,2026-08-27,2026-09-01,3.612190333,SOFRON Actual/360,raw/free_supplement/Eris_20260825_EOD_ParCouponCurve_SOFR.csv
2026-08-25,SOFR1W,2026-08-27,2026-09-08,3.6179430839,SOFRON Actual/360,raw/free_supplement/Eris_20260825_EOD_ParCouponCurve_SOFR.csv
2026-08-25,SOFR1M,2026-08-27,2026-09-30,3.6781506851,SOFRON Actual/360,raw/free_supplement/Eris_20260825_EOD_ParCouponCurve_SOFR.csv
2026-08-25,SOFR3M,2026-08-27,2026-12-01,3.7613195537,SOFRON Actual/360,raw/free_supplement/Eris_20260825_EOD_ParCouponCurve_SOFR.csv
2026-08-25,SOFR6M,2026-08-27,2027-03-02,3.8634294792,SOFRON Actual/360,raw/free_supplement/Eris_20260825_EOD_ParCouponCurve_SOFR.csv
2026-08-25,SOFR9M,2026-08-27,2027-06-01,3.944740863,SOFRON Actual/360,raw/free_supplement/Eris_20260825_EOD_ParCouponCurve_SOFR.csv
2026-08-25,SOFR12M,2026-08-27,2027-08-31,4.0065440448,SOFRON Actual/360,raw/free_supplement/Eris_20260825_EOD_ParCouponCurve_SOFR.csv
2026-08-25,SOFR18M,2026-08-27,2028-03-01,4.0302453892,SOFRON Actual/360,raw/free_supplement/Eris_20260825_EOD_ParCouponCurve_SOFR.csv
2026-08-25,SOFR2Y,2026-08-27,2028-08-30,4.0504632841,SOFRON Actual/360,raw/free_supplement/Eris_20260825_EOD_ParCouponCurve_SOFR.csv
2026-08-25,SOFR3Y,2026-08-27,2029-08-29,4.0548913388,SOFRON Actual/360,raw/free_supplement/Eris_20260825_EOD_ParCouponCurve_SOFR.csv
2026-08-25,SOFR4Y,2026-08-27,2030-08-29,4.0661151041,SOFRON Actual/360,raw/free_supplement/Eris_20260825_EOD_ParCouponCurve_SOFR.csv
2026-08-25,SOFR5Y,2026-08-27,2031-08-29,4.0865469876,SOFRON Actual/360,raw/free_supplement/Eris_20260825_EOD_ParCouponCurve_SOFR.csv
2026-08-25,SOFR6Y,2026-08-27,2032-08-31,4.1209953628,SOFRON Actual/360,raw/free_supplement/Eris_20260825_EOD_ParCouponCurve_SOFR.csv
2026-08-25,SOFR7Y,2026-08-27,2033-08-31,4.1610168639,SOFRON Actual/360,raw/free_supplement/Eris_20260825_EOD_ParCouponCurve_SOFR.csv
2026-08-25,SOFR8Y,2026-08-27,2034-08-30,4.1996261095,SOFRON Actual/360,raw/free_supplement/Eris_20260825_EOD_ParCouponCurve_SOFR.csv
2026-08-25,SOFR9Y,2026-08-27,2035-08-29,4.237506954,SOFRON Actual/360,raw/free_supplement/Eris_20260825_EOD_ParCouponCurve_SOFR.csv
2026-08-25,SOFR10Y,2026-08-27,2036-08-29,4.2759978139,SOFRON Actual/360,raw/free_supplement/Eris_20260825_EOD_ParCouponCurve_SOFR.csv
2026-08-25,SOFR12Y,2026-08-27,2038-08-31,4.3532047172,SOFRON Actual/360,raw/free_supplement/Eris_20260825_EOD_ParCouponCurve_SOFR.csv
2026-08-25,SOFR15Y,2026-08-27,2041-08-29,4.4517652009,SOFRON Actual/360,raw/free_supplement/Eris_20260825_EOD_ParCouponCurve_SOFR.csv
2026-08-25,SOFR20Y,2026-08-27,2046-08-29,4.5380356766,SOFRON Actual/360,raw/free_supplement/Eris_20260825_EOD_ParCouponCurve_SOFR.csv
2026-08-25,SOFR25Y,2026-08-27,2051-08-30,4.5447951192,SOFRON Actual/360,raw/free_supplement/Eris_20260825_EOD_ParCouponCurve_SOFR.csv
2026-08-25,SOFR30Y,2026-08-27,2056-08-30,4.5134065473,SOFRON Actual/360,raw/free_supplement/Eris_20260825_EOD_ParCouponCurve_SOFR.csv
2026-08-25,SOFR40Y,2026-08-27,2066-08-31,4.4009289647,SOFRON Actual/360,raw/free_supplement/Eris_20260825_EOD_ParCouponCurve_SOFR.csv
2026-08-25,SOFR50Y,2026-08-27,2076-08-31,4.277295698,SOFRON Actual/360,raw/free_supplement/Eris_20260825_EOD_ParCouponCurve_SOFR.csv
2026-08-27,SOFR1D,2026-08-31,2026-09-03,3.6373181602,SOFRON Actual/360,raw/free_supplement/Eris_20260827_EOD_ParCouponCurve_SOFR.csv
2026-08-27,SOFR1W,2026-08-31,2026-09-10,3.643271373,SOFRON Actual/360,raw/free_supplement/Eris_20260827_EOD_ParCouponCurve_SOFR.csv
2026-08-27,SOFR1M,2026-08-31,2026-10-02,3.6775365654,SOFRON Actual/360,raw/free_supplement/Eris_20260827_EOD_ParCouponCurve_SOFR.csv
2026-08-27,SOFR3M,2026-08-31,2026-12-02,3.7589504042,SOFRON Actual/360,raw/free_supplement/Eris_20260827_EOD_ParCouponCurve_SOFR.csv
2026-08-27,SOFR6M,2026-08-31,2027-03-02,3.8660297538,SOFRON Actual/360,raw/free_supplement/Eris_20260827_EOD_ParCouponCurve_SOFR.csv
2026-08-27,SOFR9M,2026-08-31,2027-06-02,3.9570404031,SOFRON Actual/360,raw/free_supplement/Eris_20260827_EOD_ParCouponCurve_SOFR.csv
2026-08-27,SOFR12M,2026-08-31,2027-09-02,4.0292676315,SOFRON Actual/360,raw/free_supplement/Eris_20260827_EOD_ParCouponCurve_SOFR.csv
2026-08-27,SOFR18M,2026-08-31,2028-03-02,4.0593533027,SOFRON Actual/360,raw/free_supplement/Eris_20260827_EOD_ParCouponCurve_SOFR.csv
2026-08-27,SOFR2Y,2026-08-31,2028-09-05,4.0869068532,SOFRON Actual/360,raw/free_supplement/Eris_20260827_EOD_ParCouponCurve_SOFR.csv
2026-08-27,SOFR3Y,2026-08-31,2029-09-05,4.0964170376,SOFRON Actual/360,raw/free_supplement/Eris_20260827_EOD_ParCouponCurve_SOFR.csv
2026-08-27,SOFR4Y,2026-08-31,2030-09-04,4.1085632318,SOFRON Actual/360,raw/free_supplement/Eris_20260827_EOD_ParCouponCurve_SOFR.csv
2026-08-27,SOFR5Y,2026-08-31,2031-09-03,4.128386609,SOFRON Actual/360,raw/free_supplement/Eris_20260827_EOD_ParCouponCurve_SOFR.csv
2026-08-27,SOFR6Y,2026-08-31,2032-09-02,4.1602739999,SOFRON Actual/360,raw/free_supplement/Eris_20260827_EOD_ParCouponCurve_SOFR.csv
2026-08-27,SOFR7Y,2026-08-31,2033-09-02,4.1968667016,SOFRON Actual/360,raw/free_supplement/Eris_20260827_EOD_ParCouponCurve_SOFR.csv
2026-08-27,SOFR8Y,2026-08-31,2034-09-05,4.2335658886,SOFRON Actual/360,raw/free_supplement/Eris_20260827_EOD_ParCouponCurve_SOFR.csv
2026-08-27,SOFR9Y,2026-08-31,2035-09-05,4.2702682963,SOFRON Actual/360,raw/free_supplement/Eris_20260827_EOD_ParCouponCurve_SOFR.csv
2026-08-27,SOFR10Y,2026-08-31,2036-09-03,4.3074081875,SOFRON Actual/360,raw/free_supplement/Eris_20260827_EOD_ParCouponCurve_SOFR.csv
2026-08-27,SOFR12Y,2026-08-31,2038-09-02,4.3821728533,SOFRON Actual/360,raw/free_supplement/Eris_20260827_EOD_ParCouponCurve_SOFR.csv
2026-08-27,SOFR15Y,2026-08-31,2041-09-04,4.4752576996,SOFRON Actual/360,raw/free_supplement/Eris_20260827_EOD_ParCouponCurve_SOFR.csv
2026-08-27,SOFR20Y,2026-08-31,2046-09-05,4.5569447644,SOFRON Actual/360,raw/free_supplement/Eris_20260827_EOD_ParCouponCurve_SOFR.csv
2026-08-27,SOFR25Y,2026-08-31,2051-09-05,4.559695206,SOFRON Actual/360,raw/free_supplement/Eris_20260827_EOD_ParCouponCurve_SOFR.csv
2026-08-27,SOFR30Y,2026-08-31,2056-09-05,4.525486902,SOFRON Actual/360,raw/free_supplement/Eris_20260827_EOD_ParCouponCurve_SOFR.csv
2026-08-27,SOFR40Y,2026-08-31,2066-09-02,4.4134837984,SOFRON Actual/360,raw/free_supplement/Eris_20260827_EOD_ParCouponCurve_SOFR.csv
2026-08-27,SOFR50Y,2026-08-31,2076-09-02,4.2884665874,SOFRON Actual/360,raw/free_supplement/Eris_20260827_EOD_ParCouponCurve_SOFR.csv
2026-08-28,SOFR1D,2026-09-01,2026-09-04,3.6273418444,SOFRON Actual/360,raw/free_supplement/Eris_20260828_EOD_ParCouponCurve_SOFR.csv
2026-08-28,SOFR1W,2026-09-01,2026-09-10,3.6369058346,SOFRON Actual/360,raw/free_supplement/Eris_20260828_EOD_ParCouponCurve_SOFR.csv
2026-08-28,SOFR1M,2026-09-01,2026-10-05,3.7052398579,SOFRON Actual/360,raw/free_supplement/Eris_20260828_EOD_ParCouponCurve_SOFR.csv
2026-08-28,SOFR3M,2026-09-01,2026-12-03,3.8128305233,SOFRON Actual/360,raw/free_supplement/Eris_20260828_EOD_ParCouponCurve_SOFR.csv
2026-08-28,SOFR6M,2026-09-01,2027-03-03,3.9520976778,SOFRON Actual/360,raw/free_supplement/Eris_20260828_EOD_ParCouponCurve_SOFR.csv
2026-08-28,SOFR9M,2026-09-01,2027-06-03,4.0665351552,SOFRON Actual/360,raw/free_supplement/Eris_20260828_EOD_ParCouponCurve_SOFR.csv
2026-08-28,SOFR12M,2026-09-01,2027-09-03,4.1504259141,SOFRON Actual/360,raw/free_supplement/Eris_20260828_EOD_ParCouponCurve_SOFR.csv
2026-08-28,SOFR18M,2026-09-01,2028-03-03,4.1865327455,SOFRON Actual/360,raw/free_supplement/Eris_20260828_EOD_ParCouponCurve_SOFR.csv
2026-08-28,SOFR2Y,2026-09-01,2028-09-06,4.211875052,SOFRON Actual/360,raw/free_supplement/Eris_20260828_EOD_ParCouponCurve_SOFR.csv
2026-08-28,SOFR3Y,2026-09-01,2029-09-06,4.2079990742,SOFRON Actual/360,raw/free_supplement/Eris_20260828_EOD_ParCouponCurve_SOFR.csv
2026-08-28,SOFR4Y,2026-09-01,2030-09-05,4.206715078,SOFRON Actual/360,raw/free_supplement/Eris_20260828_EOD_ParCouponCurve_SOFR.csv
2026-08-28,SOFR5Y,2026-09-01,2031-09-04,4.2162504136,SOFRON Actual/360,raw/free_supplement/Eris_20260828_EOD_ParCouponCurve_SOFR.csv
2026-08-28,SOFR6Y,2026-09-01,2032-09-03,4.2385887856,SOFRON Actual/360,raw/free_supplement/Eris_20260828_EOD_ParCouponCurve_SOFR.csv
2026-08-28,SOFR7Y,2026-09-01,2033-09-06,4.2667739068,SOFRON Actual/360,raw/free_supplement/Eris_20260828_EOD_ParCouponCurve_SOFR.csv
2026-08-28,SOFR8Y,2026-09-01,2034-09-06,4.2959157036,SOFRON Actual/360,raw/free_supplement/Eris_20260828_EOD_ParCouponCurve_SOFR.csv
2026-08-28,SOFR9Y,2026-09-01,2035-09-06,4.3264697251,SOFRON Actual/360,raw/free_supplement/Eris_20260828_EOD_ParCouponCurve_SOFR.csv
2026-08-28,SOFR10Y,2026-09-01,2036-09-04,4.358387245,SOFRON Actual/360,raw/free_supplement/Eris_20260828_EOD_ParCouponCurve_SOFR.csv
2026-08-28,SOFR12Y,2026-09-01,2038-09-03,4.4254081712,SOFRON Actual/360,raw/free_supplement/Eris_20260828_EOD_ParCouponCurve_SOFR.csv
2026-08-28,SOFR15Y,2026-09-01,2041-09-05,4.5104006187,SOFRON Actual/360,raw/free_supplement/Eris_20260828_EOD_ParCouponCurve_SOFR.csv
2026-08-28,SOFR20Y,2026-09-01,2046-09-06,4.582920362,SOFRON Actual/360,raw/free_supplement/Eris_20260828_EOD_ParCouponCurve_SOFR.csv
2026-08-28,SOFR25Y,2026-09-01,2051-09-06,4.5809389626,SOFRON Actual/360,raw/free_supplement/Eris_20260828_EOD_ParCouponCurve_SOFR.csv
2026-08-28,SOFR30Y,2026-09-01,2056-09-06,4.5383913579,SOFRON Actual/360,raw/free_supplement/Eris_20260828_EOD_ParCouponCurve_SOFR.csv
2026-08-28,SOFR40Y,2026-09-01,2066-09-03,4.4289505118,SOFRON Actual/360,raw/free_supplement/Eris_20260828_EOD_ParCouponCurve_SOFR.csv
2026-08-28,SOFR50Y,2026-09-01,2076-09-03,4.3043382131,SOFRON Actual/360,raw/free_supplement/Eris_20260828_EOD_ParCouponCurve_SOFR.csv
2026-09-01,SOFR1D,2026-09-03,2026-09-09,3.6139252693,SOFRON Actual/360,raw/free_supplement/Eris_20260901_EOD_ParCouponCurve_SOFR.csv
2026-09-01,SOFR1W,2026-09-03,2026-09-14,3.6281703745,SOFRON Actual/360,raw/free_supplement/Eris_20260901_EOD_ParCouponCurve_SOFR.csv
2026-09-01,SOFR1M,2026-09-03,2026-10-07,3.7437359422,SOFRON Actual/360,raw/free_supplement/Eris_20260901_EOD_ParCouponCurve_SOFR.csv
2026-09-01,SOFR3M,2026-09-03,2026-12-07,3.8418185812,SOFRON Actual/360,raw/free_supplement/Eris_20260901_EOD_ParCouponCurve_SOFR.csv
2026-09-01,SOFR6M,2026-09-03,2027-03-05,3.9781894765,SOFRON Actual/360,raw/free_supplement/Eris_20260901_EOD_ParCouponCurve_SOFR.csv
2026-09-01,SOFR9M,2026-09-03,2027-06-07,4.0935408105,SOFRON Actual/360,raw/free_supplement/Eris_20260901_EOD_ParCouponCurve_SOFR.csv
2026-09-01,SOFR12M,2026-09-03,2027-09-08,4.180546637,SOFRON Actual/360,raw/free_supplement/Eris_20260901_EOD_ParCouponCurve_SOFR.csv
2026-09-01,SOFR18M,2026-09-03,2028-03-07,4.2288988476,SOFRON Actual/360,raw/free_supplement/Eris_20260901_EOD_ParCouponCurve_SOFR.csv
2026-09-01,SOFR2Y,2026-09-03,2028-09-07,4.2627904929,SOFRON Actual/360,raw/free_supplement/Eris_20260901_EOD_ParCouponCurve_SOFR.csv
2026-09-01,SOFR3Y,2026-09-03,2029-09-06,4.2685226526,SOFRON Actual/360,raw/free_supplement/Eris_20260901_EOD_ParCouponCurve_SOFR.csv
2026-09-01,SOFR4Y,2026-09-03,2030-09-05,4.2735581804,SOFRON Actual/360,raw/free_supplement/Eris_20260901_EOD_ParCouponCurve_SOFR.csv
2026-09-01,SOFR5Y,2026-09-03,2031-09-05,4.2895337687,SOFRON Actual/360,raw/free_supplement/Eris_20260901_EOD_ParCouponCurve_SOFR.csv
2026-09-01,SOFR6Y,2026-09-03,2032-09-08,4.3125728031,SOFRON Actual/360,raw/free_supplement/Eris_20260901_EOD_ParCouponCurve_SOFR.csv
2026-09-01,SOFR7Y,2026-09-03,2033-09-08,4.3393556938,SOFRON Actual/360,raw/free_supplement/Eris_20260901_EOD_ParCouponCurve_SOFR.csv
2026-09-01,SOFR8Y,2026-09-03,2034-09-07,4.3677012365,SOFRON Actual/360,raw/free_supplement/Eris_20260901_EOD_ParCouponCurve_SOFR.csv
2026-09-01,SOFR9Y,2026-09-03,2035-09-06,4.3976336508,SOFRON Actual/360,raw/free_supplement/Eris_20260901_EOD_ParCouponCurve_SOFR.csv
2026-09-01,SOFR10Y,2026-09-03,2036-09-05,4.4290984597,SOFRON Actual/360,raw/free_supplement/Eris_20260901_EOD_ParCouponCurve_SOFR.csv
2026-09-01,SOFR12Y,2026-09-03,2038-09-08,4.4934407493,SOFRON Actual/360,raw/free_supplement/Eris_20260901_EOD_ParCouponCurve_SOFR.csv
2026-09-01,SOFR15Y,2026-09-03,2041-09-05,4.5752126204,SOFRON Actual/360,raw/free_supplement/Eris_20260901_EOD_ParCouponCurve_SOFR.csv
2026-09-01,SOFR20Y,2026-09-03,2046-09-06,4.6435336149,SOFRON Actual/360,raw/free_supplement/Eris_20260901_EOD_ParCouponCurve_SOFR.csv
2026-09-01,SOFR25Y,2026-09-03,2051-09-07,4.6385046736,SOFRON Actual/360,raw/free_supplement/Eris_20260901_EOD_ParCouponCurve_SOFR.csv
2026-09-01,SOFR30Y,2026-09-03,2056-09-07,4.5979418787,SOFRON Actual/360,raw/free_supplement/Eris_20260901_EOD_ParCouponCurve_SOFR.csv
2026-09-01,SOFR40Y,2026-09-03,2066-09-08,4.4822580225,SOFRON Actual/360,raw/free_supplement/Eris_20260901_EOD_ParCouponCurve_SOFR.csv
2026-09-01,SOFR50Y,2026-09-03,2076-09-08,4.3543992803,SOFRON Actual/360,raw/free_supplement/Eris_20260901_EOD_ParCouponCurve_SOFR.csv
2026-09-02,SOFR1D,2026-09-04,2026-09-10,3.6003154615,SOFRON Actual/360,raw/free_supplement/Eris_20260902_EOD_ParCouponCurve_SOFR.csv
2026-09-02,SOFR1W,2026-09-04,2026-09-15,3.6112403337,SOFRON Actual/360,raw/free_supplement/Eris_20260902_EOD_ParCouponCurve_SOFR.csv
2026-09-02,SOFR1M,2026-09-04,2026-10-07,3.7434156091,SOFRON Actual/360,raw/free_supplement/Eris_20260902_EOD_ParCouponCurve_SOFR.csv
2026-09-02,SOFR3M,2026-09-04,2026-12-08,3.8356360099,SOFRON Actual/360,raw/free_supplement/Eris_20260902_EOD_ParCouponCurve_SOFR.csv
2026-09-02,SOFR6M,2026-09-04,2027-03-08,3.9680436487,SOFRON Actual/360,raw/free_supplement/Eris_20260902_EOD_ParCouponCurve_SOFR.csv
2026-09-02,SOFR9M,2026-09-04,2027-06-08,4.084441637,SOFRON Actual/360,raw/free_supplement/Eris_20260902_EOD_ParCouponCurve_SOFR.csv
2026-09-02,SOFR12M,2026-09-04,2027-09-09,4.1741991797,SOFRON Actual/360,raw/free_supplement/Eris_20260902_EOD_ParCouponCurve_SOFR.csv
2026-09-02,SOFR18M,2026-09-04,2028-03-08,4.2185591498,SOFRON Actual/360,raw/free_supplement/Eris_20260902_EOD_ParCouponCurve_SOFR.csv
2026-09-02,SOFR2Y,2026-09-04,2028-09-07,4.2537409715,SOFRON Actual/360,raw/free_supplement/Eris_20260902_EOD_ParCouponCurve_SOFR.csv
2026-09-02,SOFR3Y,2026-09-04,2029-09-06,4.2598075169,SOFRON Actual/360,raw/free_supplement/Eris_20260902_EOD_ParCouponCurve_SOFR.csv
2026-09-02,SOFR4Y,2026-09-04,2030-09-06,4.2667704609,SOFRON Actual/360,raw/free_supplement/Eris_20260902_EOD_ParCouponCurve_SOFR.csv
2026-09-02,SOFR5Y,2026-09-04,2031-09-08,4.2839788028,SOFRON Actual/360,raw/free_supplement/Eris_20260902_EOD_ParCouponCurve_SOFR.csv
2026-09-02,SOFR6Y,2026-09-04,2032-09-09,4.3092517927,SOFRON Actual/360,raw/free_supplement/Eris_20260902_EOD_ParCouponCurve_SOFR.csv
2026-09-02,SOFR7Y,2026-09-04,2033-09-08,4.3376391524,SOFRON Actual/360,raw/free_supplement/Eris_20260902_EOD_ParCouponCurve_SOFR.csv
2026-09-02,SOFR8Y,2026-09-04,2034-09-07,4.367376256,SOFRON Actual/360,raw/free_supplement/Eris_20260902_EOD_ParCouponCurve_SOFR.csv
2026-09-02,SOFR9Y,2026-09-04,2035-09-06,4.3982240515,SOFRON Actual/360,raw/free_supplement/Eris_20260902_EOD_ParCouponCurve_SOFR.csv
2026-09-02,SOFR10Y,2026-09-04,2036-09-08,4.4304793208,SOFRON Actual/360,raw/free_supplement/Eris_20260902_EOD_ParCouponCurve_SOFR.csv
2026-09-02,SOFR12Y,2026-09-04,2038-09-09,4.4962136374,SOFRON Actual/360,raw/free_supplement/Eris_20260902_EOD_ParCouponCurve_SOFR.csv
2026-09-02,SOFR15Y,2026-09-04,2041-09-06,4.5787083673,SOFRON Actual/360,raw/free_supplement/Eris_20260902_EOD_ParCouponCurve_SOFR.csv
2026-09-02,SOFR20Y,2026-09-04,2046-09-06,4.6483679502,SOFRON Actual/360,raw/free_supplement/Eris_20260902_EOD_ParCouponCurve_SOFR.csv
2026-09-02,SOFR25Y,2026-09-04,2051-09-07,4.6432067003,SOFRON Actual/360,raw/free_supplement/Eris_20260902_EOD_ParCouponCurve_SOFR.csv
2026-09-02,SOFR30Y,2026-09-04,2056-09-07,4.6032457779,SOFRON Actual/360,raw/free_supplement/Eris_20260902_EOD_ParCouponCurve_SOFR.csv
2026-09-02,SOFR40Y,2026-09-04,2066-09-09,4.4868483619,SOFRON Actual/360,raw/free_supplement/Eris_20260902_EOD_ParCouponCurve_SOFR.csv
2026-09-02,SOFR50Y,2026-09-04,2076-09-09,4.3596464547,SOFRON Actual/360,raw/free_supplement/Eris_20260902_EOD_ParCouponCurve_SOFR.csv
2026-09-03,SOFR1D,2026-09-08,2026-09-11,3.6134027809,SOFRON Actual/360,raw/free_supplement/Eris_20260903_EOD_ParCouponCurve_SOFR.csv
2026-09-03,SOFR1W,2026-09-08,2026-09-17,3.6393949482,SOFRON Actual/360,raw/free_supplement/Eris_20260903_EOD_ParCouponCurve_SOFR.csv
2026-09-03,SOFR1M,2026-09-08,2026-10-13,3.74156098,SOFRON Actual/360,raw/free_supplement/Eris_20260903_EOD_ParCouponCurve_SOFR.csv
2026-09-03,SOFR3M,2026-09-08,2026-12-10,3.8129836124,SOFRON Actual/360,raw/free_supplement/Eris_20260903_EOD_ParCouponCurve_SOFR.csv
2026-09-03,SOFR6M,2026-09-08,2027-03-10,3.9326398875,SOFRON Actual/360,raw/free_supplement/Eris_20260903_EOD_ParCouponCurve_SOFR.csv
2026-09-03,SOFR9M,2026-09-08,2027-06-10,4.0387060677,SOFRON Actual/360,raw/free_supplement/Eris_20260903_EOD_ParCouponCurve_SOFR.csv
2026-09-03,SOFR12M,2026-09-08,2027-09-10,4.1208168797,SOFRON Actual/360,raw/free_supplement/Eris_20260903_EOD_ParCouponCurve_SOFR.csv
2026-09-03,SOFR18M,2026-09-08,2028-03-10,4.1673124351,SOFRON Actual/360,raw/free_supplement/Eris_20260903_EOD_ParCouponCurve_SOFR.csv
2026-09-03,SOFR2Y,2026-09-08,2028-09-12,4.2027955891,SOFRON Actual/360,raw/free_supplement/Eris_20260903_EOD_ParCouponCurve_SOFR.csv
2026-09-03,SOFR3Y,2026-09-08,2029-09-12,4.2175232969,SOFRON Actual/360,raw/free_supplement/Eris_20260903_EOD_ParCouponCurve_SOFR.csv
2026-09-03,SOFR4Y,2026-09-08,2030-09-11,4.2308171647,SOFRON Actual/360,raw/free_supplement/Eris_20260903_EOD_ParCouponCurve_SOFR.csv
2026-09-03,SOFR5Y,2026-09-08,2031-09-10,4.2487582306,SOFRON Actual/360,raw/free_supplement/Eris_20260903_EOD_ParCouponCurve_SOFR.csv
2026-09-03,SOFR6Y,2026-09-08,2032-09-10,4.2771856227,SOFRON Actual/360,raw/free_supplement/Eris_20260903_EOD_ParCouponCurve_SOFR.csv
2026-09-03,SOFR7Y,2026-09-08,2033-09-12,4.3102738532,SOFRON Actual/360,raw/free_supplement/Eris_20260903_EOD_ParCouponCurve_SOFR.csv
2026-09-03,SOFR8Y,2026-09-08,2034-09-12,4.3438138756,SOFRON Actual/360,raw/free_supplement/Eris_20260903_EOD_ParCouponCurve_SOFR.csv
2026-09-03,SOFR9Y,2026-09-08,2035-09-12,4.3775463255,SOFRON Actual/360,raw/free_supplement/Eris_20260903_EOD_ParCouponCurve_SOFR.csv
2026-09-03,SOFR10Y,2026-09-08,2036-09-10,4.4110058765,SOFRON Actual/360,raw/free_supplement/Eris_20260903_EOD_ParCouponCurve_SOFR.csv
2026-09-03,SOFR12Y,2026-09-08,2038-09-10,4.4774086117,SOFRON Actual/360,raw/free_supplement/Eris_20260903_EOD_ParCouponCurve_SOFR.csv
2026-09-03,SOFR15Y,2026-09-08,2041-09-11,4.5633718127,SOFRON Actual/360,raw/free_supplement/Eris_20260903_EOD_ParCouponCurve_SOFR.csv
2026-09-03,SOFR20Y,2026-09-08,2046-09-12,4.6360282531,SOFRON Actual/360,raw/free_supplement/Eris_20260903_EOD_ParCouponCurve_SOFR.csv
2026-09-03,SOFR25Y,2026-09-08,2051-09-12,4.6329514981,SOFRON Actual/360,raw/free_supplement/Eris_20260903_EOD_ParCouponCurve_SOFR.csv
2026-09-03,SOFR30Y,2026-09-08,2056-09-12,4.5929069648,SOFRON Actual/360,raw/free_supplement/Eris_20260903_EOD_ParCouponCurve_SOFR.csv
2026-09-03,SOFR40Y,2026-09-08,2066-09-10,4.4782322038,SOFRON Actual/360,raw/free_supplement/Eris_20260903_EOD_ParCouponCurve_SOFR.csv
2026-09-03,SOFR50Y,2026-09-08,2076-09-10,4.3529344273,SOFRON Actual/360,raw/free_supplement/Eris_20260903_EOD_ParCouponCurve_SOFR.csv
2026-09-04,SOFR1D,2026-09-09,2026-09-14,3.6329841105,SOFRON Actual/360,raw/free_supplement/Eris_20260904_EOD_ParCouponCurve_SOFR.csv
2026-09-04,SOFR1W,2026-09-09,2026-09-18,3.661603493,SOFRON Actual/360,raw/free_supplement/Eris_20260904_EOD_ParCouponCurve_SOFR.csv
2026-09-04,SOFR1M,2026-09-09,2026-10-14,3.7631784074,SOFRON Actual/360,raw/free_supplement/Eris_20260904_EOD_ParCouponCurve_SOFR.csv
2026-09-04,SOFR3M,2026-09-09,2026-12-11,3.8396654812,SOFRON Actual/360,raw/free_supplement/Eris_20260904_EOD_ParCouponCurve_SOFR.csv
2026-09-04,SOFR6M,2026-09-09,2027-03-11,3.9601576197,SOFRON Actual/360,raw/free_supplement/Eris_20260904_EOD_ParCouponCurve_SOFR.csv
2026-09-04,SOFR9M,2026-09-09,2027-06-11,4.0658650294,SOFRON Actual/360,raw/free_supplement/Eris_20260904_EOD_ParCouponCurve_SOFR.csv
2026-09-04,SOFR12M,2026-09-09,2027-09-13,4.1494766024,SOFRON Actual/360,raw/free_supplement/Eris_20260904_EOD_ParCouponCurve_SOFR.csv
2026-09-04,SOFR18M,2026-09-09,2028-03-13,4.2018834994,SOFRON Actual/360,raw/free_supplement/Eris_20260904_EOD_ParCouponCurve_SOFR.csv
2026-09-04,SOFR2Y,2026-09-09,2028-09-13,4.2422073235,SOFRON Actual/360,raw/free_supplement/Eris_20260904_EOD_ParCouponCurve_SOFR.csv
2026-09-04,SOFR3Y,2026-09-09,2029-09-12,4.2578665959,SOFRON Actual/360,raw/free_supplement/Eris_20260904_EOD_ParCouponCurve_SOFR.csv
2026-09-04,SOFR4Y,2026-09-09,2030-09-11,4.267624215,SOFRON Actual/360,raw/free_supplement/Eris_20260904_EOD_ParCouponCurve_SOFR.csv
2026-09-04,SOFR5Y,2026-09-09,2031-09-11,4.2815292061,SOFRON Actual/360,raw/free_supplement/Eris_20260904_EOD_ParCouponCurve_SOFR.csv
2026-09-04,SOFR6Y,2026-09-09,2032-09-13,4.304725203,SOFRON Actual/360,raw/free_supplement/Eris_20260904_EOD_ParCouponCurve_SOFR.csv
2026-09-04,SOFR7Y,2026-09-09,2033-09-13,4.3324653593,SOFRON Actual/360,raw/free_supplement/Eris_20260904_EOD_ParCouponCurve_SOFR.csv
2026-09-04,SOFR8Y,2026-09-09,2034-09-13,4.3615595162,SOFRON Actual/360,raw/free_supplement/Eris_20260904_EOD_ParCouponCurve_SOFR.csv
2026-09-04,SOFR9Y,2026-09-09,2035-09-12,4.3912029783,SOFRON Actual/360,raw/free_supplement/Eris_20260904_EOD_ParCouponCurve_SOFR.csv
2026-09-04,SOFR10Y,2026-09-09,2036-09-11,4.4220544843,SOFRON Actual/360,raw/free_supplement/Eris_20260904_EOD_ParCouponCurve_SOFR.csv
2026-09-04,SOFR12Y,2026-09-09,2038-09-13,4.4851585602,SOFRON Actual/360,raw/free_supplement/Eris_20260904_EOD_ParCouponCurve_SOFR.csv
2026-09-04,SOFR15Y,2026-09-09,2041-09-11,4.5665463235,SOFRON Actual/360,raw/free_supplement/Eris_20260904_EOD_ParCouponCurve_SOFR.csv
2026-09-04,SOFR20Y,2026-09-09,2046-09-12,4.6348977057,SOFRON Actual/360,raw/free_supplement/Eris_20260904_EOD_ParCouponCurve_SOFR.csv
2026-09-04,SOFR25Y,2026-09-09,2051-09-13,4.6290555867,SOFRON Actual/360,raw/free_supplement/Eris_20260904_EOD_ParCouponCurve_SOFR.csv
2026-09-04,SOFR30Y,2026-09-09,2056-09-13,4.588076421,SOFRON Actual/360,raw/free_supplement/Eris_20260904_EOD_ParCouponCurve_SOFR.csv
2026-09-04,SOFR40Y,2026-09-09,2066-09-13,4.4727054347,SOFRON Actual/360,raw/free_supplement/Eris_20260904_EOD_ParCouponCurve_SOFR.csv
2026-09-04,SOFR50Y,2026-09-09,2076-09-11,4.3468960196,SOFRON Actual/360,raw/free_supplement/Eris_20260904_EOD_ParCouponCurve_SOFR.csv
2026-09-08,SOFR1D,2026-09-10,2026-09-15,3.6582692553,SOFRON Actual/360,raw/free_supplement/Eris_20260908_EOD_ParCouponCurve_SOFR.csv
2026-09-08,SOFR1W,2026-09-10,2026-09-21,3.6789472211,SOFRON Actual/360,raw/free_supplement/Eris_20260908_EOD_ParCouponCurve_SOFR.csv
2026-09-08,SOFR1M,2026-09-10,2026-10-15,3.7656193172,SOFRON Actual/360,raw/free_supplement/Eris_20260908_EOD_ParCouponCurve_SOFR.csv
2026-09-08,SOFR3M,2026-09-10,2026-12-14,3.8473188781,SOFRON Actual/360,raw/free_supplement/Eris_20260908_EOD_ParCouponCurve_SOFR.csv
2026-09-08,SOFR6M,2026-09-10,2027-03-12,3.9680931359,SOFRON Actual/360,raw/free_supplement/Eris_20260908_EOD_ParCouponCurve_SOFR.csv
2026-09-08,SOFR9M,2026-09-10,2027-06-14,4.0749309842,SOFRON Actual/360,raw/free_supplement/Eris_20260908_EOD_ParCouponCurve_SOFR.csv
2026-09-08,SOFR12M,2026-09-10,2027-09-14,4.1614656557,SOFRON Actual/360,raw/free_supplement/Eris_20260908_EOD_ParCouponCurve_SOFR.csv
2026-09-08,SOFR18M,2026-09-10,2028-03-14,4.2179072449,SOFRON Actual/360,raw/free_supplement/Eris_20260908_EOD_ParCouponCurve_SOFR.csv
2026-09-08,SOFR2Y,2026-09-10,2028-09-13,4.2612599538,SOFRON Actual/360,raw/free_supplement/Eris_20260908_EOD_ParCouponCurve_SOFR.csv
2026-09-08,SOFR3Y,2026-09-10,2029-09-12,4.2792029362,SOFRON Actual/360,raw/free_supplement/Eris_20260908_EOD_ParCouponCurve_SOFR.csv
2026-09-08,SOFR4Y,2026-09-10,2030-09-12,4.2876464813,SOFRON Actual/360,raw/free_supplement/Eris_20260908_EOD_ParCouponCurve_SOFR.csv
2026-09-08,SOFR5Y,2026-09-10,2031-09-12,4.3037013865,SOFRON Actual/360,raw/free_supplement/Eris_20260908_EOD_ParCouponCurve_SOFR.csv
2026-09-08,SOFR6Y,2026-09-10,2032-09-14,4.3275397233,SOFRON Actual/360,raw/free_supplement/Eris_20260908_EOD_ParCouponCurve_SOFR.csv
2026-09-08,SOFR7Y,2026-09-10,2033-09-14,4.3545252079,SOFRON Actual/360,raw/free_supplement/Eris_20260908_EOD_ParCouponCurve_SOFR.csv
2026-09-08,SOFR8Y,2026-09-10,2034-09-13,4.3816071775,SOFRON Actual/360,raw/free_supplement/Eris_20260908_EOD_ParCouponCurve_SOFR.csv
2026-09-08,SOFR9Y,2026-09-10,2035-09-12,4.4095460339,SOFRON Actual/360,raw/free_supplement/Eris_20260908_EOD_ParCouponCurve_SOFR.csv
2026-09-08,SOFR10Y,2026-09-10,2036-09-12,4.4391957973,SOFRON Actual/360,raw/free_supplement/Eris_20260908_EOD_ParCouponCurve_SOFR.csv
2026-09-08,SOFR12Y,2026-09-10,2038-09-14,4.5010232272,SOFRON Actual/360,raw/free_supplement/Eris_20260908_EOD_ParCouponCurve_SOFR.csv
2026-09-08,SOFR15Y,2026-09-10,2041-09-12,4.5811512064,SOFRON Actual/360,raw/free_supplement/Eris_20260908_EOD_ParCouponCurve_SOFR.csv
2026-09-08,SOFR20Y,2026-09-10,2046-09-12,4.6488093652,SOFRON Actual/360,raw/free_supplement/Eris_20260908_EOD_ParCouponCurve_SOFR.csv
2026-09-08,SOFR25Y,2026-09-10,2051-09-13,4.6424029445,SOFRON Actual/360,raw/free_supplement/Eris_20260908_EOD_ParCouponCurve_SOFR.csv
2026-09-08,SOFR30Y,2026-09-10,2056-09-13,4.6040629975,SOFRON Actual/360,raw/free_supplement/Eris_20260908_EOD_ParCouponCurve_SOFR.csv
2026-09-08,SOFR40Y,2026-09-10,2066-09-14,4.484263769,SOFRON Actual/360,raw/free_supplement/Eris_20260908_EOD_ParCouponCurve_SOFR.csv
2026-09-08,SOFR50Y,2026-09-10,2076-09-14,4.3575991824,SOFRON Actual/360,raw/free_supplement/Eris_20260908_EOD_ParCouponCurve_SOFR.csv
2026-09-11,SOFR1D,2026-09-15,2026-09-18,3.7806770661,SOFRON Actual/360,raw/free_supplement/Eris_20260911_EOD_ParCouponCurve_SOFR.csv
2026-09-11,SOFR1W,2026-09-15,2026-09-24,3.7866140431,SOFRON Actual/360,raw/free_supplement/Eris_20260911_EOD_ParCouponCurve_SOFR.csv
2026-09-11,SOFR1M,2026-09-15,2026-10-19,3.831794761,SOFRON Actual/360,raw/free_supplement/Eris_20260911_EOD_ParCouponCurve_SOFR.csv
2026-09-11,SOFR3M,2026-09-15,2026-12-17,3.9639355383,SOFRON Actual/360,raw/free_supplement/Eris_20260911_EOD_ParCouponCurve_SOFR.csv
2026-09-11,SOFR6M,2026-09-15,2027-03-17,4.1198631344,SOFRON Actual/360,raw/free_supplement/Eris_20260911_EOD_ParCouponCurve_SOFR.csv
2026-09-11,SOFR9M,2026-09-15,2027-06-17,4.2665103051,SOFRON Actual/360,raw/free_supplement/Eris_20260911_EOD_ParCouponCurve_SOFR.csv
2026-09-11,SOFR12M,2026-09-15,2027-09-17,4.3861462259,SOFRON Actual/360,raw/free_supplement/Eris_20260911_EOD_ParCouponCurve_SOFR.csv
2026-09-11,SOFR18M,2026-09-15,2028-03-17,4.4664130349,SOFRON Actual/360,raw/free_supplement/Eris_20260911_EOD_ParCouponCurve_SOFR.csv
2026-09-11,SOFR2Y,2026-09-15,2028-09-19,4.5202978799,SOFRON Actual/360,raw/free_supplement/Eris_20260911_EOD_ParCouponCurve_SOFR.csv
2026-09-11,SOFR3Y,2026-09-15,2029-09-19,4.5300602291,SOFRON Actual/360,raw/free_supplement/Eris_20260911_EOD_ParCouponCurve_SOFR.csv
2026-09-11,SOFR4Y,2026-09-15,2030-09-18,4.5244717285,SOFRON Actual/360,raw/free_supplement/Eris_20260911_EOD_ParCouponCurve_SOFR.csv
2026-09-11,SOFR5Y,2026-09-15,2031-09-17,4.5244234141,SOFRON Actual/360,raw/free_supplement/Eris_20260911_EOD_ParCouponCurve_SOFR.csv
2026-09-11,SOFR6Y,2026-09-15,2032-09-17,4.5326657737,SOFRON Actual/360,raw/free_supplement/Eris_20260911_EOD_ParCouponCurve_SOFR.csv
2026-09-11,SOFR7Y,2026-09-15,2033-09-19,4.546052321,SOFRON Actual/360,raw/free_supplement/Eris_20260911_EOD_ParCouponCurve_SOFR.csv
2026-09-11,SOFR8Y,2026-09-15,2034-09-19,4.5624581188,SOFRON Actual/360,raw/free_supplement/Eris_20260911_EOD_ParCouponCurve_SOFR.csv
2026-09-11,SOFR9Y,2026-09-15,2035-09-19,4.581274775,SOFRON Actual/360,raw/free_supplement/Eris_20260911_EOD_ParCouponCurve_SOFR.csv
2026-09-11,SOFR10Y,2026-09-15,2036-09-17,4.6017062404,SOFRON Actual/360,raw/free_supplement/Eris_20260911_EOD_ParCouponCurve_SOFR.csv
2026-09-11,SOFR12Y,2026-09-15,2038-09-17,4.6460617748,SOFRON Actual/360,raw/free_supplement/Eris_20260911_EOD_ParCouponCurve_SOFR.csv
2026-09-11,SOFR15Y,2026-09-15,2041-09-18,4.7071246583,SOFRON Actual/360,raw/free_supplement/Eris_20260911_EOD_ParCouponCurve_SOFR.csv
2026-09-11,SOFR20Y,2026-09-15,2046-09-19,4.7532879202,SOFRON Actual/360,raw/free_supplement/Eris_20260911_EOD_ParCouponCurve_SOFR.csv
2026-09-11,SOFR25Y,2026-09-15,2051-09-19,4.7315889936,SOFRON Actual/360,raw/free_supplement/Eris_20260911_EOD_ParCouponCurve_SOFR.csv
2026-09-11,SOFR30Y,2026-09-15,2056-09-19,4.6822670762,SOFRON Actual/360,raw/free_supplement/Eris_20260911_EOD_ParCouponCurve_SOFR.csv
2026-09-11,SOFR40Y,2026-09-15,2066-09-17,4.5543954468,SOFRON Actual/360,raw/free_supplement/Eris_20260911_EOD_ParCouponCurve_SOFR.csv
2026-09-11,SOFR50Y,2026-09-15,2076-09-17,4.417991882,SOFRON Actual/360,raw/free_supplement/Eris_20260911_EOD_ParCouponCurve_SOFR.csv
2026-09-14,SOFR1D,2026-09-16,2026-09-21,3.8245846487,SOFRON Actual/360,raw/free_supplement/Eris_20260914_EOD_ParCouponCurve_SOFR.csv
2026-09-14,SOFR1W,2026-09-16,2026-09-25,3.8286812036,SOFRON Actual/360,raw/free_supplement/Eris_20260914_EOD_ParCouponCurve_SOFR.csv
2026-09-14,SOFR1M,2026-09-16,2026-10-20,3.8633241512,SOFRON Actual/360,raw/free_supplement/Eris_20260914_EOD_ParCouponCurve_SOFR.csv
2026-09-14,SOFR3M,2026-09-16,2026-12-18,3.9750000082,SOFRON Actual/360,raw/free_supplement/Eris_20260914_EOD_ParCouponCurve_SOFR.csv
2026-09-14,SOFR6M,2026-09-16,2027-03-18,4.129343891,SOFRON Actual/360,raw/free_supplement/Eris_20260914_EOD_ParCouponCurve_SOFR.csv
2026-09-14,SOFR9M,2026-09-16,2027-06-21,4.2693794764,SOFRON Actual/360,raw/free_supplement/Eris_20260914_EOD_ParCouponCurve_SOFR.csv
2026-09-14,SOFR12M,2026-09-16,2027-09-20,4.3833594967,SOFRON Actual/360,raw/free_supplement/Eris_20260914_EOD_ParCouponCurve_SOFR.csv
2026-09-14,SOFR18M,2026-09-16,2028-03-20,4.46313247,SOFRON Actual/360,raw/free_supplement/Eris_20260914_EOD_ParCouponCurve_SOFR.csv
2026-09-14,SOFR2Y,2026-09-16,2028-09-20,4.5137851564,SOFRON Actual/360,raw/free_supplement/Eris_20260914_EOD_ParCouponCurve_SOFR.csv
2026-09-14,SOFR3Y,2026-09-16,2029-09-19,4.5282021876,SOFRON Actual/360,raw/free_supplement/Eris_20260914_EOD_ParCouponCurve_SOFR.csv
2026-09-14,SOFR4Y,2026-09-16,2030-09-18,4.5231074035,SOFRON Actual/360,raw/free_supplement/Eris_20260914_EOD_ParCouponCurve_SOFR.csv
2026-09-14,SOFR5Y,2026-09-16,2031-09-18,4.5234558909,SOFRON Actual/360,raw/free_supplement/Eris_20260914_EOD_ParCouponCurve_SOFR.csv
2026-09-14,SOFR6Y,2026-09-16,2032-09-20,4.5309922966,SOFRON Actual/360,raw/free_supplement/Eris_20260914_EOD_ParCouponCurve_SOFR.csv
2026-09-14,SOFR7Y,2026-09-16,2033-09-20,4.5424565161,SOFRON Actual/360,raw/free_supplement/Eris_20260914_EOD_ParCouponCurve_SOFR.csv
2026-09-14,SOFR8Y,2026-09-16,2034-09-20,4.5577167811,SOFRON Actual/360,raw/free_supplement/Eris_20260914_EOD_ParCouponCurve_SOFR.csv
2026-09-14,SOFR9Y,2026-09-16,2035-09-19,4.5752419914,SOFRON Actual/360,raw/free_supplement/Eris_20260914_EOD_ParCouponCurve_SOFR.csv
2026-09-14,SOFR10Y,2026-09-16,2036-09-18,4.5942119226,SOFRON Actual/360,raw/free_supplement/Eris_20260914_EOD_ParCouponCurve_SOFR.csv
2026-09-14,SOFR12Y,2026-09-16,2038-09-20,4.6339766712,SOFRON Actual/360,raw/free_supplement/Eris_20260914_EOD_ParCouponCurve_SOFR.csv
2026-09-14,SOFR15Y,2026-09-16,2041-09-18,4.6904993518,SOFRON Actual/360,raw/free_supplement/Eris_20260914_EOD_ParCouponCurve_SOFR.csv
2026-09-14,SOFR20Y,2026-09-16,2046-09-19,4.7323111569,SOFRON Actual/360,raw/free_supplement/Eris_20260914_EOD_ParCouponCurve_SOFR.csv
2026-09-14,SOFR25Y,2026-09-16,2051-09-20,4.7084177188,SOFRON Actual/360,raw/free_supplement/Eris_20260914_EOD_ParCouponCurve_SOFR.csv
2026-09-14,SOFR30Y,2026-09-16,2056-09-20,4.6550742191,SOFRON Actual/360,raw/free_supplement/Eris_20260914_EOD_ParCouponCurve_SOFR.csv
2026-09-14,SOFR40Y,2026-09-16,2066-09-20,4.5266477729,SOFRON Actual/360,raw/free_supplement/Eris_20260914_EOD_ParCouponCurve_SOFR.csv
2026-09-14,SOFR50Y,2026-09-16,2076-09-18,4.3902507331,SOFRON Actual/360,raw/free_supplement/Eris_20260914_EOD_ParCouponCurve_SOFR.csv
2026-09-24,SOFR1D,2026-09-28,2026-10-01,3.8582115937,SOFRON Actual/360,raw/free_supplement/Eris_20260924_EOD_ParCouponCurve_SOFR.csv
2026-09-24,SOFR1W,2026-09-28,2026-10-07,3.8629259488,SOFRON Actual/360,raw/free_supplement/Eris_20260924_EOD_ParCouponCurve_SOFR.csv
2026-09-24,SOFR1M,2026-09-28,2026-10-30,3.9003998958,SOFRON Actual/360,raw/free_supplement/Eris_20260924_EOD_ParCouponCurve_SOFR.csv
2026-09-24,SOFR3M,2026-09-28,2026-12-30,4.0661788984,SOFRON Actual/360,raw/free_supplement/Eris_20260924_EOD_ParCouponCurve_SOFR.csv
2026-09-24,SOFR6M,2026-09-28,2027-03-31,4.2606691765,SOFRON Actual/360,raw/free_supplement/Eris_20260924_EOD_ParCouponCurve_SOFR.csv
2026-09-24,SOFR9M,2026-09-28,2027-06-30,4.4368483148,SOFRON Actual/360,raw/free_supplement/Eris_20260924_EOD_ParCouponCurve_SOFR.csv
2026-09-24,SOFR12M,2026-09-28,2027-09-30,4.5790040982,SOFRON Actual/360,raw/free_supplement/Eris_20260924_EOD_ParCouponCurve_SOFR.csv
2026-09-24,SOFR18M,2026-09-28,2028-03-30,4.6836497598,SOFRON Actual/360,raw/free_supplement/Eris_20260924_EOD_ParCouponCurve_SOFR.csv
2026-09-24,SOFR2Y,2026-09-28,2028-10-02,4.7500812195,SOFRON Actual/360,raw/free_supplement/Eris_20260924_EOD_ParCouponCurve_SOFR.csv
2026-09-24,SOFR3Y,2026-09-28,2029-10-02,4.766944671,SOFRON Actual/360,raw/free_supplement/Eris_20260924_EOD_ParCouponCurve_SOFR.csv
2026-09-24,SOFR4Y,2026-09-28,2030-10-02,4.7559803251,SOFRON Actual/360,raw/free_supplement/Eris_20260924_EOD_ParCouponCurve_SOFR.csv
2026-09-24,SOFR5Y,2026-09-28,2031-10-01,4.7500551757,SOFRON Actual/360,raw/free_supplement/Eris_20260924_EOD_ParCouponCurve_SOFR.csv
2026-09-24,SOFR6Y,2026-09-28,2032-09-30,4.7519895589,SOFRON Actual/360,raw/free_supplement/Eris_20260924_EOD_ParCouponCurve_SOFR.csv
2026-09-24,SOFR7Y,2026-09-28,2033-09-30,4.7583101415,SOFRON Actual/360,raw/free_supplement/Eris_20260924_EOD_ParCouponCurve_SOFR.csv
2026-09-24,SOFR8Y,2026-09-28,2034-10-02,4.7687914817,SOFRON Actual/360,raw/free_supplement/Eris_20260924_EOD_ParCouponCurve_SOFR.csv
2026-09-24,SOFR9Y,2026-09-28,2035-10-02,4.78178898,SOFRON Actual/360,raw/free_supplement/Eris_20260924_EOD_ParCouponCurve_SOFR.csv
2026-09-24,SOFR10Y,2026-09-28,2036-10-01,4.7958339757,SOFRON Actual/360,raw/free_supplement/Eris_20260924_EOD_ParCouponCurve_SOFR.csv
2026-09-24,SOFR12Y,2026-09-28,2038-09-30,4.8244069531,SOFRON Actual/360,raw/free_supplement/Eris_20260924_EOD_ParCouponCurve_SOFR.csv
2026-09-24,SOFR15Y,2026-09-28,2041-10-02,4.8687509157,SOFRON Actual/360,raw/free_supplement/Eris_20260924_EOD_ParCouponCurve_SOFR.csv
2026-09-24,SOFR20Y,2026-09-28,2046-10-02,4.8944929367,SOFRON Actual/360,raw/free_supplement/Eris_20260924_EOD_ParCouponCurve_SOFR.csv
2026-09-24,SOFR25Y,2026-09-28,2051-10-02,4.8614010148,SOFRON Actual/360,raw/free_supplement/Eris_20260924_EOD_ParCouponCurve_SOFR.csv
2026-09-24,SOFR30Y,2026-09-28,2056-10-02,4.8015459776,SOFRON Actual/360,raw/free_supplement/Eris_20260924_EOD_ParCouponCurve_SOFR.csv
2026-09-24,SOFR40Y,2026-09-28,2066-09-30,4.667143984,SOFRON Actual/360,raw/free_supplement/Eris_20260924_EOD_ParCouponCurve_SOFR.csv
2026-09-24,SOFR50Y,2026-09-28,2076-09-30,4.5208817605,SOFRON Actual/360,raw/free_supplement/Eris_20260924_EOD_ParCouponCurve_SOFR.csv
