trade_date,publication_status,product,contract_month,settlement_index,settlement_raw,volume_raw,open_interest_raw,source_file,source_page,capture_timestamp
2026-03-18,FINAL,SR1,2026-03,96.3375,96.3375,14908,306268 -,raw/wayback/calls_20260319171405.pdf,2,20260319171405
2026-03-18,FINAL,SR1,2026-04,96.33,96.3300,120253,318783 +,raw/wayback/calls_20260319171405.pdf,2,20260319171405
2026-03-18,FINAL,SR1,2026-05,96.33,96.3300,72271,337611 +,raw/wayback/calls_20260319171405.pdf,2,20260319171405
2026-03-18,FINAL,SR1,2026-06,96.335,96.3350,29302,177689 -,raw/wayback/calls_20260319171405.pdf,2,20260319171405
2026-03-18,FINAL,SR1,2026-07,96.35,96.3500,23191,99852 +,raw/wayback/calls_20260319171405.pdf,2,20260319171405
2026-03-18,FINAL,SR1,2026-08,96.38,96.3800,25703,62882 +,raw/wayback/calls_20260319171405.pdf,2,20260319171405
2026-03-18,FINAL,SR1,2026-09,96.395,96.3950,7505,39873 -,raw/wayback/calls_20260319171405.pdf,2,20260319171405
2026-03-18,FINAL,SR1,2026-10,96.415,96.4150,9734,25975 -,raw/wayback/calls_20260319171405.pdf,2,20260319171405
2026-03-18,FINAL,SR1,2026-11,96.435,96.4350,4125,22161 +,raw/wayback/calls_20260319171405.pdf,2,20260319171405
2026-03-18,FINAL,SR1,2026-12,96.46,96.4600,1486,43061 +,raw/wayback/calls_20260319171405.pdf,2,20260319171405
2026-03-18,FINAL,SR1,2027-01,96.475,96.4750,1868,38174 -,raw/wayback/calls_20260319171405.pdf,2,20260319171405
2026-03-18,FINAL,SR1,2027-02,96.5,96.5000,1158,5693 +,raw/wayback/calls_20260319171405.pdf,2,20260319171405
2026-03-18,FINAL,SR1,2027-03,96.505,96.5050,85,1120 +,raw/wayback/calls_20260319171405.pdf,2,20260319171405
2026-03-18,FINAL,SR1,2027-04,96.52,96.5200,68,3676 +,raw/wayback/calls_20260319171405.pdf,2,20260319171405
2026-03-18,FINAL,SR1,2027-05,96.525,96.5250,1,50,raw/wayback/calls_20260319171405.pdf,2,20260319171405
2026-03-18,FINAL,SR1,2027-07,96.55,96.5500,----,2,raw/wayback/calls_20260319171405.pdf,2,20260319171405
2026-03-18,FINAL,SR1,2027-12,96.82,96.8200,----,1,raw/wayback/calls_20260319171405.pdf,2,20260319171405
2026-03-18,FINAL,SR3,2025-12,96.3108,96.3108,----,1270775 +,raw/wayback/calls_20260319171405.pdf,2,20260319171405
2026-03-18,FINAL,SR3,2026-01,96.3225,96.3225,1394,13745 +,raw/wayback/calls_20260319171405.pdf,2,20260319171405
2026-03-18,FINAL,SR3,2026-02,96.3175,96.3175,19,3678 +,raw/wayback/calls_20260319171405.pdf,2,20260319171405
2026-03-18,FINAL,SR3,2026-03,96.3075,96.3075,313482,1170653 -,raw/wayback/calls_20260319171405.pdf,2,20260319171405
2026-03-18,FINAL,SR3,2026-04,96.3175,96.3175,113,2757 +,raw/wayback/calls_20260319171405.pdf,2,20260319171405
2026-03-18,FINAL,SR3,2026-05,96.335,96.3350,18,1517 +,raw/wayback/calls_20260319171405.pdf,2,20260319171405
2026-03-18,FINAL,SR3,2026-06,96.34,96.3400,540797,1394050 +,raw/wayback/calls_20260319171405.pdf,2,20260319171405
2026-03-18,FINAL,SR3,2026-07,96.375,96.3750,2,512,raw/wayback/calls_20260319171405.pdf,2,20260319171405
2026-03-18,FINAL,SR3,2026-08,96.4,96.4000,----,20,raw/wayback/calls_20260319171405.pdf,2,20260319171405
2026-03-18,FINAL,SR3,2026-09,96.41,96.4100 (,637104,1215437 +,raw/wayback/calls_20260319171405.pdf,2,20260319171405
2026-03-18,FINAL,SR3,2026-12,96.475,96.4750 (,882753,1513699 +,raw/wayback/calls_20260319171405.pdf,2,20260319171405
2026-03-18,FINAL,SR3,2027-03,96.515,96.5150 (,557499,995342 +,raw/wayback/calls_20260319171405.pdf,2,20260319171405
2026-03-18,FINAL,SR3,2027-06,96.57,96.5700 (,492287,983833 +,raw/wayback/calls_20260319171405.pdf,2,20260319171405
2026-03-18,FINAL,SR3,2027-09,96.62,96.6200 (,328241,808015 +,raw/wayback/calls_20260319171405.pdf,2,20260319171405
2026-03-18,FINAL,SR3,2027-12,96.65,96.6500 (,362980,1020479 +,raw/wayback/calls_20260319171405.pdf,2,20260319171405
2026-03-18,FINAL,SR3,2028-03,96.65,96.6500 (,259610,546723 +,raw/wayback/calls_20260319171405.pdf,2,20260319171405
2026-03-18,FINAL,SR3,2028-06,96.63,96.6300 (,144908,449181 -,raw/wayback/calls_20260319171405.pdf,2,20260319171405
2026-03-18,FINAL,SR3,2028-09,96.605,96.6050 (,124786,393497 +,raw/wayback/calls_20260319171405.pdf,2,20260319171405
2026-03-18,FINAL,SR3,2028-12,96.575,96.5750 (,155403,383880 +,raw/wayback/calls_20260319171405.pdf,2,20260319171405
2026-03-18,FINAL,SR3,2029-03,96.545,96.5450 (,129666,273241 +,raw/wayback/calls_20260319171405.pdf,2,20260319171405
2026-03-18,FINAL,SR3,2029-06,96.515,96.5150 (,55102,203615 +,raw/wayback/calls_20260319171405.pdf,2,20260319171405
2026-03-18,FINAL,SR3,2029-09,96.48,96.4800 (,48930,181201 +,raw/wayback/calls_20260319171405.pdf,2,20260319171405
2026-03-18,FINAL,SR3,2029-12,96.44,96.4400 (,56796,180647 +,raw/wayback/calls_20260319171405.pdf,2,20260319171405
2026-03-18,FINAL,SR3,2030-03,96.395,96.3950 (,43031,170534 -,raw/wayback/calls_20260319171405.pdf,2,20260319171405
2026-03-18,FINAL,SR3,2030-06,96.35,96.3500 (,30688,154705 +,raw/wayback/calls_20260319171405.pdf,2,20260319171405
2026-03-18,FINAL,SR3,2030-09,96.3,96.3000 (,31912,99414 +,raw/wayback/calls_20260319171405.pdf,2,20260319171405
2026-03-18,FINAL,SR3,2030-12,96.245,96.2450 (,36872,75970 +,raw/wayback/calls_20260319171405.pdf,2,20260319171405
2026-03-18,FINAL,SR3,2031-03,96.19,96.1900 (,30624,21335 +,raw/wayback/calls_20260319171405.pdf,2,20260319171405
2026-03-18,FINAL,SR3,2031-06,96.135,96.1350 (,1465,7730 +,raw/wayback/calls_20260319171405.pdf,2,20260319171405
2026-03-18,FINAL,SR3,2031-09,96.08,96.0800 (,65,2452 -,raw/wayback/calls_20260319171405.pdf,2,20260319171405
2026-03-18,FINAL,SR3,2031-12,96.025,96.0250 (,8,1418 -,raw/wayback/calls_20260319171405.pdf,2,20260319171405
2026-03-18,FINAL,SR3,2032-03,95.975,95.9750 (,----,182,raw/wayback/calls_20260319171405.pdf,2,20260319171405
2026-03-18,FINAL,SR3,2032-06,95.93,95.9300 (,----,66,raw/wayback/calls_20260319171405.pdf,2,20260319171405
2026-03-18,FINAL,SR3,2032-09,95.88,95.8800 (,----,22,raw/wayback/calls_20260319171405.pdf,2,20260319171405
2026-03-18,FINAL,SR3,2032-12,95.825,95.8250 (,----,10,raw/wayback/calls_20260319171405.pdf,2,20260319171405
2026-03-18,FINAL,SR3,2033-03,95.78,95.7800 (,----,6,raw/wayback/calls_20260319171405.pdf,2,20260319171405
2026-03-23,PRELIMINARY,SR1,2026-03,96.3425,96.3425,23585,315022 -,raw/wayback/calls_20260324085535.pdf,2,20260324085535
2026-03-23,PRELIMINARY,SR1,2026-04,96.325,96.3250,105664,348445 -,raw/wayback/calls_20260324085535.pdf,2,20260324085535
2026-03-23,PRELIMINARY,SR1,2026-05,96.305,96.3050,144888,331890 -,raw/wayback/calls_20260324085535.pdf,2,20260324085535
2026-03-23,PRELIMINARY,SR1,2026-06,96.3,96.3000,58303,198828 +,raw/wayback/calls_20260324085535.pdf,2,20260324085535
2026-03-23,PRELIMINARY,SR1,2026-07,96.3,96.3000,59456,101215 +,raw/wayback/calls_20260324085535.pdf,2,20260324085535
2026-03-23,PRELIMINARY,SR1,2026-08,96.305,96.3050,49261,69577 +,raw/wayback/calls_20260324085535.pdf,2,20260324085535
2026-03-23,PRELIMINARY,SR1,2026-09,96.295,96.2950,11124,44883 +,raw/wayback/calls_20260324085535.pdf,2,20260324085535
2026-03-23,PRELIMINARY,SR1,2026-10,96.29,96.2900,12309,25470 -,raw/wayback/calls_20260324085535.pdf,2,20260324085535
2026-03-23,PRELIMINARY,SR1,2026-11,96.29,96.2900,8913,25374 +,raw/wayback/calls_20260324085535.pdf,2,20260324085535
2026-03-23,PRELIMINARY,SR1,2026-12,96.305,96.3050,3026,44304 +,raw/wayback/calls_20260324085535.pdf,2,20260324085535
2026-03-23,PRELIMINARY,SR1,2027-01,96.315,96.3150,2282,37175 -,raw/wayback/calls_20260324085535.pdf,2,20260324085535
2026-03-23,PRELIMINARY,SR1,2027-02,96.33,96.3300,1012,5953 +,raw/wayback/calls_20260324085535.pdf,2,20260324085535
2026-03-23,PRELIMINARY,SR1,2027-03,96.33,96.3300,105,1263 -,raw/wayback/calls_20260324085535.pdf,2,20260324085535
2026-03-23,PRELIMINARY,SR1,2027-04,96.34,96.3400,224,4241 +,raw/wayback/calls_20260324085535.pdf,2,20260324085535
2026-03-23,PRELIMINARY,SR1,2027-05,96.355,96.3550,----,50,raw/wayback/calls_20260324085535.pdf,2,20260324085535
2026-03-23,PRELIMINARY,SR1,2027-07,96.405,96.4050,----,2,raw/wayback/calls_20260324085535.pdf,2,20260324085535
2026-03-23,PRELIMINARY,SR1,2027-12,96.725,96.7250,----,,raw/wayback/calls_20260324085535.pdf,2,20260324085535
2026-03-23,PRELIMINARY,SR3,2026-01,96.325,96.3250,104,13358 -,raw/wayback/calls_20260324085535.pdf,2,20260324085535
2026-03-23,PRELIMINARY,SR3,2026-02,96.315,96.3150,200,3890 +,raw/wayback/calls_20260324085535.pdf,2,20260324085535
2026-03-23,PRELIMINARY,SR3,2026-03,96.2975,96.2975,223524,1235003 +,raw/wayback/calls_20260324085535.pdf,2,20260324085535
2026-03-23,PRELIMINARY,SR3,2026-04,96.29,96.2900,10,2772 -,raw/wayback/calls_20260324085535.pdf,2,20260324085535
2026-03-23,PRELIMINARY,SR3,2026-05,96.285,96.2850,42,1519 -,raw/wayback/calls_20260324085535.pdf,2,20260324085535
2026-03-23,PRELIMINARY,SR3,2026-06,96.29,96.2900,960275,1297324 -,raw/wayback/calls_20260324085535.pdf,2,20260324085535
2026-03-23,PRELIMINARY,SR3,2026-07,96.29,96.2900,----,717,raw/wayback/calls_20260324085535.pdf,2,20260324085535
2026-03-23,PRELIMINARY,SR3,2026-08,96.285,96.2850,----,20,raw/wayback/calls_20260324085535.pdf,2,20260324085535
2026-03-23,PRELIMINARY,SR3,2026-09,96.275,96.2750,1030196,1229805 -,raw/wayback/calls_20260324085535.pdf,2,20260324085535
2026-03-23,PRELIMINARY,SR3,2026-12,96.31,96.3100,1517916,1616445 +,raw/wayback/calls_20260324085535.pdf,2,20260324085535
2026-03-23,PRELIMINARY,SR3,2027-03,96.33,96.3300,1089125,986114 +,raw/wayback/calls_20260324085535.pdf,2,20260324085535
2026-03-23,PRELIMINARY,SR3,2027-06,96.415,96.4150,982303,1018636 +,raw/wayback/calls_20260324085535.pdf,2,20260324085535
2026-03-23,PRELIMINARY,SR3,2027-09,96.535,96.5350 (,676778,788984 +,raw/wayback/calls_20260324085535.pdf,2,20260324085535
2026-03-23,PRELIMINARY,SR3,2027-12,96.61,96.6100 (,876446,1088225 +,raw/wayback/calls_20260324085535.pdf,2,20260324085535
2026-03-23,PRELIMINARY,SR3,2028-03,96.6,96.6000 (,581964,575785 -,raw/wayback/calls_20260324085535.pdf,2,20260324085535
2026-03-23,PRELIMINARY,SR3,2028-06,96.56,96.5600 (,344339,459109 -,raw/wayback/calls_20260324085535.pdf,2,20260324085535
2026-03-23,PRELIMINARY,SR3,2028-09,96.52,96.5200 (,244149,377503 -,raw/wayback/calls_20260324085535.pdf,2,20260324085535
2026-03-23,PRELIMINARY,SR3,2028-12,96.485,96.4850 (,264159,370654 +,raw/wayback/calls_20260324085535.pdf,2,20260324085535
2026-03-23,PRELIMINARY,SR3,2029-03,96.445,96.4450 (,212508,261350 -,raw/wayback/calls_20260324085535.pdf,2,20260324085535
2026-03-23,PRELIMINARY,SR3,2029-06,96.415,96.4150 (,92656,195928 +,raw/wayback/calls_20260324085535.pdf,2,20260324085535
2026-03-23,PRELIMINARY,SR3,2029-09,96.38,96.3800 (,89624,168272 -,raw/wayback/calls_20260324085535.pdf,2,20260324085535
2026-03-23,PRELIMINARY,SR3,2029-12,96.34,96.3400 (,90324,173345 +,raw/wayback/calls_20260324085535.pdf,2,20260324085535
2026-03-23,PRELIMINARY,SR3,2030-03,96.295,96.2950 (,76462,153761 -,raw/wayback/calls_20260324085535.pdf,2,20260324085535
2026-03-23,PRELIMINARY,SR3,2030-06,96.25,96.2500 (,47406,146483 +,raw/wayback/calls_20260324085535.pdf,2,20260324085535
2026-03-23,PRELIMINARY,SR3,2030-09,96.2,96.2000 (,47912,97235 -,raw/wayback/calls_20260324085535.pdf,2,20260324085535
2026-03-23,PRELIMINARY,SR3,2030-12,96.145,96.1450 (,57077,73421 -,raw/wayback/calls_20260324085535.pdf,2,20260324085535
2026-03-23,PRELIMINARY,SR3,2031-03,96.09,96.0900 (,45831,29011 +,raw/wayback/calls_20260324085535.pdf,2,20260324085535
2026-03-23,PRELIMINARY,SR3,2031-06,96.045,96.0450 (,486,7114 +,raw/wayback/calls_20260324085535.pdf,2,20260324085535
2026-03-23,PRELIMINARY,SR3,2031-09,96.0,96.0000 (,427,2181 +,raw/wayback/calls_20260324085535.pdf,2,20260324085535
2026-03-23,PRELIMINARY,SR3,2031-12,95.96,95.9600 (,149,1153 +,raw/wayback/calls_20260324085535.pdf,2,20260324085535
2026-03-23,PRELIMINARY,SR3,2032-03,95.915,95.9150 (,18,212 +,raw/wayback/calls_20260324085535.pdf,2,20260324085535
2026-03-23,PRELIMINARY,SR3,2032-06,95.87,95.8700 (,4,68 +,raw/wayback/calls_20260324085535.pdf,2,20260324085535
2026-03-23,PRELIMINARY,SR3,2032-09,95.825,95.8250 (,----,22,raw/wayback/calls_20260324085535.pdf,2,20260324085535
2026-03-23,PRELIMINARY,SR3,2032-12,95.785,95.7850 (,----,10,raw/wayback/calls_20260324085535.pdf,2,20260324085535
2026-03-23,PRELIMINARY,SR3,2033-03,95.745,95.7450 (,----,6,raw/wayback/calls_20260324085535.pdf,2,20260324085535
2026-03-23,PRELIMINARY,SR3,2033-06,95.705,95.7050 (,----,,raw/wayback/calls_20260324085535.pdf,2,20260324085535
2026-03-23,PRELIMINARY,SR3,2033-12,95.625,95.6250 (,----,,raw/wayback/calls_20260324085535.pdf,2,20260324085535
2026-03-23,PRELIMINARY,SR3,2034-06,95.575,95.5750 (,----,,raw/wayback/calls_20260324085535.pdf,2,20260324085535
2026-03-24,PRELIMINARY,SR1,2026-03,96.3425,96.3425,20341,312422 +,raw/wayback/calls_20260325115705.pdf,2,20260325115705
2026-03-24,PRELIMINARY,SR1,2026-04,96.33,96.3300,37202,345841 -,raw/wayback/calls_20260325115705.pdf,2,20260325115705
2026-03-24,PRELIMINARY,SR1,2026-05,96.3,96.3000,32883,331672 -,raw/wayback/calls_20260325115705.pdf,2,20260325115705
2026-03-24,PRELIMINARY,SR1,2026-06,96.285,96.2850 (,19460,196952 +,raw/wayback/calls_20260325115705.pdf,2,20260325115705
2026-03-24,PRELIMINARY,SR1,2026-07,96.27,96.2700 (,24438,102829 +,raw/wayback/calls_20260325115705.pdf,2,20260325115705
2026-03-24,PRELIMINARY,SR1,2026-08,96.255,96.2550 (,31053,74821 +,raw/wayback/calls_20260325115705.pdf,2,20260325115705
2026-03-24,PRELIMINARY,SR1,2026-09,96.235,96.2350 (,7908,44829 -,raw/wayback/calls_20260325115705.pdf,2,20260325115705
2026-03-24,PRELIMINARY,SR1,2026-10,96.215,96.2150 (,9312,25451 -,raw/wayback/calls_20260325115705.pdf,2,20260325115705
2026-03-24,PRELIMINARY,SR1,2026-11,96.195,96.1950 (,6134,26009 +,raw/wayback/calls_20260325115705.pdf,2,20260325115705
2026-03-24,PRELIMINARY,SR1,2026-12,96.2,96.2000 (,1492,43973 +,raw/wayback/calls_20260325115705.pdf,2,20260325115705
2026-03-24,PRELIMINARY,SR1,2027-01,96.2,96.2000 (,1309,37050 -,raw/wayback/calls_20260325115705.pdf,2,20260325115705
2026-03-24,PRELIMINARY,SR1,2027-02,96.215,96.2150 (,746,5997 +,raw/wayback/calls_20260325115705.pdf,2,20260325115705
2026-03-24,PRELIMINARY,SR1,2027-03,96.215,96.2150 (,79,1327 +,raw/wayback/calls_20260325115705.pdf,2,20260325115705
2026-03-24,PRELIMINARY,SR1,2027-04,96.22,96.2200 (,17,4242 +,raw/wayback/calls_20260325115705.pdf,2,20260325115705
2026-03-24,PRELIMINARY,SR1,2027-05,96.235,96.2350 (,21,63 +,raw/wayback/calls_20260325115705.pdf,2,20260325115705
2026-03-24,PRELIMINARY,SR1,2027-07,96.285,96.2850 (,----,2,raw/wayback/calls_20260325115705.pdf,2,20260325115705
2026-03-24,PRELIMINARY,SR3,2026-01,96.32,96.3200 (,----,13358,raw/wayback/calls_20260325115705.pdf,2,20260325115705
2026-03-24,PRELIMINARY,SR3,2026-02,96.3125,96.3125 (,187,4079 +,raw/wayback/calls_20260325115705.pdf,2,20260325115705
2026-03-24,PRELIMINARY,SR3,2026-03,96.295,96.2950 (,134783,1221743 -,raw/wayback/calls_20260325115705.pdf,2,20260325115705
2026-03-24,PRELIMINARY,SR3,2026-04,96.285,96.2850 (,211,2798 +,raw/wayback/calls_20260325115705.pdf,2,20260325115705
2026-03-24,PRELIMINARY,SR3,2026-05,96.27,96.2700 (,540,1618 +,raw/wayback/calls_20260325115705.pdf,2,20260325115705
2026-03-24,PRELIMINARY,SR3,2026-06,96.245,96.2450 (,603886,1292344 -,raw/wayback/calls_20260325115705.pdf,2,20260325115705
2026-03-24,PRELIMINARY,SR3,2026-07,96.23,96.2300 (,----,717,raw/wayback/calls_20260325115705.pdf,2,20260325115705
2026-03-24,PRELIMINARY,SR3,2026-08,96.21,96.2100 (,----,20,raw/wayback/calls_20260325115705.pdf,2,20260325115705
2026-03-24,PRELIMINARY,SR3,2026-09,96.18,96.1800 (,724792,1210870 -,raw/wayback/calls_20260325115705.pdf,2,20260325115705
2026-03-24,PRELIMINARY,SR3,2026-12,96.185,96.1850 (,954542,1601626 +,raw/wayback/calls_20260325115705.pdf,2,20260325115705
2026-03-24,PRELIMINARY,SR3,2027-03,96.205,96.2050 (,696234,1002378 +,raw/wayback/calls_20260325115705.pdf,2,20260325115705
2026-03-24,PRELIMINARY,SR3,2027-06,96.29,96.2900 (,541413,1029572 +,raw/wayback/calls_20260325115705.pdf,2,20260325115705
2026-03-24,PRELIMINARY,SR3,2027-09,96.415,96.4150 (,421787,782598 -,raw/wayback/calls_20260325115705.pdf,2,20260325115705
2026-03-24,PRELIMINARY,SR3,2027-12,96.5,96.5000 (,544000,1104680 +,raw/wayback/calls_20260325115705.pdf,2,20260325115705
2026-03-24,PRELIMINARY,SR3,2028-03,96.505,96.5050 (,400708,570111 -,raw/wayback/calls_20260325115705.pdf,2,20260325115705
2026-03-24,PRELIMINARY,SR3,2028-06,96.48,96.4800 (,226737,465362 +,raw/wayback/calls_20260325115705.pdf,2,20260325115705
2026-03-24,PRELIMINARY,SR3,2028-09,96.45,96.4500 (,154686,380555 +,raw/wayback/calls_20260325115705.pdf,2,20260325115705
2026-03-24,PRELIMINARY,SR3,2028-12,96.42,96.4200 (,191301,365278 -,raw/wayback/calls_20260325115705.pdf,2,20260325115705
2026-03-24,PRELIMINARY,SR3,2029-03,96.39,96.3900 (,140947,255164 -,raw/wayback/calls_20260325115705.pdf,2,20260325115705
2026-03-24,PRELIMINARY,SR3,2029-06,96.365,96.3650 (,76128,192764 -,raw/wayback/calls_20260325115705.pdf,2,20260325115705
2026-03-24,PRELIMINARY,SR3,2029-09,96.335,96.3350 (,72609,160712 -,raw/wayback/calls_20260325115705.pdf,2,20260325115705
2026-03-24,PRELIMINARY,SR3,2029-12,96.295,96.2950 (,66659,172714 -,raw/wayback/calls_20260325115705.pdf,2,20260325115705
2026-03-24,PRELIMINARY,SR3,2030-03,96.25,96.2500 (,68732,154699 +,raw/wayback/calls_20260325115705.pdf,2,20260325115705
2026-03-24,PRELIMINARY,SR3,2030-06,96.205,96.2050 (,41508,139880 -,raw/wayback/calls_20260325115705.pdf,2,20260325115705
2026-03-24,PRELIMINARY,SR3,2030-09,96.155,96.1550 (,38759,98246 +,raw/wayback/calls_20260325115705.pdf,2,20260325115705
2026-03-24,PRELIMINARY,SR3,2030-12,96.105,96.1050 (,44368,72352 -,raw/wayback/calls_20260325115705.pdf,2,20260325115705
2026-03-24,PRELIMINARY,SR3,2031-03,96.055,96.0550 (,37124,29176 +,raw/wayback/calls_20260325115705.pdf,2,20260325115705
2026-03-24,PRELIMINARY,SR3,2031-06,96.01,96.0100 (,313,7051 -,raw/wayback/calls_20260325115705.pdf,2,20260325115705
2026-03-24,PRELIMINARY,SR3,2031-09,95.96,95.9600 (,112,2235 +,raw/wayback/calls_20260325115705.pdf,2,20260325115705
2026-03-24,PRELIMINARY,SR3,2031-12,95.92,95.9200 (,23,1156 +,raw/wayback/calls_20260325115705.pdf,2,20260325115705
2026-03-24,PRELIMINARY,SR3,2032-03,95.875,95.8750 (,----,212,raw/wayback/calls_20260325115705.pdf,2,20260325115705
2026-03-24,PRELIMINARY,SR3,2032-06,95.83,95.8300 (,----,68,raw/wayback/calls_20260325115705.pdf,2,20260325115705
2026-03-24,PRELIMINARY,SR3,2032-09,95.785,95.7850 (,----,22,raw/wayback/calls_20260325115705.pdf,2,20260325115705
2026-03-24,PRELIMINARY,SR3,2032-12,95.745,95.7450 (,----,10,raw/wayback/calls_20260325115705.pdf,2,20260325115705
2026-03-24,PRELIMINARY,SR3,2033-03,95.705,95.7050 (,----,6,raw/wayback/calls_20260325115705.pdf,2,20260325115705
2026-03-25,PRELIMINARY,SR1,2026-03,96.3425,96.3425,7533,312344 -,raw/wayback/calls_20260326120508.pdf,2,20260326120508
2026-03-25,PRELIMINARY,SR1,2026-04,96.33,96.3300,43467,359856 +,raw/wayback/calls_20260326120508.pdf,2,20260326120508
2026-03-25,PRELIMINARY,SR1,2026-05,96.31,96.3100,46299,325305 -,raw/wayback/calls_20260326120508.pdf,2,20260326120508
2026-03-25,PRELIMINARY,SR1,2026-06,96.3,96.3000,13277,195610 +,raw/wayback/calls_20260326120508.pdf,2,20260326120508
2026-03-25,PRELIMINARY,SR1,2026-07,96.29,96.2900 (,19729,102910 +,raw/wayback/calls_20260326120508.pdf,2,20260326120508
2026-03-25,PRELIMINARY,SR1,2026-08,96.285,96.2850 (,25462,77656 +,raw/wayback/calls_20260326120508.pdf,2,20260326120508
2026-03-25,PRELIMINARY,SR1,2026-09,96.27,96.2700 (,8282,44862 +,raw/wayback/calls_20260326120508.pdf,2,20260326120508
2026-03-25,PRELIMINARY,SR1,2026-10,96.255,96.2550 (,8089,25493 +,raw/wayback/calls_20260326120508.pdf,2,20260326120508
2026-03-25,PRELIMINARY,SR1,2026-11,96.245,96.2450 (,4916,26830 +,raw/wayback/calls_20260326120508.pdf,2,20260326120508
2026-03-25,PRELIMINARY,SR1,2026-12,96.25,96.2500 (,8671,46454 +,raw/wayback/calls_20260326120508.pdf,2,20260326120508
2026-03-25,PRELIMINARY,SR1,2027-01,96.255,96.2550 (,4007,39655 +,raw/wayback/calls_20260326120508.pdf,2,20260326120508
2026-03-25,PRELIMINARY,SR1,2027-02,96.275,96.2750 (,824,6190 +,raw/wayback/calls_20260326120508.pdf,2,20260326120508
2026-03-25,PRELIMINARY,SR1,2027-03,96.275,96.2750 (,18,1328 +,raw/wayback/calls_20260326120508.pdf,2,20260326120508
2026-03-25,PRELIMINARY,SR1,2027-04,96.285,96.2850 (,40,4280 +,raw/wayback/calls_20260326120508.pdf,2,20260326120508
2026-03-25,PRELIMINARY,SR1,2027-05,96.3,96.3000 (,521,580 +,raw/wayback/calls_20260326120508.pdf,2,20260326120508
2026-03-25,PRELIMINARY,SR1,2027-07,96.36,96.3600 (,----,2,raw/wayback/calls_20260326120508.pdf,2,20260326120508
2026-03-25,PRELIMINARY,SR3,2026-01,96.325,96.3250 (,----,13358,raw/wayback/calls_20260326120508.pdf,2,20260326120508
2026-03-25,PRELIMINARY,SR3,2026-02,96.3175,96.3175 (,300,4227 +,raw/wayback/calls_20260326120508.pdf,2,20260326120508
2026-03-25,PRELIMINARY,SR3,2026-03,96.305,96.3050 (,105957,1219819 -,raw/wayback/calls_20260326120508.pdf,2,20260326120508
2026-03-25,PRELIMINARY,SR3,2026-04,96.295,96.2950 (,----,3007 +,raw/wayback/calls_20260326120508.pdf,2,20260326120508
2026-03-25,PRELIMINARY,SR3,2026-05,96.28,96.2800 (,6,1623 +,raw/wayback/calls_20260326120508.pdf,2,20260326120508
2026-03-25,PRELIMINARY,SR3,2026-06,96.275,96.2750 (,404835,1271558 -,raw/wayback/calls_20260326120508.pdf,2,20260326120508
2026-03-25,PRELIMINARY,SR3,2026-07,96.26,96.2600 (,----,717,raw/wayback/calls_20260326120508.pdf,2,20260326120508
2026-03-25,PRELIMINARY,SR3,2026-08,96.245,96.2450 (,----,30 +,raw/wayback/calls_20260326120508.pdf,2,20260326120508
2026-03-25,PRELIMINARY,SR3,2026-09,96.235,96.2350 (,461004,1211180 +,raw/wayback/calls_20260326120508.pdf,2,20260326120508
2026-03-25,PRELIMINARY,SR3,2026-12,96.25,96.2500 (,574516,1583525 +,raw/wayback/calls_20260326120508.pdf,2,20260326120508
2026-03-25,PRELIMINARY,SR3,2027-03,96.28,96.2800 (,528895,998706 +,raw/wayback/calls_20260326120508.pdf,2,20260326120508
2026-03-25,PRELIMINARY,SR3,2027-06,96.365,96.3650 (,355260,1009930 +,raw/wayback/calls_20260326120508.pdf,2,20260326120508
2026-03-25,PRELIMINARY,SR3,2027-09,96.48,96.4800 (,268211,786412 +,raw/wayback/calls_20260326120508.pdf,2,20260326120508
2026-03-25,PRELIMINARY,SR3,2027-12,96.56,96.5600 (,294180,1094044 +,raw/wayback/calls_20260326120508.pdf,2,20260326120508
2026-03-25,PRELIMINARY,SR3,2028-03,96.565,96.5650 (,228601,585745 +,raw/wayback/calls_20260326120508.pdf,2,20260326120508
2026-03-25,PRELIMINARY,SR3,2028-06,96.545,96.5450 (,135936,463041 -,raw/wayback/calls_20260326120508.pdf,2,20260326120508
2026-03-25,PRELIMINARY,SR3,2028-09,96.515,96.5150 (,110649,374749 -,raw/wayback/calls_20260326120508.pdf,2,20260326120508
2026-03-25,PRELIMINARY,SR3,2028-12,96.485,96.4850 (,115992,364568 -,raw/wayback/calls_20260326120508.pdf,2,20260326120508
2026-03-25,PRELIMINARY,SR3,2029-03,96.455,96.4550 (,108185,255730 +,raw/wayback/calls_20260326120508.pdf,2,20260326120508
2026-03-25,PRELIMINARY,SR3,2029-06,96.425,96.4250 (,57470,191019 -,raw/wayback/calls_20260326120508.pdf,2,20260326120508
2026-03-25,PRELIMINARY,SR3,2029-09,96.395,96.3950 (,54865,156267 -,raw/wayback/calls_20260326120508.pdf,2,20260326120508
2026-03-25,PRELIMINARY,SR3,2029-12,96.355,96.3550 (,62524,168094 -,raw/wayback/calls_20260326120508.pdf,2,20260326120508
2026-03-25,PRELIMINARY,SR3,2030-03,96.31,96.3100 (,49626,156808 +,raw/wayback/calls_20260326120508.pdf,2,20260326120508
2026-03-25,PRELIMINARY,SR3,2030-06,96.265,96.2650 (,32396,140601 +,raw/wayback/calls_20260326120508.pdf,2,20260326120508
2026-03-25,PRELIMINARY,SR3,2030-09,96.215,96.2150 (,33434,95828 -,raw/wayback/calls_20260326120508.pdf,2,20260326120508
2026-03-25,PRELIMINARY,SR3,2030-12,96.165,96.1650 (,31001,73353 +,raw/wayback/calls_20260326120508.pdf,2,20260326120508
2026-03-25,PRELIMINARY,SR3,2031-03,96.115,96.1150 (,25973,29682 +,raw/wayback/calls_20260326120508.pdf,2,20260326120508
2026-03-25,PRELIMINARY,SR3,2031-06,96.07,96.0700 (,2179,6845 -,raw/wayback/calls_20260326120508.pdf,2,20260326120508
2026-03-25,PRELIMINARY,SR3,2031-09,96.02,96.0200 (,118,2310 +,raw/wayback/calls_20260326120508.pdf,2,20260326120508
2026-03-25,PRELIMINARY,SR3,2031-12,95.98,95.9800 (,2,1156,raw/wayback/calls_20260326120508.pdf,2,20260326120508
2026-03-25,PRELIMINARY,SR3,2032-03,95.935,95.9350 (,----,212,raw/wayback/calls_20260326120508.pdf,2,20260326120508
2026-03-25,PRELIMINARY,SR3,2032-06,95.89,95.8900 (,----,68,raw/wayback/calls_20260326120508.pdf,2,20260326120508
2026-03-25,PRELIMINARY,SR3,2032-09,95.845,95.8450 (,----,22,raw/wayback/calls_20260326120508.pdf,2,20260326120508
2026-03-25,PRELIMINARY,SR3,2032-12,95.805,95.8050 (,----,10,raw/wayback/calls_20260326120508.pdf,2,20260326120508
2026-03-25,PRELIMINARY,SR3,2033-03,95.765,95.7650 (,----,6,raw/wayback/calls_20260326120508.pdf,2,20260326120508
2026-03-26,PRELIMINARY,SR1,2026-03,96.345,96.3450,7115,312057 -,raw/wayback/calls_20260327115607.pdf,2,20260327115607
2026-03-26,PRELIMINARY,SR1,2026-04,96.34,96.3400,55948,359120 +,raw/wayback/calls_20260327115607.pdf,2,20260327115607
2026-03-26,PRELIMINARY,SR1,2026-05,96.32,96.3200 (,66170,326247 +,raw/wayback/calls_20260327115607.pdf,2,20260327115607
2026-03-26,PRELIMINARY,SR1,2026-06,96.295,96.2950 (,50868,210104 +,raw/wayback/calls_20260327115607.pdf,2,20260327115607
2026-03-26,PRELIMINARY,SR1,2026-07,96.275,96.2750 (,22746,105773 +,raw/wayback/calls_20260327115607.pdf,2,20260327115607
2026-03-26,PRELIMINARY,SR1,2026-08,96.255,96.2550 (,17289,77717 +,raw/wayback/calls_20260327115607.pdf,2,20260327115607
2026-03-26,PRELIMINARY,SR1,2026-09,96.23,96.2300 (,4137,46466 +,raw/wayback/calls_20260327115607.pdf,2,20260327115607
2026-03-26,PRELIMINARY,SR1,2026-10,96.2,96.2000 (,6102,25606 +,raw/wayback/calls_20260327115607.pdf,2,20260327115607
2026-03-26,PRELIMINARY,SR1,2026-11,96.175,96.1750 (,3467,26180 -,raw/wayback/calls_20260327115607.pdf,2,20260327115607
2026-03-26,PRELIMINARY,SR1,2026-12,96.17,96.1700 (,2325,48844 +,raw/wayback/calls_20260327115607.pdf,2,20260327115607
2026-03-26,PRELIMINARY,SR1,2027-01,96.165,96.1650 (,2373,41824 +,raw/wayback/calls_20260327115607.pdf,2,20260327115607
2026-03-26,PRELIMINARY,SR1,2027-02,96.175,96.1750 (,1038,7106 +,raw/wayback/calls_20260327115607.pdf,2,20260327115607
2026-03-26,PRELIMINARY,SR1,2027-03,96.175,96.1750 (,51,1324 -,raw/wayback/calls_20260327115607.pdf,2,20260327115607
2026-03-26,PRELIMINARY,SR1,2027-04,96.185,96.1850 (,1,4281 +,raw/wayback/calls_20260327115607.pdf,2,20260327115607
2026-03-26,PRELIMINARY,SR1,2027-05,96.195,96.1950 (,----,580,raw/wayback/calls_20260327115607.pdf,2,20260327115607
2026-03-26,PRELIMINARY,SR1,2027-07,96.24,96.2400 (,----,2,raw/wayback/calls_20260327115607.pdf,2,20260327115607
2026-03-26,PRELIMINARY,SR3,2026-01,96.325,96.3250 (,71,13429 +,raw/wayback/calls_20260327115607.pdf,2,20260327115607
2026-03-26,PRELIMINARY,SR3,2026-02,96.3175,96.3175 (,----,4227,raw/wayback/calls_20260327115607.pdf,2,20260327115607
2026-03-26,PRELIMINARY,SR3,2026-03,96.31,96.3100 (,116136,1239046 +,raw/wayback/calls_20260327115607.pdf,2,20260327115607
2026-03-26,PRELIMINARY,SR3,2026-04,96.295,96.2950 (,11,2902 +,raw/wayback/calls_20260327115607.pdf,2,20260327115607
2026-03-26,PRELIMINARY,SR3,2026-05,96.27,96.2700 (,----,1636 +,raw/wayback/calls_20260327115607.pdf,2,20260327115607
2026-03-26,PRELIMINARY,SR3,2026-06,96.25,96.2500 (,410131,1259661 -,raw/wayback/calls_20260327115607.pdf,2,20260327115607
2026-03-26,PRELIMINARY,SR3,2026-07,96.225,96.2250 (,10,717,raw/wayback/calls_20260327115607.pdf,2,20260327115607
2026-03-26,PRELIMINARY,SR3,2026-08,96.2,96.2000 (,----,20,raw/wayback/calls_20260327115607.pdf,2,20260327115607
2026-03-26,PRELIMINARY,SR3,2026-09,96.17,96.1700 (,478974,1219439 +,raw/wayback/calls_20260327115607.pdf,2,20260327115607
2026-03-26,PRELIMINARY,SR3,2026-12,96.15,96.1500 (,588104,1544677 +,raw/wayback/calls_20260327115607.pdf,2,20260327115607
2026-03-26,PRELIMINARY,SR3,2027-03,96.155,96.1550 (,497573,1032649 +,raw/wayback/calls_20260327115607.pdf,2,20260327115607
2026-03-26,PRELIMINARY,SR3,2027-06,96.23,96.2300 (,442630,1028528 +,raw/wayback/calls_20260327115607.pdf,2,20260327115607
2026-03-26,PRELIMINARY,SR3,2027-09,96.35,96.3500 (,351782,809705 +,raw/wayback/calls_20260327115607.pdf,2,20260327115607
2026-03-26,PRELIMINARY,SR3,2027-12,96.44,96.4400 (,379888,1130374 +,raw/wayback/calls_20260327115607.pdf,2,20260327115607
2026-03-26,PRELIMINARY,SR3,2028-03,96.45,96.4500 (,303881,571737 -,raw/wayback/calls_20260327115607.pdf,2,20260327115607
2026-03-26,PRELIMINARY,SR3,2028-06,96.43,96.4300 (,165510,469041 +,raw/wayback/calls_20260327115607.pdf,2,20260327115607
2026-03-26,PRELIMINARY,SR3,2028-09,96.405,96.4050 (,137625,370547 -,raw/wayback/calls_20260327115607.pdf,2,20260327115607
2026-03-26,PRELIMINARY,SR3,2028-12,96.38,96.3800 (,138202,368733 +,raw/wayback/calls_20260327115607.pdf,2,20260327115607
2026-03-26,PRELIMINARY,SR3,2029-03,96.35,96.3500 (,118466,258216 +,raw/wayback/calls_20260327115607.pdf,2,20260327115607
2026-03-26,PRELIMINARY,SR3,2029-06,96.325,96.3250 (,51080,193749 +,raw/wayback/calls_20260327115607.pdf,2,20260327115607
2026-03-26,PRELIMINARY,SR3,2029-09,96.295,96.2950 (,40595,155439 -,raw/wayback/calls_20260327115607.pdf,2,20260327115607
2026-03-26,PRELIMINARY,SR3,2029-12,96.255,96.2550 (,43082,176681 +,raw/wayback/calls_20260327115607.pdf,2,20260327115607
2026-03-26,PRELIMINARY,SR3,2030-03,96.215,96.2150 (,45869,152880 -,raw/wayback/calls_20260327115607.pdf,2,20260327115607
2026-03-26,PRELIMINARY,SR3,2030-06,96.17,96.1700 (,36434,143651 +,raw/wayback/calls_20260327115607.pdf,2,20260327115607
2026-03-26,PRELIMINARY,SR3,2030-09,96.125,96.1250 (,27381,100373 +,raw/wayback/calls_20260327115607.pdf,2,20260327115607
2026-03-26,PRELIMINARY,SR3,2030-12,96.08,96.0800 (,26412,78973 +,raw/wayback/calls_20260327115607.pdf,2,20260327115607
2026-03-26,PRELIMINARY,SR3,2031-03,96.03,96.0300 (,27307,30663 +,raw/wayback/calls_20260327115607.pdf,2,20260327115607
2026-03-26,PRELIMINARY,SR3,2031-06,95.985,95.9850 (,404,6899 +,raw/wayback/calls_20260327115607.pdf,2,20260327115607
2026-03-26,PRELIMINARY,SR3,2031-09,95.94,95.9400 (,91,2245 -,raw/wayback/calls_20260327115607.pdf,2,20260327115607
2026-03-26,PRELIMINARY,SR3,2031-12,95.9,95.9000 (,5,1158 +,raw/wayback/calls_20260327115607.pdf,2,20260327115607
2026-03-26,PRELIMINARY,SR3,2032-03,95.855,95.8550 (,2,212,raw/wayback/calls_20260327115607.pdf,2,20260327115607
2026-03-26,PRELIMINARY,SR3,2032-06,95.81,95.8100 (,3,67 -,raw/wayback/calls_20260327115607.pdf,2,20260327115607
2026-03-26,PRELIMINARY,SR3,2032-09,95.765,95.7650 (,1,23 +,raw/wayback/calls_20260327115607.pdf,2,20260327115607
2026-03-26,PRELIMINARY,SR3,2032-12,95.725,95.7250 (,1,11 +,raw/wayback/calls_20260327115607.pdf,2,20260327115607
2026-03-26,PRELIMINARY,SR3,2033-03,95.685,95.6850 (,----,6,raw/wayback/calls_20260327115607.pdf,2,20260327115607
2026-03-27,PRELIMINARY,SR1,2026-03,96.3475,96.3475,82866,327820 +,raw/wayback/calls_20260330120918.pdf,2,20260330120918
2026-03-27,PRELIMINARY,SR1,2026-04,96.345,96.3450,75768,385653 +,raw/wayback/calls_20260330120918.pdf,2,20260330120918
2026-03-27,PRELIMINARY,SR1,2026-05,96.325,96.3250,41877,335364 +,raw/wayback/calls_20260330120918.pdf,2,20260330120918
2026-03-27,PRELIMINARY,SR1,2026-06,96.315,96.3150 (,25558,186018 -,raw/wayback/calls_20260330120918.pdf,2,20260330120918
2026-03-27,PRELIMINARY,SR1,2026-07,96.31,96.3100 (,27114,110648 +,raw/wayback/calls_20260330120918.pdf,2,20260330120918
2026-03-27,PRELIMINARY,SR1,2026-08,96.305,96.3050 (,23560,78374 +,raw/wayback/calls_20260330120918.pdf,2,20260330120918
2026-03-27,PRELIMINARY,SR1,2026-09,96.28,96.2800 (,6240,44910 -,raw/wayback/calls_20260330120918.pdf,2,20260330120918
2026-03-27,PRELIMINARY,SR1,2026-10,96.26,96.2600 (,6595,25766 +,raw/wayback/calls_20260330120918.pdf,2,20260330120918
2026-03-27,PRELIMINARY,SR1,2026-11,96.245,96.2450 (,5938,27182 +,raw/wayback/calls_20260330120918.pdf,2,20260330120918
2026-03-27,PRELIMINARY,SR1,2026-12,96.24,96.2400 (,2794,49690 +,raw/wayback/calls_20260330120918.pdf,2,20260330120918
2026-03-27,PRELIMINARY,SR1,2027-01,96.245,96.2450 (,1564,39657 -,raw/wayback/calls_20260330120918.pdf,2,20260330120918
2026-03-27,PRELIMINARY,SR1,2027-02,96.26,96.2600 (,851,6798 -,raw/wayback/calls_20260330120918.pdf,2,20260330120918
2026-03-27,PRELIMINARY,SR1,2027-03,96.26,96.2600 (,61,1307 -,raw/wayback/calls_20260330120918.pdf,2,20260330120918
2026-03-27,PRELIMINARY,SR1,2027-04,96.27,96.2700 (,29,4281,raw/wayback/calls_20260330120918.pdf,2,20260330120918
2026-03-27,PRELIMINARY,SR1,2027-05,96.28,96.2800 (,----,580,raw/wayback/calls_20260330120918.pdf,2,20260330120918
2026-03-27,PRELIMINARY,SR1,2027-07,96.325,96.3250 (,----,2,raw/wayback/calls_20260330120918.pdf,2,20260330120918
2026-03-27,PRELIMINARY,SR3,2026-01,96.33,96.3300,551,13928 +,raw/wayback/calls_20260330120918.pdf,2,20260330120918
2026-03-27,PRELIMINARY,SR3,2026-02,96.3225,96.3225,----,4227,raw/wayback/calls_20260330120918.pdf,2,20260330120918
2026-03-27,PRELIMINARY,SR3,2026-03,96.315,96.3150,178329,1194640 -,raw/wayback/calls_20260330120918.pdf,2,20260330120918
2026-03-27,PRELIMINARY,SR3,2026-04,96.3025,96.3025,274,2697 -,raw/wayback/calls_20260330120918.pdf,2,20260330120918
2026-03-27,PRELIMINARY,SR3,2026-05,96.29,96.2900,----,1656 +,raw/wayback/calls_20260330120918.pdf,2,20260330120918
2026-03-27,PRELIMINARY,SR3,2026-06,96.29,96.2900,511001,1272999 +,raw/wayback/calls_20260330120918.pdf,2,20260330120918
2026-03-27,PRELIMINARY,SR3,2026-07,96.27,96.2700,----,717,raw/wayback/calls_20260330120918.pdf,2,20260330120918
2026-03-27,PRELIMINARY,SR3,2026-08,96.25,96.2500 (,2,22 +,raw/wayback/calls_20260330120918.pdf,2,20260330120918
2026-03-27,PRELIMINARY,SR3,2026-09,96.24,96.2400 (,522879,1190214 -,raw/wayback/calls_20260330120918.pdf,2,20260330120918
2026-03-27,PRELIMINARY,SR3,2026-12,96.235,96.2350,705775,1619517 +,raw/wayback/calls_20260330120918.pdf,2,20260330120918
2026-03-27,PRELIMINARY,SR3,2027-03,96.25,96.2500,593540,997582 +,raw/wayback/calls_20260330120918.pdf,2,20260330120918
2026-03-27,PRELIMINARY,SR3,2027-06,96.32,96.3200,460059,1024063 +,raw/wayback/calls_20260330120918.pdf,2,20260330120918
2026-03-27,PRELIMINARY,SR3,2027-09,96.425,96.4250,373863,812718 +,raw/wayback/calls_20260330120918.pdf,2,20260330120918
2026-03-27,PRELIMINARY,SR3,2027-12,96.495,96.4950,392930,1133889 +,raw/wayback/calls_20260330120918.pdf,2,20260330120918
2026-03-27,PRELIMINARY,SR3,2028-03,96.495,96.4950,320260,588882 +,raw/wayback/calls_20260330120918.pdf,2,20260330120918
2026-03-27,PRELIMINARY,SR3,2028-06,96.465,96.4650,207614,450418 -,raw/wayback/calls_20260330120918.pdf,2,20260330120918
2026-03-27,PRELIMINARY,SR3,2028-09,96.43,96.4300,163754,372116 +,raw/wayback/calls_20260330120918.pdf,2,20260330120918
2026-03-27,PRELIMINARY,SR3,2028-12,96.395,96.3950,150184,366434 -,raw/wayback/calls_20260330120918.pdf,2,20260330120918
2026-03-27,PRELIMINARY,SR3,2029-03,96.36,96.3600 (,128326,253459 -,raw/wayback/calls_20260330120918.pdf,2,20260330120918
2026-03-27,PRELIMINARY,SR3,2029-06,96.33,96.3300 (,66333,193439 +,raw/wayback/calls_20260330120918.pdf,2,20260330120918
2026-03-27,PRELIMINARY,SR3,2029-09,96.29,96.2900 (,55897,145732 -,raw/wayback/calls_20260330120918.pdf,2,20260330120918
2026-03-27,PRELIMINARY,SR3,2029-12,96.25,96.2500 (,52933,165629 -,raw/wayback/calls_20260330120918.pdf,2,20260330120918
2026-03-27,PRELIMINARY,SR3,2030-03,96.2,96.2000 (,40825,153063 +,raw/wayback/calls_20260330120918.pdf,2,20260330120918
2026-03-27,PRELIMINARY,SR3,2030-06,96.155,96.1550 (,32999,140727 -,raw/wayback/calls_20260330120918.pdf,2,20260330120918
2026-03-27,PRELIMINARY,SR3,2030-09,96.1,96.1000 (,32953,97950 -,raw/wayback/calls_20260330120918.pdf,2,20260330120918
2026-03-27,PRELIMINARY,SR3,2030-12,96.05,96.0500 (,33439,78101 +,raw/wayback/calls_20260330120918.pdf,2,20260330120918
2026-03-27,PRELIMINARY,SR3,2031-03,96.0,96.0000 (,31458,31580 +,raw/wayback/calls_20260330120918.pdf,2,20260330120918
2026-03-27,PRELIMINARY,SR3,2031-06,95.955,95.9550 (,641,6993 +,raw/wayback/calls_20260330120918.pdf,2,20260330120918
2026-03-27,PRELIMINARY,SR3,2031-09,95.905,95.9050 (,156,2246 +,raw/wayback/calls_20260330120918.pdf,2,20260330120918
2026-03-27,PRELIMINARY,SR3,2031-12,95.86,95.8600 (,126,1220 +,raw/wayback/calls_20260330120918.pdf,2,20260330120918
2026-03-27,PRELIMINARY,SR3,2032-03,95.815,95.8150 (,----,212,raw/wayback/calls_20260330120918.pdf,2,20260330120918
2026-03-27,PRELIMINARY,SR3,2032-06,95.77,95.7700 (,----,67,raw/wayback/calls_20260330120918.pdf,2,20260330120918
2026-03-27,PRELIMINARY,SR3,2032-09,95.725,95.7250 (,----,23,raw/wayback/calls_20260330120918.pdf,2,20260330120918
2026-03-27,PRELIMINARY,SR3,2032-12,95.685,95.6850 (,----,11,raw/wayback/calls_20260330120918.pdf,2,20260330120918
2026-03-27,PRELIMINARY,SR3,2033-03,95.645,95.6450 (,----,6,raw/wayback/calls_20260330120918.pdf,2,20260330120918
2026-03-30,FINAL,SR1,2026-03,96.35,96.3500,29019,329382 +,raw/wayback/calls_20260331215032.pdf,2,20260331215032
2026-03-30,FINAL,SR1,2026-04,96.3425,96.3425,44681,352094 -,raw/wayback/calls_20260331215032.pdf,2,20260331215032
2026-03-30,FINAL,SR1,2026-05,96.33,96.3300,95994,362665 +,raw/wayback/calls_20260331215032.pdf,2,20260331215032
2026-03-30,FINAL,SR1,2026-06,96.33,96.3300,19338,187997 +,raw/wayback/calls_20260331215032.pdf,2,20260331215032
2026-03-30,FINAL,SR1,2026-07,96.335,96.3350,30034,118471 +,raw/wayback/calls_20260331215032.pdf,2,20260331215032
2026-03-30,FINAL,SR1,2026-08,96.345,96.3450,17135,77664 -,raw/wayback/calls_20260331215032.pdf,2,20260331215032
2026-03-30,FINAL,SR1,2026-09,96.335,96.3350,6642,46339 +,raw/wayback/calls_20260331215032.pdf,2,20260331215032
2026-03-30,FINAL,SR1,2026-10,96.33,96.3300,11573,28306 +,raw/wayback/calls_20260331215032.pdf,2,20260331215032
2026-03-30,FINAL,SR1,2026-11,96.33,96.3300,4972,27656 +,raw/wayback/calls_20260331215032.pdf,2,20260331215032
2026-03-30,FINAL,SR1,2026-12,96.335,96.3350,2092,47709 -,raw/wayback/calls_20260331215032.pdf,2,20260331215032
2026-03-30,FINAL,SR1,2027-01,96.34,96.3400,1680,40505 +,raw/wayback/calls_20260331215032.pdf,2,20260331215032
2026-03-30,FINAL,SR1,2027-02,96.36,96.3600,784,6884 +,raw/wayback/calls_20260331215032.pdf,2,20260331215032
2026-03-30,FINAL,SR1,2027-03,96.36,96.3600,4,1307,raw/wayback/calls_20260331215032.pdf,2,20260331215032
2026-03-30,FINAL,SR1,2027-04,96.37,96.3700,1,4281,raw/wayback/calls_20260331215032.pdf,2,20260331215032
2026-03-30,FINAL,SR1,2027-05,96.38,96.3800,----,580,raw/wayback/calls_20260331215032.pdf,2,20260331215032
2026-03-30,FINAL,SR1,2027-07,96.42,96.4200,----,2,raw/wayback/calls_20260331215032.pdf,2,20260331215032
2026-03-30,FINAL,SR3,2026-01,96.33,96.3300,60,13988 +,raw/wayback/calls_20260331215032.pdf,2,20260331215032
2026-03-30,FINAL,SR3,2026-02,96.3225,96.3225,144,4243 +,raw/wayback/calls_20260331215032.pdf,2,20260331215032
2026-03-30,FINAL,SR3,2026-03,96.32,96.3200,87105,1197865 +,raw/wayback/calls_20260331215032.pdf,2,20260331215032
2026-03-30,FINAL,SR3,2026-04,96.315,96.3150,236,2572 -,raw/wayback/calls_20260331215032.pdf,2,20260331215032
2026-03-30,FINAL,SR3,2026-05,96.315,96.3150,----,1653 -,raw/wayback/calls_20260331215032.pdf,2,20260331215032
2026-03-30,FINAL,SR3,2026-06,96.32,96.3200,485419,1257640 -,raw/wayback/calls_20260331215032.pdf,2,20260331215032
2026-03-30,FINAL,SR3,2026-07,96.315,96.3150,----,717,raw/wayback/calls_20260331215032.pdf,2,20260331215032
2026-03-30,FINAL,SR3,2026-08,96.31,96.3100,----,22,raw/wayback/calls_20260331215032.pdf,2,20260331215032
2026-03-30,FINAL,SR3,2026-09,96.31,96.3100,455320,1161083 -,raw/wayback/calls_20260331215032.pdf,2,20260331215032
2026-03-30,FINAL,SR3,2026-12,96.33,96.3300,532387,1490309 -,raw/wayback/calls_20260331215032.pdf,2,20260331215032
2026-03-30,FINAL,SR3,2027-03,96.355,96.3550,445605,945020 -,raw/wayback/calls_20260331215032.pdf,2,20260331215032
2026-03-30,FINAL,SR3,2027-06,96.425,96.4250,372579,976522 -,raw/wayback/calls_20260331215032.pdf,2,20260331215032
2026-03-30,FINAL,SR3,2027-09,96.515,96.5150,276215,794766 -,raw/wayback/calls_20260331215032.pdf,2,20260331215032
2026-03-30,FINAL,SR3,2027-12,96.575,96.5750,347989,1067605 -,raw/wayback/calls_20260331215032.pdf,2,20260331215032
2026-03-30,FINAL,SR3,2028-03,96.57,96.5700,201202,594758 +,raw/wayback/calls_20260331215032.pdf,2,20260331215032
2026-03-30,FINAL,SR3,2028-06,96.535,96.5350,129840,450032 +,raw/wayback/calls_20260331215032.pdf,2,20260331215032
2026-03-30,FINAL,SR3,2028-09,96.5,96.5000,103741,367876 -,raw/wayback/calls_20260331215032.pdf,2,20260331215032
2026-03-30,FINAL,SR3,2028-12,96.465,96.4650 (,91850,364381 -,raw/wayback/calls_20260331215032.pdf,2,20260331215032
2026-03-30,FINAL,SR3,2029-03,96.43,96.4300 (,80724,254391 +,raw/wayback/calls_20260331215032.pdf,2,20260331215032
2026-03-30,FINAL,SR3,2029-06,96.395,96.3950 (,53414,196715 +,raw/wayback/calls_20260331215032.pdf,2,20260331215032
2026-03-30,FINAL,SR3,2029-09,96.355,96.3550 (,34760,145086 -,raw/wayback/calls_20260331215032.pdf,2,20260331215032
2026-03-30,FINAL,SR3,2029-12,96.315,96.3150 (,34297,167285 +,raw/wayback/calls_20260331215032.pdf,2,20260331215032
2026-03-30,FINAL,SR3,2030-03,96.27,96.2700 (,31532,152002 -,raw/wayback/calls_20260331215032.pdf,2,20260331215032
2026-03-30,FINAL,SR3,2030-06,96.22,96.2200 (,24827,141499 +,raw/wayback/calls_20260331215032.pdf,2,20260331215032
2026-03-30,FINAL,SR3,2030-09,96.17,96.1700 (,24583,97252 -,raw/wayback/calls_20260331215032.pdf,2,20260331215032
2026-03-30,FINAL,SR3,2030-12,96.12,96.1200 (,23392,75164 -,raw/wayback/calls_20260331215032.pdf,2,20260331215032
2026-03-30,FINAL,SR3,2031-03,96.07,96.0700 (,19073,32262 +,raw/wayback/calls_20260331215032.pdf,2,20260331215032
2026-03-30,FINAL,SR3,2031-06,96.025,96.0250 (,159,7021 +,raw/wayback/calls_20260331215032.pdf,2,20260331215032
2026-03-30,FINAL,SR3,2031-09,95.975,95.9750 (,77,2236 -,raw/wayback/calls_20260331215032.pdf,2,20260331215032
2026-03-30,FINAL,SR3,2031-12,95.93,95.9300 (,96,1147 -,raw/wayback/calls_20260331215032.pdf,2,20260331215032
2026-03-30,FINAL,SR3,2032-03,95.885,95.8850 (,14,198 -,raw/wayback/calls_20260331215032.pdf,2,20260331215032
2026-03-30,FINAL,SR3,2032-06,95.84,95.8400 (,----,67,raw/wayback/calls_20260331215032.pdf,2,20260331215032
2026-03-30,FINAL,SR3,2032-09,95.795,95.7950 (,----,23,raw/wayback/calls_20260331215032.pdf,2,20260331215032
2026-03-30,FINAL,SR3,2032-12,95.755,95.7550 (,----,11,raw/wayback/calls_20260331215032.pdf,2,20260331215032
2026-03-30,FINAL,SR3,2033-03,95.715,95.7150 (,----,6,raw/wayback/calls_20260331215032.pdf,2,20260331215032
2026-03-31,FINAL,SR1,2026-03,96.35,96.3500,1091,328361 -,raw/wayback/calls_20260401215243.pdf,2,20260401215243
2026-03-31,FINAL,SR1,2026-04,96.345,96.3450,86783,360173 +,raw/wayback/calls_20260401215243.pdf,2,20260401215243
2026-03-31,FINAL,SR1,2026-05,96.335,96.3350,31294,366639 +,raw/wayback/calls_20260401215243.pdf,2,20260401215243
2026-03-31,FINAL,SR1,2026-06,96.335,96.3350,24101,187498 -,raw/wayback/calls_20260401215243.pdf,2,20260401215243
2026-03-31,FINAL,SR1,2026-07,96.345,96.3450,32253,123230 +,raw/wayback/calls_20260401215243.pdf,2,20260401215243
2026-03-31,FINAL,SR1,2026-08,96.355,96.3550,20129,75493 -,raw/wayback/calls_20260401215243.pdf,2,20260401215243
2026-03-31,FINAL,SR1,2026-09,96.35,96.3500,6915,44765 -,raw/wayback/calls_20260401215243.pdf,2,20260401215243
2026-03-31,FINAL,SR1,2026-10,96.35,96.3500,12808,28258 -,raw/wayback/calls_20260401215243.pdf,2,20260401215243
2026-03-31,FINAL,SR1,2026-11,96.35,96.3500,5584,28002 +,raw/wayback/calls_20260401215243.pdf,2,20260401215243
2026-03-31,FINAL,SR1,2026-12,96.36,96.3600,3665,48228 +,raw/wayback/calls_20260401215243.pdf,2,20260401215243
2026-03-31,FINAL,SR1,2027-01,96.365,96.3650,1698,40934 +,raw/wayback/calls_20260401215243.pdf,2,20260401215243
2026-03-31,FINAL,SR1,2027-02,96.39,96.3900,596,7037 +,raw/wayback/calls_20260401215243.pdf,2,20260401215243
2026-03-31,FINAL,SR1,2027-03,96.39,96.3900,186,1413 +,raw/wayback/calls_20260401215243.pdf,2,20260401215243
2026-03-31,FINAL,SR1,2027-04,96.4,96.4000,263,4405 +,raw/wayback/calls_20260401215243.pdf,2,20260401215243
2026-03-31,FINAL,SR1,2027-05,96.41,96.4100,----,580,raw/wayback/calls_20260401215243.pdf,2,20260401215243
2026-03-31,FINAL,SR1,2027-06,96.43,96.4300 (,1,1 +,raw/wayback/calls_20260401215243.pdf,2,20260401215243
2026-03-31,FINAL,SR1,2027-07,96.45,96.4500 (,----,2,raw/wayback/calls_20260401215243.pdf,2,20260401215243
2026-03-31,FINAL,SR3,2026-01,96.3325,96.3325,4705,17033 +,raw/wayback/calls_20260401215243.pdf,2,20260401215243
2026-03-31,FINAL,SR3,2026-02,96.325,96.3250,115,4153 -,raw/wayback/calls_20260401215243.pdf,2,20260401215243
2026-03-31,FINAL,SR3,2026-03,96.325,96.3250,91451,1188790 -,raw/wayback/calls_20260401215243.pdf,2,20260401215243
2026-03-31,FINAL,SR3,2026-04,96.3225,96.3225,13,2571 -,raw/wayback/calls_20260401215243.pdf,2,20260401215243
2026-03-31,FINAL,SR3,2026-05,96.325,96.3250,10,1615 -,raw/wayback/calls_20260401215243.pdf,2,20260401215243
2026-03-31,FINAL,SR3,2026-06,96.335,96.3350,468792,1245463 -,raw/wayback/calls_20260401215243.pdf,2,20260401215243
2026-03-31,FINAL,SR3,2026-07,96.33,96.3300,----,717,raw/wayback/calls_20260401215243.pdf,2,20260401215243
2026-03-31,FINAL,SR3,2026-08,96.33,96.3300,----,22,raw/wayback/calls_20260401215243.pdf,2,20260401215243
2026-03-31,FINAL,SR3,2026-09,96.335,96.3350,536452,1148022 -,raw/wayback/calls_20260401215243.pdf,2,20260401215243
2026-03-31,FINAL,SR3,2026-12,96.365,96.3650,639236,1476308 -,raw/wayback/calls_20260401215243.pdf,2,20260401215243
2026-03-31,FINAL,SR3,2027-03,96.385,96.3850,513146,943197 -,raw/wayback/calls_20260401215243.pdf,2,20260401215243
2026-03-31,FINAL,SR3,2027-06,96.445,96.4450,406939,971376 -,raw/wayback/calls_20260401215243.pdf,2,20260401215243
2026-03-31,FINAL,SR3,2027-09,96.535,96.5350,321158,783968 -,raw/wayback/calls_20260401215243.pdf,2,20260401215243
2026-03-31,FINAL,SR3,2027-12,96.595,96.5950,379885,1074161 +,raw/wayback/calls_20260401215243.pdf,2,20260401215243
2026-03-31,FINAL,SR3,2028-03,96.595,96.5950,294961,615896 +,raw/wayback/calls_20260401215243.pdf,2,20260401215243
2026-03-31,FINAL,SR3,2028-06,96.565,96.5650,169211,452329 +,raw/wayback/calls_20260401215243.pdf,2,20260401215243
2026-03-31,FINAL,SR3,2028-09,96.53,96.5300,142018,371948 +,raw/wayback/calls_20260401215243.pdf,2,20260401215243
2026-03-31,FINAL,SR3,2028-12,96.5,96.5000,142561,366263 +,raw/wayback/calls_20260401215243.pdf,2,20260401215243
2026-03-31,FINAL,SR3,2029-03,96.465,96.4650,110699,256082 +,raw/wayback/calls_20260401215243.pdf,2,20260401215243
2026-03-31,FINAL,SR3,2029-06,96.435,96.4350,61373,198978 +,raw/wayback/calls_20260401215243.pdf,2,20260401215243
2026-03-31,FINAL,SR3,2029-09,96.395,96.3950 (,42589,145577 +,raw/wayback/calls_20260401215243.pdf,2,20260401215243
2026-03-31,FINAL,SR3,2029-12,96.355,96.3550 (,42140,170503 +,raw/wayback/calls_20260401215243.pdf,2,20260401215243
2026-03-31,FINAL,SR3,2030-03,96.31,96.3100 (,36096,152588 +,raw/wayback/calls_20260401215243.pdf,2,20260401215243
2026-03-31,FINAL,SR3,2030-06,96.26,96.2600 (,30157,142130 +,raw/wayback/calls_20260401215243.pdf,2,20260401215243
2026-03-31,FINAL,SR3,2030-09,96.21,96.2100 (,28008,96129 -,raw/wayback/calls_20260401215243.pdf,2,20260401215243
2026-03-31,FINAL,SR3,2030-12,96.16,96.1600 (,28817,73767 -,raw/wayback/calls_20260401215243.pdf,2,20260401215243
2026-03-31,FINAL,SR3,2031-03,96.105,96.1050 (,29216,31805 -,raw/wayback/calls_20260401215243.pdf,2,20260401215243
2026-03-31,FINAL,SR3,2031-06,96.06,96.0600 (,508,7458 +,raw/wayback/calls_20260401215243.pdf,2,20260401215243
2026-03-31,FINAL,SR3,2031-09,96.01,96.0100 (,10,2241 +,raw/wayback/calls_20260401215243.pdf,2,20260401215243
2026-03-31,FINAL,SR3,2031-12,95.965,95.9650 (,----,1147,raw/wayback/calls_20260401215243.pdf,2,20260401215243
2026-03-31,FINAL,SR3,2032-03,95.92,95.9200 (,----,198,raw/wayback/calls_20260401215243.pdf,2,20260401215243
2026-03-31,FINAL,SR3,2032-06,95.875,95.8750 (,----,67,raw/wayback/calls_20260401215243.pdf,2,20260401215243
2026-03-31,FINAL,SR3,2032-09,95.83,95.8300 (,----,23,raw/wayback/calls_20260401215243.pdf,2,20260401215243
2026-03-31,FINAL,SR3,2032-12,95.79,95.7900 (,----,11,raw/wayback/calls_20260401215243.pdf,2,20260401215243
2026-03-31,FINAL,SR3,2033-03,95.75,95.7500 (,----,6,raw/wayback/calls_20260401215243.pdf,2,20260401215243
2026-04-01,FINAL,SR1,2026-03,96.352,96.3520,----,328361,raw/wayback/calls_20260402214924.pdf,2,20260402214924
2026-04-01,FINAL,SR1,2026-04,96.3475,96.3475,69017,361538 +,raw/wayback/calls_20260402214924.pdf,2,20260402214924
2026-04-01,FINAL,SR1,2026-05,96.335,96.3350,39726,364349 -,raw/wayback/calls_20260402214924.pdf,2,20260402214924
2026-04-01,FINAL,SR1,2026-06,96.335,96.3350,13389,163037 -,raw/wayback/calls_20260402214924.pdf,2,20260402214924
2026-04-01,FINAL,SR1,2026-07,96.345,96.3450,17951,123086 -,raw/wayback/calls_20260402214924.pdf,2,20260402214924
2026-04-01,FINAL,SR1,2026-08,96.355,96.3550,16798,75535 +,raw/wayback/calls_20260402214924.pdf,2,20260402214924
2026-04-01,FINAL,SR1,2026-09,96.35,96.3500,6080,45314 +,raw/wayback/calls_20260402214924.pdf,2,20260402214924
2026-04-01,FINAL,SR1,2026-10,96.35,96.3500,7371,28752 +,raw/wayback/calls_20260402214924.pdf,2,20260402214924
2026-04-01,FINAL,SR1,2026-11,96.355,96.3550,7665,28379 +,raw/wayback/calls_20260402214924.pdf,2,20260402214924
2026-04-01,FINAL,SR1,2026-12,96.37,96.3700,1462,47025 -,raw/wayback/calls_20260402214924.pdf,2,20260402214924
2026-04-01,FINAL,SR1,2027-01,96.38,96.3800,3674,41327 +,raw/wayback/calls_20260402214924.pdf,2,20260402214924
2026-04-01,FINAL,SR1,2027-02,96.405,96.4050,868,7456 +,raw/wayback/calls_20260402214924.pdf,2,20260402214924
2026-04-01,FINAL,SR1,2027-03,96.41,96.4100,509,1839 +,raw/wayback/calls_20260402214924.pdf,2,20260402214924
2026-04-01,FINAL,SR1,2027-04,96.42,96.4200,249,4441 +,raw/wayback/calls_20260402214924.pdf,2,20260402214924
2026-04-01,FINAL,SR1,2027-05,96.425,96.4250,----,580,raw/wayback/calls_20260402214924.pdf,2,20260402214924
2026-04-01,FINAL,SR1,2027-06,96.44,96.4400,----,1,raw/wayback/calls_20260402214924.pdf,2,20260402214924
2026-04-01,FINAL,SR1,2027-07,96.455,96.4550,----,2,raw/wayback/calls_20260402214924.pdf,2,20260402214924
2026-04-01,FINAL,SR3,2026-01,96.33,96.3300,400,17433 +,raw/wayback/calls_20260402214924.pdf,2,20260402214924
2026-04-01,FINAL,SR3,2026-02,96.325,96.3250 (,2,4152 -,raw/wayback/calls_20260402214924.pdf,2,20260402214924
2026-04-01,FINAL,SR3,2026-03,96.3275,96.3275 (,88037,1177447 -,raw/wayback/calls_20260402214924.pdf,2,20260402214924
2026-04-01,FINAL,SR3,2026-04,96.325,96.3250 (,2,2571,raw/wayback/calls_20260402214924.pdf,2,20260402214924
2026-04-01,FINAL,SR3,2026-05,96.325,96.3250 (,----,1616 +,raw/wayback/calls_20260402214924.pdf,2,20260402214924
2026-04-01,FINAL,SR3,2026-06,96.33,96.3300 (,367289,1254289 +,raw/wayback/calls_20260402214924.pdf,2,20260402214924
2026-04-01,FINAL,SR3,2026-07,96.33,96.3300 (,----,717,raw/wayback/calls_20260402214924.pdf,2,20260402214924
2026-04-01,FINAL,SR3,2026-08,96.33,96.3300 (,2,20 -,raw/wayback/calls_20260402214924.pdf,2,20260402214924
2026-04-01,FINAL,SR3,2026-09,96.335,96.3350 (,390568,1157603 +,raw/wayback/calls_20260402214924.pdf,2,20260402214924
2026-04-01,FINAL,SR3,2026-12,96.375,96.3750 (,548383,1463705 -,raw/wayback/calls_20260402214924.pdf,2,20260402214924
2026-04-01,FINAL,SR3,2027-03,96.395,96.3950 (,458729,962940 +,raw/wayback/calls_20260402214924.pdf,2,20260402214924
2026-04-01,FINAL,SR3,2027-06,96.445,96.4450 (,335782,968013 -,raw/wayback/calls_20260402214924.pdf,2,20260402214924
2026-04-01,FINAL,SR3,2027-09,96.52,96.5200 (,255906,787651 +,raw/wayback/calls_20260402214924.pdf,2,20260402214924
2026-04-01,FINAL,SR3,2027-12,96.57,96.5700 (,285240,1078319 +,raw/wayback/calls_20260402214924.pdf,2,20260402214924
2026-04-01,FINAL,SR3,2028-03,96.56,96.5600 (,205735,611971 -,raw/wayback/calls_20260402214924.pdf,2,20260402214924
2026-04-01,FINAL,SR3,2028-06,96.53,96.5300 (,145364,447107 -,raw/wayback/calls_20260402214924.pdf,2,20260402214924
2026-04-01,FINAL,SR3,2028-09,96.5,96.5000 (,109587,370561 -,raw/wayback/calls_20260402214924.pdf,2,20260402214924
2026-04-01,FINAL,SR3,2028-12,96.47,96.4700 (,104324,360175 -,raw/wayback/calls_20260402214924.pdf,2,20260402214924
2026-04-01,FINAL,SR3,2029-03,96.435,96.4350 (,108422,252408 -,raw/wayback/calls_20260402214924.pdf,2,20260402214924
2026-04-01,FINAL,SR3,2029-06,96.405,96.4050 (,54911,197672 -,raw/wayback/calls_20260402214924.pdf,2,20260402214924
2026-04-01,FINAL,SR3,2029-09,96.37,96.3700 (,37570,145878 +,raw/wayback/calls_20260402214924.pdf,2,20260402214924
2026-04-01,FINAL,SR3,2029-12,96.33,96.3300 (,40235,170704 +,raw/wayback/calls_20260402214924.pdf,2,20260402214924
2026-04-01,FINAL,SR3,2030-03,96.285,96.2850 (,36124,151643 -,raw/wayback/calls_20260402214924.pdf,2,20260402214924
2026-04-01,FINAL,SR3,2030-06,96.235,96.2350 (,27196,140327 -,raw/wayback/calls_20260402214924.pdf,2,20260402214924
2026-04-01,FINAL,SR3,2030-09,96.185,96.1850 (,25568,96470 +,raw/wayback/calls_20260402214924.pdf,2,20260402214924
2026-04-01,FINAL,SR3,2030-12,96.135,96.1350 (,26835,74622 +,raw/wayback/calls_20260402214924.pdf,2,20260402214924
2026-04-01,FINAL,SR3,2031-03,96.085,96.0850 (,24958,32452 +,raw/wayback/calls_20260402214924.pdf,2,20260402214924
2026-04-01,FINAL,SR3,2031-06,96.035,96.0350 (,122,7513 +,raw/wayback/calls_20260402214924.pdf,2,20260402214924
2026-04-01,FINAL,SR3,2031-09,95.985,95.9850 (,244,2271 +,raw/wayback/calls_20260402214924.pdf,2,20260402214924
2026-04-01,FINAL,SR3,2031-12,95.94,95.9400 (,169,1148 +,raw/wayback/calls_20260402214924.pdf,2,20260402214924
2026-04-01,FINAL,SR3,2032-03,95.895,95.8950 (,2,198,raw/wayback/calls_20260402214924.pdf,2,20260402214924
2026-04-01,FINAL,SR3,2032-06,95.85,95.8500 (,2,66 -,raw/wayback/calls_20260402214924.pdf,2,20260402214924
2026-04-01,FINAL,SR3,2032-09,95.805,95.8050 (,2,23,raw/wayback/calls_20260402214924.pdf,2,20260402214924
2026-04-01,FINAL,SR3,2032-12,95.765,95.7650 (,----,11,raw/wayback/calls_20260402214924.pdf,2,20260402214924
2026-04-01,FINAL,SR3,2033-03,95.725,95.7250 (,----,6,raw/wayback/calls_20260402214924.pdf,2,20260402214924
2026-04-02,FINAL,SR1,2026-03,96.352,96.3520,----,1862 -,raw/wayback/calls_20260403214415.pdf,2,20260403214415
2026-04-02,FINAL,SR1,2026-04,96.35,96.3500,27902,362848 +,raw/wayback/calls_20260403214415.pdf,2,20260403214415
2026-04-02,FINAL,SR1,2026-05,96.34,96.3400,37335,357346 -,raw/wayback/calls_20260403214415.pdf,2,20260403214415
2026-04-02,FINAL,SR1,2026-06,96.34,96.3400 (,10577,162189 -,raw/wayback/calls_20260403214415.pdf,2,20260403214415
2026-04-02,FINAL,SR1,2026-07,96.35,96.3500 (,18024,120995 -,raw/wayback/calls_20260403214415.pdf,2,20260403214415
2026-04-02,FINAL,SR1,2026-08,96.36,96.3600 (,14874,78699 +,raw/wayback/calls_20260403214415.pdf,2,20260403214415
2026-04-02,FINAL,SR1,2026-09,96.355,96.3550 (,6260,44883 -,raw/wayback/calls_20260403214415.pdf,2,20260403214415
2026-04-02,FINAL,SR1,2026-10,96.355,96.3550 (,13000,29649 +,raw/wayback/calls_20260403214415.pdf,2,20260403214415
2026-04-02,FINAL,SR1,2026-11,96.355,96.3550 (,5759,28987 +,raw/wayback/calls_20260403214415.pdf,2,20260403214415
2026-04-02,FINAL,SR1,2026-12,96.37,96.3700 (,630,46974 -,raw/wayback/calls_20260403214415.pdf,2,20260403214415
2026-04-02,FINAL,SR1,2027-01,96.375,96.3750 (,2406,41121 -,raw/wayback/calls_20260403214415.pdf,2,20260403214415
2026-04-02,FINAL,SR1,2027-02,96.4,96.4000 (,723,7217 -,raw/wayback/calls_20260403214415.pdf,2,20260403214415
2026-04-02,FINAL,SR1,2027-03,96.405,96.4050 (,111,1862 +,raw/wayback/calls_20260403214415.pdf,2,20260403214415
2026-04-02,FINAL,SR1,2027-04,96.41,96.4100 (,182,4459 +,raw/wayback/calls_20260403214415.pdf,2,20260403214415
2026-04-02,FINAL,SR1,2027-05,96.415,96.4150 (,5,585 +,raw/wayback/calls_20260403214415.pdf,2,20260403214415
2026-04-02,FINAL,SR1,2027-06,96.43,96.4300 (,2,1,raw/wayback/calls_20260403214415.pdf,2,20260403214415
2026-04-02,FINAL,SR1,2027-07,96.445,96.4450 (,----,2,raw/wayback/calls_20260403214415.pdf,2,20260403214415
2026-04-02,FINAL,SR3,2026-01,96.3325,96.3325 (,----,17433,raw/wayback/calls_20260403214415.pdf,2,20260403214415
2026-04-02,FINAL,SR3,2026-02,96.3275,96.3275 (,----,4152,raw/wayback/calls_20260403214415.pdf,2,20260403214415
2026-04-02,FINAL,SR3,2026-03,96.33,96.3300 (,69840,1178767 +,raw/wayback/calls_20260403214415.pdf,2,20260403214415
2026-04-02,FINAL,SR3,2026-04,96.3275,96.3275 (,171,2495 -,raw/wayback/calls_20260403214415.pdf,2,20260403214415
2026-04-02,FINAL,SR3,2026-05,96.325,96.3250 (,----,1609 -,raw/wayback/calls_20260403214415.pdf,2,20260403214415
2026-04-02,FINAL,SR3,2026-06,96.34,96.3400 (,333176,1231457 -,raw/wayback/calls_20260403214415.pdf,2,20260403214415
2026-04-02,FINAL,SR3,2026-07,96.34,96.3400 (,102,617 -,raw/wayback/calls_20260403214415.pdf,2,20260403214415
2026-04-02,FINAL,SR3,2026-08,96.34,96.3400 (,----,20,raw/wayback/calls_20260403214415.pdf,2,20260403214415
2026-04-02,FINAL,SR3,2026-09,96.335,96.3350 (,331889,1166618 +,raw/wayback/calls_20260403214415.pdf,2,20260403214415
2026-04-02,FINAL,SR3,2026-12,96.37,96.3700 (,416232,1456972 -,raw/wayback/calls_20260403214415.pdf,2,20260403214415
2026-04-02,FINAL,SR3,2027-03,96.395,96.3950 (,338020,959835 -,raw/wayback/calls_20260403214415.pdf,2,20260403214415
2026-04-02,FINAL,SR3,2027-06,96.445,96.4450 (,268965,970704 +,raw/wayback/calls_20260403214415.pdf,2,20260403214415
2026-04-02,FINAL,SR3,2027-09,96.52,96.5200 (,214943,789263 +,raw/wayback/calls_20260403214415.pdf,2,20260403214415
2026-04-02,FINAL,SR3,2027-12,96.57,96.5700 (,240076,1079084 +,raw/wayback/calls_20260403214415.pdf,2,20260403214415
2026-04-02,FINAL,SR3,2028-03,96.565,96.5650 (,171697,609918 -,raw/wayback/calls_20260403214415.pdf,2,20260403214415
2026-04-02,FINAL,SR3,2028-06,96.535,96.5350 (,116530,447974 +,raw/wayback/calls_20260403214415.pdf,2,20260403214415
2026-04-02,FINAL,SR3,2028-09,96.505,96.5050 (,84708,366028 -,raw/wayback/calls_20260403214415.pdf,2,20260403214415
2026-04-02,FINAL,SR3,2028-12,96.475,96.4750 (,102750,354612 -,raw/wayback/calls_20260403214415.pdf,2,20260403214415
2026-04-02,FINAL,SR3,2029-03,96.44,96.4400 (,82580,248154 -,raw/wayback/calls_20260403214415.pdf,2,20260403214415
2026-04-02,FINAL,SR3,2029-06,96.41,96.4100 (,50512,196852 -,raw/wayback/calls_20260403214415.pdf,2,20260403214415
2026-04-02,FINAL,SR3,2029-09,96.375,96.3750 (,35881,145907 +,raw/wayback/calls_20260403214415.pdf,2,20260403214415
2026-04-02,FINAL,SR3,2029-12,96.335,96.3350 (,39945,166508 -,raw/wayback/calls_20260403214415.pdf,2,20260403214415
2026-04-02,FINAL,SR3,2030-03,96.29,96.2900 (,34532,152278 +,raw/wayback/calls_20260403214415.pdf,2,20260403214415
2026-04-02,FINAL,SR3,2030-06,96.245,96.2450 (,27716,138939 -,raw/wayback/calls_20260403214415.pdf,2,20260403214415
2026-04-02,FINAL,SR3,2030-09,96.195,96.1950 (,28980,94171 -,raw/wayback/calls_20260403214415.pdf,2,20260403214415
2026-04-02,FINAL,SR3,2030-12,96.145,96.1450 (,24708,75076 +,raw/wayback/calls_20260403214415.pdf,2,20260403214415
2026-04-02,FINAL,SR3,2031-03,96.095,96.0950 (,21845,32268 -,raw/wayback/calls_20260403214415.pdf,2,20260403214415
2026-04-02,FINAL,SR3,2031-06,96.045,96.0450 (,186,7516 +,raw/wayback/calls_20260403214415.pdf,2,20260403214415
2026-04-02,FINAL,SR3,2031-09,96.0,96.0000 (,63,2291 +,raw/wayback/calls_20260403214415.pdf,2,20260403214415
2026-04-02,FINAL,SR3,2031-12,95.96,95.9600 (,22,1151 +,raw/wayback/calls_20260403214415.pdf,2,20260403214415
2026-04-02,FINAL,SR3,2032-03,95.915,95.9150 (,----,198,raw/wayback/calls_20260403214415.pdf,2,20260403214415
2026-04-02,FINAL,SR3,2032-06,95.87,95.8700 (,----,66,raw/wayback/calls_20260403214415.pdf,2,20260403214415
2026-04-02,FINAL,SR3,2032-09,95.825,95.8250 (,----,23,raw/wayback/calls_20260403214415.pdf,2,20260403214415
2026-04-02,FINAL,SR3,2032-12,95.785,95.7850 (,----,11,raw/wayback/calls_20260403214415.pdf,2,20260403214415
2026-04-02,FINAL,SR3,2033-03,95.745,95.7450 (,----,6,raw/wayback/calls_20260403214415.pdf,2,20260403214415
2026-04-03,FINAL,SR1,2026-03,96.352,96.3520,----,-,raw/wayback/calls_20260406214846.pdf,2,20260406214846
2026-04-03,FINAL,SR1,2026-04,96.3475,96.3475,1176,358389 -,raw/wayback/calls_20260406214846.pdf,2,20260406214846
2026-04-03,FINAL,SR1,2026-05,96.335,96.3350,7551,356219 -,raw/wayback/calls_20260406214846.pdf,2,20260406214846
2026-04-03,FINAL,SR1,2026-06,96.33,96.3300,4426,163557 +,raw/wayback/calls_20260406214846.pdf,2,20260406214846
2026-04-03,FINAL,SR1,2026-07,96.34,96.3400,3666,120913 -,raw/wayback/calls_20260406214846.pdf,2,20260406214846
2026-04-03,FINAL,SR1,2026-08,96.34,96.3400,3119,77993 -,raw/wayback/calls_20260406214846.pdf,2,20260406214846
2026-04-03,FINAL,SR1,2026-09,96.325,96.3250,677,44858 -,raw/wayback/calls_20260406214846.pdf,2,20260406214846
2026-04-03,FINAL,SR1,2026-10,96.32,96.3200,2287,29834 +,raw/wayback/calls_20260406214846.pdf,2,20260406214846
2026-04-03,FINAL,SR1,2026-11,96.31,96.3100,1180,28898 -,raw/wayback/calls_20260406214846.pdf,2,20260406214846
2026-04-03,FINAL,SR1,2026-12,96.315,96.3150,277,46962 -,raw/wayback/calls_20260406214846.pdf,2,20260406214846
2026-04-03,FINAL,SR1,2027-01,96.32,96.3200,479,41124 +,raw/wayback/calls_20260406214846.pdf,2,20260406214846
2026-04-03,FINAL,SR1,2027-02,96.34,96.3400,160,7292 +,raw/wayback/calls_20260406214846.pdf,2,20260406214846
2026-04-03,FINAL,SR1,2027-03,96.335,96.3350,109,1855 -,raw/wayback/calls_20260406214846.pdf,2,20260406214846
2026-04-03,FINAL,SR1,2027-04,96.34,96.3400,287,4720 +,raw/wayback/calls_20260406214846.pdf,2,20260406214846
2026-04-03,FINAL,SR1,2027-05,96.345,96.3450,----,585,raw/wayback/calls_20260406214846.pdf,2,20260406214846
2026-04-03,FINAL,SR1,2027-06,96.365,96.3650,----,1,raw/wayback/calls_20260406214846.pdf,2,20260406214846
2026-04-03,FINAL,SR1,2027-07,96.375,96.3750,----,2,raw/wayback/calls_20260406214846.pdf,2,20260406214846
2026-04-03,FINAL,SR3,2026-01,96.33,96.3300,----,17433,raw/wayback/calls_20260406214846.pdf,2,20260406214846
2026-04-03,FINAL,SR3,2026-02,96.325,96.3250,----,4152,raw/wayback/calls_20260406214846.pdf,2,20260406214846
2026-04-03,FINAL,SR3,2026-03,96.3275,96.3275,9062,1173264 -,raw/wayback/calls_20260406214846.pdf,2,20260406214846
2026-04-03,FINAL,SR3,2026-04,96.325,96.3250,27,2491 -,raw/wayback/calls_20260406214846.pdf,2,20260406214846
2026-04-03,FINAL,SR3,2026-05,96.32,96.3200,----,1609,raw/wayback/calls_20260406214846.pdf,2,20260406214846
2026-04-03,FINAL,SR3,2026-06,96.325,96.3250,107424,1242501 +,raw/wayback/calls_20260406214846.pdf,2,20260406214846
2026-04-03,FINAL,SR3,2026-07,96.32,96.3200,----,617,raw/wayback/calls_20260406214846.pdf,2,20260406214846
2026-04-03,FINAL,SR3,2026-08,96.31,96.3100,----,20,raw/wayback/calls_20260406214846.pdf,2,20260406214846
2026-04-03,FINAL,SR3,2026-09,96.295,96.2950,125106,1173873 +,raw/wayback/calls_20260406214846.pdf,2,20260406214846
2026-04-03,FINAL,SR3,2026-12,96.31,96.3100,184000,1464008 +,raw/wayback/calls_20260406214846.pdf,2,20260406214846
2026-04-03,FINAL,SR3,2027-03,96.325,96.3250,114880,966082 +,raw/wayback/calls_20260406214846.pdf,2,20260406214846
2026-04-03,FINAL,SR3,2027-06,96.375,96.3750,118406,983430 +,raw/wayback/calls_20260406214846.pdf,2,20260406214846
2026-04-03,FINAL,SR3,2027-09,96.46,96.4600,87146,797622 +,raw/wayback/calls_20260406214846.pdf,2,20260406214846
2026-04-03,FINAL,SR3,2027-12,96.52,96.5200,132705,1085545 +,raw/wayback/calls_20260406214846.pdf,2,20260406214846
2026-04-03,FINAL,SR3,2028-03,96.52,96.5200,60321,612798 +,raw/wayback/calls_20260406214846.pdf,2,20260406214846
2026-04-03,FINAL,SR3,2028-06,96.495,96.4950,36144,452348 +,raw/wayback/calls_20260406214846.pdf,2,20260406214846
2026-04-03,FINAL,SR3,2028-09,96.465,96.4650,22457,364820 -,raw/wayback/calls_20260406214846.pdf,2,20260406214846
2026-04-03,FINAL,SR3,2028-12,96.44,96.4400 (,26764,353827 -,raw/wayback/calls_20260406214846.pdf,2,20260406214846
2026-04-03,FINAL,SR3,2029-03,96.41,96.4100 (,18616,246183 -,raw/wayback/calls_20260406214846.pdf,2,20260406214846
2026-04-03,FINAL,SR3,2029-06,96.38,96.3800 (,11730,198106 +,raw/wayback/calls_20260406214846.pdf,2,20260406214846
2026-04-03,FINAL,SR3,2029-09,96.345,96.3450 (,10571,146912 +,raw/wayback/calls_20260406214846.pdf,2,20260406214846
2026-04-03,FINAL,SR3,2029-12,96.31,96.3100 (,10404,166531 +,raw/wayback/calls_20260406214846.pdf,2,20260406214846
2026-04-03,FINAL,SR3,2030-03,96.27,96.2700 (,8123,151548 -,raw/wayback/calls_20260406214846.pdf,2,20260406214846
2026-04-03,FINAL,SR3,2030-06,96.225,96.2250 (,5916,139380 +,raw/wayback/calls_20260406214846.pdf,2,20260406214846
2026-04-03,FINAL,SR3,2030-09,96.175,96.1750 (,5671,94509 +,raw/wayback/calls_20260406214846.pdf,2,20260406214846
2026-04-03,FINAL,SR3,2030-12,96.125,96.1250 (,5419,75493 +,raw/wayback/calls_20260406214846.pdf,2,20260406214846
2026-04-03,FINAL,SR3,2031-03,96.08,96.0800 (,5986,32377 +,raw/wayback/calls_20260406214846.pdf,2,20260406214846
2026-04-03,FINAL,SR3,2031-06,96.035,96.0350 (,267,7391 -,raw/wayback/calls_20260406214846.pdf,2,20260406214846
2026-04-03,FINAL,SR3,2031-09,95.99,95.9900 (,109,2291,raw/wayback/calls_20260406214846.pdf,2,20260406214846
2026-04-03,FINAL,SR3,2031-12,95.945,95.9450 (,44,1147 -,raw/wayback/calls_20260406214846.pdf,2,20260406214846
2026-04-03,FINAL,SR3,2032-03,95.9,95.9000 (,----,198,raw/wayback/calls_20260406214846.pdf,2,20260406214846
2026-04-03,FINAL,SR3,2032-06,95.855,95.8550 (,----,66,raw/wayback/calls_20260406214846.pdf,2,20260406214846
2026-04-03,FINAL,SR3,2032-09,95.81,95.8100 (,----,23,raw/wayback/calls_20260406214846.pdf,2,20260406214846
2026-04-03,FINAL,SR3,2032-12,95.77,95.7700 (,----,11,raw/wayback/calls_20260406214846.pdf,2,20260406214846
2026-04-03,FINAL,SR3,2033-03,95.73,95.7300 (,----,6,raw/wayback/calls_20260406214846.pdf,2,20260406214846
2026-04-06,FINAL,SR1,2026-04,96.3475,96.3475,9384,358089 -,raw/wayback/calls_20260407215327.pdf,2,20260407215327
2026-04-06,FINAL,SR1,2026-05,96.335,96.3350,3600,355598 -,raw/wayback/calls_20260407215327.pdf,2,20260407215327
2026-04-06,FINAL,SR1,2026-06,96.33,96.3300,12120,159764 -,raw/wayback/calls_20260407215327.pdf,2,20260407215327
2026-04-06,FINAL,SR1,2026-07,96.335,96.3350,7367,121189 +,raw/wayback/calls_20260407215327.pdf,2,20260407215327
2026-04-06,FINAL,SR1,2026-08,96.33,96.3300,5105,78549 +,raw/wayback/calls_20260407215327.pdf,2,20260407215327
2026-04-06,FINAL,SR1,2026-09,96.315,96.3150,1589,44767 -,raw/wayback/calls_20260407215327.pdf,2,20260407215327
2026-04-06,FINAL,SR1,2026-10,96.305,96.3050,1995,29586 -,raw/wayback/calls_20260407215327.pdf,2,20260407215327
2026-04-06,FINAL,SR1,2026-11,96.295,96.2950,1225,28819 -,raw/wayback/calls_20260407215327.pdf,2,20260407215327
2026-04-06,FINAL,SR1,2026-12,96.305,96.3050,1323,46154 -,raw/wayback/calls_20260407215327.pdf,2,20260407215327
2026-04-06,FINAL,SR1,2027-01,96.31,96.3100,718,41271 +,raw/wayback/calls_20260407215327.pdf,2,20260407215327
2026-04-06,FINAL,SR1,2027-02,96.325,96.3250,142,7354 +,raw/wayback/calls_20260407215327.pdf,2,20260407215327
2026-04-06,FINAL,SR1,2027-03,96.325,96.3250,16,1860 +,raw/wayback/calls_20260407215327.pdf,2,20260407215327
2026-04-06,FINAL,SR1,2027-04,96.33,96.3300,----,4720,raw/wayback/calls_20260407215327.pdf,2,20260407215327
2026-04-06,FINAL,SR1,2027-05,96.335,96.3350,20,565 -,raw/wayback/calls_20260407215327.pdf,2,20260407215327
2026-04-06,FINAL,SR1,2027-06,96.355,96.3550,----,1,raw/wayback/calls_20260407215327.pdf,2,20260407215327
2026-04-06,FINAL,SR1,2027-07,96.365,96.3650,----,2,raw/wayback/calls_20260407215327.pdf,2,20260407215327
2026-04-06,FINAL,SR3,2026-01,96.33,96.3300,----,17433,raw/wayback/calls_20260407215327.pdf,2,20260407215327
2026-04-06,FINAL,SR3,2026-02,96.3275,96.3275,----,4152,raw/wayback/calls_20260407215327.pdf,2,20260407215327
2026-04-06,FINAL,SR3,2026-03,96.325,96.3250,29522,1180422 +,raw/wayback/calls_20260407215327.pdf,2,20260407215327
2026-04-06,FINAL,SR3,2026-04,96.3225,96.3225,13,2501 +,raw/wayback/calls_20260407215327.pdf,2,20260407215327
2026-04-06,FINAL,SR3,2026-05,96.315,96.3150,----,1608 -,raw/wayback/calls_20260407215327.pdf,2,20260407215327
2026-04-06,FINAL,SR3,2026-06,96.315,96.3150,137795,1245777 +,raw/wayback/calls_20260407215327.pdf,2,20260407215327
2026-04-06,FINAL,SR3,2026-07,96.31,96.3100,----,617,raw/wayback/calls_20260407215327.pdf,2,20260407215327
2026-04-06,FINAL,SR3,2026-08,96.3,96.3000,16,20,raw/wayback/calls_20260407215327.pdf,2,20260407215327
2026-04-06,FINAL,SR3,2026-09,96.285,96.2850 (,155299,1173757 -,raw/wayback/calls_20260407215327.pdf,2,20260407215327
2026-04-06,FINAL,SR3,2026-12,96.3,96.3000 (,242867,1470307 +,raw/wayback/calls_20260407215327.pdf,2,20260407215327
2026-04-06,FINAL,SR3,2027-03,96.32,96.3200 (,164559,960453 -,raw/wayback/calls_20260407215327.pdf,2,20260407215327
2026-04-06,FINAL,SR3,2027-06,96.38,96.3800 (,158727,982753 -,raw/wayback/calls_20260407215327.pdf,2,20260407215327
2026-04-06,FINAL,SR3,2027-09,96.475,96.4750 (,103039,799991 +,raw/wayback/calls_20260407215327.pdf,2,20260407215327
2026-04-06,FINAL,SR3,2027-12,96.535,96.5350 (,134829,1094724 +,raw/wayback/calls_20260407215327.pdf,2,20260407215327
2026-04-06,FINAL,SR3,2028-03,96.535,96.5350 (,86617,617599 +,raw/wayback/calls_20260407215327.pdf,2,20260407215327
2026-04-06,FINAL,SR3,2028-06,96.505,96.5050 (,60227,455410 +,raw/wayback/calls_20260407215327.pdf,2,20260407215327
2026-04-06,FINAL,SR3,2028-09,96.475,96.4750 (,51160,367194 +,raw/wayback/calls_20260407215327.pdf,2,20260407215327
2026-04-06,FINAL,SR3,2028-12,96.445,96.4450 (,50648,352340 -,raw/wayback/calls_20260407215327.pdf,2,20260407215327
2026-04-06,FINAL,SR3,2029-03,96.415,96.4150 (,43207,246537 +,raw/wayback/calls_20260407215327.pdf,2,20260407215327
2026-04-06,FINAL,SR3,2029-06,96.385,96.3850 (,22976,196740 -,raw/wayback/calls_20260407215327.pdf,2,20260407215327
2026-04-06,FINAL,SR3,2029-09,96.355,96.3550 (,17473,147290 +,raw/wayback/calls_20260407215327.pdf,2,20260407215327
2026-04-06,FINAL,SR3,2029-12,96.32,96.3200 (,19689,166334 -,raw/wayback/calls_20260407215327.pdf,2,20260407215327
2026-04-06,FINAL,SR3,2030-03,96.275,96.2750 (,17198,151770 +,raw/wayback/calls_20260407215327.pdf,2,20260407215327
2026-04-06,FINAL,SR3,2030-06,96.235,96.2350 (,13068,139241 -,raw/wayback/calls_20260407215327.pdf,2,20260407215327
2026-04-06,FINAL,SR3,2030-09,96.19,96.1900 (,13408,94516 +,raw/wayback/calls_20260407215327.pdf,2,20260407215327
2026-04-06,FINAL,SR3,2030-12,96.14,96.1400 (,13762,75468 -,raw/wayback/calls_20260407215327.pdf,2,20260407215327
2026-04-06,FINAL,SR3,2031-03,96.09,96.0900 (,12171,32316 -,raw/wayback/calls_20260407215327.pdf,2,20260407215327
2026-04-06,FINAL,SR3,2031-06,96.045,96.0450 (,180,7338 -,raw/wayback/calls_20260407215327.pdf,2,20260407215327
2026-04-06,FINAL,SR3,2031-09,96.0,96.0000 (,33,2271 -,raw/wayback/calls_20260407215327.pdf,2,20260407215327
2026-04-06,FINAL,SR3,2031-12,95.955,95.9550 (,103,1146 -,raw/wayback/calls_20260407215327.pdf,2,20260407215327
2026-04-06,FINAL,SR3,2032-03,95.91,95.9100 (,50,198,raw/wayback/calls_20260407215327.pdf,2,20260407215327
2026-04-06,FINAL,SR3,2032-06,95.865,95.8650 (,----,66,raw/wayback/calls_20260407215327.pdf,2,20260407215327
2026-04-06,FINAL,SR3,2032-09,95.82,95.8200 (,----,23,raw/wayback/calls_20260407215327.pdf,2,20260407215327
2026-04-06,FINAL,SR3,2032-12,95.78,95.7800 (,----,11,raw/wayback/calls_20260407215327.pdf,2,20260407215327
2026-04-06,FINAL,SR3,2033-03,95.74,95.7400 (,----,6,raw/wayback/calls_20260407215327.pdf,2,20260407215327
2026-04-07,FINAL,SR1,2026-04,96.35,96.3500,40482,372215 +,raw/wayback/calls_20260408215230.pdf,2,20260408215230
2026-04-07,FINAL,SR1,2026-05,96.335,96.3350,15216,356969 +,raw/wayback/calls_20260408215230.pdf,2,20260408215230
2026-04-07,FINAL,SR1,2026-06,96.33,96.3300,13099,163163 +,raw/wayback/calls_20260408215230.pdf,2,20260408215230
2026-04-07,FINAL,SR1,2026-07,96.335,96.3350,18032,124101 +,raw/wayback/calls_20260408215230.pdf,2,20260408215230
2026-04-07,FINAL,SR1,2026-08,96.34,96.3400,11163,79397 +,raw/wayback/calls_20260408215230.pdf,2,20260408215230
2026-04-07,FINAL,SR1,2026-09,96.33,96.3300,5827,44040 -,raw/wayback/calls_20260408215230.pdf,2,20260408215230
2026-04-07,FINAL,SR1,2026-10,96.325,96.3250,9667,31032 +,raw/wayback/calls_20260408215230.pdf,2,20260408215230
2026-04-07,FINAL,SR1,2026-11,96.315,96.3150,4699,28765 -,raw/wayback/calls_20260408215230.pdf,2,20260408215230
2026-04-07,FINAL,SR1,2026-12,96.325,96.3250,1431,46505 +,raw/wayback/calls_20260408215230.pdf,2,20260408215230
2026-04-07,FINAL,SR1,2027-01,96.33,96.3300,3726,41682 +,raw/wayback/calls_20260408215230.pdf,2,20260408215230
2026-04-07,FINAL,SR1,2027-02,96.355,96.3550,986,7659 +,raw/wayback/calls_20260408215230.pdf,2,20260408215230
2026-04-07,FINAL,SR1,2027-03,96.36,96.3600,83,1855 -,raw/wayback/calls_20260408215230.pdf,2,20260408215230
2026-04-07,FINAL,SR1,2027-04,96.365,96.3650,44,4749 +,raw/wayback/calls_20260408215230.pdf,2,20260408215230
2026-04-07,FINAL,SR1,2027-05,96.37,96.3700,----,565,raw/wayback/calls_20260408215230.pdf,2,20260408215230
2026-04-07,FINAL,SR1,2027-06,96.39,96.3900,----,1,raw/wayback/calls_20260408215230.pdf,2,20260408215230
2026-04-07,FINAL,SR1,2027-07,96.4,96.4000,----,2,raw/wayback/calls_20260408215230.pdf,2,20260408215230
2026-04-07,FINAL,SR3,2026-01,96.3325,96.3325,----,17433,raw/wayback/calls_20260408215230.pdf,2,20260408215230
2026-04-07,FINAL,SR3,2026-02,96.33,96.3300,----,4152,raw/wayback/calls_20260408215230.pdf,2,20260408215230
2026-04-07,FINAL,SR3,2026-03,96.3275,96.3275,58331,1183264 +,raw/wayback/calls_20260408215230.pdf,2,20260408215230
2026-04-07,FINAL,SR3,2026-04,96.325,96.3250,96,2491 -,raw/wayback/calls_20260408215230.pdf,2,20260408215230
2026-04-07,FINAL,SR3,2026-05,96.315,96.3150,----,1608,raw/wayback/calls_20260408215230.pdf,2,20260408215230
2026-04-07,FINAL,SR3,2026-06,96.32,96.3200,290511,1245240 -,raw/wayback/calls_20260408215230.pdf,2,20260408215230
2026-04-07,FINAL,SR3,2026-07,96.315,96.3150,----,617,raw/wayback/calls_20260408215230.pdf,2,20260408215230
2026-04-07,FINAL,SR3,2026-08,96.305,96.3050,----,20,raw/wayback/calls_20260408215230.pdf,2,20260408215230
2026-04-07,FINAL,SR3,2026-09,96.305,96.3050 (,331859,1174098 +,raw/wayback/calls_20260408215230.pdf,2,20260408215230
2026-04-07,FINAL,SR3,2026-12,96.33,96.3300 (,426903,1482219 +,raw/wayback/calls_20260408215230.pdf,2,20260408215230
2026-04-07,FINAL,SR3,2027-03,96.345,96.3450 (,266009,962742 +,raw/wayback/calls_20260408215230.pdf,2,20260408215230
2026-04-07,FINAL,SR3,2027-06,96.4,96.4000 (,263920,991255 +,raw/wayback/calls_20260408215230.pdf,2,20260408215230
2026-04-07,FINAL,SR3,2027-09,96.485,96.4850 (,189386,814409 +,raw/wayback/calls_20260408215230.pdf,2,20260408215230
2026-04-07,FINAL,SR3,2027-12,96.545,96.5450 (,245755,1094766 +,raw/wayback/calls_20260408215230.pdf,2,20260408215230
2026-04-07,FINAL,SR3,2028-03,96.54,96.5400 (,190179,633456 +,raw/wayback/calls_20260408215230.pdf,2,20260408215230
2026-04-07,FINAL,SR3,2028-06,96.51,96.5100 (,110632,458263 +,raw/wayback/calls_20260408215230.pdf,2,20260408215230
2026-04-07,FINAL,SR3,2028-09,96.48,96.4800 (,82030,372318 +,raw/wayback/calls_20260408215230.pdf,2,20260408215230
2026-04-07,FINAL,SR3,2028-12,96.455,96.4550 (,88379,353377 +,raw/wayback/calls_20260408215230.pdf,2,20260408215230
2026-04-07,FINAL,SR3,2029-03,96.425,96.4250 (,74911,246110 -,raw/wayback/calls_20260408215230.pdf,2,20260408215230
2026-04-07,FINAL,SR3,2029-06,96.395,96.3950 (,40115,197042 +,raw/wayback/calls_20260408215230.pdf,2,20260408215230
2026-04-07,FINAL,SR3,2029-09,96.365,96.3650 (,28137,146752 -,raw/wayback/calls_20260408215230.pdf,2,20260408215230
2026-04-07,FINAL,SR3,2029-12,96.325,96.3250 (,30873,167359 +,raw/wayback/calls_20260408215230.pdf,2,20260408215230
2026-04-07,FINAL,SR3,2030-03,96.285,96.2850 (,27270,152329 +,raw/wayback/calls_20260408215230.pdf,2,20260408215230
2026-04-07,FINAL,SR3,2030-06,96.24,96.2400 (,20633,139331 +,raw/wayback/calls_20260408215230.pdf,2,20260408215230
2026-04-07,FINAL,SR3,2030-09,96.195,96.1950 (,22981,93802 -,raw/wayback/calls_20260408215230.pdf,2,20260408215230
2026-04-07,FINAL,SR3,2030-12,96.145,96.1450 (,23563,75045 -,raw/wayback/calls_20260408215230.pdf,2,20260408215230
2026-04-07,FINAL,SR3,2031-03,96.095,96.0950 (,23511,34530 +,raw/wayback/calls_20260408215230.pdf,2,20260408215230
2026-04-07,FINAL,SR3,2031-06,96.05,96.0500 (,693,7564 +,raw/wayback/calls_20260408215230.pdf,2,20260408215230
2026-04-07,FINAL,SR3,2031-09,96.005,96.0050 (,287,2270 -,raw/wayback/calls_20260408215230.pdf,2,20260408215230
2026-04-07,FINAL,SR3,2031-12,95.96,95.9600 (,611,1339 +,raw/wayback/calls_20260408215230.pdf,2,20260408215230
2026-04-07,FINAL,SR3,2032-03,95.915,95.9150 (,67,212 +,raw/wayback/calls_20260408215230.pdf,2,20260408215230
2026-04-07,FINAL,SR3,2032-06,95.87,95.8700 (,----,66,raw/wayback/calls_20260408215230.pdf,2,20260408215230
2026-04-07,FINAL,SR3,2032-09,95.825,95.8250 (,----,23,raw/wayback/calls_20260408215230.pdf,2,20260408215230
2026-04-07,FINAL,SR3,2032-12,95.785,95.7850 (,1,10 -,raw/wayback/calls_20260408215230.pdf,2,20260408215230
2026-04-07,FINAL,SR3,2033-03,95.745,95.7450 (,----,6,raw/wayback/calls_20260408215230.pdf,2,20260408215230
2026-04-08,FINAL,SR1,2026-04,96.3575,96.3575,114707,358993 -,raw/wayback/calls_20260409215613.pdf,2,20260409215613
2026-04-08,FINAL,SR1,2026-05,96.345,96.3450,61282,358182 +,raw/wayback/calls_20260409215613.pdf,2,20260409215613
2026-04-08,FINAL,SR1,2026-06,96.335,96.3350,24637,161024 -,raw/wayback/calls_20260409215613.pdf,2,20260409215613
2026-04-08,FINAL,SR1,2026-07,96.34,96.3400,24011,126108 +,raw/wayback/calls_20260409215613.pdf,2,20260409215613
2026-04-08,FINAL,SR1,2026-08,96.335,96.3350,21942,79568 +,raw/wayback/calls_20260409215613.pdf,2,20260409215613
2026-04-08,FINAL,SR1,2026-09,96.33,96.3300,6308,44020 -,raw/wayback/calls_20260409215613.pdf,2,20260409215613
2026-04-08,FINAL,SR1,2026-10,96.335,96.3350,10661,31060 +,raw/wayback/calls_20260409215613.pdf,2,20260409215613
2026-04-08,FINAL,SR1,2026-11,96.335,96.3350,9105,30592 +,raw/wayback/calls_20260409215613.pdf,2,20260409215613
2026-04-08,FINAL,SR1,2026-12,96.355,96.3550,1472,46342 -,raw/wayback/calls_20260409215613.pdf,2,20260409215613
2026-04-08,FINAL,SR1,2027-01,96.365,96.3650,2588,41887 +,raw/wayback/calls_20260409215613.pdf,2,20260409215613
2026-04-08,FINAL,SR1,2027-02,96.39,96.3900,408,7584 -,raw/wayback/calls_20260409215613.pdf,2,20260409215613
2026-04-08,FINAL,SR1,2027-03,96.4,96.4000,125,1901 +,raw/wayback/calls_20260409215613.pdf,2,20260409215613
2026-04-08,FINAL,SR1,2027-04,96.41,96.4100,146,4814 +,raw/wayback/calls_20260409215613.pdf,2,20260409215613
2026-04-08,FINAL,SR1,2027-05,96.42,96.4200,42,565,raw/wayback/calls_20260409215613.pdf,2,20260409215613
2026-04-08,FINAL,SR1,2027-06,96.44,96.4400,1,-,raw/wayback/calls_20260409215613.pdf,2,20260409215613
2026-04-08,FINAL,SR1,2027-07,96.46,96.4600,----,2,raw/wayback/calls_20260409215613.pdf,2,20260409215613
2026-04-08,FINAL,SR3,2026-01,96.3325,96.3325,23912,26933 +,raw/wayback/calls_20260409215613.pdf,2,20260409215613
2026-04-08,FINAL,SR3,2026-02,96.33,96.3300,80,4152,raw/wayback/calls_20260409215613.pdf,2,20260409215613
2026-04-08,FINAL,SR3,2026-03,96.3325,96.3325,156372,1219583 +,raw/wayback/calls_20260409215613.pdf,2,20260409215613
2026-04-08,FINAL,SR3,2026-04,96.33,96.3300,180,2534 +,raw/wayback/calls_20260409215613.pdf,2,20260409215613
2026-04-08,FINAL,SR3,2026-05,96.32,96.3200,----,1608,raw/wayback/calls_20260409215613.pdf,2,20260409215613
2026-04-08,FINAL,SR3,2026-06,96.32,96.3200,551800,1238002 -,raw/wayback/calls_20260409215613.pdf,2,20260409215613
2026-04-08,FINAL,SR3,2026-07,96.315,96.3150,----,617,raw/wayback/calls_20260409215613.pdf,2,20260409215613
2026-04-08,FINAL,SR3,2026-08,96.315,96.3150,----,20,raw/wayback/calls_20260409215613.pdf,2,20260409215613
2026-04-08,FINAL,SR3,2026-09,96.325,96.3250,609896,1165477 -,raw/wayback/calls_20260409215613.pdf,2,20260409215613
2026-04-08,FINAL,SR3,2026-12,96.37,96.3700,845902,1436586 -,raw/wayback/calls_20260409215613.pdf,2,20260409215613
2026-04-08,FINAL,SR3,2027-03,96.4,96.4000,605610,946387 -,raw/wayback/calls_20260409215613.pdf,2,20260409215613
2026-04-08,FINAL,SR3,2027-06,96.465,96.4650,578910,975320 -,raw/wayback/calls_20260409215613.pdf,2,20260409215613
2026-04-08,FINAL,SR3,2027-09,96.545,96.5450,371605,811009 -,raw/wayback/calls_20260409215613.pdf,2,20260409215613
2026-04-08,FINAL,SR3,2027-12,96.6,96.6000,513327,1105661 +,raw/wayback/calls_20260409215613.pdf,2,20260409215613
2026-04-08,FINAL,SR3,2028-03,96.6,96.6000,306660,636140 +,raw/wayback/calls_20260409215613.pdf,2,20260409215613
2026-04-08,FINAL,SR3,2028-06,96.57,96.5700,207824,473017 +,raw/wayback/calls_20260409215613.pdf,2,20260409215613
2026-04-08,FINAL,SR3,2028-09,96.54,96.5400,136311,376019 +,raw/wayback/calls_20260409215613.pdf,2,20260409215613
2026-04-08,FINAL,SR3,2028-12,96.51,96.5100,176384,367043 +,raw/wayback/calls_20260409215613.pdf,2,20260409215613
2026-04-08,FINAL,SR3,2029-03,96.48,96.4800 (,129844,245304 -,raw/wayback/calls_20260409215613.pdf,2,20260409215613
2026-04-08,FINAL,SR3,2029-06,96.45,96.4500 (,78634,193691 -,raw/wayback/calls_20260409215613.pdf,2,20260409215613
2026-04-08,FINAL,SR3,2029-09,96.415,96.4150 (,57350,147415 +,raw/wayback/calls_20260409215613.pdf,2,20260409215613
2026-04-08,FINAL,SR3,2029-12,96.375,96.3750 (,58123,168739 +,raw/wayback/calls_20260409215613.pdf,2,20260409215613
2026-04-08,FINAL,SR3,2030-03,96.335,96.3350 (,59554,147489 -,raw/wayback/calls_20260409215613.pdf,2,20260409215613
2026-04-08,FINAL,SR3,2030-06,96.29,96.2900 (,46268,144764 +,raw/wayback/calls_20260409215613.pdf,2,20260409215613
2026-04-08,FINAL,SR3,2030-09,96.235,96.2350 (,48868,102200 +,raw/wayback/calls_20260409215613.pdf,2,20260409215613
2026-04-08,FINAL,SR3,2030-12,96.185,96.1850 (,42283,75630 +,raw/wayback/calls_20260409215613.pdf,2,20260409215613
2026-04-08,FINAL,SR3,2031-03,96.135,96.1350 (,36049,37072 +,raw/wayback/calls_20260409215613.pdf,2,20260409215613
2026-04-08,FINAL,SR3,2031-06,96.09,96.0900 (,648,7660 +,raw/wayback/calls_20260409215613.pdf,2,20260409215613
2026-04-08,FINAL,SR3,2031-09,96.04,96.0400 (,272,2270,raw/wayback/calls_20260409215613.pdf,2,20260409215613
2026-04-08,FINAL,SR3,2031-12,95.99,95.9900 (,45,1311 -,raw/wayback/calls_20260409215613.pdf,2,20260409215613
2026-04-08,FINAL,SR3,2032-03,95.945,95.9450 (,3,211 -,raw/wayback/calls_20260409215613.pdf,2,20260409215613
2026-04-08,FINAL,SR3,2032-06,95.9,95.9000 (,13,61 -,raw/wayback/calls_20260409215613.pdf,2,20260409215613
2026-04-08,FINAL,SR3,2032-09,95.855,95.8550 (,16,30 +,raw/wayback/calls_20260409215613.pdf,2,20260409215613
2026-04-08,FINAL,SR3,2032-12,95.815,95.8150 (,----,10,raw/wayback/calls_20260409215613.pdf,2,20260409215613
2026-04-08,FINAL,SR3,2033-03,95.775,95.7750 (,----,6,raw/wayback/calls_20260409215613.pdf,2,20260409215613
2026-04-09,FINAL,SR1,2026-04,96.3625,96.3625,83524,352043 -,raw/wayback/calls_20260410215018.pdf,2,20260410215018
2026-04-09,FINAL,SR1,2026-05,96.345,96.3450,51828,358099 -,raw/wayback/calls_20260410215018.pdf,2,20260410215018
2026-04-09,FINAL,SR1,2026-06,96.34,96.3400,13811,162018 +,raw/wayback/calls_20260410215018.pdf,2,20260410215018
2026-04-09,FINAL,SR1,2026-07,96.345,96.3450,20689,122208 -,raw/wayback/calls_20260410215018.pdf,2,20260410215018
2026-04-09,FINAL,SR1,2026-08,96.345,96.3450,12698,77251 -,raw/wayback/calls_20260410215018.pdf,2,20260410215018
2026-04-09,FINAL,SR1,2026-09,96.345,96.3450,8126,44861 +,raw/wayback/calls_20260410215018.pdf,2,20260410215018
2026-04-09,FINAL,SR1,2026-10,96.35,96.3500,8782,31758 +,raw/wayback/calls_20260410215018.pdf,2,20260410215018
2026-04-09,FINAL,SR1,2026-11,96.36,96.3600,6154,31141 +,raw/wayback/calls_20260410215018.pdf,2,20260410215018
2026-04-09,FINAL,SR1,2026-12,96.38,96.3800,2837,46448 +,raw/wayback/calls_20260410215018.pdf,2,20260410215018
2026-04-09,FINAL,SR1,2027-01,96.39,96.3900,3174,43852 +,raw/wayback/calls_20260410215018.pdf,2,20260410215018
2026-04-09,FINAL,SR1,2027-02,96.415,96.4150,3873,8936 +,raw/wayback/calls_20260410215018.pdf,2,20260410215018
2026-04-09,FINAL,SR1,2027-03,96.425,96.4250,53,1901,raw/wayback/calls_20260410215018.pdf,2,20260410215018
2026-04-09,FINAL,SR1,2027-04,96.435,96.4350,33,4822 +,raw/wayback/calls_20260410215018.pdf,2,20260410215018
2026-04-09,FINAL,SR1,2027-05,96.445,96.4450 (,196,665 +,raw/wayback/calls_20260410215018.pdf,2,20260410215018
2026-04-09,FINAL,SR1,2027-06,96.46,96.4600 (,----,,raw/wayback/calls_20260410215018.pdf,2,20260410215018
2026-04-09,FINAL,SR1,2027-07,96.48,96.4800 (,75,75 +,raw/wayback/calls_20260410215018.pdf,2,20260410215018
2026-04-09,FINAL,SR3,2026-01,96.335,96.3350 (,3084,26546 -,raw/wayback/calls_20260410215018.pdf,2,20260410215018
2026-04-09,FINAL,SR3,2026-02,96.3325,96.3325 (,125,4277 +,raw/wayback/calls_20260410215018.pdf,2,20260410215018
2026-04-09,FINAL,SR3,2026-03,96.3375,96.3375 (,69502,1215896 -,raw/wayback/calls_20260410215018.pdf,2,20260410215018
2026-04-09,FINAL,SR3,2026-04,96.335,96.3350 (,----,2534,raw/wayback/calls_20260410215018.pdf,2,20260410215018
2026-04-09,FINAL,SR3,2026-05,96.325,96.3250 (,----,1608,raw/wayback/calls_20260410215018.pdf,2,20260410215018
2026-04-09,FINAL,SR3,2026-06,96.33,96.3300 (,327609,1231199 -,raw/wayback/calls_20260410215018.pdf,2,20260410215018
2026-04-09,FINAL,SR3,2026-07,96.325,96.3250 (,----,617,raw/wayback/calls_20260410215018.pdf,2,20260410215018
2026-04-09,FINAL,SR3,2026-08,96.33,96.3300 (,----,20,raw/wayback/calls_20260410215018.pdf,2,20260410215018
2026-04-09,FINAL,SR3,2026-09,96.34,96.3400 (,278103,1164171 -,raw/wayback/calls_20260410215018.pdf,2,20260410215018
2026-04-09,FINAL,SR3,2026-12,96.39,96.3900 (,344968,1444484 +,raw/wayback/calls_20260410215018.pdf,2,20260410215018
2026-04-09,FINAL,SR3,2027-03,96.42,96.4200 (,286238,945925 -,raw/wayback/calls_20260410215018.pdf,2,20260410215018
2026-04-09,FINAL,SR3,2027-06,96.48,96.4800 (,236969,979584 +,raw/wayback/calls_20260410215018.pdf,2,20260410215018
2026-04-09,FINAL,SR3,2027-09,96.55,96.5500 (,172591,806129 -,raw/wayback/calls_20260410215018.pdf,2,20260410215018
2026-04-09,FINAL,SR3,2027-12,96.6,96.6000 (,227638,1100877 -,raw/wayback/calls_20260410215018.pdf,2,20260410215018
2026-04-09,FINAL,SR3,2028-03,96.595,96.5950 (,146602,639433 +,raw/wayback/calls_20260410215018.pdf,2,20260410215018
2026-04-09,FINAL,SR3,2028-06,96.57,96.5700 (,99860,474860 +,raw/wayback/calls_20260410215018.pdf,2,20260410215018
2026-04-09,FINAL,SR3,2028-09,96.54,96.5400 (,72209,373031 -,raw/wayback/calls_20260410215018.pdf,2,20260410215018
2026-04-09,FINAL,SR3,2028-12,96.51,96.5100 (,77383,366762 -,raw/wayback/calls_20260410215018.pdf,2,20260410215018
2026-04-09,FINAL,SR3,2029-03,96.475,96.4750 (,69683,247082 +,raw/wayback/calls_20260410215018.pdf,2,20260410215018
2026-04-09,FINAL,SR3,2029-06,96.445,96.4450 (,43850,191947 -,raw/wayback/calls_20260410215018.pdf,2,20260410215018
2026-04-09,FINAL,SR3,2029-09,96.41,96.4100 (,28646,145807 -,raw/wayback/calls_20260410215018.pdf,2,20260410215018
2026-04-09,FINAL,SR3,2029-12,96.37,96.3700 (,29342,168699 -,raw/wayback/calls_20260410215018.pdf,2,20260410215018
2026-04-09,FINAL,SR3,2030-03,96.33,96.3300 (,27058,148289 +,raw/wayback/calls_20260410215018.pdf,2,20260410215018
2026-04-09,FINAL,SR3,2030-06,96.285,96.2850 (,21995,144543 -,raw/wayback/calls_20260410215018.pdf,2,20260410215018
2026-04-09,FINAL,SR3,2030-09,96.235,96.2350 (,22286,101542 -,raw/wayback/calls_20260410215018.pdf,2,20260410215018
2026-04-09,FINAL,SR3,2030-12,96.18,96.1800 (,22319,76728 +,raw/wayback/calls_20260410215018.pdf,2,20260410215018
2026-04-09,FINAL,SR3,2031-03,96.13,96.1300 (,19488,37699 +,raw/wayback/calls_20260410215018.pdf,2,20260410215018
2026-04-09,FINAL,SR3,2031-06,96.085,96.0850 (,48,7649 -,raw/wayback/calls_20260410215018.pdf,2,20260410215018
2026-04-09,FINAL,SR3,2031-09,96.035,96.0350 (,51,2313 +,raw/wayback/calls_20260410215018.pdf,2,20260410215018
2026-04-09,FINAL,SR3,2031-12,95.985,95.9850 (,5,1306 -,raw/wayback/calls_20260410215018.pdf,2,20260410215018
2026-04-09,FINAL,SR3,2032-03,95.94,95.9400 (,9,220 +,raw/wayback/calls_20260410215018.pdf,2,20260410215018
2026-04-09,FINAL,SR3,2032-06,95.895,95.8950 (,----,61,raw/wayback/calls_20260410215018.pdf,2,20260410215018
2026-04-09,FINAL,SR3,2032-09,95.85,95.8500 (,----,30,raw/wayback/calls_20260410215018.pdf,2,20260410215018
2026-04-09,FINAL,SR3,2032-12,95.81,95.8100 (,----,10,raw/wayback/calls_20260410215018.pdf,2,20260410215018
2026-04-09,FINAL,SR3,2033-03,95.77,95.7700 (,----,6,raw/wayback/calls_20260410215018.pdf,2,20260410215018
2026-04-10,FINAL,SR1,2026-04,96.3575,96.3575,70930,343479 -,raw/wayback/calls_20260413215913.pdf,2,20260413215913
2026-04-10,FINAL,SR1,2026-05,96.345,96.3450,57233,372725 +,raw/wayback/calls_20260413215913.pdf,2,20260413215913
2026-04-10,FINAL,SR1,2026-06,96.335,96.3350,12360,160128 -,raw/wayback/calls_20260413215913.pdf,2,20260413215913
2026-04-10,FINAL,SR1,2026-07,96.335,96.3350 (,17212,121771 -,raw/wayback/calls_20260413215913.pdf,2,20260413215913
2026-04-10,FINAL,SR1,2026-08,96.34,96.3400 (,16617,75503 -,raw/wayback/calls_20260413215913.pdf,2,20260413215913
2026-04-10,FINAL,SR1,2026-09,96.34,96.3400 (,4500,45325 +,raw/wayback/calls_20260413215913.pdf,2,20260413215913
2026-04-10,FINAL,SR1,2026-10,96.345,96.3450 (,6556,32922 +,raw/wayback/calls_20260413215913.pdf,2,20260413215913
2026-04-10,FINAL,SR1,2026-11,96.345,96.3450 (,4372,31785 +,raw/wayback/calls_20260413215913.pdf,2,20260413215913
2026-04-10,FINAL,SR1,2026-12,96.365,96.3650 (,451,46380 -,raw/wayback/calls_20260413215913.pdf,2,20260413215913
2026-04-10,FINAL,SR1,2027-01,96.375,96.3750 (,1301,44272 +,raw/wayback/calls_20260413215913.pdf,2,20260413215913
2026-04-10,FINAL,SR1,2027-02,96.4,96.4000 (,4161,8025 -,raw/wayback/calls_20260413215913.pdf,2,20260413215913
2026-04-10,FINAL,SR1,2027-03,96.405,96.4050 (,84,1969 +,raw/wayback/calls_20260413215913.pdf,2,20260413215913
2026-04-10,FINAL,SR1,2027-04,96.415,96.4150 (,----,4822,raw/wayback/calls_20260413215913.pdf,2,20260413215913
2026-04-10,FINAL,SR1,2027-05,96.42,96.4200 (,5,665,raw/wayback/calls_20260413215913.pdf,2,20260413215913
2026-04-10,FINAL,SR1,2027-07,96.455,96.4550 (,----,75,raw/wayback/calls_20260413215913.pdf,2,20260413215913
2026-04-10,FINAL,SR3,2026-01,96.3325,96.3325,34,26546,raw/wayback/calls_20260413215913.pdf,2,20260413215913
2026-04-10,FINAL,SR3,2026-02,96.3325,96.3325,----,4277,raw/wayback/calls_20260413215913.pdf,2,20260413215913
2026-04-10,FINAL,SR3,2026-03,96.335,96.3350,85833,1217492 +,raw/wayback/calls_20260413215913.pdf,2,20260413215913
2026-04-10,FINAL,SR3,2026-04,96.33,96.3300,36,2555 +,raw/wayback/calls_20260413215913.pdf,2,20260413215913
2026-04-10,FINAL,SR3,2026-05,96.32,96.3200,45,1570 -,raw/wayback/calls_20260413215913.pdf,2,20260413215913
2026-04-10,FINAL,SR3,2026-06,96.32,96.3200,333029,1220727 -,raw/wayback/calls_20260413215913.pdf,2,20260413215913
2026-04-10,FINAL,SR3,2026-07,96.32,96.3200 (,100,517 -,raw/wayback/calls_20260413215913.pdf,2,20260413215913
2026-04-10,FINAL,SR3,2026-08,96.325,96.3250 (,----,20,raw/wayback/calls_20260413215913.pdf,2,20260413215913
2026-04-10,FINAL,SR3,2026-09,96.33,96.3300 (,262027,1175691 +,raw/wayback/calls_20260413215913.pdf,2,20260413215913
2026-04-10,FINAL,SR3,2026-12,96.37,96.3700 (,343498,1449830 +,raw/wayback/calls_20260413215913.pdf,2,20260413215913
2026-04-10,FINAL,SR3,2027-03,96.4,96.4000 (,278147,943023 -,raw/wayback/calls_20260413215913.pdf,2,20260413215913
2026-04-10,FINAL,SR3,2027-06,96.455,96.4550 (,280101,970884 -,raw/wayback/calls_20260413215913.pdf,2,20260413215913
2026-04-10,FINAL,SR3,2027-09,96.53,96.5300 (,165181,801088 -,raw/wayback/calls_20260413215913.pdf,2,20260413215913
2026-04-10,FINAL,SR3,2027-12,96.58,96.5800 (,221506,1108384 +,raw/wayback/calls_20260413215913.pdf,2,20260413215913
2026-04-10,FINAL,SR3,2028-03,96.58,96.5800 (,145203,646390 +,raw/wayback/calls_20260413215913.pdf,2,20260413215913
2026-04-10,FINAL,SR3,2028-06,96.55,96.5500 (,98153,462014 -,raw/wayback/calls_20260413215913.pdf,2,20260413215913
2026-04-10,FINAL,SR3,2028-09,96.52,96.5200 (,70942,375571 +,raw/wayback/calls_20260413215913.pdf,2,20260413215913
2026-04-10,FINAL,SR3,2028-12,96.49,96.4900 (,80623,363448 -,raw/wayback/calls_20260413215913.pdf,2,20260413215913
2026-04-10,FINAL,SR3,2029-03,96.455,96.4550 (,80743,260076 +,raw/wayback/calls_20260413215913.pdf,2,20260413215913
2026-04-10,FINAL,SR3,2029-06,96.425,96.4250 (,35389,194012 +,raw/wayback/calls_20260413215913.pdf,2,20260413215913
2026-04-10,FINAL,SR3,2029-09,96.39,96.3900 (,28359,148380 +,raw/wayback/calls_20260413215913.pdf,2,20260413215913
2026-04-10,FINAL,SR3,2029-12,96.35,96.3500 (,27397,167816 -,raw/wayback/calls_20260413215913.pdf,2,20260413215913
2026-04-10,FINAL,SR3,2030-03,96.31,96.3100 (,23358,149112 +,raw/wayback/calls_20260413215913.pdf,2,20260413215913
2026-04-10,FINAL,SR3,2030-06,96.265,96.2650 (,18155,143639 -,raw/wayback/calls_20260413215913.pdf,2,20260413215913
2026-04-10,FINAL,SR3,2030-09,96.215,96.2150 (,19007,100694 -,raw/wayback/calls_20260413215913.pdf,2,20260413215913
2026-04-10,FINAL,SR3,2030-12,96.16,96.1600 (,18249,79123 +,raw/wayback/calls_20260413215913.pdf,2,20260413215913
2026-04-10,FINAL,SR3,2031-03,96.11,96.1100 (,16071,38417 +,raw/wayback/calls_20260413215913.pdf,2,20260413215913
2026-04-10,FINAL,SR3,2031-06,96.065,96.0650 (,20,7636 -,raw/wayback/calls_20260413215913.pdf,2,20260413215913
2026-04-10,FINAL,SR3,2031-09,96.015,96.0150 (,9,2313,raw/wayback/calls_20260413215913.pdf,2,20260413215913
2026-04-10,FINAL,SR3,2031-12,95.965,95.9650 (,9,1301 -,raw/wayback/calls_20260413215913.pdf,2,20260413215913
2026-04-10,FINAL,SR3,2032-03,95.915,95.9150 (,11,230 +,raw/wayback/calls_20260413215913.pdf,2,20260413215913
2026-04-10,FINAL,SR3,2032-06,95.87,95.8700 (,----,61,raw/wayback/calls_20260413215913.pdf,2,20260413215913
2026-04-10,FINAL,SR3,2032-09,95.825,95.8250 (,----,30,raw/wayback/calls_20260413215913.pdf,2,20260413215913
2026-04-10,FINAL,SR3,2032-12,95.785,95.7850 (,----,10,raw/wayback/calls_20260413215913.pdf,2,20260413215913
2026-04-10,FINAL,SR3,2033-03,95.745,95.7450 (,----,6,raw/wayback/calls_20260413215913.pdf,2,20260413215913
2026-04-13,FINAL,SR1,2026-04,96.3525,96.3525,23907,336840 -,raw/wayback/calls_20260414220417.pdf,2,20260414220417
2026-04-13,FINAL,SR1,2026-05,96.34,96.3400,30987,365472 -,raw/wayback/calls_20260414220417.pdf,2,20260414220417
2026-04-13,FINAL,SR1,2026-06,96.33,96.3300,17990,164915 +,raw/wayback/calls_20260414220417.pdf,2,20260414220417
2026-04-13,FINAL,SR1,2026-07,96.335,96.3350,17364,125221 +,raw/wayback/calls_20260414220417.pdf,2,20260414220417
2026-04-13,FINAL,SR1,2026-08,96.345,96.3450,16590,77744 +,raw/wayback/calls_20260414220417.pdf,2,20260414220417
2026-04-13,FINAL,SR1,2026-09,96.35,96.3500,7054,45674 +,raw/wayback/calls_20260414220417.pdf,2,20260414220417
2026-04-13,FINAL,SR1,2026-10,96.355,96.3550,8913,33361 +,raw/wayback/calls_20260414220417.pdf,2,20260414220417
2026-04-13,FINAL,SR1,2026-11,96.365,96.3650,3441,31128 -,raw/wayback/calls_20260414220417.pdf,2,20260414220417
2026-04-13,FINAL,SR1,2026-12,96.385,96.3850,625,46416 +,raw/wayback/calls_20260414220417.pdf,2,20260414220417
2026-04-13,FINAL,SR1,2027-01,96.395,96.3950,1597,44430 +,raw/wayback/calls_20260414220417.pdf,2,20260414220417
2026-04-13,FINAL,SR1,2027-02,96.42,96.4200,525,8334 +,raw/wayback/calls_20260414220417.pdf,2,20260414220417
2026-04-13,FINAL,SR1,2027-03,96.42,96.4200,134,2000 +,raw/wayback/calls_20260414220417.pdf,2,20260414220417
2026-04-13,FINAL,SR1,2027-04,96.43,96.4300,22,4830 +,raw/wayback/calls_20260414220417.pdf,2,20260414220417
2026-04-13,FINAL,SR1,2027-05,96.435,96.4350,4,665,raw/wayback/calls_20260414220417.pdf,2,20260414220417
2026-04-13,FINAL,SR1,2027-07,96.47,96.4700,----,75,raw/wayback/calls_20260414220417.pdf,2,20260414220417
2026-04-13,FINAL,SR3,2026-01,96.335,96.3350,----,26546,raw/wayback/calls_20260414220417.pdf,2,20260414220417
2026-04-13,FINAL,SR3,2026-02,96.335,96.3350,250,4527 +,raw/wayback/calls_20260414220417.pdf,2,20260414220417
2026-04-13,FINAL,SR3,2026-03,96.3325,96.3325,36807,1216403 -,raw/wayback/calls_20260414220417.pdf,2,20260414220417
2026-04-13,FINAL,SR3,2026-04,96.3275,96.3275,21,2555,raw/wayback/calls_20260414220417.pdf,2,20260414220417
2026-04-13,FINAL,SR3,2026-05,96.32,96.3200,----,1586 +,raw/wayback/calls_20260414220417.pdf,2,20260414220417
2026-04-13,FINAL,SR3,2026-06,96.325,96.3250,280595,1228580 +,raw/wayback/calls_20260414220417.pdf,2,20260414220417
2026-04-13,FINAL,SR3,2026-07,96.325,96.3250,158,675 +,raw/wayback/calls_20260414220417.pdf,2,20260414220417
2026-04-13,FINAL,SR3,2026-08,96.335,96.3350,----,20,raw/wayback/calls_20260414220417.pdf,2,20260414220417
2026-04-13,FINAL,SR3,2026-09,96.345,96.3450,256621,1161515 -,raw/wayback/calls_20260414220417.pdf,2,20260414220417
2026-04-13,FINAL,SR3,2026-12,96.39,96.3900,292798,1449750 -,raw/wayback/calls_20260414220417.pdf,2,20260414220417
2026-04-13,FINAL,SR3,2027-03,96.42,96.4200,198262,947042 +,raw/wayback/calls_20260414220417.pdf,2,20260414220417
2026-04-13,FINAL,SR3,2027-06,96.48,96.4800,183332,974647 +,raw/wayback/calls_20260414220417.pdf,2,20260414220417
2026-04-13,FINAL,SR3,2027-09,96.555,96.5550,128950,789553 -,raw/wayback/calls_20260414220417.pdf,2,20260414220417
2026-04-13,FINAL,SR3,2027-12,96.605,96.6050,174015,1106856 -,raw/wayback/calls_20260414220417.pdf,2,20260414220417
2026-04-13,FINAL,SR3,2028-03,96.605,96.6050,114250,639385 -,raw/wayback/calls_20260414220417.pdf,2,20260414220417
2026-04-13,FINAL,SR3,2028-06,96.58,96.5800,74960,455729 -,raw/wayback/calls_20260414220417.pdf,2,20260414220417
2026-04-13,FINAL,SR3,2028-09,96.545,96.5450,61451,374455 -,raw/wayback/calls_20260414220417.pdf,2,20260414220417
2026-04-13,FINAL,SR3,2028-12,96.51,96.5100 (,65521,363691 +,raw/wayback/calls_20260414220417.pdf,2,20260414220417
2026-04-13,FINAL,SR3,2029-03,96.475,96.4750 (,53753,259484 -,raw/wayback/calls_20260414220417.pdf,2,20260414220417
2026-04-13,FINAL,SR3,2029-06,96.44,96.4400 (,35013,194526 +,raw/wayback/calls_20260414220417.pdf,2,20260414220417
2026-04-13,FINAL,SR3,2029-09,96.405,96.4050 (,22080,148387 +,raw/wayback/calls_20260414220417.pdf,2,20260414220417
2026-04-13,FINAL,SR3,2029-12,96.365,96.3650 (,27650,167337 -,raw/wayback/calls_20260414220417.pdf,2,20260414220417
2026-04-13,FINAL,SR3,2030-03,96.32,96.3200 (,23667,149758 +,raw/wayback/calls_20260414220417.pdf,2,20260414220417
2026-04-13,FINAL,SR3,2030-06,96.275,96.2750 (,17129,143848 +,raw/wayback/calls_20260414220417.pdf,2,20260414220417
2026-04-13,FINAL,SR3,2030-09,96.225,96.2250 (,15349,100054 -,raw/wayback/calls_20260414220417.pdf,2,20260414220417
2026-04-13,FINAL,SR3,2030-12,96.175,96.1750 (,22149,77226 -,raw/wayback/calls_20260414220417.pdf,2,20260414220417
2026-04-13,FINAL,SR3,2031-03,96.125,96.1250 (,15308,37932 -,raw/wayback/calls_20260414220417.pdf,2,20260414220417
2026-04-13,FINAL,SR3,2031-06,96.075,96.0750 (,319,7764 +,raw/wayback/calls_20260414220417.pdf,2,20260414220417
2026-04-13,FINAL,SR3,2031-09,96.025,96.0250 (,13,2320 +,raw/wayback/calls_20260414220417.pdf,2,20260414220417
2026-04-13,FINAL,SR3,2031-12,95.975,95.9750 (,37,1274 -,raw/wayback/calls_20260414220417.pdf,2,20260414220417
2026-04-13,FINAL,SR3,2032-03,95.925,95.9250 (,10,231 +,raw/wayback/calls_20260414220417.pdf,2,20260414220417
2026-04-13,FINAL,SR3,2032-06,95.88,95.8800 (,14,61,raw/wayback/calls_20260414220417.pdf,2,20260414220417
2026-04-13,FINAL,SR3,2032-09,95.835,95.8350 (,13,36 +,raw/wayback/calls_20260414220417.pdf,2,20260414220417
2026-04-13,FINAL,SR3,2032-12,95.795,95.7950 (,1,9 -,raw/wayback/calls_20260414220417.pdf,2,20260414220417
2026-04-13,FINAL,SR3,2033-03,95.755,95.7550 (,----,6,raw/wayback/calls_20260414220417.pdf,2,20260414220417
2026-04-14,FINAL,SR1,2026-04,96.35,96.3500,56696,337596 +,raw/wayback/calls_20260415220334.pdf,2,20260415220334
2026-04-14,FINAL,SR1,2026-05,96.34,96.3400,24932,369348 +,raw/wayback/calls_20260415220334.pdf,2,20260415220334
2026-04-14,FINAL,SR1,2026-06,96.33,96.3300,17947,172789 +,raw/wayback/calls_20260415220334.pdf,2,20260415220334
2026-04-14,FINAL,SR1,2026-07,96.335,96.3350,12761,124060 -,raw/wayback/calls_20260415220334.pdf,2,20260415220334
2026-04-14,FINAL,SR1,2026-08,96.35,96.3500,15035,80748 +,raw/wayback/calls_20260415220334.pdf,2,20260415220334
2026-04-14,FINAL,SR1,2026-09,96.35,96.3500,4902,46032 +,raw/wayback/calls_20260415220334.pdf,2,20260415220334
2026-04-14,FINAL,SR1,2026-10,96.36,96.3600,7999,33915 +,raw/wayback/calls_20260415220334.pdf,2,20260415220334
2026-04-14,FINAL,SR1,2026-11,96.375,96.3750,6492,32283 +,raw/wayback/calls_20260415220334.pdf,2,20260415220334
2026-04-14,FINAL,SR1,2026-12,96.395,96.3950,2122,46685 +,raw/wayback/calls_20260415220334.pdf,2,20260415220334
2026-04-14,FINAL,SR1,2027-01,96.405,96.4050,1944,45090 +,raw/wayback/calls_20260415220334.pdf,2,20260415220334
2026-04-14,FINAL,SR1,2027-02,96.435,96.4350,1081,8246 -,raw/wayback/calls_20260415220334.pdf,2,20260415220334
2026-04-14,FINAL,SR1,2027-03,96.44,96.4400,460,2190 +,raw/wayback/calls_20260415220334.pdf,2,20260415220334
2026-04-14,FINAL,SR1,2027-04,96.45,96.4500,1056,4517 -,raw/wayback/calls_20260415220334.pdf,2,20260415220334
2026-04-14,FINAL,SR1,2027-05,96.46,96.4600 (,19,666 +,raw/wayback/calls_20260415220334.pdf,2,20260415220334
2026-04-14,FINAL,SR1,2027-06,96.475,96.4750 (,26,26 +,raw/wayback/calls_20260415220334.pdf,2,20260415220334
2026-04-14,FINAL,SR1,2027-07,96.5,96.5000 (,45,120 +,raw/wayback/calls_20260415220334.pdf,2,20260415220334
2026-04-14,FINAL,SR3,2026-01,96.335,96.3350 (,----,26546,raw/wayback/calls_20260415220334.pdf,2,20260415220334
2026-04-14,FINAL,SR3,2026-02,96.3325,96.3325 (,100,4627 +,raw/wayback/calls_20260415220334.pdf,2,20260415220334
2026-04-14,FINAL,SR3,2026-03,96.33,96.3300 (,57295,1218653 +,raw/wayback/calls_20260415220334.pdf,2,20260415220334
2026-04-14,FINAL,SR3,2026-04,96.325,96.3250 (,----,2555,raw/wayback/calls_20260415220334.pdf,2,20260415220334
2026-04-14,FINAL,SR3,2026-05,96.32,96.3200 (,----,1570 -,raw/wayback/calls_20260415220334.pdf,2,20260415220334
2026-04-14,FINAL,SR3,2026-06,96.325,96.3250 (,270496,1226152 -,raw/wayback/calls_20260415220334.pdf,2,20260415220334
2026-04-14,FINAL,SR3,2026-07,96.33,96.3300 (,----,675,raw/wayback/calls_20260415220334.pdf,2,20260415220334
2026-04-14,FINAL,SR3,2026-08,96.34,96.3400 (,----,20,raw/wayback/calls_20260415220334.pdf,2,20260415220334
2026-04-14,FINAL,SR3,2026-09,96.355,96.3550 (,291247,1161935 +,raw/wayback/calls_20260415220334.pdf,2,20260415220334
2026-04-14,FINAL,SR3,2026-12,96.41,96.4100 (,330398,1439880 -,raw/wayback/calls_20260415220334.pdf,2,20260415220334
2026-04-14,FINAL,SR3,2027-03,96.445,96.4450 (,240042,954455 +,raw/wayback/calls_20260415220334.pdf,2,20260415220334
2026-04-14,FINAL,SR3,2027-06,96.51,96.5100 (,208383,977552 +,raw/wayback/calls_20260415220334.pdf,2,20260415220334
2026-04-14,FINAL,SR3,2027-09,96.59,96.5900 (,142402,792699 +,raw/wayback/calls_20260415220334.pdf,2,20260415220334
2026-04-14,FINAL,SR3,2027-12,96.645,96.6450 (,180086,1102861 -,raw/wayback/calls_20260415220334.pdf,2,20260415220334
2026-04-14,FINAL,SR3,2028-03,96.65,96.6500 (,128489,645518 +,raw/wayback/calls_20260415220334.pdf,2,20260415220334
2026-04-14,FINAL,SR3,2028-06,96.625,96.6250 (,96485,458659 +,raw/wayback/calls_20260415220334.pdf,2,20260415220334
2026-04-14,FINAL,SR3,2028-09,96.59,96.5900 (,69205,376345 +,raw/wayback/calls_20260415220334.pdf,2,20260415220334
2026-04-14,FINAL,SR3,2028-12,96.555,96.5550 (,85183,360997 -,raw/wayback/calls_20260415220334.pdf,2,20260415220334
2026-04-14,FINAL,SR3,2029-03,96.52,96.5200 (,61093,261548 +,raw/wayback/calls_20260415220334.pdf,2,20260415220334
2026-04-14,FINAL,SR3,2029-06,96.485,96.4850 (,40595,190556 -,raw/wayback/calls_20260415220334.pdf,2,20260415220334
2026-04-14,FINAL,SR3,2029-09,96.445,96.4450 (,25029,147410 -,raw/wayback/calls_20260415220334.pdf,2,20260415220334
2026-04-14,FINAL,SR3,2029-12,96.405,96.4050 (,28111,163482 -,raw/wayback/calls_20260415220334.pdf,2,20260415220334
2026-04-14,FINAL,SR3,2030-03,96.36,96.3600 (,23144,149978 +,raw/wayback/calls_20260415220334.pdf,2,20260415220334
2026-04-14,FINAL,SR3,2030-06,96.315,96.3150 (,19572,143131 -,raw/wayback/calls_20260415220334.pdf,2,20260415220334
2026-04-14,FINAL,SR3,2030-09,96.265,96.2650 (,20661,99218 -,raw/wayback/calls_20260415220334.pdf,2,20260415220334
2026-04-14,FINAL,SR3,2030-12,96.215,96.2150 (,18808,76650 -,raw/wayback/calls_20260415220334.pdf,2,20260415220334
2026-04-14,FINAL,SR3,2031-03,96.16,96.1600 (,17235,37712 -,raw/wayback/calls_20260415220334.pdf,2,20260415220334
2026-04-14,FINAL,SR3,2031-06,96.11,96.1100 (,265,7812 +,raw/wayback/calls_20260415220334.pdf,2,20260415220334
2026-04-14,FINAL,SR3,2031-09,96.055,96.0550 (,173,2491 +,raw/wayback/calls_20260415220334.pdf,2,20260415220334
2026-04-14,FINAL,SR3,2031-12,96.005,96.0050 (,79,1239 -,raw/wayback/calls_20260415220334.pdf,2,20260415220334
2026-04-14,FINAL,SR3,2032-03,95.955,95.9550 (,165,310 +,raw/wayback/calls_20260415220334.pdf,2,20260415220334
2026-04-14,FINAL,SR3,2032-06,95.91,95.9100 (,20,59 -,raw/wayback/calls_20260415220334.pdf,2,20260415220334
2026-04-14,FINAL,SR3,2032-09,95.865,95.8650 (,1,36,raw/wayback/calls_20260415220334.pdf,2,20260415220334
2026-04-14,FINAL,SR3,2032-12,95.825,95.8250 (,----,9,raw/wayback/calls_20260415220334.pdf,2,20260415220334
2026-04-14,FINAL,SR3,2033-03,95.785,95.7850 (,----,6,raw/wayback/calls_20260415220334.pdf,2,20260415220334
2026-04-15,FINAL,SR1,2026-04,96.3525,96.3525,73566,353444 +,raw/wayback/calls_20260416215416.pdf,2,20260416215416
2026-04-15,FINAL,SR1,2026-05,96.345,96.3450,39696,365222 -,raw/wayback/calls_20260416215416.pdf,2,20260416215416
2026-04-15,FINAL,SR1,2026-06,96.335,96.3350,18280,180246 +,raw/wayback/calls_20260416215416.pdf,2,20260416215416
2026-04-15,FINAL,SR1,2026-07,96.335,96.3350,13617,124020 -,raw/wayback/calls_20260416215416.pdf,2,20260416215416
2026-04-15,FINAL,SR1,2026-08,96.345,96.3450,10739,80118 -,raw/wayback/calls_20260416215416.pdf,2,20260416215416
2026-04-15,FINAL,SR1,2026-09,96.35,96.3500,2937,46074 +,raw/wayback/calls_20260416215416.pdf,2,20260416215416
2026-04-15,FINAL,SR1,2026-10,96.36,96.3600,4726,35162 +,raw/wayback/calls_20260416215416.pdf,2,20260416215416
2026-04-15,FINAL,SR1,2026-11,96.375,96.3750,4778,31518 -,raw/wayback/calls_20260416215416.pdf,2,20260416215416
2026-04-15,FINAL,SR1,2026-12,96.395,96.3950,1258,47828 +,raw/wayback/calls_20260416215416.pdf,2,20260416215416
2026-04-15,FINAL,SR1,2027-01,96.405,96.4050,912,45219 +,raw/wayback/calls_20260416215416.pdf,2,20260416215416
2026-04-15,FINAL,SR1,2027-02,96.43,96.4300,897,8042 -,raw/wayback/calls_20260416215416.pdf,2,20260416215416
2026-04-15,FINAL,SR1,2027-03,96.435,96.4350,1007,3119 +,raw/wayback/calls_20260416215416.pdf,2,20260416215416
2026-04-15,FINAL,SR1,2027-04,96.445,96.4450,280,4518 +,raw/wayback/calls_20260416215416.pdf,2,20260416215416
2026-04-15,FINAL,SR1,2027-05,96.455,96.4550 (,24,662 -,raw/wayback/calls_20260416215416.pdf,2,20260416215416
2026-04-15,FINAL,SR1,2027-06,96.475,96.4750 (,94,120 +,raw/wayback/calls_20260416215416.pdf,2,20260416215416
2026-04-15,FINAL,SR1,2027-07,96.495,96.4950 (,----,120,raw/wayback/calls_20260416215416.pdf,2,20260416215416
2026-04-15,FINAL,SR3,2026-01,96.3331,96.3331,----,26546,raw/wayback/calls_20260416215416.pdf,2,20260416215416
2026-04-15,FINAL,SR3,2026-02,96.3325,96.3325,282,4841 +,raw/wayback/calls_20260416215416.pdf,2,20260416215416
2026-04-15,FINAL,SR3,2026-03,96.335,96.3350,106228,1230574 +,raw/wayback/calls_20260416215416.pdf,2,20260416215416
2026-04-15,FINAL,SR3,2026-04,96.33,96.3300,16,2571 +,raw/wayback/calls_20260416215416.pdf,2,20260416215416
2026-04-15,FINAL,SR3,2026-05,96.325,96.3250,----,1570,raw/wayback/calls_20260416215416.pdf,2,20260416215416
2026-04-15,FINAL,SR3,2026-06,96.325,96.3250,165922,1235115 +,raw/wayback/calls_20260416215416.pdf,2,20260416215416
2026-04-15,FINAL,SR3,2026-07,96.33,96.3300,----,675,raw/wayback/calls_20260416215416.pdf,2,20260416215416
2026-04-15,FINAL,SR3,2026-08,96.34,96.3400,----,20,raw/wayback/calls_20260416215416.pdf,2,20260416215416
2026-04-15,FINAL,SR3,2026-09,96.355,96.3550,176075,1135835 -,raw/wayback/calls_20260416215416.pdf,2,20260416215416
2026-04-15,FINAL,SR3,2026-12,96.4,96.4000,241257,1451099 +,raw/wayback/calls_20260416215416.pdf,2,20260416215416
2026-04-15,FINAL,SR3,2027-03,96.435,96.4350,175080,948226 -,raw/wayback/calls_20260416215416.pdf,2,20260416215416
2026-04-15,FINAL,SR3,2027-06,96.495,96.4950,170433,974868 -,raw/wayback/calls_20260416215416.pdf,2,20260416215416
2026-04-15,FINAL,SR3,2027-09,96.565,96.5650,129108,780580 -,raw/wayback/calls_20260416215416.pdf,2,20260416215416
2026-04-15,FINAL,SR3,2027-12,96.615,96.6150,168531,1092163 -,raw/wayback/calls_20260416215416.pdf,2,20260416215416
2026-04-15,FINAL,SR3,2028-03,96.615,96.6150,116614,638871 -,raw/wayback/calls_20260416215416.pdf,2,20260416215416
2026-04-15,FINAL,SR3,2028-06,96.59,96.5900,94085,456154 -,raw/wayback/calls_20260416215416.pdf,2,20260416215416
2026-04-15,FINAL,SR3,2028-09,96.555,96.5550,64981,374859 -,raw/wayback/calls_20260416215416.pdf,2,20260416215416
2026-04-15,FINAL,SR3,2028-12,96.525,96.5250,78677,356377 -,raw/wayback/calls_20260416215416.pdf,2,20260416215416
2026-04-15,FINAL,SR3,2029-03,96.49,96.4900 (,59589,262148 +,raw/wayback/calls_20260416215416.pdf,2,20260416215416
2026-04-15,FINAL,SR3,2029-06,96.455,96.4550 (,32071,191282 +,raw/wayback/calls_20260416215416.pdf,2,20260416215416
2026-04-15,FINAL,SR3,2029-09,96.415,96.4150 (,24791,148804 +,raw/wayback/calls_20260416215416.pdf,2,20260416215416
2026-04-15,FINAL,SR3,2029-12,96.375,96.3750 (,29974,164385 +,raw/wayback/calls_20260416215416.pdf,2,20260416215416
2026-04-15,FINAL,SR3,2030-03,96.335,96.3350 (,25111,151554 +,raw/wayback/calls_20260416215416.pdf,2,20260416215416
2026-04-15,FINAL,SR3,2030-06,96.29,96.2900 (,18958,143660 +,raw/wayback/calls_20260416215416.pdf,2,20260416215416
2026-04-15,FINAL,SR3,2030-09,96.24,96.2400 (,23545,96628 -,raw/wayback/calls_20260416215416.pdf,2,20260416215416
2026-04-15,FINAL,SR3,2030-12,96.19,96.1900 (,22114,79212 +,raw/wayback/calls_20260416215416.pdf,2,20260416215416
2026-04-15,FINAL,SR3,2031-03,96.135,96.1350 (,18781,38926 +,raw/wayback/calls_20260416215416.pdf,2,20260416215416
2026-04-15,FINAL,SR3,2031-06,96.085,96.0850 (,902,8330 +,raw/wayback/calls_20260416215416.pdf,2,20260416215416
2026-04-15,FINAL,SR3,2031-09,96.03,96.0300 (,267,2461 -,raw/wayback/calls_20260416215416.pdf,2,20260416215416
2026-04-15,FINAL,SR3,2031-12,95.98,95.9800 (,1,1239,raw/wayback/calls_20260416215416.pdf,2,20260416215416
2026-04-15,FINAL,SR3,2032-03,95.93,95.9300 (,----,310,raw/wayback/calls_20260416215416.pdf,2,20260416215416
2026-04-15,FINAL,SR3,2032-06,95.885,95.8850 (,----,59,raw/wayback/calls_20260416215416.pdf,2,20260416215416
2026-04-15,FINAL,SR3,2032-09,95.84,95.8400 (,----,36,raw/wayback/calls_20260416215416.pdf,2,20260416215416
2026-04-15,FINAL,SR3,2032-12,95.8,95.8000 (,----,9,raw/wayback/calls_20260416215416.pdf,2,20260416215416
2026-04-15,FINAL,SR3,2033-03,95.76,95.7600 (,----,6,raw/wayback/calls_20260416215416.pdf,2,20260416215416
2026-04-16,FINAL,SR1,2026-04,96.355,96.3550,16206,362256 +,raw/wayback/calls_20260417215243.pdf,2,20260417215243
2026-04-16,FINAL,SR1,2026-05,96.35,96.3500,30444,362032 -,raw/wayback/calls_20260417215243.pdf,2,20260417215243
2026-04-16,FINAL,SR1,2026-06,96.34,96.3400,8623,181476 +,raw/wayback/calls_20260417215243.pdf,2,20260417215243
2026-04-16,FINAL,SR1,2026-07,96.34,96.3400,11277,123959 -,raw/wayback/calls_20260417215243.pdf,2,20260417215243
2026-04-16,FINAL,SR1,2026-08,96.355,96.3550,10958,80768 +,raw/wayback/calls_20260417215243.pdf,2,20260417215243
2026-04-16,FINAL,SR1,2026-09,96.36,96.3600,5910,49489 +,raw/wayback/calls_20260417215243.pdf,2,20260417215243
2026-04-16,FINAL,SR1,2026-10,96.37,96.3700,3922,34346 -,raw/wayback/calls_20260417215243.pdf,2,20260417215243
2026-04-16,FINAL,SR1,2026-11,96.38,96.3800,2418,31671 +,raw/wayback/calls_20260417215243.pdf,2,20260417215243
2026-04-16,FINAL,SR1,2026-12,96.39,96.3900,399,50451 +,raw/wayback/calls_20260417215243.pdf,2,20260417215243
2026-04-16,FINAL,SR1,2027-01,96.4,96.4000,1859,45922 +,raw/wayback/calls_20260417215243.pdf,2,20260417215243
2026-04-16,FINAL,SR1,2027-02,96.425,96.4250,329,8138 +,raw/wayback/calls_20260417215243.pdf,2,20260417215243
2026-04-16,FINAL,SR1,2027-03,96.43,96.4300,100,3124 +,raw/wayback/calls_20260417215243.pdf,2,20260417215243
2026-04-16,FINAL,SR1,2027-04,96.435,96.4350,15,4518,raw/wayback/calls_20260417215243.pdf,2,20260417215243
2026-04-16,FINAL,SR1,2027-05,96.44,96.4400,6,662,raw/wayback/calls_20260417215243.pdf,2,20260417215243
2026-04-16,FINAL,SR1,2027-06,96.455,96.4550,28,130 +,raw/wayback/calls_20260417215243.pdf,2,20260417215243
2026-04-16,FINAL,SR1,2027-07,96.47,96.4700 (,206,326 +,raw/wayback/calls_20260417215243.pdf,2,20260417215243
2026-04-16,FINAL,SR3,2026-01,96.3331,96.3331,----,-,raw/wayback/calls_20260417215243.pdf,2,20260417215243
2026-04-16,FINAL,SR3,2026-02,96.335,96.3350,150,4991 +,raw/wayback/calls_20260417215243.pdf,2,20260417215243
2026-04-16,FINAL,SR3,2026-03,96.3375,96.3375,68248,1234253 +,raw/wayback/calls_20260417215243.pdf,2,20260417215243
2026-04-16,FINAL,SR3,2026-04,96.3325,96.3325,71,2508 -,raw/wayback/calls_20260417215243.pdf,2,20260417215243
2026-04-16,FINAL,SR3,2026-05,96.3275,96.3275,60,1661 +,raw/wayback/calls_20260417215243.pdf,2,20260417215243
2026-04-16,FINAL,SR3,2026-06,96.33,96.3300,164701,1229998 -,raw/wayback/calls_20260417215243.pdf,2,20260417215243
2026-04-16,FINAL,SR3,2026-07,96.335,96.3350,----,675,raw/wayback/calls_20260417215243.pdf,2,20260417215243
2026-04-16,FINAL,SR3,2026-08,96.345,96.3450,----,20,raw/wayback/calls_20260417215243.pdf,2,20260417215243
2026-04-16,FINAL,SR3,2026-09,96.355,96.3550,198594,1136951 +,raw/wayback/calls_20260417215243.pdf,2,20260417215243
2026-04-16,FINAL,SR3,2026-12,96.395,96.3950,244591,1442030 -,raw/wayback/calls_20260417215243.pdf,2,20260417215243
2026-04-16,FINAL,SR3,2027-03,96.42,96.4200,207428,943040 -,raw/wayback/calls_20260417215243.pdf,2,20260417215243
2026-04-16,FINAL,SR3,2027-06,96.47,96.4700,198254,965751 -,raw/wayback/calls_20260417215243.pdf,2,20260417215243
2026-04-16,FINAL,SR3,2027-09,96.54,96.5400 (,135006,781064 +,raw/wayback/calls_20260417215243.pdf,2,20260417215243
2026-04-16,FINAL,SR3,2027-12,96.59,96.5900 (,163374,1082629 -,raw/wayback/calls_20260417215243.pdf,2,20260417215243
2026-04-16,FINAL,SR3,2028-03,96.59,96.5900 (,120897,639485 +,raw/wayback/calls_20260417215243.pdf,2,20260417215243
2026-04-16,FINAL,SR3,2028-06,96.565,96.5650 (,76493,454066 -,raw/wayback/calls_20260417215243.pdf,2,20260417215243
2026-04-16,FINAL,SR3,2028-09,96.535,96.5350 (,59692,375583 +,raw/wayback/calls_20260417215243.pdf,2,20260417215243
2026-04-16,FINAL,SR3,2028-12,96.505,96.5050 (,63663,354209 -,raw/wayback/calls_20260417215243.pdf,2,20260417215243
2026-04-16,FINAL,SR3,2029-03,96.465,96.4650 (,55868,265580 +,raw/wayback/calls_20260417215243.pdf,2,20260417215243
2026-04-16,FINAL,SR3,2029-06,96.43,96.4300 (,26766,191206 -,raw/wayback/calls_20260417215243.pdf,2,20260417215243
2026-04-16,FINAL,SR3,2029-09,96.395,96.3950 (,21907,148274 -,raw/wayback/calls_20260417215243.pdf,2,20260417215243
2026-04-16,FINAL,SR3,2029-12,96.355,96.3550 (,24571,164778 +,raw/wayback/calls_20260417215243.pdf,2,20260417215243
2026-04-16,FINAL,SR3,2030-03,96.315,96.3150 (,22059,151114 -,raw/wayback/calls_20260417215243.pdf,2,20260417215243
2026-04-16,FINAL,SR3,2030-06,96.27,96.2700 (,16408,143292 -,raw/wayback/calls_20260417215243.pdf,2,20260417215243
2026-04-16,FINAL,SR3,2030-09,96.22,96.2200 (,17777,97462 +,raw/wayback/calls_20260417215243.pdf,2,20260417215243
2026-04-16,FINAL,SR3,2030-12,96.165,96.1650 (,19626,80098 +,raw/wayback/calls_20260417215243.pdf,2,20260417215243
2026-04-16,FINAL,SR3,2031-03,96.115,96.1150 (,16779,40615 +,raw/wayback/calls_20260417215243.pdf,2,20260417215243
2026-04-16,FINAL,SR3,2031-06,96.065,96.0650 (,180,8403 +,raw/wayback/calls_20260417215243.pdf,2,20260417215243
2026-04-16,FINAL,SR3,2031-09,96.01,96.0100 (,105,2461,raw/wayback/calls_20260417215243.pdf,2,20260417215243
2026-04-16,FINAL,SR3,2031-12,95.96,95.9600 (,20,1239,raw/wayback/calls_20260417215243.pdf,2,20260417215243
2026-04-16,FINAL,SR3,2032-03,95.91,95.9100 (,40,310,raw/wayback/calls_20260417215243.pdf,2,20260417215243
2026-04-16,FINAL,SR3,2032-06,95.865,95.8650 (,----,59,raw/wayback/calls_20260417215243.pdf,2,20260417215243
2026-04-16,FINAL,SR3,2032-09,95.82,95.8200 (,----,36,raw/wayback/calls_20260417215243.pdf,2,20260417215243
2026-04-16,FINAL,SR3,2032-12,95.775,95.7750 (,----,9,raw/wayback/calls_20260417215243.pdf,2,20260417215243
2026-04-16,FINAL,SR3,2033-03,95.735,95.7350 (,----,6,raw/wayback/calls_20260417215243.pdf,2,20260417215243
2026-04-17,FINAL,SR1,2026-04,96.3575,96.3575,23733,349042 -,raw/wayback/calls_20260420215807.pdf,2,20260420215807
2026-04-17,FINAL,SR1,2026-05,96.35,96.3500,20890,369220 +,raw/wayback/calls_20260420215807.pdf,2,20260420215807
2026-04-17,FINAL,SR1,2026-06,96.345,96.3450,29278,201794 +,raw/wayback/calls_20260420215807.pdf,2,20260420215807
2026-04-17,FINAL,SR1,2026-07,96.355,96.3550,19626,126159 +,raw/wayback/calls_20260420215807.pdf,2,20260420215807
2026-04-17,FINAL,SR1,2026-08,96.38,96.3800,15831,81527 +,raw/wayback/calls_20260420215807.pdf,2,20260420215807
2026-04-17,FINAL,SR1,2026-09,96.395,96.3950,5133,50532 +,raw/wayback/calls_20260420215807.pdf,2,20260420215807
2026-04-17,FINAL,SR1,2026-10,96.42,96.4200,13309,40049 +,raw/wayback/calls_20260420215807.pdf,2,20260420215807
2026-04-17,FINAL,SR1,2026-11,96.445,96.4450,7682,32777 +,raw/wayback/calls_20260420215807.pdf,2,20260420215807
2026-04-17,FINAL,SR1,2026-12,96.465,96.4650,4628,48390 -,raw/wayback/calls_20260420215807.pdf,2,20260420215807
2026-04-17,FINAL,SR1,2027-01,96.475,96.4750,2304,46697 +,raw/wayback/calls_20260420215807.pdf,2,20260420215807
2026-04-17,FINAL,SR1,2027-02,96.505,96.5050,706,8353 +,raw/wayback/calls_20260420215807.pdf,2,20260420215807
2026-04-17,FINAL,SR1,2027-03,96.51,96.5100,114,3114 -,raw/wayback/calls_20260420215807.pdf,2,20260420215807
2026-04-17,FINAL,SR1,2027-04,96.52,96.5200,10,4524 +,raw/wayback/calls_20260420215807.pdf,2,20260420215807
2026-04-17,FINAL,SR1,2027-05,96.53,96.5300,250,662,raw/wayback/calls_20260420215807.pdf,2,20260420215807
2026-04-17,FINAL,SR1,2027-06,96.545,96.5450 (,262,365 +,raw/wayback/calls_20260420215807.pdf,2,20260420215807
2026-04-17,FINAL,SR1,2027-07,96.56,96.5600 (,154,480 +,raw/wayback/calls_20260420215807.pdf,2,20260420215807
2026-04-17,FINAL,SR3,2026-02,96.3375,96.3375 (,----,4991,raw/wayback/calls_20260420215807.pdf,2,20260420215807
2026-04-17,FINAL,SR3,2026-03,96.34,96.3400 (,63496,1296164 +,raw/wayback/calls_20260420215807.pdf,2,20260420215807
2026-04-17,FINAL,SR3,2026-04,96.335,96.3350 (,350,2518 +,raw/wayback/calls_20260420215807.pdf,2,20260420215807
2026-04-17,FINAL,SR3,2026-05,96.34,96.3400 (,22,1712 +,raw/wayback/calls_20260420215807.pdf,2,20260420215807
2026-04-17,FINAL,SR3,2026-06,96.35,96.3500 (,402618,1244990 +,raw/wayback/calls_20260420215807.pdf,2,20260420215807
2026-04-17,FINAL,SR3,2026-07,96.37,96.3700 (,----,715 +,raw/wayback/calls_20260420215807.pdf,2,20260420215807
2026-04-17,FINAL,SR3,2026-08,96.39,96.3900 (,----,20,raw/wayback/calls_20260420215807.pdf,2,20260420215807
2026-04-17,FINAL,SR3,2026-09,96.42,96.4200 (,423302,1181927 +,raw/wayback/calls_20260420215807.pdf,2,20260420215807
2026-04-17,FINAL,SR3,2026-12,96.48,96.4800 (,489572,1460474 +,raw/wayback/calls_20260420215807.pdf,2,20260420215807
2026-04-17,FINAL,SR3,2027-03,96.52,96.5200 (,416221,944578 +,raw/wayback/calls_20260420215807.pdf,2,20260420215807
2026-04-17,FINAL,SR3,2027-06,96.575,96.5750 (,351862,961546 -,raw/wayback/calls_20260420215807.pdf,2,20260420215807
2026-04-17,FINAL,SR3,2027-09,96.64,96.6400 (,285043,787636 +,raw/wayback/calls_20260420215807.pdf,2,20260420215807
2026-04-17,FINAL,SR3,2027-12,96.68,96.6800 (,345669,1106095 +,raw/wayback/calls_20260420215807.pdf,2,20260420215807
2026-04-17,FINAL,SR3,2028-03,96.675,96.6750 (,218520,655201 +,raw/wayback/calls_20260420215807.pdf,2,20260420215807
2026-04-17,FINAL,SR3,2028-06,96.645,96.6450 (,142786,458146 +,raw/wayback/calls_20260420215807.pdf,2,20260420215807
2026-04-17,FINAL,SR3,2028-09,96.605,96.6050 (,99969,378396 +,raw/wayback/calls_20260420215807.pdf,2,20260420215807
2026-04-17,FINAL,SR3,2028-12,96.565,96.5650 (,110145,350335 -,raw/wayback/calls_20260420215807.pdf,2,20260420215807
2026-04-17,FINAL,SR3,2029-03,96.525,96.5250 (,92677,270201 +,raw/wayback/calls_20260420215807.pdf,2,20260420215807
2026-04-17,FINAL,SR3,2029-06,96.49,96.4900 (,58935,204881 +,raw/wayback/calls_20260420215807.pdf,2,20260420215807
2026-04-17,FINAL,SR3,2029-09,96.45,96.4500 (,38901,147382 -,raw/wayback/calls_20260420215807.pdf,2,20260420215807
2026-04-17,FINAL,SR3,2029-12,96.405,96.4050 (,36576,167824 +,raw/wayback/calls_20260420215807.pdf,2,20260420215807
2026-04-17,FINAL,SR3,2030-03,96.36,96.3600 (,35341,151014 -,raw/wayback/calls_20260420215807.pdf,2,20260420215807
2026-04-17,FINAL,SR3,2030-06,96.315,96.3150 (,25133,146682 +,raw/wayback/calls_20260420215807.pdf,2,20260420215807
2026-04-17,FINAL,SR3,2030-09,96.265,96.2650 (,24267,97055 -,raw/wayback/calls_20260420215807.pdf,2,20260420215807
2026-04-17,FINAL,SR3,2030-12,96.215,96.2150 (,25229,82560 +,raw/wayback/calls_20260420215807.pdf,2,20260420215807
2026-04-17,FINAL,SR3,2031-03,96.16,96.1600 (,25208,43693 +,raw/wayback/calls_20260420215807.pdf,2,20260420215807
2026-04-17,FINAL,SR3,2031-06,96.11,96.1100 (,202,8427 +,raw/wayback/calls_20260420215807.pdf,2,20260420215807
2026-04-17,FINAL,SR3,2031-09,96.055,96.0550 (,9,2630 +,raw/wayback/calls_20260420215807.pdf,2,20260420215807
2026-04-17,FINAL,SR3,2031-12,96.005,96.0050 (,23,1295 +,raw/wayback/calls_20260420215807.pdf,2,20260420215807
2026-04-17,FINAL,SR3,2032-03,95.955,95.9550 (,2,325 +,raw/wayback/calls_20260420215807.pdf,2,20260420215807
2026-04-17,FINAL,SR3,2032-06,95.91,95.9100 (,----,68 +,raw/wayback/calls_20260420215807.pdf,2,20260420215807
2026-04-17,FINAL,SR3,2032-09,95.865,95.8650 (,----,39 +,raw/wayback/calls_20260420215807.pdf,2,20260420215807
2026-04-17,FINAL,SR3,2032-12,95.815,95.8150 (,----,9,raw/wayback/calls_20260420215807.pdf,2,20260420215807
2026-04-17,FINAL,SR3,2033-03,95.775,95.7750 (,----,6,raw/wayback/calls_20260420215807.pdf,2,20260420215807
2026-04-21,FINAL,SR1,2026-04,96.36,96.3600,37680,346469 +,raw/wayback/calls_20260422220530.pdf,2,20260422220530
2026-04-21,FINAL,SR1,2026-05,96.355,96.3550,62055,335052 -,raw/wayback/calls_20260422220530.pdf,2,20260422220530
2026-04-21,FINAL,SR1,2026-06,96.35,96.3500,19250,199858 -,raw/wayback/calls_20260422220530.pdf,2,20260422220530
2026-04-21,FINAL,SR1,2026-07,96.35,96.3500,72913,122885 -,raw/wayback/calls_20260422220530.pdf,2,20260422220530
2026-04-21,FINAL,SR1,2026-08,96.355,96.3550,23290,94799 +,raw/wayback/calls_20260422220530.pdf,2,20260422220530
2026-04-21,FINAL,SR1,2026-09,96.36,96.3600,6163,51483 +,raw/wayback/calls_20260422220530.pdf,2,20260422220530
2026-04-21,FINAL,SR1,2026-10,96.37,96.3700,10886,39934 -,raw/wayback/calls_20260422220530.pdf,2,20260422220530
2026-04-21,FINAL,SR1,2026-11,96.38,96.3800,8020,33310 +,raw/wayback/calls_20260422220530.pdf,2,20260422220530
2026-04-21,FINAL,SR1,2026-12,96.395,96.3950,3140,49883 +,raw/wayback/calls_20260422220530.pdf,2,20260422220530
2026-04-21,FINAL,SR1,2027-01,96.4,96.4000,7229,53736 +,raw/wayback/calls_20260422220530.pdf,2,20260422220530
2026-04-21,FINAL,SR1,2027-02,96.42,96.4200,7706,13747 +,raw/wayback/calls_20260422220530.pdf,2,20260422220530
2026-04-21,FINAL,SR1,2027-03,96.425,96.4250,179,3141 +,raw/wayback/calls_20260422220530.pdf,2,20260422220530
2026-04-21,FINAL,SR1,2027-04,96.44,96.4400,381,4825 +,raw/wayback/calls_20260422220530.pdf,2,20260422220530
2026-04-21,FINAL,SR1,2027-05,96.445,96.4450,517,1100 +,raw/wayback/calls_20260422220530.pdf,2,20260422220530
2026-04-21,FINAL,SR1,2027-06,96.465,96.4650,----,366,raw/wayback/calls_20260422220530.pdf,2,20260422220530
2026-04-21,FINAL,SR1,2027-07,96.48,96.4800,31,550 +,raw/wayback/calls_20260422220530.pdf,2,20260422220530
2026-04-21,FINAL,SR1,2027-08,96.5,96.5000,50,110 +,raw/wayback/calls_20260422220530.pdf,2,20260422220530
2026-04-21,FINAL,SR3,2026-02,96.335,96.3350,166,5804 +,raw/wayback/calls_20260422220530.pdf,2,20260422220530
2026-04-21,FINAL,SR3,2026-03,96.3375,96.3375,62478,1278079 +,raw/wayback/calls_20260422220530.pdf,2,20260422220530
2026-04-21,FINAL,SR3,2026-04,96.3325,96.3325,425,2732 +,raw/wayback/calls_20260422220530.pdf,2,20260422220530
2026-04-21,FINAL,SR3,2026-05,96.3375,96.3375,----,1593 -,raw/wayback/calls_20260422220530.pdf,2,20260422220530
2026-04-21,FINAL,SR3,2026-06,96.33,96.3300,314849,1233345 -,raw/wayback/calls_20260422220530.pdf,2,20260422220530
2026-04-21,FINAL,SR3,2026-07,96.345,96.3450,----,715,raw/wayback/calls_20260422220530.pdf,2,20260422220530
2026-04-21,FINAL,SR3,2026-08,96.355,96.3550 (,----,36 -,raw/wayback/calls_20260422220530.pdf,2,20260422220530
2026-04-21,FINAL,SR3,2026-09,96.36,96.3600 (,426019,1123377 +,raw/wayback/calls_20260422220530.pdf,2,20260422220530
2026-04-21,FINAL,SR3,2026-12,96.395,96.3950 (,551711,1438156 +,raw/wayback/calls_20260422220530.pdf,2,20260422220530
2026-04-21,FINAL,SR3,2027-03,96.42,96.4200 (,440844,955389 +,raw/wayback/calls_20260422220530.pdf,2,20260422220530
2026-04-21,FINAL,SR3,2027-06,96.47,96.4700 (,393909,955445 -,raw/wayback/calls_20260422220530.pdf,2,20260422220530
2026-04-21,FINAL,SR3,2027-09,96.54,96.5400 (,279433,775949 -,raw/wayback/calls_20260422220530.pdf,2,20260422220530
2026-04-21,FINAL,SR3,2027-12,96.59,96.5900 (,369914,1110757 +,raw/wayback/calls_20260422220530.pdf,2,20260422220530
2026-04-21,FINAL,SR3,2028-03,96.595,96.5950 (,232708,650874 +,raw/wayback/calls_20260422220530.pdf,2,20260422220530
2026-04-21,FINAL,SR3,2028-06,96.57,96.5700 (,144595,450539 -,raw/wayback/calls_20260422220530.pdf,2,20260422220530
2026-04-21,FINAL,SR3,2028-09,96.54,96.5400 (,121379,380583 +,raw/wayback/calls_20260422220530.pdf,2,20260422220530
2026-04-21,FINAL,SR3,2028-12,96.505,96.5050 (,119312,350761 -,raw/wayback/calls_20260422220530.pdf,2,20260422220530
2026-04-21,FINAL,SR3,2029-03,96.47,96.4700 (,93620,271434 +,raw/wayback/calls_20260422220530.pdf,2,20260422220530
2026-04-21,FINAL,SR3,2029-06,96.435,96.4350 (,54252,208681 +,raw/wayback/calls_20260422220530.pdf,2,20260422220530
2026-04-21,FINAL,SR3,2029-09,96.4,96.4000 (,46028,147125 -,raw/wayback/calls_20260422220530.pdf,2,20260422220530
2026-04-21,FINAL,SR3,2029-12,96.36,96.3600 (,41748,166081 -,raw/wayback/calls_20260422220530.pdf,2,20260422220530
2026-04-21,FINAL,SR3,2030-03,96.32,96.3200 (,43343,157409 +,raw/wayback/calls_20260422220530.pdf,2,20260422220530
2026-04-21,FINAL,SR3,2030-06,96.275,96.2750 (,30127,143826 -,raw/wayback/calls_20260422220530.pdf,2,20260422220530
2026-04-21,FINAL,SR3,2030-09,96.23,96.2300 (,34679,99972 +,raw/wayback/calls_20260422220530.pdf,2,20260422220530
2026-04-21,FINAL,SR3,2030-12,96.18,96.1800 (,32201,84771 +,raw/wayback/calls_20260422220530.pdf,2,20260422220530
2026-04-21,FINAL,SR3,2031-03,96.13,96.1300 (,27488,42726 -,raw/wayback/calls_20260422220530.pdf,2,20260422220530
2026-04-21,FINAL,SR3,2031-06,96.08,96.0800 (,272,8471 -,raw/wayback/calls_20260422220530.pdf,2,20260422220530
2026-04-21,FINAL,SR3,2031-09,96.025,96.0250 (,622,2606 +,raw/wayback/calls_20260422220530.pdf,2,20260422220530
2026-04-21,FINAL,SR3,2031-12,95.98,95.9800 (,249,1383 +,raw/wayback/calls_20260422220530.pdf,2,20260422220530
2026-04-21,FINAL,SR3,2032-03,95.935,95.9350 (,340,469 +,raw/wayback/calls_20260422220530.pdf,2,20260422220530
2026-04-21,FINAL,SR3,2032-06,95.89,95.8900 (,18,56 -,raw/wayback/calls_20260422220530.pdf,2,20260422220530
2026-04-21,FINAL,SR3,2032-09,95.845,95.8450 (,----,36,raw/wayback/calls_20260422220530.pdf,2,20260422220530
2026-04-21,FINAL,SR3,2032-12,95.795,95.7950 (,----,9,raw/wayback/calls_20260422220530.pdf,2,20260422220530
2026-04-21,FINAL,SR3,2033-03,95.755,95.7550 (,----,6,raw/wayback/calls_20260422220530.pdf,2,20260422220530
2026-04-22,FINAL,SR1,2026-04,96.3575,96.3575,33576,347394 +,raw/wayback/calls_20260423215557.pdf,2,20260423215557
2026-04-22,FINAL,SR1,2026-05,96.355,96.3550,17852,331120 -,raw/wayback/calls_20260423215557.pdf,2,20260423215557
2026-04-22,FINAL,SR1,2026-06,96.35,96.3500,3271,199327 -,raw/wayback/calls_20260423215557.pdf,2,20260423215557
2026-04-22,FINAL,SR1,2026-07,96.35,96.3500,9241,121337 -,raw/wayback/calls_20260423215557.pdf,2,20260423215557
2026-04-22,FINAL,SR1,2026-08,96.355,96.3550,13183,92527 -,raw/wayback/calls_20260423215557.pdf,2,20260423215557
2026-04-22,FINAL,SR1,2026-09,96.355,96.3550,5088,52289 +,raw/wayback/calls_20260423215557.pdf,2,20260423215557
2026-04-22,FINAL,SR1,2026-10,96.365,96.3650,5290,38390 -,raw/wayback/calls_20260423215557.pdf,2,20260423215557
2026-04-22,FINAL,SR1,2026-11,96.375,96.3750,2904,32750 -,raw/wayback/calls_20260423215557.pdf,2,20260423215557
2026-04-22,FINAL,SR1,2026-12,96.385,96.3850,348,49515 -,raw/wayback/calls_20260423215557.pdf,2,20260423215557
2026-04-22,FINAL,SR1,2027-01,96.39,96.3900,1245,51892 -,raw/wayback/calls_20260423215557.pdf,2,20260423215557
2026-04-22,FINAL,SR1,2027-02,96.405,96.4050,504,13509 -,raw/wayback/calls_20260423215557.pdf,2,20260423215557
2026-04-22,FINAL,SR1,2027-03,96.405,96.4050,880,3661 +,raw/wayback/calls_20260423215557.pdf,2,20260423215557
2026-04-22,FINAL,SR1,2027-04,96.415,96.4150,6,4825,raw/wayback/calls_20260423215557.pdf,2,20260423215557
2026-04-22,FINAL,SR1,2027-05,96.42,96.4200,1,1100,raw/wayback/calls_20260423215557.pdf,2,20260423215557
2026-04-22,FINAL,SR1,2027-06,96.435,96.4350,1,366,raw/wayback/calls_20260423215557.pdf,2,20260423215557
2026-04-22,FINAL,SR1,2027-07,96.45,96.4500,----,550,raw/wayback/calls_20260423215557.pdf,2,20260423215557
2026-04-22,FINAL,SR1,2027-08,96.47,96.4700,----,110,raw/wayback/calls_20260423215557.pdf,2,20260423215557
2026-04-22,FINAL,SR3,2026-02,96.3375,96.3375,----,5804,raw/wayback/calls_20260423215557.pdf,2,20260423215557
2026-04-22,FINAL,SR3,2026-03,96.3375,96.3375,63683,1273849 -,raw/wayback/calls_20260423215557.pdf,2,20260423215557
2026-04-22,FINAL,SR3,2026-04,96.3325,96.3325,395,3083 +,raw/wayback/calls_20260423215557.pdf,2,20260423215557
2026-04-22,FINAL,SR3,2026-05,96.3375,96.3375,16,1577 -,raw/wayback/calls_20260423215557.pdf,2,20260423215557
2026-04-22,FINAL,SR3,2026-06,96.335,96.3350,172310,1224745 -,raw/wayback/calls_20260423215557.pdf,2,20260423215557
2026-04-22,FINAL,SR3,2026-07,96.345,96.3450,----,715,raw/wayback/calls_20260423215557.pdf,2,20260423215557
2026-04-22,FINAL,SR3,2026-08,96.355,96.3550,----,36,raw/wayback/calls_20260423215557.pdf,2,20260423215557
2026-04-22,FINAL,SR3,2026-09,96.355,96.3550,243426,1119602 -,raw/wayback/calls_20260423215557.pdf,2,20260423215557
2026-04-22,FINAL,SR3,2026-12,96.38,96.3800,361335,1428616 -,raw/wayback/calls_20260423215557.pdf,2,20260423215557
2026-04-22,FINAL,SR3,2027-03,96.4,96.4000,303410,949208 -,raw/wayback/calls_20260423215557.pdf,2,20260423215557
2026-04-22,FINAL,SR3,2027-06,96.45,96.4500,245080,951393 -,raw/wayback/calls_20260423215557.pdf,2,20260423215557
2026-04-22,FINAL,SR3,2027-09,96.52,96.5200,185490,780701 +,raw/wayback/calls_20260423215557.pdf,2,20260423215557
2026-04-22,FINAL,SR3,2027-12,96.57,96.5700,235495,1118773 +,raw/wayback/calls_20260423215557.pdf,2,20260423215557
2026-04-22,FINAL,SR3,2028-03,96.58,96.5800,155893,644175 -,raw/wayback/calls_20260423215557.pdf,2,20260423215557
2026-04-22,FINAL,SR3,2028-06,96.56,96.5600,93518,452848 +,raw/wayback/calls_20260423215557.pdf,2,20260423215557
2026-04-22,FINAL,SR3,2028-09,96.53,96.5300,75091,380815 +,raw/wayback/calls_20260423215557.pdf,2,20260423215557
2026-04-22,FINAL,SR3,2028-12,96.5,96.5000,81413,352032 +,raw/wayback/calls_20260423215557.pdf,2,20260423215557
2026-04-22,FINAL,SR3,2029-03,96.465,96.4650 (,62360,271809 +,raw/wayback/calls_20260423215557.pdf,2,20260423215557
2026-04-22,FINAL,SR3,2029-06,96.43,96.4300 (,43072,209852 +,raw/wayback/calls_20260423215557.pdf,2,20260423215557
2026-04-22,FINAL,SR3,2029-09,96.395,96.3950 (,29184,146274 -,raw/wayback/calls_20260423215557.pdf,2,20260423215557
2026-04-22,FINAL,SR3,2029-12,96.36,96.3600 (,29463,163531 -,raw/wayback/calls_20260423215557.pdf,2,20260423215557
2026-04-22,FINAL,SR3,2030-03,96.32,96.3200 (,25806,151759 -,raw/wayback/calls_20260423215557.pdf,2,20260423215557
2026-04-22,FINAL,SR3,2030-06,96.28,96.2800 (,22340,143210 -,raw/wayback/calls_20260423215557.pdf,2,20260423215557
2026-04-22,FINAL,SR3,2030-09,96.235,96.2350 (,24061,98518 -,raw/wayback/calls_20260423215557.pdf,2,20260423215557
2026-04-22,FINAL,SR3,2030-12,96.185,96.1850 (,23341,86936 +,raw/wayback/calls_20260423215557.pdf,2,20260423215557
2026-04-22,FINAL,SR3,2031-03,96.135,96.1350 (,19942,43320 +,raw/wayback/calls_20260423215557.pdf,2,20260423215557
2026-04-22,FINAL,SR3,2031-06,96.085,96.0850 (,95,8382 -,raw/wayback/calls_20260423215557.pdf,2,20260423215557
2026-04-22,FINAL,SR3,2031-09,96.035,96.0350 (,2,2600 -,raw/wayback/calls_20260423215557.pdf,2,20260423215557
2026-04-22,FINAL,SR3,2031-12,95.99,95.9900 (,4,1382 -,raw/wayback/calls_20260423215557.pdf,2,20260423215557
2026-04-22,FINAL,SR3,2032-03,95.945,95.9450 (,3,471 +,raw/wayback/calls_20260423215557.pdf,2,20260423215557
2026-04-22,FINAL,SR3,2032-06,95.9,95.9000 (,----,56,raw/wayback/calls_20260423215557.pdf,2,20260423215557
2026-04-22,FINAL,SR3,2032-09,95.855,95.8550 (,----,36,raw/wayback/calls_20260423215557.pdf,2,20260423215557
2026-04-22,FINAL,SR3,2032-12,95.805,95.8050 (,----,9,raw/wayback/calls_20260423215557.pdf,2,20260423215557
2026-04-22,FINAL,SR3,2033-03,95.765,95.7650 (,----,6,raw/wayback/calls_20260423215557.pdf,2,20260423215557
2026-04-23,FINAL,SR1,2026-04,96.3525,96.3525,128203,349344 +,raw/wayback/calls_20260424220022.pdf,2,20260424220022
2026-04-23,FINAL,SR1,2026-05,96.345,96.3450,42601,336204 +,raw/wayback/calls_20260424220022.pdf,2,20260424220022
2026-04-23,FINAL,SR1,2026-06,96.34,96.3400,46149,201508 +,raw/wayback/calls_20260424220022.pdf,2,20260424220022
2026-04-23,FINAL,SR1,2026-07,96.345,96.3450,6937,120833 -,raw/wayback/calls_20260424220022.pdf,2,20260424220022
2026-04-23,FINAL,SR1,2026-08,96.355,96.3550,18276,86989 -,raw/wayback/calls_20260424220022.pdf,2,20260424220022
2026-04-23,FINAL,SR1,2026-09,96.355,96.3550,12956,57738 +,raw/wayback/calls_20260424220022.pdf,2,20260424220022
2026-04-23,FINAL,SR1,2026-10,96.365,96.3650,7723,38281 -,raw/wayback/calls_20260424220022.pdf,2,20260424220022
2026-04-23,FINAL,SR1,2026-11,96.37,96.3700,5325,32676 -,raw/wayback/calls_20260424220022.pdf,2,20260424220022
2026-04-23,FINAL,SR1,2026-12,96.375,96.3750,1017,49175 -,raw/wayback/calls_20260424220022.pdf,2,20260424220022
2026-04-23,FINAL,SR1,2027-01,96.375,96.3750,3094,51439 -,raw/wayback/calls_20260424220022.pdf,2,20260424220022
2026-04-23,FINAL,SR1,2027-02,96.385,96.3850,1130,13302 -,raw/wayback/calls_20260424220022.pdf,2,20260424220022
2026-04-23,FINAL,SR1,2027-03,96.38,96.3800,70,3660 -,raw/wayback/calls_20260424220022.pdf,2,20260424220022
2026-04-23,FINAL,SR1,2027-04,96.385,96.3850,65,4831 +,raw/wayback/calls_20260424220022.pdf,2,20260424220022
2026-04-23,FINAL,SR1,2027-05,96.385,96.3850,12,1107 +,raw/wayback/calls_20260424220022.pdf,2,20260424220022
2026-04-23,FINAL,SR1,2027-06,96.4,96.4000,1,366,raw/wayback/calls_20260424220022.pdf,2,20260424220022
2026-04-23,FINAL,SR1,2027-07,96.405,96.4050,----,550,raw/wayback/calls_20260424220022.pdf,2,20260424220022
2026-04-23,FINAL,SR1,2027-08,96.425,96.4250,----,110,raw/wayback/calls_20260424220022.pdf,2,20260424220022
2026-04-23,FINAL,SR3,2026-02,96.335,96.3350,243,5854 +,raw/wayback/calls_20260424220022.pdf,2,20260424220022
2026-04-23,FINAL,SR3,2026-03,96.335,96.3350,116529,1250509 -,raw/wayback/calls_20260424220022.pdf,2,20260424220022
2026-04-23,FINAL,SR3,2026-04,96.33,96.3300,10,3094 +,raw/wayback/calls_20260424220022.pdf,2,20260424220022
2026-04-23,FINAL,SR3,2026-05,96.335,96.3350,----,1616 +,raw/wayback/calls_20260424220022.pdf,2,20260424220022
2026-04-23,FINAL,SR3,2026-06,96.335,96.3350,284579,1228856 +,raw/wayback/calls_20260424220022.pdf,2,20260424220022
2026-04-23,FINAL,SR3,2026-07,96.345,96.3450,109,661 -,raw/wayback/calls_20260424220022.pdf,2,20260424220022
2026-04-23,FINAL,SR3,2026-08,96.355,96.3550,----,36,raw/wayback/calls_20260424220022.pdf,2,20260424220022
2026-04-23,FINAL,SR3,2026-09,96.355,96.3550,413383,1140932 +,raw/wayback/calls_20260424220022.pdf,2,20260424220022
2026-04-23,FINAL,SR3,2026-12,96.36,96.3600,612244,1422829 -,raw/wayback/calls_20260424220022.pdf,2,20260424220022
2026-04-23,FINAL,SR3,2027-03,96.36,96.3600,534207,934671 -,raw/wayback/calls_20260424220022.pdf,2,20260424220022
2026-04-23,FINAL,SR3,2027-06,96.395,96.3950,400124,978479 +,raw/wayback/calls_20260424220022.pdf,2,20260424220022
2026-04-23,FINAL,SR3,2027-09,96.47,96.4700,261585,773015 -,raw/wayback/calls_20260424220022.pdf,2,20260424220022
2026-04-23,FINAL,SR3,2027-12,96.53,96.5300,309953,1102887 -,raw/wayback/calls_20260424220022.pdf,2,20260424220022
2026-04-23,FINAL,SR3,2028-03,96.54,96.5400,206210,651431 +,raw/wayback/calls_20260424220022.pdf,2,20260424220022
2026-04-23,FINAL,SR3,2028-06,96.525,96.5250,123723,457746 +,raw/wayback/calls_20260424220022.pdf,2,20260424220022
2026-04-23,FINAL,SR3,2028-09,96.495,96.4950,111931,389191 +,raw/wayback/calls_20260424220022.pdf,2,20260424220022
2026-04-23,FINAL,SR3,2028-12,96.465,96.4650,113587,348815 -,raw/wayback/calls_20260424220022.pdf,2,20260424220022
2026-04-23,FINAL,SR3,2029-03,96.43,96.4300,90910,277056 +,raw/wayback/calls_20260424220022.pdf,2,20260424220022
2026-04-23,FINAL,SR3,2029-06,96.4,96.4000,50178,201016 -,raw/wayback/calls_20260424220022.pdf,2,20260424220022
2026-04-23,FINAL,SR3,2029-09,96.365,96.3650,44346,148962 +,raw/wayback/calls_20260424220022.pdf,2,20260424220022
2026-04-23,FINAL,SR3,2029-12,96.33,96.3300 (,38303,163236 -,raw/wayback/calls_20260424220022.pdf,2,20260424220022
2026-04-23,FINAL,SR3,2030-03,96.295,96.2950 (,38434,147753 -,raw/wayback/calls_20260424220022.pdf,2,20260424220022
2026-04-23,FINAL,SR3,2030-06,96.255,96.2550 (,26158,139928 -,raw/wayback/calls_20260424220022.pdf,2,20260424220022
2026-04-23,FINAL,SR3,2030-09,96.21,96.2100 (,31439,98039 -,raw/wayback/calls_20260424220022.pdf,2,20260424220022
2026-04-23,FINAL,SR3,2030-12,96.16,96.1600 (,28519,84223 -,raw/wayback/calls_20260424220022.pdf,2,20260424220022
2026-04-23,FINAL,SR3,2031-03,96.11,96.1100 (,25730,42401 -,raw/wayback/calls_20260424220022.pdf,2,20260424220022
2026-04-23,FINAL,SR3,2031-06,96.065,96.0650 (,80,8343 -,raw/wayback/calls_20260424220022.pdf,2,20260424220022
2026-04-23,FINAL,SR3,2031-09,96.015,96.0150 (,2,2602 +,raw/wayback/calls_20260424220022.pdf,2,20260424220022
2026-04-23,FINAL,SR3,2031-12,95.97,95.9700 (,----,1382,raw/wayback/calls_20260424220022.pdf,2,20260424220022
2026-04-23,FINAL,SR3,2032-03,95.92,95.9200 (,----,471,raw/wayback/calls_20260424220022.pdf,2,20260424220022
2026-04-23,FINAL,SR3,2032-06,95.875,95.8750 (,----,56,raw/wayback/calls_20260424220022.pdf,2,20260424220022
2026-04-23,FINAL,SR3,2032-09,95.83,95.8300 (,----,36,raw/wayback/calls_20260424220022.pdf,2,20260424220022
2026-04-23,FINAL,SR3,2032-12,95.78,95.7800 (,----,9,raw/wayback/calls_20260424220022.pdf,2,20260424220022
2026-04-23,FINAL,SR3,2033-03,95.74,95.7400 (,----,6,raw/wayback/calls_20260424220022.pdf,2,20260424220022
2026-04-24,FINAL,SR1,2026-04,96.3525,96.3525,50372,357484 +,raw/wayback/calls_20260427220644.pdf,2,20260427220644
2026-04-24,FINAL,SR1,2026-05,96.35,96.3500,9808,337872 +,raw/wayback/calls_20260427220644.pdf,2,20260427220644
2026-04-24,FINAL,SR1,2026-06,96.345,96.3450,9165,203089 +,raw/wayback/calls_20260427220644.pdf,2,20260427220644
2026-04-24,FINAL,SR1,2026-07,96.35,96.3500,13708,120241 -,raw/wayback/calls_20260427220644.pdf,2,20260427220644
2026-04-24,FINAL,SR1,2026-08,96.37,96.3700,12104,87137 +,raw/wayback/calls_20260427220644.pdf,2,20260427220644
2026-04-24,FINAL,SR1,2026-09,96.38,96.3800,5057,57616 -,raw/wayback/calls_20260427220644.pdf,2,20260427220644
2026-04-24,FINAL,SR1,2026-10,96.4,96.4000,5432,38601 +,raw/wayback/calls_20260427220644.pdf,2,20260427220644
2026-04-24,FINAL,SR1,2026-11,96.41,96.4100,5051,32470 -,raw/wayback/calls_20260427220644.pdf,2,20260427220644
2026-04-24,FINAL,SR1,2026-12,96.415,96.4150,1526,49875 +,raw/wayback/calls_20260427220644.pdf,2,20260427220644
2026-04-24,FINAL,SR1,2027-01,96.42,96.4200,2026,51404 -,raw/wayback/calls_20260427220644.pdf,2,20260427220644
2026-04-24,FINAL,SR1,2027-02,96.43,96.4300,585,13312 +,raw/wayback/calls_20260427220644.pdf,2,20260427220644
2026-04-24,FINAL,SR1,2027-03,96.43,96.4300,62,3637 -,raw/wayback/calls_20260427220644.pdf,2,20260427220644
2026-04-24,FINAL,SR1,2027-04,96.44,96.4400,6,4834 +,raw/wayback/calls_20260427220644.pdf,2,20260427220644
2026-04-24,FINAL,SR1,2027-05,96.435,96.4350,----,1107,raw/wayback/calls_20260427220644.pdf,2,20260427220644
2026-04-24,FINAL,SR1,2027-06,96.45,96.4500,----,366,raw/wayback/calls_20260427220644.pdf,2,20260427220644
2026-04-24,FINAL,SR1,2027-07,96.455,96.4550,2,550,raw/wayback/calls_20260427220644.pdf,2,20260427220644
2026-04-24,FINAL,SR1,2027-08,96.47,96.4700,----,110,raw/wayback/calls_20260427220644.pdf,2,20260427220644
2026-04-24,FINAL,SR3,2026-02,96.335,96.3350,50,5854,raw/wayback/calls_20260427220644.pdf,2,20260427220644
2026-04-24,FINAL,SR3,2026-03,96.335,96.3350,28155,1242329 -,raw/wayback/calls_20260427220644.pdf,2,20260427220644
2026-04-24,FINAL,SR3,2026-04,96.33,96.3300,712,3750 +,raw/wayback/calls_20260427220644.pdf,2,20260427220644
2026-04-24,FINAL,SR3,2026-05,96.335,96.3350,100,1477 -,raw/wayback/calls_20260427220644.pdf,2,20260427220644
2026-04-24,FINAL,SR3,2026-06,96.34,96.3400,334889,1225850 -,raw/wayback/calls_20260427220644.pdf,2,20260427220644
2026-04-24,FINAL,SR3,2026-07,96.355,96.3550,----,661,raw/wayback/calls_20260427220644.pdf,2,20260427220644
2026-04-24,FINAL,SR3,2026-08,96.37,96.3700,5,41 +,raw/wayback/calls_20260427220644.pdf,2,20260427220644
2026-04-24,FINAL,SR3,2026-09,96.385,96.3850,380612,1146489 +,raw/wayback/calls_20260427220644.pdf,2,20260427220644
2026-04-24,FINAL,SR3,2026-10,96.39,96.3900 (,10,10 +,raw/wayback/calls_20260427220644.pdf,2,20260427220644
2026-04-24,FINAL,SR3,2026-12,96.41,96.4100 (,505185,1450593 +,raw/wayback/calls_20260427220644.pdf,2,20260427220644
2026-04-24,FINAL,SR3,2027-03,96.42,96.4200 (,406543,947054 +,raw/wayback/calls_20260427220644.pdf,2,20260427220644
2026-04-24,FINAL,SR3,2027-06,96.45,96.4500 (,396451,984495 +,raw/wayback/calls_20260427220644.pdf,2,20260427220644
2026-04-24,FINAL,SR3,2027-09,96.51,96.5100 (,271376,771167 -,raw/wayback/calls_20260427220644.pdf,2,20260427220644
2026-04-24,FINAL,SR3,2027-12,96.56,96.5600 (,350396,1107841 +,raw/wayback/calls_20260427220644.pdf,2,20260427220644
2026-04-24,FINAL,SR3,2028-03,96.57,96.5700 (,236323,638995 -,raw/wayback/calls_20260427220644.pdf,2,20260427220644
2026-04-24,FINAL,SR3,2028-06,96.55,96.5500 (,147495,455252 -,raw/wayback/calls_20260427220644.pdf,2,20260427220644
2026-04-24,FINAL,SR3,2028-09,96.515,96.5150 (,97285,383098 -,raw/wayback/calls_20260427220644.pdf,2,20260427220644
2026-04-24,FINAL,SR3,2028-12,96.48,96.4800 (,107292,348531 -,raw/wayback/calls_20260427220644.pdf,2,20260427220644
2026-04-24,FINAL,SR3,2029-03,96.445,96.4450 (,101060,285230 +,raw/wayback/calls_20260427220644.pdf,2,20260427220644
2026-04-24,FINAL,SR3,2029-06,96.415,96.4150 (,50774,201318 +,raw/wayback/calls_20260427220644.pdf,2,20260427220644
2026-04-24,FINAL,SR3,2029-09,96.38,96.3800 (,39240,149928 +,raw/wayback/calls_20260427220644.pdf,2,20260427220644
2026-04-24,FINAL,SR3,2029-12,96.34,96.3400 (,39138,163997 +,raw/wayback/calls_20260427220644.pdf,2,20260427220644
2026-04-24,FINAL,SR3,2030-03,96.305,96.3050 (,39945,147845 +,raw/wayback/calls_20260427220644.pdf,2,20260427220644
2026-04-24,FINAL,SR3,2030-06,96.265,96.2650 (,27547,139410 -,raw/wayback/calls_20260427220644.pdf,2,20260427220644
2026-04-24,FINAL,SR3,2030-09,96.22,96.2200 (,30599,98635 +,raw/wayback/calls_20260427220644.pdf,2,20260427220644
2026-04-24,FINAL,SR3,2030-12,96.17,96.1700 (,31902,86325 +,raw/wayback/calls_20260427220644.pdf,2,20260427220644
2026-04-24,FINAL,SR3,2031-03,96.12,96.1200 (,23247,42651 +,raw/wayback/calls_20260427220644.pdf,2,20260427220644
2026-04-24,FINAL,SR3,2031-06,96.075,96.0750 (,74,8332 -,raw/wayback/calls_20260427220644.pdf,2,20260427220644
2026-04-24,FINAL,SR3,2031-09,96.025,96.0250 (,352,2797 +,raw/wayback/calls_20260427220644.pdf,2,20260427220644
2026-04-24,FINAL,SR3,2031-12,95.98,95.9800 (,94,1432 +,raw/wayback/calls_20260427220644.pdf,2,20260427220644
2026-04-24,FINAL,SR3,2032-03,95.93,95.9300 (,129,534 +,raw/wayback/calls_20260427220644.pdf,2,20260427220644
2026-04-24,FINAL,SR3,2032-06,95.885,95.8850 (,----,56,raw/wayback/calls_20260427220644.pdf,2,20260427220644
2026-04-24,FINAL,SR3,2032-09,95.84,95.8400 (,----,36,raw/wayback/calls_20260427220644.pdf,2,20260427220644
2026-04-24,FINAL,SR3,2032-12,95.79,95.7900 (,----,9,raw/wayback/calls_20260427220644.pdf,2,20260427220644
2026-04-24,FINAL,SR3,2033-03,95.75,95.7500 (,----,6,raw/wayback/calls_20260427220644.pdf,2,20260427220644
2026-04-27,FINAL,SR1,2026-04,96.355,96.3550,1340,357635 +,raw/wayback/calls_20260428220958.pdf,2,20260428220958
2026-04-27,FINAL,SR1,2026-05,96.355,96.3550,79147,341629 +,raw/wayback/calls_20260428220958.pdf,2,20260428220958
2026-04-27,FINAL,SR1,2026-06,96.35,96.3500,13728,204547 +,raw/wayback/calls_20260428220958.pdf,2,20260428220958
2026-04-27,FINAL,SR1,2026-07,96.355,96.3550,45700,133405 +,raw/wayback/calls_20260428220958.pdf,2,20260428220958
2026-04-27,FINAL,SR1,2026-08,96.365,96.3650,34575,99203 +,raw/wayback/calls_20260428220958.pdf,2,20260428220958
2026-04-27,FINAL,SR1,2026-09,96.37,96.3700,4591,56455 -,raw/wayback/calls_20260428220958.pdf,2,20260428220958
2026-04-27,FINAL,SR1,2026-10,96.38,96.3800,9269,38735 +,raw/wayback/calls_20260428220958.pdf,2,20260428220958
2026-04-27,FINAL,SR1,2026-11,96.385,96.3850,6774,32672 +,raw/wayback/calls_20260428220958.pdf,2,20260428220958
2026-04-27,FINAL,SR1,2026-12,96.39,96.3900,970,49822 -,raw/wayback/calls_20260428220958.pdf,2,20260428220958
2026-04-27,FINAL,SR1,2027-01,96.395,96.3950,3472,51194 -,raw/wayback/calls_20260428220958.pdf,2,20260428220958
2026-04-27,FINAL,SR1,2027-02,96.405,96.4050,1045,13575 +,raw/wayback/calls_20260428220958.pdf,2,20260428220958
2026-04-27,FINAL,SR1,2027-03,96.405,96.4050,262,3456 -,raw/wayback/calls_20260428220958.pdf,2,20260428220958
2026-04-27,FINAL,SR1,2027-04,96.41,96.4100,42,4854 +,raw/wayback/calls_20260428220958.pdf,2,20260428220958
2026-04-27,FINAL,SR1,2027-05,96.405,96.4050,1,1107,raw/wayback/calls_20260428220958.pdf,2,20260428220958
2026-04-27,FINAL,SR1,2027-06,96.42,96.4200,----,366,raw/wayback/calls_20260428220958.pdf,2,20260428220958
2026-04-27,FINAL,SR1,2027-07,96.425,96.4250,10,550,raw/wayback/calls_20260428220958.pdf,2,20260428220958
2026-04-27,FINAL,SR1,2027-08,96.44,96.4400,----,110,raw/wayback/calls_20260428220958.pdf,2,20260428220958
2026-04-27,FINAL,SR3,2026-02,96.335,96.3350,----,5854,raw/wayback/calls_20260428220958.pdf,2,20260428220958
2026-04-27,FINAL,SR3,2026-03,96.3375,96.3375,41358,1248920 +,raw/wayback/calls_20260428220958.pdf,2,20260428220958
2026-04-27,FINAL,SR3,2026-04,96.3325,96.3325,45,3750,raw/wayback/calls_20260428220958.pdf,2,20260428220958
2026-04-27,FINAL,SR3,2026-05,96.3375,96.3375,----,1498 +,raw/wayback/calls_20260428220958.pdf,2,20260428220958
2026-04-27,FINAL,SR3,2026-06,96.34,96.3400,262127,1214224 -,raw/wayback/calls_20260428220958.pdf,2,20260428220958
2026-04-27,FINAL,SR3,2026-07,96.355,96.3550,----,661,raw/wayback/calls_20260428220958.pdf,2,20260428220958
2026-04-27,FINAL,SR3,2026-08,96.365,96.3650,2,41,raw/wayback/calls_20260428220958.pdf,2,20260428220958
2026-04-27,FINAL,SR3,2026-09,96.365,96.3650,267657,1145603 -,raw/wayback/calls_20260428220958.pdf,2,20260428220958
2026-04-27,FINAL,SR3,2026-10,96.37,96.3700,----,10,raw/wayback/calls_20260428220958.pdf,2,20260428220958
2026-04-27,FINAL,SR3,2026-12,96.38,96.3800,410098,1484698 +,raw/wayback/calls_20260428220958.pdf,2,20260428220958
2026-04-27,FINAL,SR3,2027-03,96.39,96.3900,298822,961388 +,raw/wayback/calls_20260428220958.pdf,2,20260428220958
2026-04-27,FINAL,SR3,2027-06,96.42,96.4200,264088,985628 +,raw/wayback/calls_20260428220958.pdf,2,20260428220958
2026-04-27,FINAL,SR3,2027-09,96.48,96.4800,223715,759123 -,raw/wayback/calls_20260428220958.pdf,2,20260428220958
2026-04-27,FINAL,SR3,2027-12,96.53,96.5300,310589,1096692 -,raw/wayback/calls_20260428220958.pdf,2,20260428220958
2026-04-27,FINAL,SR3,2028-03,96.54,96.5400,187338,642207 +,raw/wayback/calls_20260428220958.pdf,2,20260428220958
2026-04-27,FINAL,SR3,2028-06,96.52,96.5200,99097,460249 +,raw/wayback/calls_20260428220958.pdf,2,20260428220958
2026-04-27,FINAL,SR3,2028-09,96.49,96.4900,88626,389999 +,raw/wayback/calls_20260428220958.pdf,2,20260428220958
2026-04-27,FINAL,SR3,2028-12,96.455,96.4550 (,81296,347928 -,raw/wayback/calls_20260428220958.pdf,2,20260428220958
2026-04-27,FINAL,SR3,2029-03,96.42,96.4200 (,64599,287384 +,raw/wayback/calls_20260428220958.pdf,2,20260428220958
2026-04-27,FINAL,SR3,2029-06,96.385,96.3850 (,35972,207523 +,raw/wayback/calls_20260428220958.pdf,2,20260428220958
2026-04-27,FINAL,SR3,2029-09,96.35,96.3500 (,28002,153084 +,raw/wayback/calls_20260428220958.pdf,2,20260428220958
2026-04-27,FINAL,SR3,2029-12,96.31,96.3100 (,23111,165315 +,raw/wayback/calls_20260428220958.pdf,2,20260428220958
2026-04-27,FINAL,SR3,2030-03,96.27,96.2700 (,20759,147209 -,raw/wayback/calls_20260428220958.pdf,2,20260428220958
2026-04-27,FINAL,SR3,2030-06,96.23,96.2300 (,17450,139237 -,raw/wayback/calls_20260428220958.pdf,2,20260428220958
2026-04-27,FINAL,SR3,2030-09,96.18,96.1800 (,21317,99518 +,raw/wayback/calls_20260428220958.pdf,2,20260428220958
2026-04-27,FINAL,SR3,2030-12,96.13,96.1300 (,20809,87435 +,raw/wayback/calls_20260428220958.pdf,2,20260428220958
2026-04-27,FINAL,SR3,2031-03,96.08,96.0800 (,15656,43092 +,raw/wayback/calls_20260428220958.pdf,2,20260428220958
2026-04-27,FINAL,SR3,2031-06,96.035,96.0350 (,76,8395 +,raw/wayback/calls_20260428220958.pdf,2,20260428220958
2026-04-27,FINAL,SR3,2031-09,95.985,95.9850 (,57,2797,raw/wayback/calls_20260428220958.pdf,2,20260428220958
2026-04-27,FINAL,SR3,2031-12,95.935,95.9350 (,----,1432,raw/wayback/calls_20260428220958.pdf,2,20260428220958
2026-04-27,FINAL,SR3,2032-03,95.885,95.8850 (,----,534,raw/wayback/calls_20260428220958.pdf,2,20260428220958
2026-04-27,FINAL,SR3,2032-06,95.84,95.8400 (,----,56,raw/wayback/calls_20260428220958.pdf,2,20260428220958
2026-04-27,FINAL,SR3,2032-09,95.795,95.7950 (,----,36,raw/wayback/calls_20260428220958.pdf,2,20260428220958
2026-04-27,FINAL,SR3,2032-12,95.745,95.7450 (,----,9,raw/wayback/calls_20260428220958.pdf,2,20260428220958
2026-04-27,FINAL,SR3,2033-03,95.705,95.7050 (,----,6,raw/wayback/calls_20260428220958.pdf,2,20260428220958
2026-04-28,FINAL,SR1,2026-04,96.355,96.3550,13893,357386 -,raw/wayback/calls_20260429221242.pdf,2,20260429221242
2026-04-28,FINAL,SR1,2026-05,96.355,96.3550,73760,358959 +,raw/wayback/calls_20260429221242.pdf,2,20260429221242
2026-04-28,FINAL,SR1,2026-06,96.35,96.3500,5300,205869 +,raw/wayback/calls_20260429221242.pdf,2,20260429221242
2026-04-28,FINAL,SR1,2026-07,96.35,96.3500 (,11900,133047 -,raw/wayback/calls_20260429221242.pdf,2,20260429221242
2026-04-28,FINAL,SR1,2026-08,96.36,96.3600 (,13220,100931 +,raw/wayback/calls_20260429221242.pdf,2,20260429221242
2026-04-28,FINAL,SR1,2026-09,96.36,96.3600 (,9158,58456 +,raw/wayback/calls_20260429221242.pdf,2,20260429221242
2026-04-28,FINAL,SR1,2026-10,96.365,96.3650 (,7628,38698 -,raw/wayback/calls_20260429221242.pdf,2,20260429221242
2026-04-28,FINAL,SR1,2026-11,96.365,96.3650 (,7322,34438 +,raw/wayback/calls_20260429221242.pdf,2,20260429221242
2026-04-28,FINAL,SR1,2026-12,96.365,96.3650 (,691,49790 -,raw/wayback/calls_20260429221242.pdf,2,20260429221242
2026-04-28,FINAL,SR1,2027-01,96.365,96.3650 (,2159,51609 +,raw/wayback/calls_20260429221242.pdf,2,20260429221242
2026-04-28,FINAL,SR1,2027-02,96.365,96.3650 (,727,13856 +,raw/wayback/calls_20260429221242.pdf,2,20260429221242
2026-04-28,FINAL,SR1,2027-03,96.365,96.3650 (,175,3443 -,raw/wayback/calls_20260429221242.pdf,2,20260429221242
2026-04-28,FINAL,SR1,2027-04,96.36,96.3600 (,480,4945 +,raw/wayback/calls_20260429221242.pdf,2,20260429221242
2026-04-28,FINAL,SR1,2027-05,96.35,96.3500 (,6,1112 +,raw/wayback/calls_20260429221242.pdf,2,20260429221242
2026-04-28,FINAL,SR1,2027-06,96.355,96.3550 (,----,366,raw/wayback/calls_20260429221242.pdf,2,20260429221242
2026-04-28,FINAL,SR1,2027-07,96.36,96.3600 (,6,550,raw/wayback/calls_20260429221242.pdf,2,20260429221242
2026-04-28,FINAL,SR1,2027-08,96.375,96.3750 (,----,110,raw/wayback/calls_20260429221242.pdf,2,20260429221242
2026-04-28,FINAL,SR3,2026-02,96.335,96.3350 (,6,5854,raw/wayback/calls_20260429221242.pdf,2,20260429221242
2026-04-28,FINAL,SR3,2026-03,96.34,96.3400 (,38105,1251870 +,raw/wayback/calls_20260429221242.pdf,2,20260429221242
2026-04-28,FINAL,SR3,2026-04,96.3375,96.3375 (,2,3750,raw/wayback/calls_20260429221242.pdf,2,20260429221242
2026-04-28,FINAL,SR3,2026-05,96.34,96.3400 (,----,1496 -,raw/wayback/calls_20260429221242.pdf,2,20260429221242
2026-04-28,FINAL,SR3,2026-06,96.34,96.3400 (,259028,1225715 +,raw/wayback/calls_20260429221242.pdf,2,20260429221242
2026-04-28,FINAL,SR3,2026-07,96.35,96.3500 (,----,661,raw/wayback/calls_20260429221242.pdf,2,20260429221242
2026-04-28,FINAL,SR3,2026-08,96.355,96.3550 (,8,46 +,raw/wayback/calls_20260429221242.pdf,2,20260429221242
2026-04-28,FINAL,SR3,2026-09,96.35,96.3500 (,330923,1159173 +,raw/wayback/calls_20260429221242.pdf,2,20260429221242
2026-04-28,FINAL,SR3,2026-10,96.355,96.3550 (,----,10,raw/wayback/calls_20260429221242.pdf,2,20260429221242
2026-04-28,FINAL,SR3,2026-12,96.345,96.3450 (,381493,1511888 +,raw/wayback/calls_20260429221242.pdf,2,20260429221242
2026-04-28,FINAL,SR3,2027-03,96.335,96.3350 (,364352,970050 +,raw/wayback/calls_20260429221242.pdf,2,20260429221242
2026-04-28,FINAL,SR3,2027-06,96.355,96.3550 (,332490,1003341 +,raw/wayback/calls_20260429221242.pdf,2,20260429221242
2026-04-28,FINAL,SR3,2027-09,96.415,96.4150 (,232960,757382 -,raw/wayback/calls_20260429221242.pdf,2,20260429221242
2026-04-28,FINAL,SR3,2027-12,96.47,96.4700 (,258717,1091729 -,raw/wayback/calls_20260429221242.pdf,2,20260429221242
2026-04-28,FINAL,SR3,2028-03,96.485,96.4850 (,196790,641359 -,raw/wayback/calls_20260429221242.pdf,2,20260429221242
2026-04-28,FINAL,SR3,2028-06,96.47,96.4700 (,119344,463424 +,raw/wayback/calls_20260429221242.pdf,2,20260429221242
2026-04-28,FINAL,SR3,2028-09,96.445,96.4450 (,96483,389640 -,raw/wayback/calls_20260429221242.pdf,2,20260429221242
2026-04-28,FINAL,SR3,2028-12,96.42,96.4200 (,94717,348038 +,raw/wayback/calls_20260429221242.pdf,2,20260429221242
2026-04-28,FINAL,SR3,2029-03,96.385,96.3850 (,73239,287336 -,raw/wayback/calls_20260429221242.pdf,2,20260429221242
2026-04-28,FINAL,SR3,2029-06,96.355,96.3550 (,45441,207539 +,raw/wayback/calls_20260429221242.pdf,2,20260429221242
2026-04-28,FINAL,SR3,2029-09,96.325,96.3250 (,34729,152859 -,raw/wayback/calls_20260429221242.pdf,2,20260429221242
2026-04-28,FINAL,SR3,2029-12,96.295,96.2950 (,34590,163605 -,raw/wayback/calls_20260429221242.pdf,2,20260429221242
2026-04-28,FINAL,SR3,2030-03,96.255,96.2550 (,31203,146610 -,raw/wayback/calls_20260429221242.pdf,2,20260429221242
2026-04-28,FINAL,SR3,2030-06,96.215,96.2150 (,24800,139583 +,raw/wayback/calls_20260429221242.pdf,2,20260429221242
2026-04-28,FINAL,SR3,2030-09,96.17,96.1700 (,28834,99447 -,raw/wayback/calls_20260429221242.pdf,2,20260429221242
2026-04-28,FINAL,SR3,2030-12,96.125,96.1250 (,30687,86481 -,raw/wayback/calls_20260429221242.pdf,2,20260429221242
2026-04-28,FINAL,SR3,2031-03,96.075,96.0750 (,25077,44213 +,raw/wayback/calls_20260429221242.pdf,2,20260429221242
2026-04-28,FINAL,SR3,2031-06,96.03,96.0300 (,389,8243 -,raw/wayback/calls_20260429221242.pdf,2,20260429221242
2026-04-28,FINAL,SR3,2031-09,95.98,95.9800 (,116,2703 -,raw/wayback/calls_20260429221242.pdf,2,20260429221242
2026-04-28,FINAL,SR3,2031-12,95.93,95.9300 (,85,1452 +,raw/wayback/calls_20260429221242.pdf,2,20260429221242
2026-04-28,FINAL,SR3,2032-03,95.88,95.8800 (,20,534,raw/wayback/calls_20260429221242.pdf,2,20260429221242
2026-04-28,FINAL,SR3,2032-06,95.835,95.8350 (,----,56,raw/wayback/calls_20260429221242.pdf,2,20260429221242
2026-04-28,FINAL,SR3,2032-09,95.79,95.7900 (,----,36,raw/wayback/calls_20260429221242.pdf,2,20260429221242
2026-04-28,FINAL,SR3,2032-12,95.74,95.7400 (,----,9,raw/wayback/calls_20260429221242.pdf,2,20260429221242
2026-04-28,FINAL,SR3,2033-03,95.7,95.7000 (,----,6,raw/wayback/calls_20260429221242.pdf,2,20260429221242
2026-04-29,FINAL,SR1,2026-04,96.355,96.3550,6392,358595 +,raw/wayback/calls_20260430220843.pdf,2,20260430220843
2026-04-29,FINAL,SR1,2026-05,96.3575,96.3575,60545,364230 +,raw/wayback/calls_20260430220843.pdf,2,20260430220843
2026-04-29,FINAL,SR1,2026-06,96.35,96.3500,34193,221156 +,raw/wayback/calls_20260430220843.pdf,2,20260430220843
2026-04-29,FINAL,SR1,2026-07,96.345,96.3450,26846,137545 +,raw/wayback/calls_20260430220843.pdf,2,20260430220843
2026-04-29,FINAL,SR1,2026-08,96.34,96.3400,27060,105134 +,raw/wayback/calls_20260430220843.pdf,2,20260430220843
2026-04-29,FINAL,SR1,2026-09,96.335,96.3350,8944,57710 -,raw/wayback/calls_20260430220843.pdf,2,20260430220843
2026-04-29,FINAL,SR1,2026-10,96.33,96.3300,24989,43119 +,raw/wayback/calls_20260430220843.pdf,2,20260430220843
2026-04-29,FINAL,SR1,2026-11,96.32,96.3200,14696,34670 +,raw/wayback/calls_20260430220843.pdf,2,20260430220843
2026-04-29,FINAL,SR1,2026-12,96.295,96.2950,3508,50782 +,raw/wayback/calls_20260430220843.pdf,2,20260430220843
2026-04-29,FINAL,SR1,2027-01,96.285,96.2850,7032,52717 +,raw/wayback/calls_20260430220843.pdf,2,20260430220843
2026-04-29,FINAL,SR1,2027-02,96.265,96.2650,3986,14221 +,raw/wayback/calls_20260430220843.pdf,2,20260430220843
2026-04-29,FINAL,SR1,2027-03,96.245,96.2450,659,3614 +,raw/wayback/calls_20260430220843.pdf,2,20260430220843
2026-04-29,FINAL,SR1,2027-04,96.23,96.2300,828,5269 +,raw/wayback/calls_20260430220843.pdf,2,20260430220843
2026-04-29,FINAL,SR1,2027-05,96.205,96.2050,565,1126 +,raw/wayback/calls_20260430220843.pdf,2,20260430220843
2026-04-29,FINAL,SR1,2027-06,96.205,96.2050,----,366,raw/wayback/calls_20260430220843.pdf,2,20260430220843
2026-04-29,FINAL,SR1,2027-07,96.21,96.2100 (,19,546 -,raw/wayback/calls_20260430220843.pdf,2,20260430220843
2026-04-29,FINAL,SR1,2027-08,96.225,96.2250 (,----,110,raw/wayback/calls_20260430220843.pdf,2,20260430220843
2026-04-29,FINAL,SR3,2026-02,96.335,96.3350,----,5854,raw/wayback/calls_20260430220843.pdf,2,20260430220843
2026-04-29,FINAL,SR3,2026-03,96.34,96.3400,29970,1241344 -,raw/wayback/calls_20260430220843.pdf,2,20260430220843
2026-04-29,FINAL,SR3,2026-04,96.3375,96.3375,70,3750,raw/wayback/calls_20260430220843.pdf,2,20260430220843
2026-04-29,FINAL,SR3,2026-05,96.3325,96.3325,537,1300 -,raw/wayback/calls_20260430220843.pdf,2,20260430220843
2026-04-29,FINAL,SR3,2026-06,96.325,96.3250,375932,1241811 +,raw/wayback/calls_20260430220843.pdf,2,20260430220843
2026-04-29,FINAL,SR3,2026-07,96.325,96.3250,235,661,raw/wayback/calls_20260430220843.pdf,2,20260430220843
2026-04-29,FINAL,SR3,2026-08,96.325,96.3250,11,57 +,raw/wayback/calls_20260430220843.pdf,2,20260430220843
2026-04-29,FINAL,SR3,2026-09,96.31,96.3100,652343,1199860 +,raw/wayback/calls_20260430220843.pdf,2,20260430220843
2026-04-29,FINAL,SR3,2026-10,96.295,96.2950,----,10,raw/wayback/calls_20260430220843.pdf,2,20260430220843
2026-04-29,FINAL,SR3,2026-12,96.255,96.2550,933038,1527515 +,raw/wayback/calls_20260430220843.pdf,2,20260430220843
2026-04-29,FINAL,SR3,2027-03,96.2,96.2000,768516,953797 -,raw/wayback/calls_20260430220843.pdf,2,20260430220843
2026-04-29,FINAL,SR3,2027-06,96.205,96.2050,691269,1059338 +,raw/wayback/calls_20260430220843.pdf,2,20260430220843
2026-04-29,FINAL,SR3,2027-09,96.28,96.2800,452567,775400 +,raw/wayback/calls_20260430220843.pdf,2,20260430220843
2026-04-29,FINAL,SR3,2027-12,96.355,96.3550,567356,1115651 +,raw/wayback/calls_20260430220843.pdf,2,20260430220843
2026-04-29,FINAL,SR3,2028-03,96.39,96.3900,366467,649702 +,raw/wayback/calls_20260430220843.pdf,2,20260430220843
2026-04-29,FINAL,SR3,2028-06,96.395,96.3950,252903,477598 +,raw/wayback/calls_20260430220843.pdf,2,20260430220843
2026-04-29,FINAL,SR3,2028-09,96.38,96.3800,159427,394344 +,raw/wayback/calls_20260430220843.pdf,2,20260430220843
2026-04-29,FINAL,SR3,2028-12,96.355,96.3550,192759,356810 +,raw/wayback/calls_20260430220843.pdf,2,20260430220843
2026-04-29,FINAL,SR3,2029-03,96.325,96.3250,130715,290965 +,raw/wayback/calls_20260430220843.pdf,2,20260430220843
2026-04-29,FINAL,SR3,2029-06,96.3,96.3000,77068,205737 -,raw/wayback/calls_20260430220843.pdf,2,20260430220843
2026-04-29,FINAL,SR3,2029-09,96.27,96.2700,60476,152873 +,raw/wayback/calls_20260430220843.pdf,2,20260430220843
2026-04-29,FINAL,SR3,2029-12,96.24,96.2400,61285,161968 -,raw/wayback/calls_20260430220843.pdf,2,20260430220843
2026-04-29,FINAL,SR3,2030-03,96.205,96.2050,50495,148262 +,raw/wayback/calls_20260430220843.pdf,2,20260430220843
2026-04-29,FINAL,SR3,2030-06,96.165,96.1650,35383,138288 -,raw/wayback/calls_20260430220843.pdf,2,20260430220843
2026-04-29,FINAL,SR3,2030-09,96.12,96.1200,33867,100557 +,raw/wayback/calls_20260430220843.pdf,2,20260430220843
2026-04-29,FINAL,SR3,2030-12,96.07,96.0700,38343,88004 +,raw/wayback/calls_20260430220843.pdf,2,20260430220843
2026-04-29,FINAL,SR3,2031-03,96.025,96.0250,29180,46056 +,raw/wayback/calls_20260430220843.pdf,2,20260430220843
2026-04-29,FINAL,SR3,2031-06,95.98,95.9800,896,8725 +,raw/wayback/calls_20260430220843.pdf,2,20260430220843
2026-04-29,FINAL,SR3,2031-09,95.93,95.9300,172,2709 +,raw/wayback/calls_20260430220843.pdf,2,20260430220843
2026-04-29,FINAL,SR3,2031-12,95.88,95.8800,134,1527 +,raw/wayback/calls_20260430220843.pdf,2,20260430220843
2026-04-29,FINAL,SR3,2032-03,95.83,95.8300,36,561 +,raw/wayback/calls_20260430220843.pdf,2,20260430220843
2026-04-29,FINAL,SR3,2032-06,95.785,95.7850,----,56,raw/wayback/calls_20260430220843.pdf,2,20260430220843
2026-04-29,FINAL,SR3,2032-09,95.74,95.7400,----,36,raw/wayback/calls_20260430220843.pdf,2,20260430220843
2026-04-29,FINAL,SR3,2032-12,95.69,95.6900,----,9,raw/wayback/calls_20260430220843.pdf,2,20260430220843
2026-04-29,FINAL,SR3,2033-03,95.65,95.6500,----,6,raw/wayback/calls_20260430220843.pdf,2,20260430220843
2026-04-30,FINAL,SR1,2026-04,96.3575,96.3575,764,358197 -,raw/wayback/calls_20260501220815.pdf,2,20260501220815
2026-04-30,FINAL,SR1,2026-05,96.36,96.3600,24941,363013 -,raw/wayback/calls_20260501220815.pdf,2,20260501220815
2026-04-30,FINAL,SR1,2026-06,96.355,96.3550,13456,222163 +,raw/wayback/calls_20260501220815.pdf,2,20260501220815
2026-04-30,FINAL,SR1,2026-07,96.36,96.3600,18824,140061 +,raw/wayback/calls_20260501220815.pdf,2,20260501220815
2026-04-30,FINAL,SR1,2026-08,96.365,96.3650,17850,107926 +,raw/wayback/calls_20260501220815.pdf,2,20260501220815
2026-04-30,FINAL,SR1,2026-09,96.365,96.3650,5939,57432 -,raw/wayback/calls_20260501220815.pdf,2,20260501220815
2026-04-30,FINAL,SR1,2026-10,96.37,96.3700,10895,44054 +,raw/wayback/calls_20260501220815.pdf,2,20260501220815
2026-04-30,FINAL,SR1,2026-11,96.365,96.3650,10106,35767 +,raw/wayback/calls_20260501220815.pdf,2,20260501220815
2026-04-30,FINAL,SR1,2026-12,96.34,96.3400,2669,50577 -,raw/wayback/calls_20260501220815.pdf,2,20260501220815
2026-04-30,FINAL,SR1,2027-01,96.33,96.3300,2665,52312 -,raw/wayback/calls_20260501220815.pdf,2,20260501220815
2026-04-30,FINAL,SR1,2027-02,96.315,96.3150,2249,14389 +,raw/wayback/calls_20260501220815.pdf,2,20260501220815
2026-04-30,FINAL,SR1,2027-03,96.295,96.2950,410,3579 -,raw/wayback/calls_20260501220815.pdf,2,20260501220815
2026-04-30,FINAL,SR1,2027-04,96.285,96.2850,217,5339 +,raw/wayback/calls_20260501220815.pdf,2,20260501220815
2026-04-30,FINAL,SR1,2027-05,96.265,96.2650,81,1180 +,raw/wayback/calls_20260501220815.pdf,2,20260501220815
2026-04-30,FINAL,SR1,2027-06,96.265,96.2650 (,1,367 +,raw/wayback/calls_20260501220815.pdf,2,20260501220815
2026-04-30,FINAL,SR1,2027-07,96.27,96.2700 (,10,545 -,raw/wayback/calls_20260501220815.pdf,2,20260501220815
2026-04-30,FINAL,SR1,2027-08,96.29,96.2900 (,1,111 +,raw/wayback/calls_20260501220815.pdf,2,20260501220815
2026-04-30,FINAL,SR3,2026-02,96.3375,96.3375 (,----,5864 +,raw/wayback/calls_20260501220815.pdf,2,20260501220815
2026-04-30,FINAL,SR3,2026-03,96.3425,96.3425 (,71350,1261004 +,raw/wayback/calls_20260501220815.pdf,2,20260501220815
2026-04-30,FINAL,SR3,2026-04,96.34,96.3400 (,54,3775 +,raw/wayback/calls_20260501220815.pdf,2,20260501220815
2026-04-30,FINAL,SR3,2026-05,96.3425,96.3425 (,11,1263 -,raw/wayback/calls_20260501220815.pdf,2,20260501220815
2026-04-30,FINAL,SR3,2026-06,96.345,96.3450 (,312436,1253773 +,raw/wayback/calls_20260501220815.pdf,2,20260501220815
2026-04-30,FINAL,SR3,2026-07,96.345,96.3450 (,50,661,raw/wayback/calls_20260501220815.pdf,2,20260501220815
2026-04-30,FINAL,SR3,2026-08,96.345,96.3450 (,----,57,raw/wayback/calls_20260501220815.pdf,2,20260501220815
2026-04-30,FINAL,SR3,2026-09,96.35,96.3500 (,468902,1211239 +,raw/wayback/calls_20260501220815.pdf,2,20260501220815
2026-04-30,FINAL,SR3,2026-10,96.335,96.3350 (,----,10,raw/wayback/calls_20260501220815.pdf,2,20260501220815
2026-04-30,FINAL,SR3,2026-12,96.31,96.3100 (,571115,1546657 +,raw/wayback/calls_20260501220815.pdf,2,20260501220815
2026-04-30,FINAL,SR3,2027-03,96.26,96.2600 (,483925,955810 +,raw/wayback/calls_20260501220815.pdf,2,20260501220815
2026-04-30,FINAL,SR3,2027-06,96.27,96.2700 (,435062,1050119 -,raw/wayback/calls_20260501220815.pdf,2,20260501220815
2026-04-30,FINAL,SR3,2027-09,96.335,96.3350 (,310770,788366 +,raw/wayback/calls_20260501220815.pdf,2,20260501220815
2026-04-30,FINAL,SR3,2027-12,96.405,96.4050 (,419726,1151823 +,raw/wayback/calls_20260501220815.pdf,2,20260501220815
2026-04-30,FINAL,SR3,2028-03,96.43,96.4300 (,244032,650569 +,raw/wayback/calls_20260501220815.pdf,2,20260501220815
2026-04-30,FINAL,SR3,2028-06,96.43,96.4300 (,165401,477000 -,raw/wayback/calls_20260501220815.pdf,2,20260501220815
2026-04-30,FINAL,SR3,2028-09,96.41,96.4100 (,138331,394070 -,raw/wayback/calls_20260501220815.pdf,2,20260501220815
2026-04-30,FINAL,SR3,2028-12,96.385,96.3850 (,146975,356227 -,raw/wayback/calls_20260501220815.pdf,2,20260501220815
2026-04-30,FINAL,SR3,2029-03,96.355,96.3550 (,122740,290686 -,raw/wayback/calls_20260501220815.pdf,2,20260501220815
2026-04-30,FINAL,SR3,2029-06,96.33,96.3300 (,56725,205966 +,raw/wayback/calls_20260501220815.pdf,2,20260501220815
2026-04-30,FINAL,SR3,2029-09,96.3,96.3000 (,51025,155729 +,raw/wayback/calls_20260501220815.pdf,2,20260501220815
2026-04-30,FINAL,SR3,2029-12,96.265,96.2650 (,38358,164458 +,raw/wayback/calls_20260501220815.pdf,2,20260501220815
2026-04-30,FINAL,SR3,2030-03,96.23,96.2300 (,40450,146267 -,raw/wayback/calls_20260501220815.pdf,2,20260501220815
2026-04-30,FINAL,SR3,2030-06,96.19,96.1900 (,29205,138932 +,raw/wayback/calls_20260501220815.pdf,2,20260501220815
2026-04-30,FINAL,SR3,2030-09,96.145,96.1450 (,35606,101943 +,raw/wayback/calls_20260501220815.pdf,2,20260501220815
2026-04-30,FINAL,SR3,2030-12,96.095,96.0950 (,30791,90024 +,raw/wayback/calls_20260501220815.pdf,2,20260501220815
2026-04-30,FINAL,SR3,2031-03,96.045,96.0450 (,28820,46994 +,raw/wayback/calls_20260501220815.pdf,2,20260501220815
2026-04-30,FINAL,SR3,2031-06,96.0,96.0000 (,624,8870 +,raw/wayback/calls_20260501220815.pdf,2,20260501220815
2026-04-30,FINAL,SR3,2031-09,95.95,95.9500 (,69,2726 +,raw/wayback/calls_20260501220815.pdf,2,20260501220815
2026-04-30,FINAL,SR3,2031-12,95.9,95.9000 (,10,1517 -,raw/wayback/calls_20260501220815.pdf,2,20260501220815
2026-04-30,FINAL,SR3,2032-03,95.85,95.8500 (,8,569 +,raw/wayback/calls_20260501220815.pdf,2,20260501220815
2026-04-30,FINAL,SR3,2032-06,95.805,95.8050 (,----,56,raw/wayback/calls_20260501220815.pdf,2,20260501220815
2026-04-30,FINAL,SR3,2032-09,95.76,95.7600 (,----,36,raw/wayback/calls_20260501220815.pdf,2,20260501220815
2026-04-30,FINAL,SR3,2032-12,95.715,95.7150 (,----,9,raw/wayback/calls_20260501220815.pdf,2,20260501220815
2026-04-30,FINAL,SR3,2033-03,95.675,95.6750 (,----,6,raw/wayback/calls_20260501220815.pdf,2,20260501220815
2026-05-04,FINAL,SR1,2026-04,96.357,96.3570,----,-,raw/wayback/calls_20260505221642.pdf,2,20260505221642
2026-05-04,FINAL,SR1,2026-05,96.3625,96.3625 (,31569,369725 -,raw/wayback/calls_20260505221642.pdf,2,20260505221642
2026-05-04,FINAL,SR1,2026-06,96.355,96.3550 (,14342,225219 +,raw/wayback/calls_20260505221642.pdf,2,20260505221642
2026-05-04,FINAL,SR1,2026-07,96.36,96.3600 (,12081,141730 +,raw/wayback/calls_20260505221642.pdf,2,20260505221642
2026-05-04,FINAL,SR1,2026-08,96.36,96.3600 (,23316,116094 +,raw/wayback/calls_20260505221642.pdf,2,20260505221642
2026-05-04,FINAL,SR1,2026-09,96.35,96.3500 (,6458,57563 +,raw/wayback/calls_20260505221642.pdf,2,20260505221642
2026-05-04,FINAL,SR1,2026-10,96.34,96.3400 (,10980,44462 -,raw/wayback/calls_20260505221642.pdf,2,20260505221642
2026-05-04,FINAL,SR1,2026-11,96.3,96.3000 (,8922,34506 -,raw/wayback/calls_20260505221642.pdf,2,20260505221642
2026-05-04,FINAL,SR1,2026-12,96.25,96.2500 (,2776,52349 +,raw/wayback/calls_20260505221642.pdf,2,20260505221642
2026-05-04,FINAL,SR1,2027-01,96.23,96.2300 (,6278,52911 +,raw/wayback/calls_20260505221642.pdf,2,20260505221642
2026-05-04,FINAL,SR1,2027-02,96.205,96.2050 (,6285,17656 +,raw/wayback/calls_20260505221642.pdf,2,20260505221642
2026-05-04,FINAL,SR1,2027-03,96.185,96.1850 (,1350,3806 +,raw/wayback/calls_20260505221642.pdf,2,20260505221642
2026-05-04,FINAL,SR1,2027-04,96.17,96.1700 (,90,5346 +,raw/wayback/calls_20260505221642.pdf,2,20260505221642
2026-05-04,FINAL,SR1,2027-05,96.15,96.1500 (,10,1205 +,raw/wayback/calls_20260505221642.pdf,2,20260505221642
2026-05-04,FINAL,SR1,2027-06,96.15,96.1500 (,19,368 +,raw/wayback/calls_20260505221642.pdf,2,20260505221642
2026-05-04,FINAL,SR1,2027-07,96.155,96.1550 (,18,546,raw/wayback/calls_20260505221642.pdf,2,20260505221642
2026-05-04,FINAL,SR1,2027-08,96.175,96.1750 (,----,111,raw/wayback/calls_20260505221642.pdf,2,20260505221642
2026-05-04,FINAL,SR3,2026-02,96.3375,96.3375 (,61,5854,raw/wayback/calls_20260505221642.pdf,2,20260505221642
2026-05-04,FINAL,SR3,2026-03,96.345,96.3450 (,33073,1266890 +,raw/wayback/calls_20260505221642.pdf,2,20260505221642
2026-05-04,FINAL,SR3,2026-04,96.345,96.3450 (,----,3795 -,raw/wayback/calls_20260505221642.pdf,2,20260505221642
2026-05-04,FINAL,SR3,2026-05,96.3475,96.3475 (,301,1259 +,raw/wayback/calls_20260505221642.pdf,2,20260505221642
2026-05-04,FINAL,SR3,2026-06,96.345,96.3450 (,319324,1225764 -,raw/wayback/calls_20260505221642.pdf,2,20260505221642
2026-05-04,FINAL,SR3,2026-07,96.34,96.3400 (,----,661,raw/wayback/calls_20260505221642.pdf,2,20260505221642
2026-05-04,FINAL,SR3,2026-08,96.33,96.3300 (,----,57,raw/wayback/calls_20260505221642.pdf,2,20260505221642
2026-05-04,FINAL,SR3,2026-09,96.295,96.2950 (,408494,1248872 +,raw/wayback/calls_20260505221642.pdf,2,20260505221642
2026-05-04,FINAL,SR3,2026-10,96.265,96.2650 (,----,10,raw/wayback/calls_20260505221642.pdf,2,20260505221642
2026-05-04,FINAL,SR3,2026-12,96.205,96.2050 (,551199,1572436 +,raw/wayback/calls_20260505221642.pdf,2,20260505221642
2026-05-04,FINAL,SR3,2027-03,96.14,96.1400 (,435509,983978 +,raw/wayback/calls_20260505221642.pdf,2,20260505221642
2026-05-04,FINAL,SR3,2027-06,96.155,96.1550 (,434787,1099075 +,raw/wayback/calls_20260505221642.pdf,2,20260505221642
2026-05-04,FINAL,SR3,2027-09,96.225,96.2250 (,294642,814030 +,raw/wayback/calls_20260505221642.pdf,2,20260505221642
2026-05-04,FINAL,SR3,2027-12,96.3,96.3000 (,371872,1167146 +,raw/wayback/calls_20260505221642.pdf,2,20260505221642
2026-05-04,FINAL,SR3,2028-03,96.34,96.3400 (,243410,657644 +,raw/wayback/calls_20260505221642.pdf,2,20260505221642
2026-05-04,FINAL,SR3,2028-06,96.35,96.3500 (,155204,479751 +,raw/wayback/calls_20260505221642.pdf,2,20260505221642
2026-05-04,FINAL,SR3,2028-09,96.335,96.3350 (,121217,403228 +,raw/wayback/calls_20260505221642.pdf,2,20260505221642
2026-05-04,FINAL,SR3,2028-12,96.315,96.3150 (,111705,355265 -,raw/wayback/calls_20260505221642.pdf,2,20260505221642
2026-05-04,FINAL,SR3,2029-03,96.285,96.2850 (,87058,295319 -,raw/wayback/calls_20260505221642.pdf,2,20260505221642
2026-05-04,FINAL,SR3,2029-06,96.26,96.2600 (,60150,207337 -,raw/wayback/calls_20260505221642.pdf,2,20260505221642
2026-05-04,FINAL,SR3,2029-09,96.23,96.2300 (,45792,155195 -,raw/wayback/calls_20260505221642.pdf,2,20260505221642
2026-05-04,FINAL,SR3,2029-12,96.2,96.2000 (,38629,163109 -,raw/wayback/calls_20260505221642.pdf,2,20260505221642
2026-05-04,FINAL,SR3,2030-03,96.165,96.1650 (,37765,146510 -,raw/wayback/calls_20260505221642.pdf,2,20260505221642
2026-05-04,FINAL,SR3,2030-06,96.13,96.1300 (,25865,139625 -,raw/wayback/calls_20260505221642.pdf,2,20260505221642
2026-05-04,FINAL,SR3,2030-09,96.085,96.0850 (,32137,99487 -,raw/wayback/calls_20260505221642.pdf,2,20260505221642
2026-05-04,FINAL,SR3,2030-12,96.035,96.0350 (,26825,89826 +,raw/wayback/calls_20260505221642.pdf,2,20260505221642
2026-05-04,FINAL,SR3,2031-03,95.99,95.9900 (,21658,46800 -,raw/wayback/calls_20260505221642.pdf,2,20260505221642
2026-05-04,FINAL,SR3,2031-06,95.945,95.9450 (,770,8398 -,raw/wayback/calls_20260505221642.pdf,2,20260505221642
2026-05-04,FINAL,SR3,2031-09,95.895,95.8950 (,168,2830 +,raw/wayback/calls_20260505221642.pdf,2,20260505221642
2026-05-04,FINAL,SR3,2031-12,95.845,95.8450 (,59,1593 +,raw/wayback/calls_20260505221642.pdf,2,20260505221642
2026-05-04,FINAL,SR3,2032-03,95.795,95.7950 (,60,577 +,raw/wayback/calls_20260505221642.pdf,2,20260505221642
2026-05-04,FINAL,SR3,2032-06,95.75,95.7500 (,----,85,raw/wayback/calls_20260505221642.pdf,2,20260505221642
2026-05-04,FINAL,SR3,2032-09,95.705,95.7050 (,----,43,raw/wayback/calls_20260505221642.pdf,2,20260505221642
2026-05-04,FINAL,SR3,2032-12,95.66,95.6600 (,----,16,raw/wayback/calls_20260505221642.pdf,2,20260505221642
2026-05-04,FINAL,SR3,2033-03,95.62,95.6200 (,----,6,raw/wayback/calls_20260505221642.pdf,2,20260505221642
2026-05-05,FINAL,SR1,2026-05,96.365,96.3650,27767,373976 +,raw/wayback/calls_20260506221012.pdf,2,20260506221012
2026-05-05,FINAL,SR1,2026-06,96.36,96.3600,53892,227989 +,raw/wayback/calls_20260506221012.pdf,2,20260506221012
2026-05-05,FINAL,SR1,2026-07,96.365,96.3650,18002,143175 +,raw/wayback/calls_20260506221012.pdf,2,20260506221012
2026-05-05,FINAL,SR1,2026-08,96.37,96.3700,19560,119692 +,raw/wayback/calls_20260506221012.pdf,2,20260506221012
2026-05-05,FINAL,SR1,2026-09,96.36,96.3600,24227,67815 +,raw/wayback/calls_20260506221012.pdf,2,20260506221012
2026-05-05,FINAL,SR1,2026-10,96.35,96.3500,8094,45189 +,raw/wayback/calls_20260506221012.pdf,2,20260506221012
2026-05-05,FINAL,SR1,2026-11,96.31,96.3100,7816,34872 +,raw/wayback/calls_20260506221012.pdf,2,20260506221012
2026-05-05,FINAL,SR1,2026-12,96.26,96.2600,8342,53470 +,raw/wayback/calls_20260506221012.pdf,2,20260506221012
2026-05-05,FINAL,SR1,2027-01,96.25,96.2500,5110,53115 +,raw/wayback/calls_20260506221012.pdf,2,20260506221012
2026-05-05,FINAL,SR1,2027-02,96.23,96.2300,6728,20975 +,raw/wayback/calls_20260506221012.pdf,2,20260506221012
2026-05-05,FINAL,SR1,2027-03,96.21,96.2100,649,3973 +,raw/wayback/calls_20260506221012.pdf,2,20260506221012
2026-05-05,FINAL,SR1,2027-04,96.195,96.1950,1240,5993 +,raw/wayback/calls_20260506221012.pdf,2,20260506221012
2026-05-05,FINAL,SR1,2027-05,96.18,96.1800,1225,1837 +,raw/wayback/calls_20260506221012.pdf,2,20260506221012
2026-05-05,FINAL,SR1,2027-06,96.18,96.1800,----,368,raw/wayback/calls_20260506221012.pdf,2,20260506221012
2026-05-05,FINAL,SR1,2027-07,96.185,96.1850,10,546,raw/wayback/calls_20260506221012.pdf,2,20260506221012
2026-05-05,FINAL,SR1,2027-08,96.205,96.2050,----,111,raw/wayback/calls_20260506221012.pdf,2,20260506221012
2026-05-05,FINAL,SR3,2026-02,96.34,96.3400,----,5854,raw/wayback/calls_20260506221012.pdf,2,20260506221012
2026-05-05,FINAL,SR3,2026-03,96.3475,96.3475,37391,1272437 +,raw/wayback/calls_20260506221012.pdf,2,20260506221012
2026-05-05,FINAL,SR3,2026-04,96.3475,96.3475,50,3818 +,raw/wayback/calls_20260506221012.pdf,2,20260506221012
2026-05-05,FINAL,SR3,2026-05,96.35,96.3500,9,1292 +,raw/wayback/calls_20260506221012.pdf,2,20260506221012
2026-05-05,FINAL,SR3,2026-06,96.355,96.3550,269394,1253177 +,raw/wayback/calls_20260506221012.pdf,2,20260506221012
2026-05-05,FINAL,SR3,2026-07,96.35,96.3500,26,649 -,raw/wayback/calls_20260506221012.pdf,2,20260506221012
2026-05-05,FINAL,SR3,2026-08,96.34,96.3400,2,57,raw/wayback/calls_20260506221012.pdf,2,20260506221012
2026-05-05,FINAL,SR3,2026-09,96.315,96.3150,278631,1261691 +,raw/wayback/calls_20260506221012.pdf,2,20260506221012
2026-05-05,FINAL,SR3,2026-10,96.28,96.2800,----,10,raw/wayback/calls_20260506221012.pdf,2,20260506221012
2026-05-05,FINAL,SR3,2026-12,96.23,96.2300,341160,1578555 +,raw/wayback/calls_20260506221012.pdf,2,20260506221012
2026-05-05,FINAL,SR3,2027-03,96.17,96.1700,285878,998837 +,raw/wayback/calls_20260506221012.pdf,2,20260506221012
2026-05-05,FINAL,SR3,2027-06,96.185,96.1850,274075,1092767 -,raw/wayback/calls_20260506221012.pdf,2,20260506221012
2026-05-05,FINAL,SR3,2027-09,96.25,96.2500,188965,817242 +,raw/wayback/calls_20260506221012.pdf,2,20260506221012
2026-05-05,FINAL,SR3,2027-12,96.325,96.3250,213004,1171759 +,raw/wayback/calls_20260506221012.pdf,2,20260506221012
2026-05-05,FINAL,SR3,2028-03,96.365,96.3650,159368,667719 +,raw/wayback/calls_20260506221012.pdf,2,20260506221012
2026-05-05,FINAL,SR3,2028-06,96.37,96.3700,111589,487373 +,raw/wayback/calls_20260506221012.pdf,2,20260506221012
2026-05-05,FINAL,SR3,2028-09,96.355,96.3550,87741,409716 +,raw/wayback/calls_20260506221012.pdf,2,20260506221012
2026-05-05,FINAL,SR3,2028-12,96.33,96.3300,77228,359319 +,raw/wayback/calls_20260506221012.pdf,2,20260506221012
2026-05-05,FINAL,SR3,2029-03,96.3,96.3000,65655,296947 +,raw/wayback/calls_20260506221012.pdf,2,20260506221012
2026-05-05,FINAL,SR3,2029-06,96.275,96.2750,30351,207629 +,raw/wayback/calls_20260506221012.pdf,2,20260506221012
2026-05-05,FINAL,SR3,2029-09,96.245,96.2450,23714,157655 +,raw/wayback/calls_20260506221012.pdf,2,20260506221012
2026-05-05,FINAL,SR3,2029-12,96.215,96.2150,20958,163414 +,raw/wayback/calls_20260506221012.pdf,2,20260506221012
2026-05-05,FINAL,SR3,2030-03,96.18,96.1800,19977,144464 -,raw/wayback/calls_20260506221012.pdf,2,20260506221012
2026-05-05,FINAL,SR3,2030-06,96.145,96.1450 (,17371,138875 -,raw/wayback/calls_20260506221012.pdf,2,20260506221012
2026-05-05,FINAL,SR3,2030-09,96.1,96.1000 (,18279,98220 -,raw/wayback/calls_20260506221012.pdf,2,20260506221012
2026-05-05,FINAL,SR3,2030-12,96.055,96.0550 (,20170,90835 +,raw/wayback/calls_20260506221012.pdf,2,20260506221012
2026-05-05,FINAL,SR3,2031-03,96.01,96.0100 (,12233,46079 -,raw/wayback/calls_20260506221012.pdf,2,20260506221012
2026-05-05,FINAL,SR3,2031-06,95.965,95.9650 (,216,8416 +,raw/wayback/calls_20260506221012.pdf,2,20260506221012
2026-05-05,FINAL,SR3,2031-09,95.915,95.9150 (,19,2817 -,raw/wayback/calls_20260506221012.pdf,2,20260506221012
2026-05-05,FINAL,SR3,2031-12,95.865,95.8650 (,20,1573 -,raw/wayback/calls_20260506221012.pdf,2,20260506221012
2026-05-05,FINAL,SR3,2032-03,95.815,95.8150 (,----,577,raw/wayback/calls_20260506221012.pdf,2,20260506221012
2026-05-05,FINAL,SR3,2032-06,95.77,95.7700 (,----,85,raw/wayback/calls_20260506221012.pdf,2,20260506221012
2026-05-05,FINAL,SR3,2032-09,95.725,95.7250 (,----,43,raw/wayback/calls_20260506221012.pdf,2,20260506221012
2026-05-05,FINAL,SR3,2032-12,95.68,95.6800 (,----,16,raw/wayback/calls_20260506221012.pdf,2,20260506221012
2026-05-05,FINAL,SR3,2033-03,95.64,95.6400 (,----,6,raw/wayback/calls_20260506221012.pdf,2,20260506221012
2026-05-06,FINAL,SR1,2026-05,96.3675,96.3675,37732,368557 -,raw/wayback/calls_20260507221149.pdf,2,20260507221149
2026-05-06,FINAL,SR1,2026-06,96.365,96.3650,69829,244838 +,raw/wayback/calls_20260507221149.pdf,2,20260507221149
2026-05-06,FINAL,SR1,2026-07,96.37,96.3700,40656,153507 +,raw/wayback/calls_20260507221149.pdf,2,20260507221149
2026-05-06,FINAL,SR1,2026-08,96.38,96.3800,59130,142293 +,raw/wayback/calls_20260507221149.pdf,2,20260507221149
2026-05-06,FINAL,SR1,2026-09,96.375,96.3750,7793,69185 +,raw/wayback/calls_20260507221149.pdf,2,20260507221149
2026-05-06,FINAL,SR1,2026-10,96.375,96.3750,13529,47438 +,raw/wayback/calls_20260507221149.pdf,2,20260507221149
2026-05-06,FINAL,SR1,2026-11,96.35,96.3500,25413,45949 +,raw/wayback/calls_20260507221149.pdf,2,20260507221149
2026-05-06,FINAL,SR1,2026-12,96.315,96.3150,33387,59717 +,raw/wayback/calls_20260507221149.pdf,2,20260507221149
2026-05-06,FINAL,SR1,2027-01,96.315,96.3150,34412,61801 +,raw/wayback/calls_20260507221149.pdf,2,20260507221149
2026-05-06,FINAL,SR1,2027-02,96.31,96.3100,7700,22174 +,raw/wayback/calls_20260507221149.pdf,2,20260507221149
2026-05-06,FINAL,SR1,2027-03,96.295,96.2950,799,3962 -,raw/wayback/calls_20260507221149.pdf,2,20260507221149
2026-05-06,FINAL,SR1,2027-04,96.285,96.2850,1928,6620 +,raw/wayback/calls_20260507221149.pdf,2,20260507221149
2026-05-06,FINAL,SR1,2027-05,96.275,96.2750,3457,3809 +,raw/wayback/calls_20260507221149.pdf,2,20260507221149
2026-05-06,FINAL,SR1,2027-06,96.28,96.2800 (,528,503 +,raw/wayback/calls_20260507221149.pdf,2,20260507221149
2026-05-06,FINAL,SR1,2027-07,96.29,96.2900 (,284,611 +,raw/wayback/calls_20260507221149.pdf,2,20260507221149
2026-05-06,FINAL,SR1,2027-08,96.31,96.3100 (,----,111,raw/wayback/calls_20260507221149.pdf,2,20260507221149
2026-05-06,FINAL,SR3,2026-02,96.34,96.3400 (,----,5854,raw/wayback/calls_20260507221149.pdf,2,20260507221149
2026-05-06,FINAL,SR3,2026-03,96.3475,96.3475 (,91420,1267709 -,raw/wayback/calls_20260507221149.pdf,2,20260507221149
2026-05-06,FINAL,SR3,2026-04,96.3475,96.3475 (,125,3910 +,raw/wayback/calls_20260507221149.pdf,2,20260507221149
2026-05-06,FINAL,SR3,2026-05,96.35,96.3500 (,53,1221 -,raw/wayback/calls_20260507221149.pdf,2,20260507221149
2026-05-06,FINAL,SR3,2026-06,96.36,96.3600 (,270562,1263827 +,raw/wayback/calls_20260507221149.pdf,2,20260507221149
2026-05-06,FINAL,SR3,2026-07,96.355,96.3550 (,14,649,raw/wayback/calls_20260507221149.pdf,2,20260507221149
2026-05-06,FINAL,SR3,2026-08,96.355,96.3550 (,4,55 -,raw/wayback/calls_20260507221149.pdf,2,20260507221149
2026-05-06,FINAL,SR3,2026-09,96.35,96.3500 (,477160,1280994 +,raw/wayback/calls_20260507221149.pdf,2,20260507221149
2026-05-06,FINAL,SR3,2026-10,96.315,96.3150 (,----,10,raw/wayback/calls_20260507221149.pdf,2,20260507221149
2026-05-06,FINAL,SR3,2026-12,96.3,96.3000 (,609476,1582377 +,raw/wayback/calls_20260507221149.pdf,2,20260507221149
2026-05-06,FINAL,SR3,2027-03,96.265,96.2650 (,520631,1002729 +,raw/wayback/calls_20260507221149.pdf,2,20260507221149
2026-05-06,FINAL,SR3,2027-06,96.285,96.2850 (,525724,1092106 -,raw/wayback/calls_20260507221149.pdf,2,20260507221149
2026-05-06,FINAL,SR3,2027-09,96.345,96.3450 (,320625,819178 +,raw/wayback/calls_20260507221149.pdf,2,20260507221149
2026-05-06,FINAL,SR3,2027-12,96.405,96.4050 (,394317,1159851 -,raw/wayback/calls_20260507221149.pdf,2,20260507221149
2026-05-06,FINAL,SR3,2028-03,96.435,96.4350 (,296526,668183 +,raw/wayback/calls_20260507221149.pdf,2,20260507221149
2026-05-06,FINAL,SR3,2028-06,96.43,96.4300 (,195974,482590 -,raw/wayback/calls_20260507221149.pdf,2,20260507221149
2026-05-06,FINAL,SR3,2028-09,96.41,96.4100 (,115860,405939 -,raw/wayback/calls_20260507221149.pdf,2,20260507221149
2026-05-06,FINAL,SR3,2028-12,96.385,96.3850 (,123634,368330 +,raw/wayback/calls_20260507221149.pdf,2,20260507221149
2026-05-06,FINAL,SR3,2029-03,96.355,96.3550 (,101996,300135 +,raw/wayback/calls_20260507221149.pdf,2,20260507221149
2026-05-06,FINAL,SR3,2029-06,96.325,96.3250 (,53780,205948 -,raw/wayback/calls_20260507221149.pdf,2,20260507221149
2026-05-06,FINAL,SR3,2029-09,96.295,96.2950 (,45465,154231 -,raw/wayback/calls_20260507221149.pdf,2,20260507221149
2026-05-06,FINAL,SR3,2029-12,96.265,96.2650 (,35695,164714 +,raw/wayback/calls_20260507221149.pdf,2,20260507221149
2026-05-06,FINAL,SR3,2030-03,96.23,96.2300 (,37002,146262 +,raw/wayback/calls_20260507221149.pdf,2,20260507221149
2026-05-06,FINAL,SR3,2030-06,96.19,96.1900 (,26150,139342 +,raw/wayback/calls_20260507221149.pdf,2,20260507221149
2026-05-06,FINAL,SR3,2030-09,96.145,96.1450 (,26080,97679 -,raw/wayback/calls_20260507221149.pdf,2,20260507221149
2026-05-06,FINAL,SR3,2030-12,96.1,96.1000 (,27665,89072 -,raw/wayback/calls_20260507221149.pdf,2,20260507221149
2026-05-06,FINAL,SR3,2031-03,96.055,96.0550 (,23821,46292 +,raw/wayback/calls_20260507221149.pdf,2,20260507221149
2026-05-06,FINAL,SR3,2031-06,96.01,96.0100 (,610,8657 +,raw/wayback/calls_20260507221149.pdf,2,20260507221149
2026-05-06,FINAL,SR3,2031-09,95.96,95.9600 (,58,2769 -,raw/wayback/calls_20260507221149.pdf,2,20260507221149
2026-05-06,FINAL,SR3,2031-12,95.91,95.9100 (,2,1573,raw/wayback/calls_20260507221149.pdf,2,20260507221149
2026-05-06,FINAL,SR3,2032-03,95.86,95.8600 (,22,599 +,raw/wayback/calls_20260507221149.pdf,2,20260507221149
2026-05-06,FINAL,SR3,2032-06,95.815,95.8150 (,----,85,raw/wayback/calls_20260507221149.pdf,2,20260507221149
2026-05-06,FINAL,SR3,2032-09,95.77,95.7700 (,----,43,raw/wayback/calls_20260507221149.pdf,2,20260507221149
2026-05-06,FINAL,SR3,2032-12,95.725,95.7250 (,----,16,raw/wayback/calls_20260507221149.pdf,2,20260507221149
2026-05-06,FINAL,SR3,2033-03,95.685,95.6850 (,----,6,raw/wayback/calls_20260507221149.pdf,2,20260507221149
2026-05-08,FINAL,SR1,2026-05,96.375,96.3750,44268,373309 -,raw/wayback/calls_20260511221943.pdf,2,20260511221943
2026-05-08,FINAL,SR1,2026-06,96.37,96.3700,28572,264135 +,raw/wayback/calls_20260511221943.pdf,2,20260511221943
2026-05-08,FINAL,SR1,2026-07,96.37,96.3700,35172,156602 +,raw/wayback/calls_20260511221943.pdf,2,20260511221943
2026-05-08,FINAL,SR1,2026-08,96.38,96.3800,21103,146610 +,raw/wayback/calls_20260511221943.pdf,2,20260511221943
2026-05-08,FINAL,SR1,2026-09,96.375,96.3750,9497,77789 +,raw/wayback/calls_20260511221943.pdf,2,20260511221943
2026-05-08,FINAL,SR1,2026-10,96.37,96.3700,9290,47485 +,raw/wayback/calls_20260511221943.pdf,2,20260511221943
2026-05-08,FINAL,SR1,2026-11,96.35,96.3500,10718,44929 -,raw/wayback/calls_20260511221943.pdf,2,20260511221943
2026-05-08,FINAL,SR1,2026-12,96.32,96.3200,2402,65192 +,raw/wayback/calls_20260511221943.pdf,2,20260511221943
2026-05-08,FINAL,SR1,2027-01,96.315,96.3150,1771,68340 +,raw/wayback/calls_20260511221943.pdf,2,20260511221943
2026-05-08,FINAL,SR1,2027-02,96.31,96.3100,2317,25512 +,raw/wayback/calls_20260511221943.pdf,2,20260511221943
2026-05-08,FINAL,SR1,2027-03,96.29,96.2900,306,4661 +,raw/wayback/calls_20260511221943.pdf,2,20260511221943
2026-05-08,FINAL,SR1,2027-04,96.275,96.2750,104,6923 +,raw/wayback/calls_20260511221943.pdf,2,20260511221943
2026-05-08,FINAL,SR1,2027-05,96.26,96.2600,42,4302 +,raw/wayback/calls_20260511221943.pdf,2,20260511221943
2026-05-08,FINAL,SR1,2027-06,96.265,96.2650,----,504,raw/wayback/calls_20260511221943.pdf,2,20260511221943
2026-05-08,FINAL,SR1,2027-07,96.27,96.2700,60,931,raw/wayback/calls_20260511221943.pdf,2,20260511221943
2026-05-08,FINAL,SR1,2027-08,96.285,96.2850,----,111,raw/wayback/calls_20260511221943.pdf,2,20260511221943
2026-05-08,FINAL,SR3,2026-02,96.3425,96.3425,----,5854,raw/wayback/calls_20260511221943.pdf,2,20260511221943
2026-05-08,FINAL,SR3,2026-03,96.3525,96.3525,41134,1275889 +,raw/wayback/calls_20260511221943.pdf,2,20260511221943
2026-05-08,FINAL,SR3,2026-04,96.355,96.3550,435,4740 +,raw/wayback/calls_20260511221943.pdf,2,20260511221943
2026-05-08,FINAL,SR3,2026-05,96.3575,96.3575,110,1343 +,raw/wayback/calls_20260511221943.pdf,2,20260511221943
2026-05-08,FINAL,SR3,2026-06,96.36,96.3600,234763,1260285 -,raw/wayback/calls_20260511221943.pdf,2,20260511221943
2026-05-08,FINAL,SR3,2026-07,96.355,96.3550,50,649,raw/wayback/calls_20260511221943.pdf,2,20260511221943
2026-05-08,FINAL,SR3,2026-08,96.355,96.3550,----,55,raw/wayback/calls_20260511221943.pdf,2,20260511221943
2026-05-08,FINAL,SR3,2026-09,96.34,96.3400,319903,1304712 +,raw/wayback/calls_20260511221943.pdf,2,20260511221943
2026-05-08,FINAL,SR3,2026-10,96.315,96.3150,----,10,raw/wayback/calls_20260511221943.pdf,2,20260511221943
2026-05-08,FINAL,SR3,2026-12,96.295,96.2950,379235,1578041 +,raw/wayback/calls_20260511221943.pdf,2,20260511221943
2026-05-08,FINAL,SR3,2027-03,96.25,96.2500,312917,999593 -,raw/wayback/calls_20260511221943.pdf,2,20260511221943
2026-05-08,FINAL,SR3,2027-06,96.26,96.2600 (,349338,1119520 -,raw/wayback/calls_20260511221943.pdf,2,20260511221943
2026-05-08,FINAL,SR3,2027-09,96.305,96.3050 (,250736,822743 -,raw/wayback/calls_20260511221943.pdf,2,20260511221943
2026-05-08,FINAL,SR3,2027-12,96.36,96.3600 (,291080,1132496 -,raw/wayback/calls_20260511221943.pdf,2,20260511221943
2026-05-08,FINAL,SR3,2028-03,96.385,96.3850 (,256951,687306 +,raw/wayback/calls_20260511221943.pdf,2,20260511221943
2026-05-08,FINAL,SR3,2028-06,96.385,96.3850 (,142178,510547 +,raw/wayback/calls_20260511221943.pdf,2,20260511221943
2026-05-08,FINAL,SR3,2028-09,96.375,96.3750 (,98276,414255 -,raw/wayback/calls_20260511221943.pdf,2,20260511221943
2026-05-08,FINAL,SR3,2028-12,96.36,96.3600 (,98996,367058 -,raw/wayback/calls_20260511221943.pdf,2,20260511221943
2026-05-08,FINAL,SR3,2029-03,96.335,96.3350 (,78955,301716 +,raw/wayback/calls_20260511221943.pdf,2,20260511221943
2026-05-08,FINAL,SR3,2029-06,96.315,96.3150 (,61500,213170 -,raw/wayback/calls_20260511221943.pdf,2,20260511221943
2026-05-08,FINAL,SR3,2029-09,96.29,96.2900 (,37534,157712 -,raw/wayback/calls_20260511221943.pdf,2,20260511221943
2026-05-08,FINAL,SR3,2029-12,96.265,96.2650 (,36990,169891 +,raw/wayback/calls_20260511221943.pdf,2,20260511221943
2026-05-08,FINAL,SR3,2030-03,96.23,96.2300 (,35294,151184 +,raw/wayback/calls_20260511221943.pdf,2,20260511221943
2026-05-08,FINAL,SR3,2030-06,96.19,96.1900 (,27478,136191 -,raw/wayback/calls_20260511221943.pdf,2,20260511221943
2026-05-08,FINAL,SR3,2030-09,96.15,96.1500 (,22000,97869 -,raw/wayback/calls_20260511221943.pdf,2,20260511221943
2026-05-08,FINAL,SR3,2030-12,96.105,96.1050 (,20980,87625 +,raw/wayback/calls_20260511221943.pdf,2,20260511221943
2026-05-08,FINAL,SR3,2031-03,96.06,96.0600 (,22617,47833 -,raw/wayback/calls_20260511221943.pdf,2,20260511221943
2026-05-08,FINAL,SR3,2031-06,96.015,96.0150 (,376,8986 +,raw/wayback/calls_20260511221943.pdf,2,20260511221943
2026-05-08,FINAL,SR3,2031-09,95.965,95.9650 (,49,2764 +,raw/wayback/calls_20260511221943.pdf,2,20260511221943
2026-05-08,FINAL,SR3,2031-12,95.915,95.9150 (,40,1586 +,raw/wayback/calls_20260511221943.pdf,2,20260511221943
2026-05-08,FINAL,SR3,2032-03,95.865,95.8650 (,13,594 -,raw/wayback/calls_20260511221943.pdf,2,20260511221943
2026-05-08,FINAL,SR3,2032-06,95.82,95.8200 (,5,90 +,raw/wayback/calls_20260511221943.pdf,2,20260511221943
2026-05-08,FINAL,SR3,2032-09,95.775,95.7750 (,4,43,raw/wayback/calls_20260511221943.pdf,2,20260511221943
2026-05-08,FINAL,SR3,2032-12,95.73,95.7300 (,----,16,raw/wayback/calls_20260511221943.pdf,2,20260511221943
2026-05-08,FINAL,SR3,2033-03,95.69,95.6900 (,----,6,raw/wayback/calls_20260511221943.pdf,2,20260511221943
2026-05-11,FINAL,SR1,2026-05,96.3775,96.3775,35208,378692 +,raw/wayback/calls_20260512222410.pdf,2,20260512222410
2026-05-11,FINAL,SR1,2026-06,96.37,96.3700,28189,274639 +,raw/wayback/calls_20260512222410.pdf,2,20260512222410
2026-05-11,FINAL,SR1,2026-07,96.36,96.3600,20228,161001 +,raw/wayback/calls_20260512222410.pdf,2,20260512222410
2026-05-11,FINAL,SR1,2026-08,96.36,96.3600,9204,147622 +,raw/wayback/calls_20260512222410.pdf,2,20260512222410
2026-05-11,FINAL,SR1,2026-09,96.35,96.3500,4213,78730 +,raw/wayback/calls_20260512222410.pdf,2,20260512222410
2026-05-11,FINAL,SR1,2026-10,96.34,96.3400,8338,48130 +,raw/wayback/calls_20260512222410.pdf,2,20260512222410
2026-05-11,FINAL,SR1,2026-11,96.32,96.3200,5889,43775 -,raw/wayback/calls_20260512222410.pdf,2,20260512222410
2026-05-11,FINAL,SR1,2026-12,96.285,96.2850,3989,67171 +,raw/wayback/calls_20260512222410.pdf,2,20260512222410
2026-05-11,FINAL,SR1,2027-01,96.275,96.2750,1349,68446 +,raw/wayback/calls_20260512222410.pdf,2,20260512222410
2026-05-11,FINAL,SR1,2027-02,96.265,96.2650,994,25519 +,raw/wayback/calls_20260512222410.pdf,2,20260512222410
2026-05-11,FINAL,SR1,2027-03,96.24,96.2400,50,4642 -,raw/wayback/calls_20260512222410.pdf,2,20260512222410
2026-05-11,FINAL,SR1,2027-04,96.225,96.2250,287,7115 +,raw/wayback/calls_20260512222410.pdf,2,20260512222410
2026-05-11,FINAL,SR1,2027-05,96.21,96.2100,58,4329 +,raw/wayback/calls_20260512222410.pdf,2,20260512222410
2026-05-11,FINAL,SR1,2027-06,96.21,96.2100,----,504,raw/wayback/calls_20260512222410.pdf,2,20260512222410
2026-05-11,FINAL,SR1,2027-07,96.21,96.2100,----,931,raw/wayback/calls_20260512222410.pdf,2,20260512222410
2026-05-11,FINAL,SR1,2027-08,96.215,96.2150,----,111,raw/wayback/calls_20260512222410.pdf,2,20260512222410
2026-05-11,FINAL,SR3,2026-02,96.3375,96.3375,----,5854,raw/wayback/calls_20260512222410.pdf,2,20260512222410
2026-05-11,FINAL,SR3,2026-03,96.35,96.3500,71679,1258708 -,raw/wayback/calls_20260512222410.pdf,2,20260512222410
2026-05-11,FINAL,SR3,2026-04,96.3525,96.3525,115,4855 +,raw/wayback/calls_20260512222410.pdf,2,20260512222410
2026-05-11,FINAL,SR3,2026-05,96.355,96.3550,76,1390 +,raw/wayback/calls_20260512222410.pdf,2,20260512222410
2026-05-11,FINAL,SR3,2026-06,96.34,96.3400,178169,1258962 -,raw/wayback/calls_20260512222410.pdf,2,20260512222410
2026-05-11,FINAL,SR3,2026-07,96.335,96.3350 (,280,929 +,raw/wayback/calls_20260512222410.pdf,2,20260512222410
2026-05-11,FINAL,SR3,2026-08,96.33,96.3300 (,----,55,raw/wayback/calls_20260512222410.pdf,2,20260512222410
2026-05-11,FINAL,SR3,2026-09,96.305,96.3050 (,260605,1302360 -,raw/wayback/calls_20260512222410.pdf,2,20260512222410
2026-05-11,FINAL,SR3,2026-10,96.28,96.2800 (,----,10,raw/wayback/calls_20260512222410.pdf,2,20260512222410
2026-05-11,FINAL,SR3,2026-12,96.25,96.2500 (,277207,1591464 +,raw/wayback/calls_20260512222410.pdf,2,20260512222410
2026-05-11,FINAL,SR3,2027-03,96.195,96.1950 (,230952,1006097 +,raw/wayback/calls_20260512222410.pdf,2,20260512222410
2026-05-11,FINAL,SR3,2027-06,96.195,96.1950 (,248589,1118896 -,raw/wayback/calls_20260512222410.pdf,2,20260512222410
2026-05-11,FINAL,SR3,2027-09,96.24,96.2400 (,175917,824870 +,raw/wayback/calls_20260512222410.pdf,2,20260512222410
2026-05-11,FINAL,SR3,2027-12,96.3,96.3000 (,224479,1143637 +,raw/wayback/calls_20260512222410.pdf,2,20260512222410
2026-05-11,FINAL,SR3,2028-03,96.33,96.3300 (,170956,693076 +,raw/wayback/calls_20260512222410.pdf,2,20260512222410
2026-05-11,FINAL,SR3,2028-06,96.33,96.3300 (,102644,507435 -,raw/wayback/calls_20260512222410.pdf,2,20260512222410
2026-05-11,FINAL,SR3,2028-09,96.32,96.3200 (,78933,419738 +,raw/wayback/calls_20260512222410.pdf,2,20260512222410
2026-05-11,FINAL,SR3,2028-12,96.305,96.3050 (,72213,366990 -,raw/wayback/calls_20260512222410.pdf,2,20260512222410
2026-05-11,FINAL,SR3,2029-03,96.285,96.2850 (,66439,304752 +,raw/wayback/calls_20260512222410.pdf,2,20260512222410
2026-05-11,FINAL,SR3,2029-06,96.27,96.2700 (,33587,217078 +,raw/wayback/calls_20260512222410.pdf,2,20260512222410
2026-05-11,FINAL,SR3,2029-09,96.245,96.2450 (,29631,160989 +,raw/wayback/calls_20260512222410.pdf,2,20260512222410
2026-05-11,FINAL,SR3,2029-12,96.22,96.2200 (,28044,171367 +,raw/wayback/calls_20260512222410.pdf,2,20260512222410
2026-05-11,FINAL,SR3,2030-03,96.185,96.1850 (,24326,151241 +,raw/wayback/calls_20260512222410.pdf,2,20260512222410
2026-05-11,FINAL,SR3,2030-06,96.145,96.1450 (,16589,136467 +,raw/wayback/calls_20260512222410.pdf,2,20260512222410
2026-05-11,FINAL,SR3,2030-09,96.105,96.1050 (,16281,97592 -,raw/wayback/calls_20260512222410.pdf,2,20260512222410
2026-05-11,FINAL,SR3,2030-12,96.06,96.0600 (,15212,87438 -,raw/wayback/calls_20260512222410.pdf,2,20260512222410
2026-05-11,FINAL,SR3,2031-03,96.015,96.0150 (,13352,47060 -,raw/wayback/calls_20260512222410.pdf,2,20260512222410
2026-05-11,FINAL,SR3,2031-06,95.97,95.9700 (,326,9030 +,raw/wayback/calls_20260512222410.pdf,2,20260512222410
2026-05-11,FINAL,SR3,2031-09,95.92,95.9200 (,36,2737 -,raw/wayback/calls_20260512222410.pdf,2,20260512222410
2026-05-11,FINAL,SR3,2031-12,95.87,95.8700 (,2,1586,raw/wayback/calls_20260512222410.pdf,2,20260512222410
2026-05-11,FINAL,SR3,2032-03,95.82,95.8200 (,----,594,raw/wayback/calls_20260512222410.pdf,2,20260512222410
2026-05-11,FINAL,SR3,2032-06,95.775,95.7750 (,----,90,raw/wayback/calls_20260512222410.pdf,2,20260512222410
2026-05-11,FINAL,SR3,2032-09,95.73,95.7300 (,----,43,raw/wayback/calls_20260512222410.pdf,2,20260512222410
2026-05-11,FINAL,SR3,2032-12,95.685,95.6850 (,----,16,raw/wayback/calls_20260512222410.pdf,2,20260512222410
2026-05-11,FINAL,SR3,2033-03,95.645,95.6450 (,----,6,raw/wayback/calls_20260512222410.pdf,2,20260512222410
2026-05-12,FINAL,SR1,2026-05,96.3775,96.3775,29261,384705 +,raw/wayback/calls_20260513222142.pdf,2,20260513222142
2026-05-12,FINAL,SR1,2026-06,96.37,96.3700,9482,276962 +,raw/wayback/calls_20260513222142.pdf,2,20260513222142
2026-05-12,FINAL,SR1,2026-07,96.355,96.3550,19281,162379 +,raw/wayback/calls_20260513222142.pdf,2,20260513222142
2026-05-12,FINAL,SR1,2026-08,96.355,96.3550,20103,148439 +,raw/wayback/calls_20260513222142.pdf,2,20260513222142
2026-05-12,FINAL,SR1,2026-09,96.345,96.3450,7062,79886 +,raw/wayback/calls_20260513222142.pdf,2,20260513222142
2026-05-12,FINAL,SR1,2026-10,96.33,96.3300,17602,48023 -,raw/wayback/calls_20260513222142.pdf,2,20260513222142
2026-05-12,FINAL,SR1,2026-11,96.295,96.2950,10840,44767 +,raw/wayback/calls_20260513222142.pdf,2,20260513222142
2026-05-12,FINAL,SR1,2026-12,96.24,96.2400,5484,68404 +,raw/wayback/calls_20260513222142.pdf,2,20260513222142
2026-05-12,FINAL,SR1,2027-01,96.225,96.2250,2883,68849 +,raw/wayback/calls_20260513222142.pdf,2,20260513222142
2026-05-12,FINAL,SR1,2027-02,96.205,96.2050,2859,25104 -,raw/wayback/calls_20260513222142.pdf,2,20260513222142
2026-05-12,FINAL,SR1,2027-03,96.18,96.1800,147,4594 -,raw/wayback/calls_20260513222142.pdf,2,20260513222142
2026-05-12,FINAL,SR1,2027-04,96.155,96.1550,519,7418 +,raw/wayback/calls_20260513222142.pdf,2,20260513222142
2026-05-12,FINAL,SR1,2027-05,96.13,96.1300,44,4329,raw/wayback/calls_20260513222142.pdf,2,20260513222142
2026-05-12,FINAL,SR1,2027-06,96.125,96.1250,3,504,raw/wayback/calls_20260513222142.pdf,2,20260513222142
2026-05-12,FINAL,SR1,2027-07,96.125,96.1250 (,2,932 +,raw/wayback/calls_20260513222142.pdf,2,20260513222142
2026-05-12,FINAL,SR1,2027-08,96.13,96.1300 (,3,111,raw/wayback/calls_20260513222142.pdf,2,20260513222142
2026-05-12,FINAL,SR3,2026-02,96.3425,96.3425 (,----,5854,raw/wayback/calls_20260513222142.pdf,2,20260513222142
2026-05-12,FINAL,SR3,2026-03,96.355,96.3550 (,84564,1296220 +,raw/wayback/calls_20260513222142.pdf,2,20260513222142
2026-05-12,FINAL,SR3,2026-04,96.3575,96.3575 (,91,4855,raw/wayback/calls_20260513222142.pdf,2,20260513222142
2026-05-12,FINAL,SR3,2026-05,96.355,96.3550 (,208,1562 +,raw/wayback/calls_20260513222142.pdf,2,20260513222142
2026-05-12,FINAL,SR3,2026-06,96.345,96.3450 (,318776,1288683 +,raw/wayback/calls_20260513222142.pdf,2,20260513222142
2026-05-12,FINAL,SR3,2026-07,96.335,96.3350 (,300,1229 +,raw/wayback/calls_20260513222142.pdf,2,20260513222142
2026-05-12,FINAL,SR3,2026-08,96.32,96.3200 (,13,68 +,raw/wayback/calls_20260513222142.pdf,2,20260513222142
2026-05-12,FINAL,SR3,2026-09,96.295,96.2950 (,523704,1360639 +,raw/wayback/calls_20260513222142.pdf,2,20260513222142
2026-05-12,FINAL,SR3,2026-10,96.255,96.2550 (,----,10,raw/wayback/calls_20260513222142.pdf,2,20260513222142
2026-05-12,FINAL,SR3,2026-12,96.205,96.2050 (,531499,1611789 +,raw/wayback/calls_20260513222142.pdf,2,20260513222142
2026-05-12,FINAL,SR3,2027-03,96.125,96.1250 (,440391,1030612 +,raw/wayback/calls_20260513222142.pdf,2,20260513222142
2026-05-12,FINAL,SR3,2027-06,96.115,96.1150 (,621353,1206764 +,raw/wayback/calls_20260513222142.pdf,2,20260513222142
2026-05-12,FINAL,SR3,2027-09,96.16,96.1600 (,382220,861242 +,raw/wayback/calls_20260513222142.pdf,2,20260513222142
2026-05-12,FINAL,SR3,2027-12,96.225,96.2250 (,457219,1157523 +,raw/wayback/calls_20260513222142.pdf,2,20260513222142
2026-05-12,FINAL,SR3,2028-03,96.265,96.2650 (,528264,762104 +,raw/wayback/calls_20260513222142.pdf,2,20260513222142
2026-05-12,FINAL,SR3,2028-06,96.27,96.2700 (,223757,521985 +,raw/wayback/calls_20260513222142.pdf,2,20260513222142
2026-05-12,FINAL,SR3,2028-09,96.26,96.2600 (,227651,454996 +,raw/wayback/calls_20260513222142.pdf,2,20260513222142
2026-05-12,FINAL,SR3,2028-12,96.245,96.2450 (,123658,367082 +,raw/wayback/calls_20260513222142.pdf,2,20260513222142
2026-05-12,FINAL,SR3,2029-03,96.23,96.2300 (,100326,299772 -,raw/wayback/calls_20260513222142.pdf,2,20260513222142
2026-05-12,FINAL,SR3,2029-06,96.215,96.2150 (,48404,219567 +,raw/wayback/calls_20260513222142.pdf,2,20260513222142
2026-05-12,FINAL,SR3,2029-09,96.19,96.1900 (,42661,160866 -,raw/wayback/calls_20260513222142.pdf,2,20260513222142
2026-05-12,FINAL,SR3,2029-12,96.165,96.1650 (,37037,172007 +,raw/wayback/calls_20260513222142.pdf,2,20260513222142
2026-05-12,FINAL,SR3,2030-03,96.135,96.1350 (,31506,152779 +,raw/wayback/calls_20260513222142.pdf,2,20260513222142
2026-05-12,FINAL,SR3,2030-06,96.1,96.1000 (,21952,137490 +,raw/wayback/calls_20260513222142.pdf,2,20260513222142
2026-05-12,FINAL,SR3,2030-09,96.06,96.0600 (,24493,95734 -,raw/wayback/calls_20260513222142.pdf,2,20260513222142
2026-05-12,FINAL,SR3,2030-12,96.015,96.0150 (,22697,87618 +,raw/wayback/calls_20260513222142.pdf,2,20260513222142
2026-05-12,FINAL,SR3,2031-03,95.97,95.9700 (,19734,46916 -,raw/wayback/calls_20260513222142.pdf,2,20260513222142
2026-05-12,FINAL,SR3,2031-06,95.93,95.9300 (,299,9043 +,raw/wayback/calls_20260513222142.pdf,2,20260513222142
2026-05-12,FINAL,SR3,2031-09,95.885,95.8850 (,311,2950 +,raw/wayback/calls_20260513222142.pdf,2,20260513222142
2026-05-12,FINAL,SR3,2031-12,95.835,95.8350 (,532,1837 +,raw/wayback/calls_20260513222142.pdf,2,20260513222142
2026-05-12,FINAL,SR3,2032-03,95.785,95.7850 (,337,861 +,raw/wayback/calls_20260513222142.pdf,2,20260513222142
2026-05-12,FINAL,SR3,2032-06,95.74,95.7400 (,12,92 +,raw/wayback/calls_20260513222142.pdf,2,20260513222142
2026-05-12,FINAL,SR3,2032-09,95.695,95.6950 (,28,63 +,raw/wayback/calls_20260513222142.pdf,2,20260513222142
2026-05-12,FINAL,SR3,2032-12,95.65,95.6500 (,----,16,raw/wayback/calls_20260513222142.pdf,2,20260513222142
2026-05-12,FINAL,SR3,2033-03,95.61,95.6100 (,----,6,raw/wayback/calls_20260513222142.pdf,2,20260513222142
2026-05-13,FINAL,SR1,2026-05,96.38,96.3800,78178,402222 +,raw/wayback/calls_20260514222251.pdf,2,20260514222251
2026-05-13,FINAL,SR1,2026-06,96.375,96.3750,57251,267362 -,raw/wayback/calls_20260514222251.pdf,2,20260514222251
2026-05-13,FINAL,SR1,2026-07,96.36,96.3600 (,32733,162162 -,raw/wayback/calls_20260514222251.pdf,2,20260514222251
2026-05-13,FINAL,SR1,2026-08,96.355,96.3550 (,22148,153735 +,raw/wayback/calls_20260514222251.pdf,2,20260514222251
2026-05-13,FINAL,SR1,2026-09,96.34,96.3400 (,7344,82998 +,raw/wayback/calls_20260514222251.pdf,2,20260514222251
2026-05-13,FINAL,SR1,2026-10,96.32,96.3200 (,12068,47982 -,raw/wayback/calls_20260514222251.pdf,2,20260514222251
2026-05-13,FINAL,SR1,2026-11,96.29,96.2900 (,18430,55645 +,raw/wayback/calls_20260514222251.pdf,2,20260514222251
2026-05-13,FINAL,SR1,2026-12,96.24,96.2400 (,3124,68676 +,raw/wayback/calls_20260514222251.pdf,2,20260514222251
2026-05-13,FINAL,SR1,2027-01,96.23,96.2300 (,5539,70702 +,raw/wayback/calls_20260514222251.pdf,2,20260514222251
2026-05-13,FINAL,SR1,2027-02,96.215,96.2150 (,3354,26067 +,raw/wayback/calls_20260514222251.pdf,2,20260514222251
2026-05-13,FINAL,SR1,2027-03,96.19,96.1900 (,205,4667 +,raw/wayback/calls_20260514222251.pdf,2,20260514222251
2026-05-13,FINAL,SR1,2027-04,96.165,96.1650 (,212,7481 +,raw/wayback/calls_20260514222251.pdf,2,20260514222251
2026-05-13,FINAL,SR1,2027-05,96.14,96.1400 (,533,4747 +,raw/wayback/calls_20260514222251.pdf,2,20260514222251
2026-05-13,FINAL,SR1,2027-06,96.135,96.1350 (,----,504,raw/wayback/calls_20260514222251.pdf,2,20260514222251
2026-05-13,FINAL,SR1,2027-07,96.135,96.1350 (,----,932,raw/wayback/calls_20260514222251.pdf,2,20260514222251
2026-05-13,FINAL,SR1,2027-08,96.14,96.1400 (,5,111,raw/wayback/calls_20260514222251.pdf,2,20260514222251
2026-05-13,FINAL,SR3,2026-02,96.34,96.3400 (,20,5834 -,raw/wayback/calls_20260514222251.pdf,2,20260514222251
2026-05-13,FINAL,SR3,2026-03,96.3525,96.3525 (,62678,1291699 -,raw/wayback/calls_20260514222251.pdf,2,20260514222251
2026-05-13,FINAL,SR3,2026-04,96.3575,96.3575 (,1277,5804 +,raw/wayback/calls_20260514222251.pdf,2,20260514222251
2026-05-13,FINAL,SR3,2026-05,96.355,96.3550 (,88,1483 -,raw/wayback/calls_20260514222251.pdf,2,20260514222251
2026-05-13,FINAL,SR3,2026-06,96.34,96.3400 (,215884,1282357 -,raw/wayback/calls_20260514222251.pdf,2,20260514222251
2026-05-13,FINAL,SR3,2026-07,96.33,96.3300 (,428,1237 +,raw/wayback/calls_20260514222251.pdf,2,20260514222251
2026-05-13,FINAL,SR3,2026-08,96.315,96.3150 (,20,64 -,raw/wayback/calls_20260514222251.pdf,2,20260514222251
2026-05-13,FINAL,SR3,2026-09,96.285,96.2850 (,384501,1382717 +,raw/wayback/calls_20260514222251.pdf,2,20260514222251
2026-05-13,FINAL,SR3,2026-10,96.245,96.2450 (,----,10,raw/wayback/calls_20260514222251.pdf,2,20260514222251
2026-05-13,FINAL,SR3,2026-12,96.205,96.2050 (,376988,1584795 -,raw/wayback/calls_20260514222251.pdf,2,20260514222251
2026-05-13,FINAL,SR3,2027-03,96.135,96.1350 (,325220,1015878 -,raw/wayback/calls_20260514222251.pdf,2,20260514222251
2026-05-13,FINAL,SR3,2027-06,96.125,96.1250 (,318917,1178534 -,raw/wayback/calls_20260514222251.pdf,2,20260514222251
2026-05-13,FINAL,SR3,2027-09,96.16,96.1600 (,240191,855037 -,raw/wayback/calls_20260514222251.pdf,2,20260514222251
2026-05-13,FINAL,SR3,2027-12,96.215,96.2150 (,291064,1143425 -,raw/wayback/calls_20260514222251.pdf,2,20260514222251
2026-05-13,FINAL,SR3,2028-03,96.25,96.2500 (,243061,773240 +,raw/wayback/calls_20260514222251.pdf,2,20260514222251
2026-05-13,FINAL,SR3,2028-06,96.255,96.2550 (,127503,518266 -,raw/wayback/calls_20260514222251.pdf,2,20260514222251
2026-05-13,FINAL,SR3,2028-09,96.245,96.2450 (,102357,455073 +,raw/wayback/calls_20260514222251.pdf,2,20260514222251
2026-05-13,FINAL,SR3,2028-12,96.23,96.2300 (,82298,372269 +,raw/wayback/calls_20260514222251.pdf,2,20260514222251
2026-05-13,FINAL,SR3,2029-03,96.215,96.2150 (,72446,300748 +,raw/wayback/calls_20260514222251.pdf,2,20260514222251
2026-05-13,FINAL,SR3,2029-06,96.2,96.2000 (,39348,224967 +,raw/wayback/calls_20260514222251.pdf,2,20260514222251
2026-05-13,FINAL,SR3,2029-09,96.18,96.1800 (,37937,165972 +,raw/wayback/calls_20260514222251.pdf,2,20260514222251
2026-05-13,FINAL,SR3,2029-12,96.155,96.1550 (,41997,171524 -,raw/wayback/calls_20260514222251.pdf,2,20260514222251
2026-05-13,FINAL,SR3,2030-03,96.125,96.1250 (,34835,150345 -,raw/wayback/calls_20260514222251.pdf,2,20260514222251
2026-05-13,FINAL,SR3,2030-06,96.09,96.0900 (,22944,135900 -,raw/wayback/calls_20260514222251.pdf,2,20260514222251
2026-05-13,FINAL,SR3,2030-09,96.05,96.0500 (,23637,95243 -,raw/wayback/calls_20260514222251.pdf,2,20260514222251
2026-05-13,FINAL,SR3,2030-12,96.01,96.0100 (,26454,88190 +,raw/wayback/calls_20260514222251.pdf,2,20260514222251
2026-05-13,FINAL,SR3,2031-03,95.97,95.9700 (,18826,47589 +,raw/wayback/calls_20260514222251.pdf,2,20260514222251
2026-05-13,FINAL,SR3,2031-06,95.93,95.9300 (,420,8841 -,raw/wayback/calls_20260514222251.pdf,2,20260514222251
2026-05-13,FINAL,SR3,2031-09,95.885,95.8850 (,105,2976 +,raw/wayback/calls_20260514222251.pdf,2,20260514222251
2026-05-13,FINAL,SR3,2031-12,95.835,95.8350 (,321,1978 +,raw/wayback/calls_20260514222251.pdf,2,20260514222251
2026-05-13,FINAL,SR3,2032-03,95.79,95.7900 (,244,948 +,raw/wayback/calls_20260514222251.pdf,2,20260514222251
2026-05-13,FINAL,SR3,2032-06,95.745,95.7450 (,----,92,raw/wayback/calls_20260514222251.pdf,2,20260514222251
2026-05-13,FINAL,SR3,2032-09,95.7,95.7000 (,----,63,raw/wayback/calls_20260514222251.pdf,2,20260514222251
2026-05-13,FINAL,SR3,2032-12,95.66,95.6600 (,----,16,raw/wayback/calls_20260514222251.pdf,2,20260514222251
2026-05-13,FINAL,SR3,2033-03,95.62,95.6200 (,----,6,raw/wayback/calls_20260514222251.pdf,2,20260514222251
2026-05-14,FINAL,SR1,2026-05,96.39,96.3900,89907,382386 -,raw/wayback/calls_20260515221443.pdf,2,20260515221443
2026-05-14,FINAL,SR1,2026-06,96.385,96.3850,65785,281317 +,raw/wayback/calls_20260515221443.pdf,2,20260515221443
2026-05-14,FINAL,SR1,2026-07,96.365,96.3650,27903,170581 +,raw/wayback/calls_20260515221443.pdf,2,20260515221443
2026-05-14,FINAL,SR1,2026-08,96.355,96.3550,41313,169282 +,raw/wayback/calls_20260515221443.pdf,2,20260515221443
2026-05-14,FINAL,SR1,2026-09,96.335,96.3350,7656,88857 +,raw/wayback/calls_20260515221443.pdf,2,20260515221443
2026-05-14,FINAL,SR1,2026-10,96.315,96.3150,12610,52221 +,raw/wayback/calls_20260515221443.pdf,2,20260515221443
2026-05-14,FINAL,SR1,2026-11,96.285,96.2850,7528,55658 +,raw/wayback/calls_20260515221443.pdf,2,20260515221443
2026-05-14,FINAL,SR1,2026-12,96.235,96.2350,3831,68006 -,raw/wayback/calls_20260515221443.pdf,2,20260515221443
2026-05-14,FINAL,SR1,2027-01,96.22,96.2200,3329,71946 +,raw/wayback/calls_20260515221443.pdf,2,20260515221443
2026-05-14,FINAL,SR1,2027-02,96.205,96.2050,1634,25647 -,raw/wayback/calls_20260515221443.pdf,2,20260515221443
2026-05-14,FINAL,SR1,2027-03,96.185,96.1850,350,4885 +,raw/wayback/calls_20260515221443.pdf,2,20260515221443
2026-05-14,FINAL,SR1,2027-04,96.16,96.1600,375,7735 +,raw/wayback/calls_20260515221443.pdf,2,20260515221443
2026-05-14,FINAL,SR1,2027-05,96.14,96.1400,486,4747,raw/wayback/calls_20260515221443.pdf,2,20260515221443
2026-05-14,FINAL,SR1,2027-06,96.135,96.1350,----,504,raw/wayback/calls_20260515221443.pdf,2,20260515221443
2026-05-14,FINAL,SR1,2027-07,96.135,96.1350,----,932,raw/wayback/calls_20260515221443.pdf,2,20260515221443
2026-05-14,FINAL,SR1,2027-08,96.14,96.1400,----,111,raw/wayback/calls_20260515221443.pdf,2,20260515221443
2026-05-14,FINAL,SR3,2026-02,96.345,96.3450,216,5846 +,raw/wayback/calls_20260515221443.pdf,2,20260515221443
2026-05-14,FINAL,SR3,2026-03,96.3575,96.3575,98072,1283535 -,raw/wayback/calls_20260515221443.pdf,2,20260515221443
2026-05-14,FINAL,SR3,2026-04,96.3625,96.3625,442,6166 +,raw/wayback/calls_20260515221443.pdf,2,20260515221443
2026-05-14,FINAL,SR3,2026-05,96.36,96.3600,27,1509 +,raw/wayback/calls_20260515221443.pdf,2,20260515221443
2026-05-14,FINAL,SR3,2026-06,96.345,96.3450,211842,1293681 +,raw/wayback/calls_20260515221443.pdf,2,20260515221443
2026-05-14,FINAL,SR3,2026-07,96.33,96.3300,----,1237,raw/wayback/calls_20260515221443.pdf,2,20260515221443
2026-05-14,FINAL,SR3,2026-08,96.315,96.3150,----,64,raw/wayback/calls_20260515221443.pdf,2,20260515221443
2026-05-14,FINAL,SR3,2026-09,96.28,96.2800,283918,1385479 +,raw/wayback/calls_20260515221443.pdf,2,20260515221443
2026-05-14,FINAL,SR3,2026-10,96.24,96.2400 (,200,200 +,raw/wayback/calls_20260515221443.pdf,2,20260515221443
2026-05-14,FINAL,SR3,2026-12,96.2,96.2000 (,330325,1587796 +,raw/wayback/calls_20260515221443.pdf,2,20260515221443
2026-05-14,FINAL,SR3,2027-03,96.135,96.1350 (,275272,1009422 -,raw/wayback/calls_20260515221443.pdf,2,20260515221443
2026-05-14,FINAL,SR3,2027-06,96.125,96.1250 (,326119,1172866 -,raw/wayback/calls_20260515221443.pdf,2,20260515221443
2026-05-14,FINAL,SR3,2027-09,96.16,96.1600 (,205124,860140 +,raw/wayback/calls_20260515221443.pdf,2,20260515221443
2026-05-14,FINAL,SR3,2027-12,96.215,96.2150 (,257081,1130159 -,raw/wayback/calls_20260515221443.pdf,2,20260515221443
2026-05-14,FINAL,SR3,2028-03,96.25,96.2500 (,185192,773212 -,raw/wayback/calls_20260515221443.pdf,2,20260515221443
2026-05-14,FINAL,SR3,2028-06,96.255,96.2550 (,122756,516970 -,raw/wayback/calls_20260515221443.pdf,2,20260515221443
2026-05-14,FINAL,SR3,2028-09,96.245,96.2450 (,104880,460348 +,raw/wayback/calls_20260515221443.pdf,2,20260515221443
2026-05-14,FINAL,SR3,2028-12,96.23,96.2300 (,89699,376812 +,raw/wayback/calls_20260515221443.pdf,2,20260515221443
2026-05-14,FINAL,SR3,2029-03,96.215,96.2150 (,69105,299347 -,raw/wayback/calls_20260515221443.pdf,2,20260515221443
2026-05-14,FINAL,SR3,2029-06,96.205,96.2050 (,36399,229618 +,raw/wayback/calls_20260515221443.pdf,2,20260515221443
2026-05-14,FINAL,SR3,2029-09,96.185,96.1850 (,42694,174925 +,raw/wayback/calls_20260515221443.pdf,2,20260515221443
2026-05-14,FINAL,SR3,2029-12,96.16,96.1600 (,33070,174432 +,raw/wayback/calls_20260515221443.pdf,2,20260515221443
2026-05-14,FINAL,SR3,2030-03,96.13,96.1300 (,28173,150175 -,raw/wayback/calls_20260515221443.pdf,2,20260515221443
2026-05-14,FINAL,SR3,2030-06,96.1,96.1000 (,21123,135171 -,raw/wayback/calls_20260515221443.pdf,2,20260515221443
2026-05-14,FINAL,SR3,2030-09,96.065,96.0650 (,20840,94166 -,raw/wayback/calls_20260515221443.pdf,2,20260515221443
2026-05-14,FINAL,SR3,2030-12,96.025,96.0250 (,23774,85314 -,raw/wayback/calls_20260515221443.pdf,2,20260515221443
2026-05-14,FINAL,SR3,2031-03,95.98,95.9800 (,19247,47372 -,raw/wayback/calls_20260515221443.pdf,2,20260515221443
2026-05-14,FINAL,SR3,2031-06,95.935,95.9350 (,1624,9044 +,raw/wayback/calls_20260515221443.pdf,2,20260515221443
2026-05-14,FINAL,SR3,2031-09,95.89,95.8900 (,878,3334 +,raw/wayback/calls_20260515221443.pdf,2,20260515221443
2026-05-14,FINAL,SR3,2031-12,95.84,95.8400 (,198,2052 +,raw/wayback/calls_20260515221443.pdf,2,20260515221443
2026-05-14,FINAL,SR3,2032-03,95.795,95.7950 (,298,1122 +,raw/wayback/calls_20260515221443.pdf,2,20260515221443
2026-05-14,FINAL,SR3,2032-06,95.75,95.7500 (,----,92,raw/wayback/calls_20260515221443.pdf,2,20260515221443
2026-05-14,FINAL,SR3,2032-09,95.705,95.7050 (,----,63,raw/wayback/calls_20260515221443.pdf,2,20260515221443
2026-05-14,FINAL,SR3,2032-12,95.665,95.6650 (,----,16,raw/wayback/calls_20260515221443.pdf,2,20260515221443
2026-05-14,FINAL,SR3,2033-03,95.625,95.6250 (,----,6,raw/wayback/calls_20260515221443.pdf,2,20260515221443
2026-05-18,FINAL,SR1,2026-05,96.41,96.4100,48013,356653 -,raw/wayback/calls_20260519223139.pdf,2,20260519223139
2026-05-18,FINAL,SR1,2026-06,96.39,96.3900,63606,300130 +,raw/wayback/calls_20260519223139.pdf,2,20260519223139
2026-05-18,FINAL,SR1,2026-07,96.36,96.3600,46343,192279 +,raw/wayback/calls_20260519223139.pdf,2,20260519223139
2026-05-18,FINAL,SR1,2026-08,96.34,96.3400,80039,183703 +,raw/wayback/calls_20260519223139.pdf,2,20260519223139
2026-05-18,FINAL,SR1,2026-09,96.315,96.3150,20943,87077 -,raw/wayback/calls_20260519223139.pdf,2,20260519223139
2026-05-18,FINAL,SR1,2026-10,96.29,96.2900,23404,57932 +,raw/wayback/calls_20260519223139.pdf,2,20260519223139
2026-05-18,FINAL,SR1,2026-11,96.255,96.2550,13626,55539 +,raw/wayback/calls_20260519223139.pdf,2,20260519223139
2026-05-18,FINAL,SR1,2026-12,96.185,96.1850,4625,68999 +,raw/wayback/calls_20260519223139.pdf,2,20260519223139
2026-05-18,FINAL,SR1,2027-01,96.165,96.1650,2643,71468 -,raw/wayback/calls_20260519223139.pdf,2,20260519223139
2026-05-18,FINAL,SR1,2027-02,96.135,96.1350,2395,25627 -,raw/wayback/calls_20260519223139.pdf,2,20260519223139
2026-05-18,FINAL,SR1,2027-03,96.1,96.1000,178,4856 -,raw/wayback/calls_20260519223139.pdf,2,20260519223139
2026-05-18,FINAL,SR1,2027-04,96.065,96.0650,519,7763 -,raw/wayback/calls_20260519223139.pdf,2,20260519223139
2026-05-18,FINAL,SR1,2027-05,96.025,96.0250,935,4965 +,raw/wayback/calls_20260519223139.pdf,2,20260519223139
2026-05-18,FINAL,SR1,2027-06,96.01,96.0100,101,504,raw/wayback/calls_20260519223139.pdf,2,20260519223139
2026-05-18,FINAL,SR1,2027-07,96.005,96.0050,321,1211 +,raw/wayback/calls_20260519223139.pdf,2,20260519223139
2026-05-18,FINAL,SR1,2027-08,95.99,95.9900,----,111,raw/wayback/calls_20260519223139.pdf,2,20260519223139
2026-05-18,FINAL,SR3,2026-02,96.345,96.3450,54,5846,raw/wayback/calls_20260519223139.pdf,2,20260519223139
2026-05-18,FINAL,SR3,2026-03,96.365,96.3650,104541,1285094 -,raw/wayback/calls_20260519223139.pdf,2,20260519223139
2026-05-18,FINAL,SR3,2026-04,96.37,96.3700,200,6384 +,raw/wayback/calls_20260519223139.pdf,2,20260519223139
2026-05-18,FINAL,SR3,2026-05,96.3625,96.3625,2099,4036 +,raw/wayback/calls_20260519223139.pdf,2,20260519223139
2026-05-18,FINAL,SR3,2026-06,96.335,96.3350,455192,1323354 +,raw/wayback/calls_20260519223139.pdf,2,20260519223139
2026-05-18,FINAL,SR3,2026-07,96.31,96.3100,62,1235 -,raw/wayback/calls_20260519223139.pdf,2,20260519223139
2026-05-18,FINAL,SR3,2026-08,96.285,96.2850,----,64,raw/wayback/calls_20260519223139.pdf,2,20260519223139
2026-05-18,FINAL,SR3,2026-09,96.25,96.2500,475881,1364431 -,raw/wayback/calls_20260519223139.pdf,2,20260519223139
2026-05-18,FINAL,SR3,2026-10,96.205,96.2050,----,200,raw/wayback/calls_20260519223139.pdf,2,20260519223139
2026-05-18,FINAL,SR3,2026-12,96.13,96.1300,495164,1576113 +,raw/wayback/calls_20260519223139.pdf,2,20260519223139
2026-05-18,FINAL,SR3,2027-03,96.02,96.0200 (,487890,1001541 -,raw/wayback/calls_20260519223139.pdf,2,20260519223139
2026-05-18,FINAL,SR3,2027-06,95.975,95.9750 (,492992,1171362 -,raw/wayback/calls_20260519223139.pdf,2,20260519223139
2026-05-18,FINAL,SR3,2027-09,95.985,95.9850 (,343708,856357 +,raw/wayback/calls_20260519223139.pdf,2,20260519223139
2026-05-18,FINAL,SR3,2027-12,96.025,96.0250 (,392357,1145264 -,raw/wayback/calls_20260519223139.pdf,2,20260519223139
2026-05-18,FINAL,SR3,2028-03,96.055,96.0550 (,302765,762510 -,raw/wayback/calls_20260519223139.pdf,2,20260519223139
2026-05-18,FINAL,SR3,2028-06,96.06,96.0600 (,187913,531711 +,raw/wayback/calls_20260519223139.pdf,2,20260519223139
2026-05-18,FINAL,SR3,2028-09,96.05,96.0500 (,159841,467201 +,raw/wayback/calls_20260519223139.pdf,2,20260519223139
2026-05-18,FINAL,SR3,2028-12,96.04,96.0400 (,137396,367189 -,raw/wayback/calls_20260519223139.pdf,2,20260519223139
2026-05-18,FINAL,SR3,2029-03,96.025,96.0250 (,133131,304513 +,raw/wayback/calls_20260519223139.pdf,2,20260519223139
2026-05-18,FINAL,SR3,2029-06,96.01,96.0100 (,53161,230314 -,raw/wayback/calls_20260519223139.pdf,2,20260519223139
2026-05-18,FINAL,SR3,2029-09,95.995,95.9950 (,46578,175395 -,raw/wayback/calls_20260519223139.pdf,2,20260519223139
2026-05-18,FINAL,SR3,2029-12,95.975,95.9750 (,55172,169902 -,raw/wayback/calls_20260519223139.pdf,2,20260519223139
2026-05-18,FINAL,SR3,2030-03,95.945,95.9450 (,54961,152337 -,raw/wayback/calls_20260519223139.pdf,2,20260519223139
2026-05-18,FINAL,SR3,2030-06,95.915,95.9150 (,35862,138494 +,raw/wayback/calls_20260519223139.pdf,2,20260519223139
2026-05-18,FINAL,SR3,2030-09,95.88,95.8800 (,35890,95418 +,raw/wayback/calls_20260519223139.pdf,2,20260519223139
2026-05-18,FINAL,SR3,2030-12,95.845,95.8450 (,36968,84406 +,raw/wayback/calls_20260519223139.pdf,2,20260519223139
2026-05-18,FINAL,SR3,2031-03,95.805,95.8050 (,27793,46324 +,raw/wayback/calls_20260519223139.pdf,2,20260519223139
2026-05-18,FINAL,SR3,2031-06,95.76,95.7600 (,670,9737 +,raw/wayback/calls_20260519223139.pdf,2,20260519223139
2026-05-18,FINAL,SR3,2031-09,95.715,95.7150 (,219,3283 -,raw/wayback/calls_20260519223139.pdf,2,20260519223139
2026-05-18,FINAL,SR3,2031-12,95.67,95.6700 (,125,2227 +,raw/wayback/calls_20260519223139.pdf,2,20260519223139
2026-05-18,FINAL,SR3,2032-03,95.63,95.6300 (,----,1130,raw/wayback/calls_20260519223139.pdf,2,20260519223139
2026-05-18,FINAL,SR3,2032-06,95.59,95.5900 (,----,100,raw/wayback/calls_20260519223139.pdf,2,20260519223139
2026-05-18,FINAL,SR3,2032-09,95.55,95.5500 (,----,64,raw/wayback/calls_20260519223139.pdf,2,20260519223139
2026-05-18,FINAL,SR3,2032-12,95.515,95.5150 (,----,16,raw/wayback/calls_20260519223139.pdf,2,20260519223139
2026-05-18,FINAL,SR3,2033-03,95.48,95.4800 (,----,6,raw/wayback/calls_20260519223139.pdf,2,20260519223139
2026-05-19,FINAL,SR1,2026-05,96.4225,96.4225,79801,364059 +,raw/wayback/calls_20260520223747.pdf,2,20260520223747
2026-05-19,FINAL,SR1,2026-06,96.405,96.4050,107729,278845 -,raw/wayback/calls_20260520223747.pdf,2,20260520223747
2026-05-19,FINAL,SR1,2026-07,96.37,96.3700,47128,195873 +,raw/wayback/calls_20260520223747.pdf,2,20260520223747
2026-05-19,FINAL,SR1,2026-08,96.325,96.3250,49390,188622 +,raw/wayback/calls_20260520223747.pdf,2,20260520223747
2026-05-19,FINAL,SR1,2026-09,96.295,96.2950,53602,94403 +,raw/wayback/calls_20260520223747.pdf,2,20260520223747
2026-05-19,FINAL,SR1,2026-10,96.265,96.2650,30437,63463 +,raw/wayback/calls_20260520223747.pdf,2,20260520223747
2026-05-19,FINAL,SR1,2026-11,96.22,96.2200,13307,58005 +,raw/wayback/calls_20260520223747.pdf,2,20260520223747
2026-05-19,FINAL,SR1,2026-12,96.145,96.1450,10509,69733 +,raw/wayback/calls_20260520223747.pdf,2,20260520223747
2026-05-19,FINAL,SR1,2027-01,96.12,96.1200,5135,71465 -,raw/wayback/calls_20260520223747.pdf,2,20260520223747
2026-05-19,FINAL,SR1,2027-02,96.085,96.0850,3393,26095 +,raw/wayback/calls_20260520223747.pdf,2,20260520223747
2026-05-19,FINAL,SR1,2027-03,96.05,96.0500,143,4846 -,raw/wayback/calls_20260520223747.pdf,2,20260520223747
2026-05-19,FINAL,SR1,2027-04,96.015,96.0150,205,7838 +,raw/wayback/calls_20260520223747.pdf,2,20260520223747
2026-05-19,FINAL,SR1,2027-05,95.975,95.9750,74,4936 -,raw/wayback/calls_20260520223747.pdf,2,20260520223747
2026-05-19,FINAL,SR1,2027-06,95.96,95.9600 (,14,508 +,raw/wayback/calls_20260520223747.pdf,2,20260520223747
2026-05-19,FINAL,SR1,2027-07,95.955,95.9550 (,25,1221 +,raw/wayback/calls_20260520223747.pdf,2,20260520223747
2026-05-19,FINAL,SR1,2027-08,95.94,95.9400 (,4,111,raw/wayback/calls_20260520223747.pdf,2,20260520223747
2026-05-19,FINAL,SR3,2026-02,96.345,96.3450 (,364,6210 +,raw/wayback/calls_20260520223747.pdf,2,20260520223747
2026-05-19,FINAL,SR3,2026-03,96.375,96.3750 (,110281,1293609 +,raw/wayback/calls_20260520223747.pdf,2,20260520223747
2026-05-19,FINAL,SR3,2026-04,96.38,96.3800 (,240,6442 +,raw/wayback/calls_20260520223747.pdf,2,20260520223747
2026-05-19,FINAL,SR3,2026-05,96.37,96.3700 (,835,4858 +,raw/wayback/calls_20260520223747.pdf,2,20260520223747
2026-05-19,FINAL,SR3,2026-06,96.3325,96.3325 (,514603,1321973 -,raw/wayback/calls_20260520223747.pdf,2,20260520223747
2026-05-19,FINAL,SR3,2026-07,96.295,96.2950 (,45,1233 -,raw/wayback/calls_20260520223747.pdf,2,20260520223747
2026-05-19,FINAL,SR3,2026-08,96.26,96.2600 (,----,64,raw/wayback/calls_20260520223747.pdf,2,20260520223747
2026-05-19,FINAL,SR3,2026-09,96.22,96.2200 (,566471,1385212 +,raw/wayback/calls_20260520223747.pdf,2,20260520223747
2026-05-19,FINAL,SR3,2026-10,96.17,96.1700 (,----,200,raw/wayback/calls_20260520223747.pdf,2,20260520223747
2026-05-19,FINAL,SR3,2026-12,96.085,96.0850 (,602660,1597349 +,raw/wayback/calls_20260520223747.pdf,2,20260520223747
2026-05-19,FINAL,SR3,2027-03,95.97,95.9700 (,475314,1013491 +,raw/wayback/calls_20260520223747.pdf,2,20260520223747
2026-05-19,FINAL,SR3,2027-06,95.93,95.9300 (,468507,1181295 +,raw/wayback/calls_20260520223747.pdf,2,20260520223747
2026-05-19,FINAL,SR3,2027-09,95.945,95.9450 (,365775,862285 +,raw/wayback/calls_20260520223747.pdf,2,20260520223747
2026-05-19,FINAL,SR3,2027-12,95.99,95.9900 (,373023,1139114 -,raw/wayback/calls_20260520223747.pdf,2,20260520223747
2026-05-19,FINAL,SR3,2028-03,96.02,96.0200 (,339565,765038 +,raw/wayback/calls_20260520223747.pdf,2,20260520223747
2026-05-19,FINAL,SR3,2028-06,96.02,96.0200 (,206011,541826 +,raw/wayback/calls_20260520223747.pdf,2,20260520223747
2026-05-19,FINAL,SR3,2028-09,96.005,96.0050 (,186262,469873 +,raw/wayback/calls_20260520223747.pdf,2,20260520223747
2026-05-19,FINAL,SR3,2028-12,95.99,95.9900 (,163644,367293 +,raw/wayback/calls_20260520223747.pdf,2,20260520223747
2026-05-19,FINAL,SR3,2029-03,95.975,95.9750 (,152233,305236 +,raw/wayback/calls_20260520223747.pdf,2,20260520223747
2026-05-19,FINAL,SR3,2029-06,95.96,95.9600 (,70594,232677 +,raw/wayback/calls_20260520223747.pdf,2,20260520223747
2026-05-19,FINAL,SR3,2029-09,95.94,95.9400 (,69047,177915 +,raw/wayback/calls_20260520223747.pdf,2,20260520223747
2026-05-19,FINAL,SR3,2029-12,95.915,95.9150 (,70565,170819 +,raw/wayback/calls_20260520223747.pdf,2,20260520223747
2026-05-19,FINAL,SR3,2030-03,95.89,95.8900 (,56356,152853 +,raw/wayback/calls_20260520223747.pdf,2,20260520223747
2026-05-19,FINAL,SR3,2030-06,95.86,95.8600 (,43924,139610 +,raw/wayback/calls_20260520223747.pdf,2,20260520223747
2026-05-19,FINAL,SR3,2030-09,95.825,95.8250 (,52421,100687 +,raw/wayback/calls_20260520223747.pdf,2,20260520223747
2026-05-19,FINAL,SR3,2030-12,95.79,95.7900 (,39217,85291 +,raw/wayback/calls_20260520223747.pdf,2,20260520223747
2026-05-19,FINAL,SR3,2031-03,95.75,95.7500 (,36010,46291 -,raw/wayback/calls_20260520223747.pdf,2,20260520223747
2026-05-19,FINAL,SR3,2031-06,95.71,95.7100 (,190,9768 +,raw/wayback/calls_20260520223747.pdf,2,20260520223747
2026-05-19,FINAL,SR3,2031-09,95.665,95.6650 (,25,3301 +,raw/wayback/calls_20260520223747.pdf,2,20260520223747
2026-05-19,FINAL,SR3,2031-12,95.62,95.6200 (,32,2255 +,raw/wayback/calls_20260520223747.pdf,2,20260520223747
2026-05-19,FINAL,SR3,2032-03,95.58,95.5800 (,5,1130,raw/wayback/calls_20260520223747.pdf,2,20260520223747
2026-05-19,FINAL,SR3,2032-06,95.54,95.5400 (,----,100,raw/wayback/calls_20260520223747.pdf,2,20260520223747
2026-05-19,FINAL,SR3,2032-09,95.5,95.5000 (,----,64,raw/wayback/calls_20260520223747.pdf,2,20260520223747
2026-05-19,FINAL,SR3,2032-12,95.465,95.4650 (,----,16,raw/wayback/calls_20260520223747.pdf,2,20260520223747
2026-05-19,FINAL,SR3,2033-03,95.43,95.4300 (,----,6,raw/wayback/calls_20260520223747.pdf,2,20260520223747
2026-05-21,FINAL,SR1,2026-05,96.42,96.4200,81219,342518 -,raw/wayback/calls_20260522222823.pdf,2,20260522222823
2026-05-21,FINAL,SR1,2026-06,96.39,96.3900,101728,290795 +,raw/wayback/calls_20260522222823.pdf,2,20260522222823
2026-05-21,FINAL,SR1,2026-07,96.355,96.3550,108301,225737 +,raw/wayback/calls_20260522222823.pdf,2,20260522222823
2026-05-21,FINAL,SR1,2026-08,96.315,96.3150,79039,224008 +,raw/wayback/calls_20260522222823.pdf,2,20260522222823
2026-05-21,FINAL,SR1,2026-09,96.28,96.2800,41705,106661 +,raw/wayback/calls_20260522222823.pdf,2,20260522222823
2026-05-21,FINAL,SR1,2026-10,96.25,96.2500,41171,67195 +,raw/wayback/calls_20260522222823.pdf,2,20260522222823
2026-05-21,FINAL,SR1,2026-11,96.215,96.2150,25565,62677 +,raw/wayback/calls_20260522222823.pdf,2,20260522222823
2026-05-21,FINAL,SR1,2026-12,96.15,96.1500,16367,69221 -,raw/wayback/calls_20260522222823.pdf,2,20260522222823
2026-05-21,FINAL,SR1,2027-01,96.13,96.1300,7203,70397 -,raw/wayback/calls_20260522222823.pdf,2,20260522222823
2026-05-21,FINAL,SR1,2027-02,96.105,96.1050,5636,27149 +,raw/wayback/calls_20260522222823.pdf,2,20260522222823
2026-05-21,FINAL,SR1,2027-03,96.075,96.0750,1398,6123 +,raw/wayback/calls_20260522222823.pdf,2,20260522222823
2026-05-21,FINAL,SR1,2027-04,96.045,96.0450,2352,9562 +,raw/wayback/calls_20260522222823.pdf,2,20260522222823
2026-05-21,FINAL,SR1,2027-05,96.015,96.0150,3189,7037 +,raw/wayback/calls_20260522222823.pdf,2,20260522222823
2026-05-21,FINAL,SR1,2027-06,96.01,96.0100 (,455,910 +,raw/wayback/calls_20260522222823.pdf,2,20260522222823
2026-05-21,FINAL,SR1,2027-07,96.005,96.0050 (,40,1183 -,raw/wayback/calls_20260522222823.pdf,2,20260522222823
2026-05-21,FINAL,SR1,2027-08,96.0,96.0000 (,----,111,raw/wayback/calls_20260522222823.pdf,2,20260522222823
2026-05-21,FINAL,SR3,2026-02,96.346,96.3460 (,----,-,raw/wayback/calls_20260522222823.pdf,2,20260522222823
2026-05-21,FINAL,SR3,2026-03,96.37,96.3700 (,127531,1282558 -,raw/wayback/calls_20260522222823.pdf,2,20260522222823
2026-05-21,FINAL,SR3,2026-04,96.3775,96.3775 (,291,7524 +,raw/wayback/calls_20260522222823.pdf,2,20260522222823
2026-05-21,FINAL,SR3,2026-05,96.36,96.3600 (,76,4930 +,raw/wayback/calls_20260522222823.pdf,2,20260522222823
2026-05-21,FINAL,SR3,2026-06,96.3225,96.3225 (,765027,1320775 -,raw/wayback/calls_20260522222823.pdf,2,20260522222823
2026-05-21,FINAL,SR3,2026-07,96.28,96.2800 (,257,1248 +,raw/wayback/calls_20260522222823.pdf,2,20260522222823
2026-05-21,FINAL,SR3,2026-08,96.25,96.2500 (,----,64,raw/wayback/calls_20260522222823.pdf,2,20260522222823
2026-05-21,FINAL,SR3,2026-09,96.215,96.2150 (,783946,1361732 -,raw/wayback/calls_20260522222823.pdf,2,20260522222823
2026-05-21,FINAL,SR3,2026-10,96.165,96.1650 (,----,200,raw/wayback/calls_20260522222823.pdf,2,20260522222823
2026-05-21,FINAL,SR3,2026-12,96.1,96.1000 (,774795,1559757 -,raw/wayback/calls_20260522222823.pdf,2,20260522222823
2026-05-21,FINAL,SR3,2027-03,96.005,96.0050 (,657921,1027553 +,raw/wayback/calls_20260522222823.pdf,2,20260522222823
2026-05-21,FINAL,SR3,2027-06,95.985,95.9850 (,657793,1175056 +,raw/wayback/calls_20260522222823.pdf,2,20260522222823
2026-05-21,FINAL,SR3,2027-09,96.02,96.0200 (,445362,854828 -,raw/wayback/calls_20260522222823.pdf,2,20260522222823
2026-05-21,FINAL,SR3,2027-12,96.075,96.0750 (,451711,1120370 -,raw/wayback/calls_20260522222823.pdf,2,20260522222823
2026-05-21,FINAL,SR3,2028-03,96.11,96.1100 (,467251,729376 -,raw/wayback/calls_20260522222823.pdf,2,20260522222823
2026-05-21,FINAL,SR3,2028-06,96.11,96.1100 (,232854,531001 -,raw/wayback/calls_20260522222823.pdf,2,20260522222823
2026-05-21,FINAL,SR3,2028-09,96.095,96.0950 (,194131,467204 -,raw/wayback/calls_20260522222823.pdf,2,20260522222823
2026-05-21,FINAL,SR3,2028-12,96.08,96.0800 (,152838,378131 -,raw/wayback/calls_20260522222823.pdf,2,20260522222823
2026-05-21,FINAL,SR3,2029-03,96.06,96.0600 (,146738,303771 -,raw/wayback/calls_20260522222823.pdf,2,20260522222823
2026-05-21,FINAL,SR3,2029-06,96.045,96.0450 (,89397,235475 +,raw/wayback/calls_20260522222823.pdf,2,20260522222823
2026-05-21,FINAL,SR3,2029-09,96.025,96.0250 (,66067,183711 +,raw/wayback/calls_20260522222823.pdf,2,20260522222823
2026-05-21,FINAL,SR3,2029-12,96.005,96.0050 (,71919,175941 +,raw/wayback/calls_20260522222823.pdf,2,20260522222823
2026-05-21,FINAL,SR3,2030-03,95.98,95.9800 (,81259,157980 +,raw/wayback/calls_20260522222823.pdf,2,20260522222823
2026-05-21,FINAL,SR3,2030-06,95.955,95.9550 (,54362,143864 +,raw/wayback/calls_20260522222823.pdf,2,20260522222823
2026-05-21,FINAL,SR3,2030-09,95.925,95.9250 (,97075,106485 +,raw/wayback/calls_20260522222823.pdf,2,20260522222823
2026-05-21,FINAL,SR3,2030-12,95.885,95.8850 (,50871,88396 +,raw/wayback/calls_20260522222823.pdf,2,20260522222823
2026-05-21,FINAL,SR3,2031-03,95.845,95.8450 (,49527,45495 +,raw/wayback/calls_20260522222823.pdf,2,20260522222823
2026-05-21,FINAL,SR3,2031-06,95.81,95.8100 (,342,9737 -,raw/wayback/calls_20260522222823.pdf,2,20260522222823
2026-05-21,FINAL,SR3,2031-09,95.77,95.7700 (,71,3251 -,raw/wayback/calls_20260522222823.pdf,2,20260522222823
2026-05-21,FINAL,SR3,2031-12,95.725,95.7250 (,61,2222 -,raw/wayback/calls_20260522222823.pdf,2,20260522222823
2026-05-21,FINAL,SR3,2032-03,95.685,95.6850 (,145,1232 +,raw/wayback/calls_20260522222823.pdf,2,20260522222823
2026-05-21,FINAL,SR3,2032-06,95.645,95.6450 (,35,132 +,raw/wayback/calls_20260522222823.pdf,2,20260522222823
2026-05-21,FINAL,SR3,2032-09,95.605,95.6050 (,12,67 +,raw/wayback/calls_20260522222823.pdf,2,20260522222823
2026-05-21,FINAL,SR3,2032-12,95.57,95.5700 (,----,16,raw/wayback/calls_20260522222823.pdf,2,20260522222823
2026-05-21,FINAL,SR3,2033-03,95.535,95.5350 (,----,6,raw/wayback/calls_20260522222823.pdf,2,20260522222823
2026-05-22,FINAL,SR1,2026-05,96.4175,96.4175,47438,340964 -,raw/wayback/calls_20260526224449.pdf,2,20260526224449
2026-05-22,FINAL,SR1,2026-06,96.385,96.3850,63076,303085 +,raw/wayback/calls_20260526224449.pdf,2,20260526224449
2026-05-22,FINAL,SR1,2026-07,96.35,96.3500,59764,248121 +,raw/wayback/calls_20260526224449.pdf,2,20260526224449
2026-05-22,FINAL,SR1,2026-08,96.305,96.3050,66388,242359 +,raw/wayback/calls_20260526224449.pdf,2,20260526224449
2026-05-22,FINAL,SR1,2026-09,96.265,96.2650,37906,114429 +,raw/wayback/calls_20260526224449.pdf,2,20260526224449
2026-05-22,FINAL,SR1,2026-10,96.23,96.2300,28558,73089 +,raw/wayback/calls_20260526224449.pdf,2,20260526224449
2026-05-22,FINAL,SR1,2026-11,96.185,96.1850,20143,63238 +,raw/wayback/calls_20260526224449.pdf,2,20260526224449
2026-05-22,FINAL,SR1,2026-12,96.11,96.1100,5405,69139 -,raw/wayback/calls_20260526224449.pdf,2,20260526224449
2026-05-22,FINAL,SR1,2027-01,96.085,96.0850,2366,70247 -,raw/wayback/calls_20260526224449.pdf,2,20260526224449
2026-05-22,FINAL,SR1,2027-02,96.055,96.0550,2086,27431 +,raw/wayback/calls_20260526224449.pdf,2,20260526224449
2026-05-22,FINAL,SR1,2027-03,96.02,96.0200,166,6162 +,raw/wayback/calls_20260526224449.pdf,2,20260526224449
2026-05-22,FINAL,SR1,2027-04,95.99,95.9900,238,9511 -,raw/wayback/calls_20260526224449.pdf,2,20260526224449
2026-05-22,FINAL,SR1,2027-05,95.96,95.9600,6,7034 -,raw/wayback/calls_20260526224449.pdf,2,20260526224449
2026-05-22,FINAL,SR1,2027-06,95.955,95.9550,7,910,raw/wayback/calls_20260526224449.pdf,2,20260526224449
2026-05-22,FINAL,SR1,2027-07,95.955,95.9550,----,1183,raw/wayback/calls_20260526224449.pdf,2,20260526224449
2026-05-22,FINAL,SR1,2027-08,95.955,95.9550,5,111,raw/wayback/calls_20260526224449.pdf,2,20260526224449
2026-05-22,FINAL,SR3,2026-03,96.37,96.3700,70935,1281279 -,raw/wayback/calls_20260526224449.pdf,2,20260526224449
2026-05-22,FINAL,SR3,2026-04,96.3725,96.3725,736,7751 +,raw/wayback/calls_20260526224449.pdf,2,20260526224449
2026-05-22,FINAL,SR3,2026-05,96.355,96.3550,34,5041 +,raw/wayback/calls_20260526224449.pdf,2,20260526224449
2026-05-22,FINAL,SR3,2026-06,96.3175,96.3175,596548,1346607 +,raw/wayback/calls_20260526224449.pdf,2,20260526224449
2026-05-22,FINAL,SR3,2026-07,96.275,96.2750,58,1283 +,raw/wayback/calls_20260526224449.pdf,2,20260526224449
2026-05-22,FINAL,SR3,2026-08,96.23,96.2300,12,77 +,raw/wayback/calls_20260526224449.pdf,2,20260526224449
2026-05-22,FINAL,SR3,2026-09,96.185,96.1850,633026,1390354 +,raw/wayback/calls_20260526224449.pdf,2,20260526224449
2026-05-22,FINAL,SR3,2026-10,96.13,96.1300,----,200,raw/wayback/calls_20260526224449.pdf,2,20260526224449
2026-05-22,FINAL,SR3,2026-12,96.05,96.0500,774365,1553506 -,raw/wayback/calls_20260526224449.pdf,2,20260526224449
2026-05-22,FINAL,SR3,2027-03,95.95,95.9500,550167,1039886 +,raw/wayback/calls_20260526224449.pdf,2,20260526224449
2026-05-22,FINAL,SR3,2027-06,95.94,95.9400,579506,1214289 +,raw/wayback/calls_20260526224449.pdf,2,20260526224449
2026-05-22,FINAL,SR3,2027-09,95.985,95.9850,449790,872764 +,raw/wayback/calls_20260526224449.pdf,2,20260526224449
2026-05-22,FINAL,SR3,2027-12,96.045,96.0450,444648,1129736 +,raw/wayback/calls_20260526224449.pdf,2,20260526224449
2026-05-22,FINAL,SR3,2028-03,96.09,96.0900,461514,741320 +,raw/wayback/calls_20260526224449.pdf,2,20260526224449
2026-05-22,FINAL,SR3,2028-06,96.095,96.0950,223462,535745 +,raw/wayback/calls_20260526224449.pdf,2,20260526224449
2026-05-22,FINAL,SR3,2028-09,96.085,96.0850,208139,474223 +,raw/wayback/calls_20260526224449.pdf,2,20260526224449
2026-05-22,FINAL,SR3,2028-12,96.075,96.0750,161938,382735 +,raw/wayback/calls_20260526224449.pdf,2,20260526224449
2026-05-22,FINAL,SR3,2029-03,96.06,96.0600,132552,309318 +,raw/wayback/calls_20260526224449.pdf,2,20260526224449
2026-05-22,FINAL,SR3,2029-06,96.05,96.0500,80933,231965 -,raw/wayback/calls_20260526224449.pdf,2,20260526224449
2026-05-22,FINAL,SR3,2029-09,96.035,96.0350,79168,192960 +,raw/wayback/calls_20260526224449.pdf,2,20260526224449
2026-05-22,FINAL,SR3,2029-12,96.015,96.0150,61446,174795 -,raw/wayback/calls_20260526224449.pdf,2,20260526224449
2026-05-22,FINAL,SR3,2030-03,95.995,95.9950,79953,152441 -,raw/wayback/calls_20260526224449.pdf,2,20260526224449
2026-05-22,FINAL,SR3,2030-06,95.975,95.9750,49061,147870 +,raw/wayback/calls_20260526224449.pdf,2,20260526224449
2026-05-22,FINAL,SR3,2030-09,95.95,95.9500,83431,119940 +,raw/wayback/calls_20260526224449.pdf,2,20260526224449
2026-05-22,FINAL,SR3,2030-12,95.915,95.9150,47409,88514 +,raw/wayback/calls_20260526224449.pdf,2,20260526224449
2026-05-22,FINAL,SR3,2031-03,95.88,95.8800,49559,46113 +,raw/wayback/calls_20260526224449.pdf,2,20260526224449
2026-05-22,FINAL,SR3,2031-06,95.845,95.8450,861,10072 +,raw/wayback/calls_20260526224449.pdf,2,20260526224449
2026-05-22,FINAL,SR3,2031-09,95.805,95.8050,1009,3519 +,raw/wayback/calls_20260526224449.pdf,2,20260526224449
2026-05-22,FINAL,SR3,2031-12,95.765,95.7650,190,2306 +,raw/wayback/calls_20260526224449.pdf,2,20260526224449
2026-05-22,FINAL,SR3,2032-03,95.725,95.7250,32,1264 +,raw/wayback/calls_20260526224449.pdf,2,20260526224449
2026-05-22,FINAL,SR3,2032-06,95.685,95.6850,----,132,raw/wayback/calls_20260526224449.pdf,2,20260526224449
2026-05-22,FINAL,SR3,2032-09,95.645,95.6450,----,67,raw/wayback/calls_20260526224449.pdf,2,20260526224449
2026-05-22,FINAL,SR3,2032-12,95.61,95.6100,----,16,raw/wayback/calls_20260526224449.pdf,2,20260526224449
2026-05-22,FINAL,SR3,2033-03,95.575,95.5750,----,6,raw/wayback/calls_20260526224449.pdf,2,20260526224449
2026-05-26,FINAL,SR1,2026-05,96.41,96.4100,42454,345114 +,raw/wayback/calls_20260527224225.pdf,2,20260527224225
2026-05-26,FINAL,SR1,2026-06,96.385,96.3850,97148,308416 +,raw/wayback/calls_20260527224225.pdf,2,20260527224225
2026-05-26,FINAL,SR1,2026-07,96.35,96.3500,84605,270786 +,raw/wayback/calls_20260527224225.pdf,2,20260527224225
2026-05-26,FINAL,SR1,2026-08,96.315,96.3150,76014,248282 +,raw/wayback/calls_20260527224225.pdf,2,20260527224225
2026-05-26,FINAL,SR1,2026-09,96.285,96.2850,39604,127426 +,raw/wayback/calls_20260527224225.pdf,2,20260527224225
2026-05-26,FINAL,SR1,2026-10,96.265,96.2650,21527,76477 +,raw/wayback/calls_20260527224225.pdf,2,20260527224225
2026-05-26,FINAL,SR1,2026-11,96.235,96.2350,15313,64490 +,raw/wayback/calls_20260527224225.pdf,2,20260527224225
2026-05-26,FINAL,SR1,2026-12,96.175,96.1750,2979,69198 +,raw/wayback/calls_20260527224225.pdf,2,20260527224225
2026-05-26,FINAL,SR1,2027-01,96.16,96.1600,2299,70428 +,raw/wayback/calls_20260527224225.pdf,2,20260527224225
2026-05-26,FINAL,SR1,2027-02,96.14,96.1400,1569,27678 +,raw/wayback/calls_20260527224225.pdf,2,20260527224225
2026-05-26,FINAL,SR1,2027-03,96.11,96.1100,54,6149 -,raw/wayback/calls_20260527224225.pdf,2,20260527224225
2026-05-26,FINAL,SR1,2027-04,96.085,96.0850,433,9779 +,raw/wayback/calls_20260527224225.pdf,2,20260527224225
2026-05-26,FINAL,SR1,2027-05,96.06,96.0600,206,6966 -,raw/wayback/calls_20260527224225.pdf,2,20260527224225
2026-05-26,FINAL,SR1,2027-06,96.055,96.0550 (,13,913 +,raw/wayback/calls_20260527224225.pdf,2,20260527224225
2026-05-26,FINAL,SR1,2027-07,96.055,96.0550 (,----,1183,raw/wayback/calls_20260527224225.pdf,2,20260527224225
2026-05-26,FINAL,SR1,2027-08,96.055,96.0550 (,----,111,raw/wayback/calls_20260527224225.pdf,2,20260527224225
2026-05-26,FINAL,SR3,2026-03,96.3675,96.3675 (,66250,1261614 -,raw/wayback/calls_20260527224225.pdf,2,20260527224225
2026-05-26,FINAL,SR3,2026-04,96.37,96.3700 (,1325,8423 +,raw/wayback/calls_20260527224225.pdf,2,20260527224225
2026-05-26,FINAL,SR3,2026-05,96.3525,96.3525 (,263,4883 -,raw/wayback/calls_20260527224225.pdf,2,20260527224225
2026-05-26,FINAL,SR3,2026-06,96.325,96.3250 (,598924,1340893 -,raw/wayback/calls_20260527224225.pdf,2,20260527224225
2026-05-26,FINAL,SR3,2026-07,96.285,96.2850 (,138,1395 +,raw/wayback/calls_20260527224225.pdf,2,20260527224225
2026-05-26,FINAL,SR3,2026-08,96.255,96.2550 (,103,179 +,raw/wayback/calls_20260527224225.pdf,2,20260527224225
2026-05-26,FINAL,SR3,2026-09,96.235,96.2350 (,494958,1402683 +,raw/wayback/calls_20260527224225.pdf,2,20260527224225
2026-05-26,FINAL,SR3,2026-10,96.185,96.1850 (,----,200,raw/wayback/calls_20260527224225.pdf,2,20260527224225
2026-05-26,FINAL,SR3,2026-12,96.135,96.1350 (,562178,1548828 -,raw/wayback/calls_20260527224225.pdf,2,20260527224225
2026-05-26,FINAL,SR3,2027-03,96.055,96.0550 (,488549,1039214 -,raw/wayback/calls_20260527224225.pdf,2,20260527224225
2026-05-26,FINAL,SR3,2027-06,96.045,96.0450 (,500700,1208746 -,raw/wayback/calls_20260527224225.pdf,2,20260527224225
2026-05-26,FINAL,SR3,2027-09,96.08,96.0800 (,392349,834877 -,raw/wayback/calls_20260527224225.pdf,2,20260527224225
2026-05-26,FINAL,SR3,2027-12,96.135,96.1350 (,404028,1092241 -,raw/wayback/calls_20260527224225.pdf,2,20260527224225
2026-05-26,FINAL,SR3,2028-03,96.17,96.1700 (,424490,720030 -,raw/wayback/calls_20260527224225.pdf,2,20260527224225
2026-05-26,FINAL,SR3,2028-06,96.175,96.1750 (,208600,525081 -,raw/wayback/calls_20260527224225.pdf,2,20260527224225
2026-05-26,FINAL,SR3,2028-09,96.17,96.1700 (,162961,473171 -,raw/wayback/calls_20260527224225.pdf,2,20260527224225
2026-05-26,FINAL,SR3,2028-12,96.16,96.1600 (,155137,392101 +,raw/wayback/calls_20260527224225.pdf,2,20260527224225
2026-05-26,FINAL,SR3,2029-03,96.145,96.1450 (,119678,308476 -,raw/wayback/calls_20260527224225.pdf,2,20260527224225
2026-05-26,FINAL,SR3,2029-06,96.13,96.1300 (,76224,230549 -,raw/wayback/calls_20260527224225.pdf,2,20260527224225
2026-05-26,FINAL,SR3,2029-09,96.115,96.1150 (,69373,192195 -,raw/wayback/calls_20260527224225.pdf,2,20260527224225
2026-05-26,FINAL,SR3,2029-12,96.1,96.1000 (,54830,173497 -,raw/wayback/calls_20260527224225.pdf,2,20260527224225
2026-05-26,FINAL,SR3,2030-03,96.08,96.0800 (,61152,145271 -,raw/wayback/calls_20260527224225.pdf,2,20260527224225
2026-05-26,FINAL,SR3,2030-06,96.055,96.0550 (,50270,149301 +,raw/wayback/calls_20260527224225.pdf,2,20260527224225
2026-05-26,FINAL,SR3,2030-09,96.03,96.0300 (,76698,137654 +,raw/wayback/calls_20260527224225.pdf,2,20260527224225
2026-05-26,FINAL,SR3,2030-12,95.995,95.9950 (,39862,89519 +,raw/wayback/calls_20260527224225.pdf,2,20260527224225
2026-05-26,FINAL,SR3,2031-03,95.96,95.9600 (,36997,46882 +,raw/wayback/calls_20260527224225.pdf,2,20260527224225
2026-05-26,FINAL,SR3,2031-06,95.925,95.9250 (,2666,11065 +,raw/wayback/calls_20260527224225.pdf,2,20260527224225
2026-05-26,FINAL,SR3,2031-09,95.885,95.8850 (,2258,4649 +,raw/wayback/calls_20260527224225.pdf,2,20260527224225
2026-05-26,FINAL,SR3,2031-12,95.845,95.8450 (,749,2463 +,raw/wayback/calls_20260527224225.pdf,2,20260527224225
2026-05-26,FINAL,SR3,2032-03,95.805,95.8050 (,717,1776 +,raw/wayback/calls_20260527224225.pdf,2,20260527224225
2026-05-26,FINAL,SR3,2032-06,95.765,95.7650 (,13,145 +,raw/wayback/calls_20260527224225.pdf,2,20260527224225
2026-05-26,FINAL,SR3,2032-09,95.725,95.7250 (,6,71 +,raw/wayback/calls_20260527224225.pdf,2,20260527224225
2026-05-26,FINAL,SR3,2032-12,95.69,95.6900 (,----,16,raw/wayback/calls_20260527224225.pdf,2,20260527224225
2026-05-26,FINAL,SR3,2033-03,95.655,95.6550 (,----,6,raw/wayback/calls_20260527224225.pdf,2,20260527224225
2026-05-27,FINAL,SR1,2026-05,96.41,96.4100,29291,348459 +,raw/wayback/calls_20260528225415.pdf,2,20260528225415
2026-05-27,FINAL,SR1,2026-06,96.39,96.3900,75179,314488 +,raw/wayback/calls_20260528225415.pdf,2,20260528225415
2026-05-27,FINAL,SR1,2026-07,96.36,96.3600,43913,272289 +,raw/wayback/calls_20260528225415.pdf,2,20260528225415
2026-05-27,FINAL,SR1,2026-08,96.325,96.3250,49316,256339 +,raw/wayback/calls_20260528225415.pdf,2,20260528225415
2026-05-27,FINAL,SR1,2026-09,96.295,96.2950,22399,130248 +,raw/wayback/calls_20260528225415.pdf,2,20260528225415
2026-05-27,FINAL,SR1,2026-10,96.275,96.2750,18610,76846 +,raw/wayback/calls_20260528225415.pdf,2,20260528225415
2026-05-27,FINAL,SR1,2026-11,96.25,96.2500,11029,66909 +,raw/wayback/calls_20260528225415.pdf,2,20260528225415
2026-05-27,FINAL,SR1,2026-12,96.195,96.1950,2117,69265 +,raw/wayback/calls_20260528225415.pdf,2,20260528225415
2026-05-27,FINAL,SR1,2027-01,96.18,96.1800,1950,70199 -,raw/wayback/calls_20260528225415.pdf,2,20260528225415
2026-05-27,FINAL,SR1,2027-02,96.16,96.1600,1709,27563 -,raw/wayback/calls_20260528225415.pdf,2,20260528225415
2026-05-27,FINAL,SR1,2027-03,96.13,96.1300,82,6168 +,raw/wayback/calls_20260528225415.pdf,2,20260528225415
2026-05-27,FINAL,SR1,2027-04,96.105,96.1050,49,9783 +,raw/wayback/calls_20260528225415.pdf,2,20260528225415
2026-05-27,FINAL,SR1,2027-05,96.08,96.0800,42,6975 +,raw/wayback/calls_20260528225415.pdf,2,20260528225415
2026-05-27,FINAL,SR1,2027-06,96.075,96.0750,2,913,raw/wayback/calls_20260528225415.pdf,2,20260528225415
2026-05-27,FINAL,SR1,2027-07,96.075,96.0750,3,1183,raw/wayback/calls_20260528225415.pdf,2,20260528225415
2026-05-27,FINAL,SR1,2027-08,96.08,96.0800 (,3,112 +,raw/wayback/calls_20260528225415.pdf,2,20260528225415
2026-05-27,FINAL,SR3,2026-03,96.3675,96.3675 (,45309,1265901 +,raw/wayback/calls_20260528225415.pdf,2,20260528225415
2026-05-27,FINAL,SR3,2026-04,96.37,96.3700 (,530,8747 +,raw/wayback/calls_20260528225415.pdf,2,20260528225415
2026-05-27,FINAL,SR3,2026-05,96.3525,96.3525 (,225,4758 -,raw/wayback/calls_20260528225415.pdf,2,20260528225415
2026-05-27,FINAL,SR3,2026-06,96.33,96.3300 (,350845,1360292 +,raw/wayback/calls_20260528225415.pdf,2,20260528225415
2026-05-27,FINAL,SR3,2026-07,96.295,96.2950 (,12,1407 +,raw/wayback/calls_20260528225415.pdf,2,20260528225415
2026-05-27,FINAL,SR3,2026-08,96.265,96.2650 (,----,179,raw/wayback/calls_20260528225415.pdf,2,20260528225415
2026-05-27,FINAL,SR3,2026-09,96.25,96.2500 (,355232,1413425 +,raw/wayback/calls_20260528225415.pdf,2,20260528225415
2026-05-27,FINAL,SR3,2026-10,96.2,96.2000 (,----,200,raw/wayback/calls_20260528225415.pdf,2,20260528225415
2026-05-27,FINAL,SR3,2026-12,96.155,96.1550 (,380781,1548820 -,raw/wayback/calls_20260528225415.pdf,2,20260528225415
2026-05-27,FINAL,SR3,2027-03,96.08,96.0800 (,339283,1040753 +,raw/wayback/calls_20260528225415.pdf,2,20260528225415
2026-05-27,FINAL,SR3,2027-06,96.065,96.0650 (,335359,1201962 -,raw/wayback/calls_20260528225415.pdf,2,20260528225415
2026-05-27,FINAL,SR3,2027-09,96.095,96.0950 (,253287,823923 -,raw/wayback/calls_20260528225415.pdf,2,20260528225415
2026-05-27,FINAL,SR3,2027-12,96.14,96.1400 (,282279,1083821 -,raw/wayback/calls_20260528225415.pdf,2,20260528225415
2026-05-27,FINAL,SR3,2028-03,96.17,96.1700 (,307645,676543 -,raw/wayback/calls_20260528225415.pdf,2,20260528225415
2026-05-27,FINAL,SR3,2028-06,96.18,96.1800 (,158225,512921 -,raw/wayback/calls_20260528225415.pdf,2,20260528225415
2026-05-27,FINAL,SR3,2028-09,96.175,96.1750 (,136999,468110 -,raw/wayback/calls_20260528225415.pdf,2,20260528225415
2026-05-27,FINAL,SR3,2028-12,96.165,96.1650 (,114557,396504 +,raw/wayback/calls_20260528225415.pdf,2,20260528225415
2026-05-27,FINAL,SR3,2029-03,96.15,96.1500 (,100970,307943 -,raw/wayback/calls_20260528225415.pdf,2,20260528225415
2026-05-27,FINAL,SR3,2029-06,96.135,96.1350 (,59967,228372 -,raw/wayback/calls_20260528225415.pdf,2,20260528225415
2026-05-27,FINAL,SR3,2029-09,96.12,96.1200 (,43920,190922 -,raw/wayback/calls_20260528225415.pdf,2,20260528225415
2026-05-27,FINAL,SR3,2029-12,96.105,96.1050 (,42837,172924 -,raw/wayback/calls_20260528225415.pdf,2,20260528225415
2026-05-27,FINAL,SR3,2030-03,96.085,96.0850 (,48606,145549 +,raw/wayback/calls_20260528225415.pdf,2,20260528225415
2026-05-27,FINAL,SR3,2030-06,96.06,96.0600 (,36452,148384 -,raw/wayback/calls_20260528225415.pdf,2,20260528225415
2026-05-27,FINAL,SR3,2030-09,96.03,96.0300 (,45934,137276 -,raw/wayback/calls_20260528225415.pdf,2,20260528225415
2026-05-27,FINAL,SR3,2030-12,95.995,95.9950 (,34713,86185 -,raw/wayback/calls_20260528225415.pdf,2,20260528225415
2026-05-27,FINAL,SR3,2031-03,95.96,95.9600 (,27716,48018 +,raw/wayback/calls_20260528225415.pdf,2,20260528225415
2026-05-27,FINAL,SR3,2031-06,95.92,95.9200 (,526,11069 +,raw/wayback/calls_20260528225415.pdf,2,20260528225415
2026-05-27,FINAL,SR3,2031-09,95.88,95.8800 (,606,4843 +,raw/wayback/calls_20260528225415.pdf,2,20260528225415
2026-05-27,FINAL,SR3,2031-12,95.835,95.8350 (,232,2554 +,raw/wayback/calls_20260528225415.pdf,2,20260528225415
2026-05-27,FINAL,SR3,2032-03,95.795,95.7950 (,233,1894 +,raw/wayback/calls_20260528225415.pdf,2,20260528225415
2026-05-27,FINAL,SR3,2032-06,95.755,95.7550 (,----,145,raw/wayback/calls_20260528225415.pdf,2,20260528225415
2026-05-27,FINAL,SR3,2032-09,95.715,95.7150 (,----,71,raw/wayback/calls_20260528225415.pdf,2,20260528225415
2026-05-27,FINAL,SR3,2032-12,95.68,95.6800 (,----,16,raw/wayback/calls_20260528225415.pdf,2,20260528225415
2026-05-27,FINAL,SR3,2033-03,95.645,95.6450 (,----,6,raw/wayback/calls_20260528225415.pdf,2,20260528225415
2026-05-28,FINAL,SR1,2026-05,96.41,96.4100,12685,349135 +,raw/wayback/calls_20260529224211.pdf,2,20260529224211
2026-05-28,FINAL,SR1,2026-06,96.385,96.3850,45467,317314 +,raw/wayback/calls_20260529224211.pdf,2,20260529224211
2026-05-28,FINAL,SR1,2026-07,96.36,96.3600,41720,280432 +,raw/wayback/calls_20260529224211.pdf,2,20260529224211
2026-05-28,FINAL,SR1,2026-08,96.33,96.3300,45748,258394 +,raw/wayback/calls_20260529224211.pdf,2,20260529224211
2026-05-28,FINAL,SR1,2026-09,96.3,96.3000,23119,133813 +,raw/wayback/calls_20260529224211.pdf,2,20260529224211
2026-05-28,FINAL,SR1,2026-10,96.28,96.2800,15979,77073 +,raw/wayback/calls_20260529224211.pdf,2,20260529224211
2026-05-28,FINAL,SR1,2026-11,96.255,96.2550,9110,67124 +,raw/wayback/calls_20260529224211.pdf,2,20260529224211
2026-05-28,FINAL,SR1,2026-12,96.2,96.2000,7945,69082 -,raw/wayback/calls_20260529224211.pdf,2,20260529224211
2026-05-28,FINAL,SR1,2027-01,96.185,96.1850,2674,70270 +,raw/wayback/calls_20260529224211.pdf,2,20260529224211
2026-05-28,FINAL,SR1,2027-02,96.17,96.1700,1981,27657 +,raw/wayback/calls_20260529224211.pdf,2,20260529224211
2026-05-28,FINAL,SR1,2027-03,96.145,96.1450,108,6164 -,raw/wayback/calls_20260529224211.pdf,2,20260529224211
2026-05-28,FINAL,SR1,2027-04,96.12,96.1200,166,9845 +,raw/wayback/calls_20260529224211.pdf,2,20260529224211
2026-05-28,FINAL,SR1,2027-05,96.095,96.0950,49,6977 +,raw/wayback/calls_20260529224211.pdf,2,20260529224211
2026-05-28,FINAL,SR1,2027-06,96.09,96.0900,----,913,raw/wayback/calls_20260529224211.pdf,2,20260529224211
2026-05-28,FINAL,SR1,2027-07,96.09,96.0900,----,1183,raw/wayback/calls_20260529224211.pdf,2,20260529224211
2026-05-28,FINAL,SR1,2027-08,96.095,96.0950,----,112,raw/wayback/calls_20260529224211.pdf,2,20260529224211
2026-05-28,FINAL,SR3,2026-03,96.3675,96.3675,32777,1259500 -,raw/wayback/calls_20260529224211.pdf,2,20260529224211
2026-05-28,FINAL,SR3,2026-04,96.37,96.3700,200,8920 +,raw/wayback/calls_20260529224211.pdf,2,20260529224211
2026-05-28,FINAL,SR3,2026-05,96.355,96.3550,725,4077 -,raw/wayback/calls_20260529224211.pdf,2,20260529224211
2026-05-28,FINAL,SR3,2026-06,96.3325,96.3325,380119,1344797 -,raw/wayback/calls_20260529224211.pdf,2,20260529224211
2026-05-28,FINAL,SR3,2026-07,96.3,96.3000,1,1407,raw/wayback/calls_20260529224211.pdf,2,20260529224211
2026-05-28,FINAL,SR3,2026-08,96.27,96.2700,----,179,raw/wayback/calls_20260529224211.pdf,2,20260529224211
2026-05-28,FINAL,SR3,2026-09,96.245,96.2450,429180,1441302 +,raw/wayback/calls_20260529224211.pdf,2,20260529224211
2026-05-28,FINAL,SR3,2026-10,96.205,96.2050,----,200,raw/wayback/calls_20260529224211.pdf,2,20260529224211
2026-05-28,FINAL,SR3,2026-12,96.16,96.1600,471199,1565606 +,raw/wayback/calls_20260529224211.pdf,2,20260529224211
2026-05-28,FINAL,SR3,2027-03,96.095,96.0950,413098,1053220 +,raw/wayback/calls_20260529224211.pdf,2,20260529224211
2026-05-28,FINAL,SR3,2027-06,96.08,96.0800,413834,1208144 +,raw/wayback/calls_20260529224211.pdf,2,20260529224211
2026-05-28,FINAL,SR3,2027-09,96.105,96.1050,260877,831361 +,raw/wayback/calls_20260529224211.pdf,2,20260529224211
2026-05-28,FINAL,SR3,2027-12,96.15,96.1500,336765,1092931 +,raw/wayback/calls_20260529224211.pdf,2,20260529224211
2026-05-28,FINAL,SR3,2028-03,96.18,96.1800,265519,672282 -,raw/wayback/calls_20260529224211.pdf,2,20260529224211
2026-05-28,FINAL,SR3,2028-06,96.19,96.1900,175375,532514 +,raw/wayback/calls_20260529224211.pdf,2,20260529224211
2026-05-28,FINAL,SR3,2028-09,96.185,96.1850,129058,465470 -,raw/wayback/calls_20260529224211.pdf,2,20260529224211
2026-05-28,FINAL,SR3,2028-12,96.18,96.1800,130079,397240 +,raw/wayback/calls_20260529224211.pdf,2,20260529224211
2026-05-28,FINAL,SR3,2029-03,96.17,96.1700,107948,313501 +,raw/wayback/calls_20260529224211.pdf,2,20260529224211
2026-05-28,FINAL,SR3,2029-06,96.165,96.1650,65372,229696 +,raw/wayback/calls_20260529224211.pdf,2,20260529224211
2026-05-28,FINAL,SR3,2029-09,96.15,96.1500 (,47997,191266 +,raw/wayback/calls_20260529224211.pdf,2,20260529224211
2026-05-28,FINAL,SR3,2029-12,96.13,96.1300 (,54538,173379 +,raw/wayback/calls_20260529224211.pdf,2,20260529224211
2026-05-28,FINAL,SR3,2030-03,96.11,96.1100 (,49893,144486 -,raw/wayback/calls_20260529224211.pdf,2,20260529224211
2026-05-28,FINAL,SR3,2030-06,96.09,96.0900 (,37208,147817 -,raw/wayback/calls_20260529224211.pdf,2,20260529224211
2026-05-28,FINAL,SR3,2030-09,96.06,96.0600 (,47395,132964 -,raw/wayback/calls_20260529224211.pdf,2,20260529224211
2026-05-28,FINAL,SR3,2030-12,96.025,96.0250 (,36768,85155 -,raw/wayback/calls_20260529224211.pdf,2,20260529224211
2026-05-28,FINAL,SR3,2031-03,95.99,95.9900 (,37366,49327 +,raw/wayback/calls_20260529224211.pdf,2,20260529224211
2026-05-28,FINAL,SR3,2031-06,95.95,95.9500 (,698,11362 +,raw/wayback/calls_20260529224211.pdf,2,20260529224211
2026-05-28,FINAL,SR3,2031-09,95.91,95.9100 (,38,4838 -,raw/wayback/calls_20260529224211.pdf,2,20260529224211
2026-05-28,FINAL,SR3,2031-12,95.865,95.8650 (,40,2525 -,raw/wayback/calls_20260529224211.pdf,2,20260529224211
2026-05-28,FINAL,SR3,2032-03,95.825,95.8250 (,----,1894,raw/wayback/calls_20260529224211.pdf,2,20260529224211
2026-05-28,FINAL,SR3,2032-06,95.785,95.7850 (,----,145,raw/wayback/calls_20260529224211.pdf,2,20260529224211
2026-05-28,FINAL,SR3,2032-09,95.745,95.7450 (,----,71,raw/wayback/calls_20260529224211.pdf,2,20260529224211
2026-05-28,FINAL,SR3,2032-12,95.71,95.7100 (,----,16,raw/wayback/calls_20260529224211.pdf,2,20260529224211
2026-05-28,FINAL,SR3,2033-03,95.675,95.6750 (,----,6,raw/wayback/calls_20260529224211.pdf,2,20260529224211
2026-05-29,FINAL,SR1,2026-05,96.4125,96.4125,62368,368597 +,raw/wayback/calls_20260601231426.pdf,2,20260601231426
2026-05-29,FINAL,SR1,2026-06,96.3875,96.3875,41649,324196 +,raw/wayback/calls_20260601231426.pdf,2,20260601231426
2026-05-29,FINAL,SR1,2026-07,96.36,96.3600,24795,279582 -,raw/wayback/calls_20260601231426.pdf,2,20260601231426
2026-05-29,FINAL,SR1,2026-08,96.335,96.3350,35572,261785 +,raw/wayback/calls_20260601231426.pdf,2,20260601231426
2026-05-29,FINAL,SR1,2026-09,96.31,96.3100,21352,142824 +,raw/wayback/calls_20260601231426.pdf,2,20260601231426
2026-05-29,FINAL,SR1,2026-10,96.29,96.2900,12036,79022 +,raw/wayback/calls_20260601231426.pdf,2,20260601231426
2026-05-29,FINAL,SR1,2026-11,96.265,96.2650,6993,68468 +,raw/wayback/calls_20260601231426.pdf,2,20260601231426
2026-05-29,FINAL,SR1,2026-12,96.21,96.2100,1726,69332 +,raw/wayback/calls_20260601231426.pdf,2,20260601231426
2026-05-29,FINAL,SR1,2027-01,96.195,96.1950,4612,72077 +,raw/wayback/calls_20260601231426.pdf,2,20260601231426
2026-05-29,FINAL,SR1,2027-02,96.18,96.1800,3486,27638 -,raw/wayback/calls_20260601231426.pdf,2,20260601231426
2026-05-29,FINAL,SR1,2027-03,96.155,96.1550,180,6242 +,raw/wayback/calls_20260601231426.pdf,2,20260601231426
2026-05-29,FINAL,SR1,2027-04,96.13,96.1300,246,9860 +,raw/wayback/calls_20260601231426.pdf,2,20260601231426
2026-05-29,FINAL,SR1,2027-05,96.11,96.1100,175,7061 +,raw/wayback/calls_20260601231426.pdf,2,20260601231426
2026-05-29,FINAL,SR1,2027-06,96.105,96.1050 (,7,915 +,raw/wayback/calls_20260601231426.pdf,2,20260601231426
2026-05-29,FINAL,SR1,2027-07,96.105,96.1050 (,75,1204 +,raw/wayback/calls_20260601231426.pdf,2,20260601231426
2026-05-29,FINAL,SR1,2027-08,96.105,96.1050 (,----,112,raw/wayback/calls_20260601231426.pdf,2,20260601231426
2026-05-29,FINAL,SR3,2026-03,96.37,96.3700,15918,1264191 +,raw/wayback/calls_20260601231426.pdf,2,20260601231426
2026-05-29,FINAL,SR3,2026-04,96.3725,96.3725,489,9048 +,raw/wayback/calls_20260601231426.pdf,2,20260601231426
2026-05-29,FINAL,SR3,2026-05,96.3575,96.3575,438,3666 -,raw/wayback/calls_20260601231426.pdf,2,20260601231426
2026-05-29,FINAL,SR3,2026-06,96.335,96.3350,382061,1351660 +,raw/wayback/calls_20260601231426.pdf,2,20260601231426
2026-05-29,FINAL,SR3,2026-07,96.305,96.3050,----,1407,raw/wayback/calls_20260601231426.pdf,2,20260601231426
2026-05-29,FINAL,SR3,2026-08,96.28,96.2800,----,179,raw/wayback/calls_20260601231426.pdf,2,20260601231426
2026-05-29,FINAL,SR3,2026-09,96.265,96.2650,377753,1441328 +,raw/wayback/calls_20260601231426.pdf,2,20260601231426
2026-05-29,FINAL,SR3,2026-10,96.225,96.2250,----,200,raw/wayback/calls_20260601231426.pdf,2,20260601231426
2026-05-29,FINAL,SR3,2026-12,96.17,96.1700,428234,1563955 -,raw/wayback/calls_20260601231426.pdf,2,20260601231426
2026-05-29,FINAL,SR3,2027-03,96.1,96.1000,397255,1027332 -,raw/wayback/calls_20260601231426.pdf,2,20260601231426
2026-05-29,FINAL,SR3,2027-06,96.085,96.0850,323353,1201714 -,raw/wayback/calls_20260601231426.pdf,2,20260601231426
2026-05-29,FINAL,SR3,2027-09,96.115,96.1150,263172,833602 +,raw/wayback/calls_20260601231426.pdf,2,20260601231426
2026-05-29,FINAL,SR3,2027-12,96.16,96.1600,268345,1100561 +,raw/wayback/calls_20260601231426.pdf,2,20260601231426
2026-05-29,FINAL,SR3,2028-03,96.195,96.1950,231374,687749 +,raw/wayback/calls_20260601231426.pdf,2,20260601231426
2026-05-29,FINAL,SR3,2028-06,96.205,96.2050,140096,525783 -,raw/wayback/calls_20260601231426.pdf,2,20260601231426
2026-05-29,FINAL,SR3,2028-09,96.205,96.2050 (,111183,465708 +,raw/wayback/calls_20260601231426.pdf,2,20260601231426
2026-05-29,FINAL,SR3,2028-12,96.2,96.2000 (,118548,400332 +,raw/wayback/calls_20260601231426.pdf,2,20260601231426
2026-05-29,FINAL,SR3,2029-03,96.19,96.1900 (,104431,322647 +,raw/wayback/calls_20260601231426.pdf,2,20260601231426
2026-05-29,FINAL,SR3,2029-06,96.175,96.1750 (,57468,233374 +,raw/wayback/calls_20260601231426.pdf,2,20260601231426
2026-05-29,FINAL,SR3,2029-09,96.16,96.1600 (,43818,192110 +,raw/wayback/calls_20260601231426.pdf,2,20260601231426
2026-05-29,FINAL,SR3,2029-12,96.14,96.1400 (,42698,176161 +,raw/wayback/calls_20260601231426.pdf,2,20260601231426
2026-05-29,FINAL,SR3,2030-03,96.12,96.1200 (,41794,145866 +,raw/wayback/calls_20260601231426.pdf,2,20260601231426
2026-05-29,FINAL,SR3,2030-06,96.095,96.0950 (,27194,147379 -,raw/wayback/calls_20260601231426.pdf,2,20260601231426
2026-05-29,FINAL,SR3,2030-09,96.065,96.0650 (,30801,133007 +,raw/wayback/calls_20260601231426.pdf,2,20260601231426
2026-05-29,FINAL,SR3,2030-12,96.025,96.0250 (,28598,85134 -,raw/wayback/calls_20260601231426.pdf,2,20260601231426
2026-05-29,FINAL,SR3,2031-03,95.985,95.9850 (,24393,49182 -,raw/wayback/calls_20260601231426.pdf,2,20260601231426
2026-05-29,FINAL,SR3,2031-06,95.945,95.9450 (,721,11824 +,raw/wayback/calls_20260601231426.pdf,2,20260601231426
2026-05-29,FINAL,SR3,2031-09,95.905,95.9050 (,225,4854 +,raw/wayback/calls_20260601231426.pdf,2,20260601231426
2026-05-29,FINAL,SR3,2031-12,95.86,95.8600 (,69,2546 +,raw/wayback/calls_20260601231426.pdf,2,20260601231426
2026-05-29,FINAL,SR3,2032-03,95.815,95.8150 (,4,1898 +,raw/wayback/calls_20260601231426.pdf,2,20260601231426
2026-05-29,FINAL,SR3,2032-06,95.775,95.7750 (,----,145,raw/wayback/calls_20260601231426.pdf,2,20260601231426
2026-05-29,FINAL,SR3,2032-09,95.735,95.7350 (,----,71,raw/wayback/calls_20260601231426.pdf,2,20260601231426
2026-05-29,FINAL,SR3,2032-12,95.7,95.7000 (,----,16,raw/wayback/calls_20260601231426.pdf,2,20260601231426
2026-05-29,FINAL,SR3,2033-03,95.665,95.6650 (,----,6,raw/wayback/calls_20260601231426.pdf,2,20260601231426
2026-06-01,FINAL,SR1,2026-05,96.413,96.4130,----,368735 +,raw/wayback/calls_20260602231341.pdf,2,20260602231341
2026-06-01,FINAL,SR1,2026-06,96.3925,96.3925,75737,332048 +,raw/wayback/calls_20260602231341.pdf,2,20260602231341
2026-06-01,FINAL,SR1,2026-07,96.365,96.3650,61144,296604 +,raw/wayback/calls_20260602231341.pdf,2,20260602231341
2026-06-01,FINAL,SR1,2026-08,96.335,96.3350,27074,265916 +,raw/wayback/calls_20260602231341.pdf,2,20260602231341
2026-06-01,FINAL,SR1,2026-09,96.305,96.3050,11940,147670 +,raw/wayback/calls_20260602231341.pdf,2,20260602231341
2026-06-01,FINAL,SR1,2026-10,96.28,96.2800,13623,82979 +,raw/wayback/calls_20260602231341.pdf,2,20260602231341
2026-06-01,FINAL,SR1,2026-11,96.245,96.2450,22025,74540 +,raw/wayback/calls_20260602231341.pdf,2,20260602231341
2026-06-01,FINAL,SR1,2026-12,96.18,96.1800,2708,69493 +,raw/wayback/calls_20260602231341.pdf,2,20260602231341
2026-06-01,FINAL,SR1,2027-01,96.16,96.1600,5385,72482 +,raw/wayback/calls_20260602231341.pdf,2,20260602231341
2026-06-01,FINAL,SR1,2027-02,96.14,96.1400,2585,28418 +,raw/wayback/calls_20260602231341.pdf,2,20260602231341
2026-06-01,FINAL,SR1,2027-03,96.11,96.1100,762,6176 -,raw/wayback/calls_20260602231341.pdf,2,20260602231341
2026-06-01,FINAL,SR1,2027-04,96.08,96.0800,698,9967 +,raw/wayback/calls_20260602231341.pdf,2,20260602231341
2026-06-01,FINAL,SR1,2027-05,96.055,96.0550,214,7098 +,raw/wayback/calls_20260602231341.pdf,2,20260602231341
2026-06-01,FINAL,SR1,2027-06,96.05,96.0500,----,915,raw/wayback/calls_20260602231341.pdf,2,20260602231341
2026-06-01,FINAL,SR1,2027-07,96.05,96.0500,2,1204,raw/wayback/calls_20260602231341.pdf,2,20260602231341
2026-06-01,FINAL,SR1,2027-08,96.045,96.0450,1,112,raw/wayback/calls_20260602231341.pdf,2,20260602231341
2026-06-01,FINAL,SR3,2026-03,96.3675,96.3675,45240,1287265 +,raw/wayback/calls_20260602231341.pdf,2,20260602231341
2026-06-01,FINAL,SR3,2026-04,96.37,96.3700,412,9010 -,raw/wayback/calls_20260602231341.pdf,2,20260602231341
2026-06-01,FINAL,SR3,2026-05,96.355,96.3550,105,3546 -,raw/wayback/calls_20260602231341.pdf,2,20260602231341
2026-06-01,FINAL,SR3,2026-06,96.335,96.3350,309028,1354814 +,raw/wayback/calls_20260602231341.pdf,2,20260602231341
2026-06-01,FINAL,SR3,2026-07,96.305,96.3050,52,1495 +,raw/wayback/calls_20260602231341.pdf,2,20260602231341
2026-06-01,FINAL,SR3,2026-08,96.28,96.2800,150,262 +,raw/wayback/calls_20260602231341.pdf,2,20260602231341
2026-06-01,FINAL,SR3,2026-09,96.245,96.2450,348622,1465354 +,raw/wayback/calls_20260602231341.pdf,2,20260602231341
2026-06-01,FINAL,SR3,2026-10,96.2,96.2000,----,200,raw/wayback/calls_20260602231341.pdf,2,20260602231341
2026-06-01,FINAL,SR3,2026-12,96.135,96.1350,435001,1567271 +,raw/wayback/calls_20260602231341.pdf,2,20260602231341
2026-06-01,FINAL,SR3,2027-03,96.045,96.0450,435197,1030607 +,raw/wayback/calls_20260602231341.pdf,2,20260602231341
2026-06-01,FINAL,SR3,2027-06,96.025,96.0250,407342,1200186 -,raw/wayback/calls_20260602231341.pdf,2,20260602231341
2026-06-01,FINAL,SR3,2027-09,96.05,96.0500,267592,846133 +,raw/wayback/calls_20260602231341.pdf,2,20260602231341
2026-06-01,FINAL,SR3,2027-12,96.1,96.1000,307974,1102549 +,raw/wayback/calls_20260602231341.pdf,2,20260602231341
2026-06-01,FINAL,SR3,2028-03,96.14,96.1400,238835,690163 +,raw/wayback/calls_20260602231341.pdf,2,20260602231341
2026-06-01,FINAL,SR3,2028-06,96.155,96.1550,230660,532100 +,raw/wayback/calls_20260602231341.pdf,2,20260602231341
2026-06-01,FINAL,SR3,2028-09,96.16,96.1600,212975,458593 -,raw/wayback/calls_20260602231341.pdf,2,20260602231341
2026-06-01,FINAL,SR3,2028-12,96.155,96.1550,231045,393674 -,raw/wayback/calls_20260602231341.pdf,2,20260602231341
2026-06-01,FINAL,SR3,2029-03,96.15,96.1500,191335,307725 -,raw/wayback/calls_20260602231341.pdf,2,20260602231341
2026-06-01,FINAL,SR3,2029-06,96.145,96.1450,74856,235739 +,raw/wayback/calls_20260602231341.pdf,2,20260602231341
2026-06-01,FINAL,SR3,2029-09,96.13,96.1300,53569,194448 +,raw/wayback/calls_20260602231341.pdf,2,20260602231341
2026-06-01,FINAL,SR3,2029-12,96.11,96.1100 (,54116,176871 +,raw/wayback/calls_20260602231341.pdf,2,20260602231341
2026-06-01,FINAL,SR3,2030-03,96.085,96.0850 (,49652,141821 -,raw/wayback/calls_20260602231341.pdf,2,20260602231341
2026-06-01,FINAL,SR3,2030-06,96.06,96.0600 (,31108,148580 +,raw/wayback/calls_20260602231341.pdf,2,20260602231341
2026-06-01,FINAL,SR3,2030-09,96.03,96.0300 (,32327,132782 -,raw/wayback/calls_20260602231341.pdf,2,20260602231341
2026-06-01,FINAL,SR3,2030-12,95.995,95.9950 (,32999,85507 +,raw/wayback/calls_20260602231341.pdf,2,20260602231341
2026-06-01,FINAL,SR3,2031-03,95.955,95.9550 (,30247,48006 -,raw/wayback/calls_20260602231341.pdf,2,20260602231341
2026-06-01,FINAL,SR3,2031-06,95.915,95.9150 (,316,11847 +,raw/wayback/calls_20260602231341.pdf,2,20260602231341
2026-06-01,FINAL,SR3,2031-09,95.875,95.8750 (,201,4844 -,raw/wayback/calls_20260602231341.pdf,2,20260602231341
2026-06-01,FINAL,SR3,2031-12,95.83,95.8300 (,198,2403 -,raw/wayback/calls_20260602231341.pdf,2,20260602231341
2026-06-01,FINAL,SR3,2032-03,95.785,95.7850 (,121,1786 -,raw/wayback/calls_20260602231341.pdf,2,20260602231341
2026-06-01,FINAL,SR3,2032-06,95.745,95.7450 (,----,145,raw/wayback/calls_20260602231341.pdf,2,20260602231341
2026-06-01,FINAL,SR3,2032-09,95.705,95.7050 (,----,71,raw/wayback/calls_20260602231341.pdf,2,20260602231341
2026-06-01,FINAL,SR3,2032-12,95.67,95.6700 (,----,16,raw/wayback/calls_20260602231341.pdf,2,20260602231341
2026-06-01,FINAL,SR3,2033-03,95.635,95.6350 (,----,6,raw/wayback/calls_20260602231341.pdf,2,20260602231341
2026-06-03,FINAL,SR1,2026-06,96.3975,96.3975,58923,371161 +,raw/wayback/calls_20260604223244.pdf,2,20260604223244
2026-06-03,FINAL,SR1,2026-07,96.37,96.3700,10786,295239 +,raw/wayback/calls_20260604223244.pdf,2,20260604223244
2026-06-03,FINAL,SR1,2026-08,96.34,96.3400,11359,268374 +,raw/wayback/calls_20260604223244.pdf,2,20260604223244
2026-06-03,FINAL,SR1,2026-09,96.31,96.3100,5199,148160 -,raw/wayback/calls_20260604223244.pdf,2,20260604223244
2026-06-03,FINAL,SR1,2026-10,96.28,96.2800,11292,87725 +,raw/wayback/calls_20260604223244.pdf,2,20260604223244
2026-06-03,FINAL,SR1,2026-11,96.24,96.2400,17652,80160 +,raw/wayback/calls_20260604223244.pdf,2,20260604223244
2026-06-03,FINAL,SR1,2026-12,96.17,96.1700,8228,74342 +,raw/wayback/calls_20260604223244.pdf,2,20260604223244
2026-06-03,FINAL,SR1,2027-01,96.145,96.1450,5206,75576 +,raw/wayback/calls_20260604223244.pdf,2,20260604223244
2026-06-03,FINAL,SR1,2027-02,96.115,96.1150,2502,28637 +,raw/wayback/calls_20260604223244.pdf,2,20260604223244
2026-06-03,FINAL,SR1,2027-03,96.08,96.0800,289,6455 +,raw/wayback/calls_20260604223244.pdf,2,20260604223244
2026-06-03,FINAL,SR1,2027-04,96.045,96.0450,560,10352 +,raw/wayback/calls_20260604223244.pdf,2,20260604223244
2026-06-03,FINAL,SR1,2027-05,96.01,96.0100,252,7047 +,raw/wayback/calls_20260604223244.pdf,2,20260604223244
2026-06-03,FINAL,SR1,2027-06,96.0,96.0000,49,989 +,raw/wayback/calls_20260604223244.pdf,2,20260604223244
2026-06-03,FINAL,SR1,2027-07,96.0,96.0000,3,1206,raw/wayback/calls_20260604223244.pdf,2,20260604223244
2026-06-03,FINAL,SR1,2027-08,95.995,95.9950,----,112,raw/wayback/calls_20260604223244.pdf,2,20260604223244
2026-06-03,FINAL,SR3,2026-03,96.3675,96.3675,15372,1276913 +,raw/wayback/calls_20260604223244.pdf,2,20260604223244
2026-06-03,FINAL,SR3,2026-04,96.3725,96.3725,----,9003,raw/wayback/calls_20260604223244.pdf,2,20260604223244
2026-06-03,FINAL,SR3,2026-05,96.36,96.3600,324,3019 -,raw/wayback/calls_20260604223244.pdf,2,20260604223244
2026-06-03,FINAL,SR3,2026-06,96.3425,96.3425,271833,1377974 +,raw/wayback/calls_20260604223244.pdf,2,20260604223244
2026-06-03,FINAL,SR3,2026-07,96.31,96.3100,----,1463 +,raw/wayback/calls_20260604223244.pdf,2,20260604223244
2026-06-03,FINAL,SR3,2026-08,96.28,96.2800 (,----,271 +,raw/wayback/calls_20260604223244.pdf,2,20260604223244
2026-06-03,FINAL,SR3,2026-09,96.24,96.2400 (,292791,1493578 +,raw/wayback/calls_20260604223244.pdf,2,20260604223244
2026-06-03,FINAL,SR3,2026-10,96.19,96.1900 (,----,200,raw/wayback/calls_20260604223244.pdf,2,20260604223244
2026-06-03,FINAL,SR3,2026-12,96.11,96.1100 (,371253,1596012 +,raw/wayback/calls_20260604223244.pdf,2,20260604223244
2026-06-03,FINAL,SR3,2027-03,96.005,96.0050 (,330503,1073259 +,raw/wayback/calls_20260604223244.pdf,2,20260604223244
2026-06-03,FINAL,SR3,2027-06,95.975,95.9750 (,279682,1203120 +,raw/wayback/calls_20260604223244.pdf,2,20260604223244
2026-06-03,FINAL,SR3,2027-09,96.005,96.0050 (,194718,849442 +,raw/wayback/calls_20260604223244.pdf,2,20260604223244
2026-06-03,FINAL,SR3,2027-12,96.06,96.0600 (,223117,1119639 +,raw/wayback/calls_20260604223244.pdf,2,20260604223244
2026-06-03,FINAL,SR3,2028-03,96.105,96.1050 (,153983,708828 +,raw/wayback/calls_20260604223244.pdf,2,20260604223244
2026-06-03,FINAL,SR3,2028-06,96.125,96.1250 (,106853,538222 +,raw/wayback/calls_20260604223244.pdf,2,20260604223244
2026-06-03,FINAL,SR3,2028-09,96.135,96.1350 (,74846,461815 -,raw/wayback/calls_20260604223244.pdf,2,20260604223244
2026-06-03,FINAL,SR3,2028-12,96.135,96.1350 (,86607,396147 -,raw/wayback/calls_20260604223244.pdf,2,20260604223244
2026-06-03,FINAL,SR3,2029-03,96.13,96.1300 (,77371,299758 -,raw/wayback/calls_20260604223244.pdf,2,20260604223244
2026-06-03,FINAL,SR3,2029-06,96.125,96.1250 (,34132,236320 +,raw/wayback/calls_20260604223244.pdf,2,20260604223244
2026-06-03,FINAL,SR3,2029-09,96.11,96.1100 (,27973,193048 -,raw/wayback/calls_20260604223244.pdf,2,20260604223244
2026-06-03,FINAL,SR3,2029-12,96.09,96.0900 (,30538,180413 +,raw/wayback/calls_20260604223244.pdf,2,20260604223244
2026-06-03,FINAL,SR3,2030-03,96.07,96.0700 (,30325,138406 -,raw/wayback/calls_20260604223244.pdf,2,20260604223244
2026-06-03,FINAL,SR3,2030-06,96.045,96.0450 (,18363,147782 -,raw/wayback/calls_20260604223244.pdf,2,20260604223244
2026-06-03,FINAL,SR3,2030-09,96.015,96.0150 (,22549,130936 -,raw/wayback/calls_20260604223244.pdf,2,20260604223244
2026-06-03,FINAL,SR3,2030-12,95.98,95.9800 (,19669,85045 -,raw/wayback/calls_20260604223244.pdf,2,20260604223244
2026-06-03,FINAL,SR3,2031-03,95.945,95.9450 (,20379,48509 +,raw/wayback/calls_20260604223244.pdf,2,20260604223244
2026-06-03,FINAL,SR3,2031-06,95.905,95.9050 (,589,12768 +,raw/wayback/calls_20260604223244.pdf,2,20260604223244
2026-06-03,FINAL,SR3,2031-09,95.865,95.8650 (,773,4733 -,raw/wayback/calls_20260604223244.pdf,2,20260604223244
2026-06-03,FINAL,SR3,2031-12,95.82,95.8200 (,310,2516 +,raw/wayback/calls_20260604223244.pdf,2,20260604223244
2026-06-03,FINAL,SR3,2032-03,95.78,95.7800 (,187,1576 -,raw/wayback/calls_20260604223244.pdf,2,20260604223244
2026-06-03,FINAL,SR3,2032-06,95.74,95.7400 (,----,145,raw/wayback/calls_20260604223244.pdf,2,20260604223244
2026-06-03,FINAL,SR3,2032-09,95.7,95.7000 (,----,71,raw/wayback/calls_20260604223244.pdf,2,20260604223244
2026-06-03,FINAL,SR3,2032-12,95.665,95.6650 (,----,16,raw/wayback/calls_20260604223244.pdf,2,20260604223244
2026-06-03,FINAL,SR3,2033-03,95.63,95.6300 (,----,6,raw/wayback/calls_20260604223244.pdf,2,20260604223244
2026-06-04,FINAL,SR1,2026-06,96.4,96.4000,72263,384096 +,raw/wayback/calls_20260605222642.pdf,2,20260605222642
2026-06-04,FINAL,SR1,2026-07,96.38,96.3800,46289,293771 -,raw/wayback/calls_20260605222642.pdf,2,20260605222642
2026-06-04,FINAL,SR1,2026-08,96.345,96.3450,17594,268339 -,raw/wayback/calls_20260605222642.pdf,2,20260605222642
2026-06-04,FINAL,SR1,2026-09,96.315,96.3150 (,7481,147990 -,raw/wayback/calls_20260605222642.pdf,2,20260605222642
2026-06-04,FINAL,SR1,2026-10,96.29,96.2900 (,10970,89409 +,raw/wayback/calls_20260605222642.pdf,2,20260605222642
2026-06-04,FINAL,SR1,2026-11,96.26,96.2600 (,15862,80168 +,raw/wayback/calls_20260605222642.pdf,2,20260605222642
2026-06-04,FINAL,SR1,2026-12,96.195,96.1950 (,2460,74741 +,raw/wayback/calls_20260605222642.pdf,2,20260605222642
2026-06-04,FINAL,SR1,2027-01,96.175,96.1750 (,3189,76543 +,raw/wayback/calls_20260605222642.pdf,2,20260605222642
2026-06-04,FINAL,SR1,2027-02,96.15,96.1500 (,1247,28804 +,raw/wayback/calls_20260605222642.pdf,2,20260605222642
2026-06-04,FINAL,SR1,2027-03,96.12,96.1200 (,276,6519 +,raw/wayback/calls_20260605222642.pdf,2,20260605222642
2026-06-04,FINAL,SR1,2027-04,96.09,96.0900 (,251,10329 -,raw/wayback/calls_20260605222642.pdf,2,20260605222642
2026-06-04,FINAL,SR1,2027-05,96.06,96.0600 (,752,7025 -,raw/wayback/calls_20260605222642.pdf,2,20260605222642
2026-06-04,FINAL,SR1,2027-06,96.05,96.0500 (,377,1275 +,raw/wayback/calls_20260605222642.pdf,2,20260605222642
2026-06-04,FINAL,SR1,2027-07,96.05,96.0500 (,44,1219 +,raw/wayback/calls_20260605222642.pdf,2,20260605222642
2026-06-04,FINAL,SR1,2027-08,96.045,96.0450 (,14,112,raw/wayback/calls_20260605222642.pdf,2,20260605222642
2026-06-04,FINAL,SR1,2027-12,96.11,96.1100 (,----,,raw/wayback/calls_20260605222642.pdf,2,20260605222642
2026-06-04,FINAL,SR1,2028-03,96.055,96.0550 (,----,,raw/wayback/calls_20260605222642.pdf,2,20260605222642
2026-06-04,FINAL,SR3,2026-03,96.37,96.3700 (,80636,1291288 +,raw/wayback/calls_20260605222642.pdf,2,20260605222642
2026-06-04,FINAL,SR3,2026-04,96.375,96.3750 (,556,9073 +,raw/wayback/calls_20260605222642.pdf,2,20260605222642
2026-06-04,FINAL,SR3,2026-05,96.3625,96.3625 (,174,2847 -,raw/wayback/calls_20260605222642.pdf,2,20260605222642
2026-06-04,FINAL,SR3,2026-06,96.3475,96.3475 (,272521,1375572 -,raw/wayback/calls_20260605222642.pdf,2,20260605222642
2026-06-04,FINAL,SR3,2026-07,96.315,96.3150 (,----,1489 +,raw/wayback/calls_20260605222642.pdf,2,20260605222642
2026-06-04,FINAL,SR3,2026-08,96.285,96.2850 (,----,312 +,raw/wayback/calls_20260605222642.pdf,2,20260605222642
2026-06-04,FINAL,SR3,2026-09,96.26,96.2600 (,335975,1499636 +,raw/wayback/calls_20260605222642.pdf,2,20260605222642
2026-06-04,FINAL,SR3,2026-10,96.21,96.2100 (,----,200,raw/wayback/calls_20260605222642.pdf,2,20260605222642
2026-06-04,FINAL,SR3,2026-12,96.145,96.1450 (,342469,1594953 -,raw/wayback/calls_20260605222642.pdf,2,20260605222642
2026-06-04,FINAL,SR3,2027-03,96.055,96.0550 (,286134,1068276 -,raw/wayback/calls_20260605222642.pdf,2,20260605222642
2026-06-04,FINAL,SR3,2027-06,96.025,96.0250 (,276966,1199145 -,raw/wayback/calls_20260605222642.pdf,2,20260605222642
2026-06-04,FINAL,SR3,2027-09,96.045,96.0450 (,205352,850571 +,raw/wayback/calls_20260605222642.pdf,2,20260605222642
2026-06-04,FINAL,SR3,2027-12,96.095,96.0950 (,212138,1107316 -,raw/wayback/calls_20260605222642.pdf,2,20260605222642
2026-06-04,FINAL,SR3,2028-03,96.13,96.1300 (,163847,708989 +,raw/wayback/calls_20260605222642.pdf,2,20260605222642
2026-06-04,FINAL,SR3,2028-06,96.145,96.1450 (,103018,541725 +,raw/wayback/calls_20260605222642.pdf,2,20260605222642
2026-06-04,FINAL,SR3,2028-09,96.15,96.1500 (,85486,457431 -,raw/wayback/calls_20260605222642.pdf,2,20260605222642
2026-06-04,FINAL,SR3,2028-12,96.15,96.1500 (,86088,396866 +,raw/wayback/calls_20260605222642.pdf,2,20260605222642
2026-06-04,FINAL,SR3,2029-03,96.14,96.1400 (,75673,300942 +,raw/wayback/calls_20260605222642.pdf,2,20260605222642
2026-06-04,FINAL,SR3,2029-06,96.135,96.1350 (,44222,238207 +,raw/wayback/calls_20260605222642.pdf,2,20260605222642
2026-06-04,FINAL,SR3,2029-09,96.12,96.1200 (,34541,197010 +,raw/wayback/calls_20260605222642.pdf,2,20260605222642
2026-06-04,FINAL,SR3,2029-12,96.1,96.1000 (,33050,179615 -,raw/wayback/calls_20260605222642.pdf,2,20260605222642
2026-06-04,FINAL,SR3,2030-03,96.08,96.0800 (,30130,138395 -,raw/wayback/calls_20260605222642.pdf,2,20260605222642
2026-06-04,FINAL,SR3,2030-06,96.055,96.0550 (,21390,146050 -,raw/wayback/calls_20260605222642.pdf,2,20260605222642
2026-06-04,FINAL,SR3,2030-09,96.025,96.0250 (,21625,132055 +,raw/wayback/calls_20260605222642.pdf,2,20260605222642
2026-06-04,FINAL,SR3,2030-12,95.99,95.9900 (,20318,85521 +,raw/wayback/calls_20260605222642.pdf,2,20260605222642
2026-06-04,FINAL,SR3,2031-03,95.95,95.9500 (,19666,49080 +,raw/wayback/calls_20260605222642.pdf,2,20260605222642
2026-06-04,FINAL,SR3,2031-06,95.91,95.9100 (,659,12780 +,raw/wayback/calls_20260605222642.pdf,2,20260605222642
2026-06-04,FINAL,SR3,2031-09,95.87,95.8700 (,150,4663 -,raw/wayback/calls_20260605222642.pdf,2,20260605222642
2026-06-04,FINAL,SR3,2031-12,95.825,95.8250 (,35,2521 +,raw/wayback/calls_20260605222642.pdf,2,20260605222642
2026-06-04,FINAL,SR3,2032-03,95.785,95.7850 (,----,1576,raw/wayback/calls_20260605222642.pdf,2,20260605222642
2026-06-04,FINAL,SR3,2032-06,95.745,95.7450 (,----,145,raw/wayback/calls_20260605222642.pdf,2,20260605222642
2026-06-04,FINAL,SR3,2032-09,95.705,95.7050 (,----,71,raw/wayback/calls_20260605222642.pdf,2,20260605222642
2026-06-04,FINAL,SR3,2032-12,95.67,95.6700 (,----,16,raw/wayback/calls_20260605222642.pdf,2,20260605222642
2026-06-04,FINAL,SR3,2033-03,95.635,95.6350 (,----,6,raw/wayback/calls_20260605222642.pdf,2,20260605222642
2026-06-08,FINAL,SR1,2026-06,96.39,96.3900,74248,387376 +,raw/wayback/calls_20260609223629.pdf,2,20260609223629
2026-06-08,FINAL,SR1,2026-07,96.365,96.3650,40587,278028 -,raw/wayback/calls_20260609223629.pdf,2,20260609223629
2026-06-08,FINAL,SR1,2026-08,96.325,96.3250,24774,278226 +,raw/wayback/calls_20260609223629.pdf,2,20260609223629
2026-06-08,FINAL,SR1,2026-09,96.28,96.2800 (,5920,147369 -,raw/wayback/calls_20260609223629.pdf,2,20260609223629
2026-06-08,FINAL,SR1,2026-10,96.235,96.2350 (,16585,82684 -,raw/wayback/calls_20260609223629.pdf,2,20260609223629
2026-06-08,FINAL,SR1,2026-11,96.185,96.1850 (,12761,77522 -,raw/wayback/calls_20260609223629.pdf,2,20260609223629
2026-06-08,FINAL,SR1,2026-12,96.095,96.0950 (,5424,79382 +,raw/wayback/calls_20260609223629.pdf,2,20260609223629
2026-06-08,FINAL,SR1,2027-01,96.065,96.0650 (,6525,77630 -,raw/wayback/calls_20260609223629.pdf,2,20260609223629
2026-06-08,FINAL,SR1,2027-02,96.035,96.0350 (,4136,30260 +,raw/wayback/calls_20260609223629.pdf,2,20260609223629
2026-06-08,FINAL,SR1,2027-03,96.0,96.0000 (,1674,7437 +,raw/wayback/calls_20260609223629.pdf,2,20260609223629
2026-06-08,FINAL,SR1,2027-04,95.965,95.9650 (,1726,10594 +,raw/wayback/calls_20260609223629.pdf,2,20260609223629
2026-06-08,FINAL,SR1,2027-05,95.93,95.9300 (,4035,10309 +,raw/wayback/calls_20260609223629.pdf,2,20260609223629
2026-06-08,FINAL,SR1,2027-06,95.92,95.9200 (,572,3752 +,raw/wayback/calls_20260609223629.pdf,2,20260609223629
2026-06-08,FINAL,SR1,2027-07,95.92,95.9200 (,294,4101 +,raw/wayback/calls_20260609223629.pdf,2,20260609223629
2026-06-08,FINAL,SR1,2027-08,95.915,95.9150 (,24,170 +,raw/wayback/calls_20260609223629.pdf,2,20260609223629
2026-06-08,FINAL,SR3,2026-03,96.365,96.3650 (,23400,1296629 +,raw/wayback/calls_20260609223629.pdf,2,20260609223629
2026-06-08,FINAL,SR3,2026-04,96.37,96.3700 (,572,9344 +,raw/wayback/calls_20260609223629.pdf,2,20260609223629
2026-06-08,FINAL,SR3,2026-05,96.355,96.3550 (,164,2359 -,raw/wayback/calls_20260609223629.pdf,2,20260609223629
2026-06-08,FINAL,SR3,2026-06,96.3275,96.3275 (,348605,1379309 -,raw/wayback/calls_20260609223629.pdf,2,20260609223629
2026-06-08,FINAL,SR3,2026-07,96.285,96.2850 (,----,1629 +,raw/wayback/calls_20260609223629.pdf,2,20260609223629
2026-06-08,FINAL,SR3,2026-08,96.24,96.2400 (,----,393 +,raw/wayback/calls_20260609223629.pdf,2,20260609223629
2026-06-08,FINAL,SR3,2026-09,96.185,96.1850 (,484355,1486080 -,raw/wayback/calls_20260609223629.pdf,2,20260609223629
2026-06-08,FINAL,SR3,2026-10,96.12,96.1200 (,----,200,raw/wayback/calls_20260609223629.pdf,2,20260609223629
2026-06-08,FINAL,SR3,2026-12,96.035,96.0350 (,520724,1613113 +,raw/wayback/calls_20260609223629.pdf,2,20260609223629
2026-06-08,FINAL,SR3,2027-03,95.93,95.9300 (,428386,1069589 +,raw/wayback/calls_20260609223629.pdf,2,20260609223629
2026-06-08,FINAL,SR3,2027-06,95.905,95.9050 (,387277,1219584 +,raw/wayback/calls_20260609223629.pdf,2,20260609223629
2026-06-08,FINAL,SR3,2027-09,95.93,95.9300 (,261872,874845 +,raw/wayback/calls_20260609223629.pdf,2,20260609223629
2026-06-08,FINAL,SR3,2027-12,95.985,95.9850 (,299386,1143265 +,raw/wayback/calls_20260609223629.pdf,2,20260609223629
2026-06-08,FINAL,SR3,2028-03,96.03,96.0300 (,200413,702937 +,raw/wayback/calls_20260609223629.pdf,2,20260609223629
2026-06-08,FINAL,SR3,2028-06,96.055,96.0550 (,123852,551424 +,raw/wayback/calls_20260609223629.pdf,2,20260609223629
2026-06-08,FINAL,SR3,2028-09,96.065,96.0650 (,99018,455526 -,raw/wayback/calls_20260609223629.pdf,2,20260609223629
2026-06-08,FINAL,SR3,2028-12,96.07,96.0700 (,100017,398949 -,raw/wayback/calls_20260609223629.pdf,2,20260609223629
2026-06-08,FINAL,SR3,2029-03,96.07,96.0700 (,91639,297598 -,raw/wayback/calls_20260609223629.pdf,2,20260609223629
2026-06-08,FINAL,SR3,2029-06,96.07,96.0700 (,57382,245242 +,raw/wayback/calls_20260609223629.pdf,2,20260609223629
2026-06-08,FINAL,SR3,2029-09,96.06,96.0600 (,50791,197394 -,raw/wayback/calls_20260609223629.pdf,2,20260609223629
2026-06-08,FINAL,SR3,2029-12,96.045,96.0450 (,38558,186717 +,raw/wayback/calls_20260609223629.pdf,2,20260609223629
2026-06-08,FINAL,SR3,2030-03,96.03,96.0300 (,51657,135067 -,raw/wayback/calls_20260609223629.pdf,2,20260609223629
2026-06-08,FINAL,SR3,2030-06,96.01,96.0100 (,30720,148472 +,raw/wayback/calls_20260609223629.pdf,2,20260609223629
2026-06-08,FINAL,SR3,2030-09,95.985,95.9850 (,33883,134451 +,raw/wayback/calls_20260609223629.pdf,2,20260609223629
2026-06-08,FINAL,SR3,2030-12,95.95,95.9500 (,28829,90283 +,raw/wayback/calls_20260609223629.pdf,2,20260609223629
2026-06-08,FINAL,SR3,2031-03,95.915,95.9150 (,27163,49269 +,raw/wayback/calls_20260609223629.pdf,2,20260609223629
2026-06-08,FINAL,SR3,2031-06,95.88,95.8800 (,2582,12066 +,raw/wayback/calls_20260609223629.pdf,2,20260609223629
2026-06-08,FINAL,SR3,2031-09,95.845,95.8450 (,541,4718 -,raw/wayback/calls_20260609223629.pdf,2,20260609223629
2026-06-08,FINAL,SR3,2031-12,95.805,95.8050 (,10,2515 -,raw/wayback/calls_20260609223629.pdf,2,20260609223629
2026-06-08,FINAL,SR3,2032-03,95.765,95.7650 (,10,1582,raw/wayback/calls_20260609223629.pdf,2,20260609223629
2026-06-08,FINAL,SR3,2032-06,95.73,95.7300 (,----,145,raw/wayback/calls_20260609223629.pdf,2,20260609223629
2026-06-08,FINAL,SR3,2032-09,95.69,95.6900 (,5,71,raw/wayback/calls_20260609223629.pdf,2,20260609223629
2026-06-08,FINAL,SR3,2032-12,95.655,95.6550 (,----,16,raw/wayback/calls_20260609223629.pdf,2,20260609223629
2026-06-08,FINAL,SR3,2033-03,95.62,95.6200 (,----,6,raw/wayback/calls_20260609223629.pdf,2,20260609223629
2026-06-09,FINAL,SR1,2026-06,96.39,96.3900,26036,387511 +,raw/wayback/calls_20260610230510.pdf,2,20260610230510
2026-06-09,FINAL,SR1,2026-07,96.365,96.3650,11765,279215 +,raw/wayback/calls_20260610230510.pdf,2,20260610230510
2026-06-09,FINAL,SR1,2026-08,96.325,96.3250,24511,279584 +,raw/wayback/calls_20260610230510.pdf,2,20260610230510
2026-06-09,FINAL,SR1,2026-09,96.285,96.2850,15390,152786 +,raw/wayback/calls_20260610230510.pdf,2,20260610230510
2026-06-09,FINAL,SR1,2026-10,96.245,96.2450,17050,83501 +,raw/wayback/calls_20260610230510.pdf,2,20260610230510
2026-06-09,FINAL,SR1,2026-11,96.2,96.2000,16608,78684 +,raw/wayback/calls_20260610230510.pdf,2,20260610230510
2026-06-09,FINAL,SR1,2026-12,96.12,96.1200,8252,79324 -,raw/wayback/calls_20260610230510.pdf,2,20260610230510
2026-06-09,FINAL,SR1,2027-01,96.09,96.0900,4192,77832 +,raw/wayback/calls_20260610230510.pdf,2,20260610230510
2026-06-09,FINAL,SR1,2027-02,96.06,96.0600,3208,30334 +,raw/wayback/calls_20260610230510.pdf,2,20260610230510
2026-06-09,FINAL,SR1,2027-03,96.025,96.0250,545,7529 +,raw/wayback/calls_20260610230510.pdf,2,20260610230510
2026-06-09,FINAL,SR1,2027-04,95.995,95.9950,1313,11433 +,raw/wayback/calls_20260610230510.pdf,2,20260610230510
2026-06-09,FINAL,SR1,2027-05,95.965,95.9650,1375,11148 +,raw/wayback/calls_20260610230510.pdf,2,20260610230510
2026-06-09,FINAL,SR1,2027-06,95.955,95.9550,472,4007 +,raw/wayback/calls_20260610230510.pdf,2,20260610230510
2026-06-09,FINAL,SR1,2027-07,95.955,95.9550,785,4796 +,raw/wayback/calls_20260610230510.pdf,2,20260610230510
2026-06-09,FINAL,SR1,2027-08,95.95,95.9500,----,170,raw/wayback/calls_20260610230510.pdf,2,20260610230510
2026-06-09,FINAL,SR3,2026-03,96.3675,96.3675,28139,1282174 -,raw/wayback/calls_20260610230510.pdf,2,20260610230510
2026-06-09,FINAL,SR3,2026-04,96.3725,96.3725,143,9043 -,raw/wayback/calls_20260610230510.pdf,2,20260610230510
2026-06-09,FINAL,SR3,2026-05,96.355,96.3550,31,2423 +,raw/wayback/calls_20260610230510.pdf,2,20260610230510
2026-06-09,FINAL,SR3,2026-06,96.3325,96.3325,423147,1387920 +,raw/wayback/calls_20260610230510.pdf,2,20260610230510
2026-06-09,FINAL,SR3,2026-07,96.29,96.2900,2,1631 +,raw/wayback/calls_20260610230510.pdf,2,20260610230510
2026-06-09,FINAL,SR3,2026-08,96.245,96.2450,----,262 -,raw/wayback/calls_20260610230510.pdf,2,20260610230510
2026-06-09,FINAL,SR3,2026-09,96.205,96.2050,433595,1474438 -,raw/wayback/calls_20260610230510.pdf,2,20260610230510
2026-06-09,FINAL,SR3,2026-10,96.14,96.1400,----,200,raw/wayback/calls_20260610230510.pdf,2,20260610230510
2026-06-09,FINAL,SR3,2026-12,96.065,96.0650,551280,1600436 -,raw/wayback/calls_20260610230510.pdf,2,20260610230510
2026-06-09,FINAL,SR3,2027-03,95.965,95.9650,439552,1058635 -,raw/wayback/calls_20260610230510.pdf,2,20260610230510
2026-06-09,FINAL,SR3,2027-06,95.945,95.9450,317470,1212687 -,raw/wayback/calls_20260610230510.pdf,2,20260610230510
2026-06-09,FINAL,SR3,2027-09,95.97,95.9700,232705,884028 +,raw/wayback/calls_20260610230510.pdf,2,20260610230510
2026-06-09,FINAL,SR3,2027-12,96.015,96.0150,224806,1155345 +,raw/wayback/calls_20260610230510.pdf,2,20260610230510
2026-06-09,FINAL,SR3,2028-03,96.055,96.0550,204120,722609 +,raw/wayback/calls_20260610230510.pdf,2,20260610230510
2026-06-09,FINAL,SR3,2028-06,96.075,96.0750,149311,574290 +,raw/wayback/calls_20260610230510.pdf,2,20260610230510
2026-06-09,FINAL,SR3,2028-09,96.085,96.0850 (,107846,455521 -,raw/wayback/calls_20260610230510.pdf,2,20260610230510
2026-06-09,FINAL,SR3,2028-12,96.085,96.0850 (,106960,407434 +,raw/wayback/calls_20260610230510.pdf,2,20260610230510
2026-06-09,FINAL,SR3,2029-03,96.085,96.0850 (,89695,303612 +,raw/wayback/calls_20260610230510.pdf,2,20260610230510
2026-06-09,FINAL,SR3,2029-06,96.085,96.0850 (,48168,251804 +,raw/wayback/calls_20260610230510.pdf,2,20260610230510
2026-06-09,FINAL,SR3,2029-09,96.075,96.0750 (,55046,201964 +,raw/wayback/calls_20260610230510.pdf,2,20260610230510
2026-06-09,FINAL,SR3,2029-12,96.06,96.0600 (,60195,202722 +,raw/wayback/calls_20260610230510.pdf,2,20260610230510
2026-06-09,FINAL,SR3,2030-03,96.04,96.0400 (,37271,135484 +,raw/wayback/calls_20260610230510.pdf,2,20260610230510
2026-06-09,FINAL,SR3,2030-06,96.02,96.0200 (,30214,150427 +,raw/wayback/calls_20260610230510.pdf,2,20260610230510
2026-06-09,FINAL,SR3,2030-09,95.995,95.9950 (,31095,130707 -,raw/wayback/calls_20260610230510.pdf,2,20260610230510
2026-06-09,FINAL,SR3,2030-12,95.96,95.9600 (,32770,90916 +,raw/wayback/calls_20260610230510.pdf,2,20260610230510
2026-06-09,FINAL,SR3,2031-03,95.925,95.9250 (,27404,50512 +,raw/wayback/calls_20260610230510.pdf,2,20260610230510
2026-06-09,FINAL,SR3,2031-06,95.89,95.8900 (,413,12105 +,raw/wayback/calls_20260610230510.pdf,2,20260610230510
2026-06-09,FINAL,SR3,2031-09,95.85,95.8500 (,179,4718,raw/wayback/calls_20260610230510.pdf,2,20260610230510
2026-06-09,FINAL,SR3,2031-12,95.81,95.8100 (,251,2515,raw/wayback/calls_20260610230510.pdf,2,20260610230510
2026-06-09,FINAL,SR3,2032-03,95.77,95.7700 (,12,1590 +,raw/wayback/calls_20260610230510.pdf,2,20260610230510
2026-06-09,FINAL,SR3,2032-06,95.735,95.7350 (,8,145,raw/wayback/calls_20260610230510.pdf,2,20260610230510
2026-06-09,FINAL,SR3,2032-09,95.695,95.6950 (,8,67 -,raw/wayback/calls_20260610230510.pdf,2,20260610230510
2026-06-09,FINAL,SR3,2032-12,95.66,95.6600 (,----,16,raw/wayback/calls_20260610230510.pdf,2,20260610230510
2026-06-09,FINAL,SR3,2033-03,95.625,95.6250 (,----,6,raw/wayback/calls_20260610230510.pdf,2,20260610230510
2026-06-10,FINAL,SR1,2026-06,96.3925,96.3925,58766,393507 +,raw/wayback/calls_20260612001406.pdf,2,20260612001406
2026-06-10,FINAL,SR1,2026-07,96.365,96.3650,18675,280781 +,raw/wayback/calls_20260612001406.pdf,2,20260612001406
2026-06-10,FINAL,SR1,2026-08,96.325,96.3250,35183,279475 -,raw/wayback/calls_20260612001406.pdf,2,20260612001406
2026-06-10,FINAL,SR1,2026-09,96.285,96.2850,11839,152586 -,raw/wayback/calls_20260612001406.pdf,2,20260612001406
2026-06-10,FINAL,SR1,2026-10,96.25,96.2500,31690,85745 +,raw/wayback/calls_20260612001406.pdf,2,20260612001406
2026-06-10,FINAL,SR1,2026-11,96.205,96.2050,17266,78828 +,raw/wayback/calls_20260612001406.pdf,2,20260612001406
2026-06-10,FINAL,SR1,2026-12,96.125,96.1250,5948,79001 -,raw/wayback/calls_20260612001406.pdf,2,20260612001406
2026-06-10,FINAL,SR1,2027-01,96.095,96.0950,6626,78440 +,raw/wayback/calls_20260612001406.pdf,2,20260612001406
2026-06-10,FINAL,SR1,2027-02,96.065,96.0650,4130,29569 -,raw/wayback/calls_20260612001406.pdf,2,20260612001406
2026-06-10,FINAL,SR1,2027-03,96.03,96.0300,1250,7837 +,raw/wayback/calls_20260612001406.pdf,2,20260612001406
2026-06-10,FINAL,SR1,2027-04,95.995,95.9950,2720,12137 +,raw/wayback/calls_20260612001406.pdf,2,20260612001406
2026-06-10,FINAL,SR1,2027-05,95.965,95.9650,600,11383 +,raw/wayback/calls_20260612001406.pdf,2,20260612001406
2026-06-10,FINAL,SR1,2027-06,95.955,95.9550,162,3964 -,raw/wayback/calls_20260612001406.pdf,2,20260612001406
2026-06-10,FINAL,SR1,2027-07,95.955,95.9550,122,4802 +,raw/wayback/calls_20260612001406.pdf,2,20260612001406
2026-06-10,FINAL,SR1,2027-08,95.95,95.9500,7,170,raw/wayback/calls_20260612001406.pdf,2,20260612001406
2026-06-10,FINAL,SR3,2026-03,96.3675,96.3675,10386,1280782 -,raw/wayback/calls_20260612001406.pdf,2,20260612001406
2026-06-10,FINAL,SR3,2026-04,96.3725,96.3725,15,8850 -,raw/wayback/calls_20260612001406.pdf,2,20260612001406
2026-06-10,FINAL,SR3,2026-05,96.355,96.3550 (,515,2416 -,raw/wayback/calls_20260612001406.pdf,2,20260612001406
2026-06-10,FINAL,SR3,2026-06,96.335,96.3350 (,453625,1405587 +,raw/wayback/calls_20260612001406.pdf,2,20260612001406
2026-06-10,FINAL,SR3,2026-07,96.29,96.2900 (,46,1648 +,raw/wayback/calls_20260612001406.pdf,2,20260612001406
2026-06-10,FINAL,SR3,2026-08,96.245,96.2450 (,----,307 +,raw/wayback/calls_20260612001406.pdf,2,20260612001406
2026-06-10,FINAL,SR3,2026-09,96.21,96.2100 (,514606,1461509 -,raw/wayback/calls_20260612001406.pdf,2,20260612001406
2026-06-10,FINAL,SR3,2026-10,96.145,96.1450 (,----,200,raw/wayback/calls_20260612001406.pdf,2,20260612001406
2026-06-10,FINAL,SR3,2026-12,96.06,96.0600 (,634312,1585496 -,raw/wayback/calls_20260612001406.pdf,2,20260612001406
2026-06-10,FINAL,SR3,2027-03,95.96,95.9600 (,470461,1059518 +,raw/wayback/calls_20260612001406.pdf,2,20260612001406
2026-06-10,FINAL,SR3,2027-06,95.935,95.9350 (,439430,1221015 +,raw/wayback/calls_20260612001406.pdf,2,20260612001406
2026-06-10,FINAL,SR3,2027-09,95.96,95.9600 (,286988,878687 -,raw/wayback/calls_20260612001406.pdf,2,20260612001406
2026-06-10,FINAL,SR3,2027-12,96.01,96.0100 (,298642,1165640 +,raw/wayback/calls_20260612001406.pdf,2,20260612001406
2026-06-10,FINAL,SR3,2028-03,96.05,96.0500 (,219450,720423 -,raw/wayback/calls_20260612001406.pdf,2,20260612001406
2026-06-10,FINAL,SR3,2028-06,96.065,96.0650 (,158780,581026 +,raw/wayback/calls_20260612001406.pdf,2,20260612001406
2026-06-10,FINAL,SR3,2028-09,96.075,96.0750 (,103330,458227 +,raw/wayback/calls_20260612001406.pdf,2,20260612001406
2026-06-10,FINAL,SR3,2028-12,96.08,96.0800 (,139825,394174 -,raw/wayback/calls_20260612001406.pdf,2,20260612001406
2026-06-10,FINAL,SR3,2029-03,96.075,96.0750 (,112315,300756 -,raw/wayback/calls_20260612001406.pdf,2,20260612001406
2026-06-10,FINAL,SR3,2029-06,96.07,96.0700 (,46916,260288 +,raw/wayback/calls_20260612001406.pdf,2,20260612001406
2026-06-10,FINAL,SR3,2029-09,96.06,96.0600 (,36702,197166 -,raw/wayback/calls_20260612001406.pdf,2,20260612001406
2026-06-10,FINAL,SR3,2029-12,96.045,96.0450 (,35528,201584 -,raw/wayback/calls_20260612001406.pdf,2,20260612001406
2026-06-10,FINAL,SR3,2030-03,96.025,96.0250 (,34678,136943 +,raw/wayback/calls_20260612001406.pdf,2,20260612001406
2026-06-10,FINAL,SR3,2030-06,96.005,96.0050 (,22698,149342 -,raw/wayback/calls_20260612001406.pdf,2,20260612001406
2026-06-10,FINAL,SR3,2030-09,95.98,95.9800 (,19773,128918 -,raw/wayback/calls_20260612001406.pdf,2,20260612001406
2026-06-10,FINAL,SR3,2030-12,95.945,95.9450 (,19875,91320 +,raw/wayback/calls_20260612001406.pdf,2,20260612001406
2026-06-10,FINAL,SR3,2031-03,95.91,95.9100 (,19486,48466 -,raw/wayback/calls_20260612001406.pdf,2,20260612001406
2026-06-10,FINAL,SR3,2031-06,95.875,95.8750 (,575,12230 +,raw/wayback/calls_20260612001406.pdf,2,20260612001406
2026-06-10,FINAL,SR3,2031-09,95.835,95.8350 (,35,4719 +,raw/wayback/calls_20260612001406.pdf,2,20260612001406
2026-06-10,FINAL,SR3,2031-12,95.795,95.7950 (,10,2515,raw/wayback/calls_20260612001406.pdf,2,20260612001406
2026-06-10,FINAL,SR3,2032-03,95.755,95.7550 (,----,1590,raw/wayback/calls_20260612001406.pdf,2,20260612001406
2026-06-10,FINAL,SR3,2032-06,95.72,95.7200 (,----,145,raw/wayback/calls_20260612001406.pdf,2,20260612001406
2026-06-10,FINAL,SR3,2032-09,95.68,95.6800 (,----,67,raw/wayback/calls_20260612001406.pdf,2,20260612001406
2026-06-10,FINAL,SR3,2032-12,95.645,95.6450 (,----,16,raw/wayback/calls_20260612001406.pdf,2,20260612001406
2026-06-10,FINAL,SR3,2033-03,95.61,95.6100 (,----,6,raw/wayback/calls_20260612001406.pdf,2,20260612001406
2026-06-12,FINAL,SR1,2026-06,96.385,96.3850,51931,385830 -,raw/wayback/calls_20260615231713.pdf,2,20260615231713
2026-06-12,FINAL,SR1,2026-07,96.365,96.3650,24105,298860 +,raw/wayback/calls_20260615231713.pdf,2,20260615231713
2026-06-12,FINAL,SR1,2026-08,96.335,96.3350,29139,284129 +,raw/wayback/calls_20260615231713.pdf,2,20260615231713
2026-06-12,FINAL,SR1,2026-09,96.305,96.3050,10594,154318 -,raw/wayback/calls_20260615231713.pdf,2,20260615231713
2026-06-12,FINAL,SR1,2026-10,96.275,96.2750,18768,87002 -,raw/wayback/calls_20260615231713.pdf,2,20260615231713
2026-06-12,FINAL,SR1,2026-11,96.24,96.2400,23758,86266 +,raw/wayback/calls_20260615231713.pdf,2,20260615231713
2026-06-12,FINAL,SR1,2026-12,96.165,96.1650,5579,84962 +,raw/wayback/calls_20260615231713.pdf,2,20260615231713
2026-06-12,FINAL,SR1,2027-01,96.135,96.1350,7771,77511 -,raw/wayback/calls_20260615231713.pdf,2,20260615231713
2026-06-12,FINAL,SR1,2027-02,96.105,96.1050,4194,31371 +,raw/wayback/calls_20260615231713.pdf,2,20260615231713
2026-06-12,FINAL,SR1,2027-03,96.075,96.0750,825,7754 -,raw/wayback/calls_20260615231713.pdf,2,20260615231713
2026-06-12,FINAL,SR1,2027-04,96.045,96.0450,2025,12172 -,raw/wayback/calls_20260615231713.pdf,2,20260615231713
2026-06-12,FINAL,SR1,2027-05,96.015,96.0150,1601,12062 +,raw/wayback/calls_20260615231713.pdf,2,20260615231713
2026-06-12,FINAL,SR1,2027-06,96.005,96.0050,107,4040 +,raw/wayback/calls_20260615231713.pdf,2,20260615231713
2026-06-12,FINAL,SR1,2027-07,96.005,96.0050,174,4773 -,raw/wayback/calls_20260615231713.pdf,2,20260615231713
2026-06-12,FINAL,SR1,2027-08,96.0,96.0000,1,170,raw/wayback/calls_20260615231713.pdf,2,20260615231713
2026-06-12,FINAL,SR3,2026-03,96.365,96.3650,63831,1306538 +,raw/wayback/calls_20260615231713.pdf,2,20260615231713
2026-06-12,FINAL,SR3,2026-04,96.37,96.3700,747,9234 +,raw/wayback/calls_20260615231713.pdf,2,20260615231713
2026-06-12,FINAL,SR3,2026-05,96.3525,96.3525,122,2369 +,raw/wayback/calls_20260615231713.pdf,2,20260615231713
2026-06-12,FINAL,SR3,2026-06,96.3375,96.3375,472593,1372687 -,raw/wayback/calls_20260615231713.pdf,2,20260615231713
2026-06-12,FINAL,SR3,2026-07,96.295,96.2950 (,----,1651 -,raw/wayback/calls_20260615231713.pdf,2,20260615231713
2026-06-12,FINAL,SR3,2026-08,96.27,96.2700 (,10,262,raw/wayback/calls_20260615231713.pdf,2,20260615231713
2026-06-12,FINAL,SR3,2026-09,96.24,96.2400 (,427674,1459572 +,raw/wayback/calls_20260615231713.pdf,2,20260615231713
2026-06-12,FINAL,SR3,2026-10,96.18,96.1800 (,----,200,raw/wayback/calls_20260615231713.pdf,2,20260615231713
2026-06-12,FINAL,SR3,2026-12,96.105,96.1050 (,591395,1625208 +,raw/wayback/calls_20260615231713.pdf,2,20260615231713
2026-06-12,FINAL,SR3,2027-03,96.015,96.0150 (,446368,1067209 +,raw/wayback/calls_20260615231713.pdf,2,20260615231713
2026-06-12,FINAL,SR3,2027-06,95.995,95.9950 (,584904,1237784 +,raw/wayback/calls_20260615231713.pdf,2,20260615231713
2026-06-12,FINAL,SR3,2027-09,96.02,96.0200 (,303874,871376 -,raw/wayback/calls_20260615231713.pdf,2,20260615231713
2026-06-12,FINAL,SR3,2027-12,96.065,96.0650 (,346671,1185200 +,raw/wayback/calls_20260615231713.pdf,2,20260615231713
2026-06-12,FINAL,SR3,2028-03,96.105,96.1050 (,223650,682022 -,raw/wayback/calls_20260615231713.pdf,2,20260615231713
2026-06-12,FINAL,SR3,2028-06,96.125,96.1250 (,152078,566476 -,raw/wayback/calls_20260615231713.pdf,2,20260615231713
2026-06-12,FINAL,SR3,2028-09,96.13,96.1300 (,112444,455093 +,raw/wayback/calls_20260615231713.pdf,2,20260615231713
2026-06-12,FINAL,SR3,2028-12,96.13,96.1300 (,117375,389993 -,raw/wayback/calls_20260615231713.pdf,2,20260615231713
2026-06-12,FINAL,SR3,2029-03,96.125,96.1250 (,111936,310334 +,raw/wayback/calls_20260615231713.pdf,2,20260615231713
2026-06-12,FINAL,SR3,2029-06,96.12,96.1200 (,84069,240735 -,raw/wayback/calls_20260615231713.pdf,2,20260615231713
2026-06-12,FINAL,SR3,2029-09,96.11,96.1100 (,68817,197152 -,raw/wayback/calls_20260615231713.pdf,2,20260615231713
2026-06-12,FINAL,SR3,2029-12,96.09,96.0900 (,59860,210592 +,raw/wayback/calls_20260615231713.pdf,2,20260615231713
2026-06-12,FINAL,SR3,2030-03,96.07,96.0700 (,56314,137274 -,raw/wayback/calls_20260615231713.pdf,2,20260615231713
2026-06-12,FINAL,SR3,2030-06,96.05,96.0500 (,34446,145324 -,raw/wayback/calls_20260615231713.pdf,2,20260615231713
2026-06-12,FINAL,SR3,2030-09,96.02,96.0200 (,29789,126196 -,raw/wayback/calls_20260615231713.pdf,2,20260615231713
2026-06-12,FINAL,SR3,2030-12,95.985,95.9850 (,31434,91836 +,raw/wayback/calls_20260615231713.pdf,2,20260615231713
2026-06-12,FINAL,SR3,2031-03,95.95,95.9500 (,31480,51014 +,raw/wayback/calls_20260615231713.pdf,2,20260615231713
2026-06-12,FINAL,SR3,2031-06,95.915,95.9150 (,2434,13035 +,raw/wayback/calls_20260615231713.pdf,2,20260615231713
2026-06-12,FINAL,SR3,2031-09,95.875,95.8750 (,516,4837 +,raw/wayback/calls_20260615231713.pdf,2,20260615231713
2026-06-12,FINAL,SR3,2031-12,95.835,95.8350 (,52,2522 -,raw/wayback/calls_20260615231713.pdf,2,20260615231713
2026-06-12,FINAL,SR3,2032-03,95.795,95.7950 (,241,1880 +,raw/wayback/calls_20260615231713.pdf,2,20260615231713
2026-06-12,FINAL,SR3,2032-06,95.76,95.7600 (,10,154 +,raw/wayback/calls_20260615231713.pdf,2,20260615231713
2026-06-12,FINAL,SR3,2032-09,95.72,95.7200 (,7,60 -,raw/wayback/calls_20260615231713.pdf,2,20260615231713
2026-06-12,FINAL,SR3,2032-12,95.685,95.6850 (,----,16,raw/wayback/calls_20260615231713.pdf,2,20260615231713
2026-06-12,FINAL,SR3,2033-03,95.65,95.6500 (,----,6,raw/wayback/calls_20260615231713.pdf,2,20260615231713
2026-06-15,FINAL,SR1,2026-06,96.3825,96.3825,69532,421499 +,raw/wayback/calls_20260616230542.pdf,2,20260616230542
2026-06-15,FINAL,SR1,2026-07,96.36,96.3600,56362,321111 +,raw/wayback/calls_20260616230542.pdf,2,20260616230542
2026-06-15,FINAL,SR1,2026-08,96.33,96.3300,37224,290516 +,raw/wayback/calls_20260616230542.pdf,2,20260616230542
2026-06-15,FINAL,SR1,2026-09,96.3,96.3000 (,14421,154678 +,raw/wayback/calls_20260616230542.pdf,2,20260616230542
2026-06-15,FINAL,SR1,2026-10,96.275,96.2750 (,36519,94372 +,raw/wayback/calls_20260616230542.pdf,2,20260616230542
2026-06-15,FINAL,SR1,2026-11,96.24,96.2400 (,25055,96435 +,raw/wayback/calls_20260616230542.pdf,2,20260616230542
2026-06-15,FINAL,SR1,2026-12,96.165,96.1650 (,4631,87755 +,raw/wayback/calls_20260616230542.pdf,2,20260616230542
2026-06-15,FINAL,SR1,2027-01,96.14,96.1400 (,6689,78908 +,raw/wayback/calls_20260616230542.pdf,2,20260616230542
2026-06-15,FINAL,SR1,2027-02,96.12,96.1200 (,6286,32769 +,raw/wayback/calls_20260616230542.pdf,2,20260616230542
2026-06-15,FINAL,SR1,2027-03,96.09,96.0900 (,1528,8682 +,raw/wayback/calls_20260616230542.pdf,2,20260616230542
2026-06-15,FINAL,SR1,2027-04,96.065,96.0650 (,1824,13195 +,raw/wayback/calls_20260616230542.pdf,2,20260616230542
2026-06-15,FINAL,SR1,2027-05,96.045,96.0450 (,3970,14303 +,raw/wayback/calls_20260616230542.pdf,2,20260616230542
2026-06-15,FINAL,SR1,2027-06,96.04,96.0400 (,23,4058 +,raw/wayback/calls_20260616230542.pdf,2,20260616230542
2026-06-15,FINAL,SR1,2027-07,96.04,96.0400 (,96,4800 +,raw/wayback/calls_20260616230542.pdf,2,20260616230542
2026-06-15,FINAL,SR1,2027-08,96.04,96.0400 (,2,170,raw/wayback/calls_20260616230542.pdf,2,20260616230542
2026-06-15,FINAL,SR3,2026-03,96.365,96.3650 (,24509,1299563 -,raw/wayback/calls_20260616230542.pdf,2,20260616230542
2026-06-15,FINAL,SR3,2026-04,96.37,96.3700 (,496,9372 +,raw/wayback/calls_20260616230542.pdf,2,20260616230542
2026-06-15,FINAL,SR3,2026-05,96.3525,96.3525 (,202,2322 -,raw/wayback/calls_20260616230542.pdf,2,20260616230542
2026-06-15,FINAL,SR3,2026-06,96.3325,96.3325 (,444741,1430644 +,raw/wayback/calls_20260616230542.pdf,2,20260616230542
2026-06-15,FINAL,SR3,2026-07,96.2975,96.2975 (,1,1650 -,raw/wayback/calls_20260616230542.pdf,2,20260616230542
2026-06-15,FINAL,SR3,2026-08,96.27,96.2700 (,80,332 +,raw/wayback/calls_20260616230542.pdf,2,20260616230542
2026-06-15,FINAL,SR3,2026-09,96.245,96.2450 (,311883,1490888 +,raw/wayback/calls_20260616230542.pdf,2,20260616230542
2026-06-15,FINAL,SR3,2026-10,96.185,96.1850 (,----,200,raw/wayback/calls_20260616230542.pdf,2,20260616230542
2026-06-15,FINAL,SR3,2026-11,96.15,96.1500 (,100,,raw/wayback/calls_20260616230542.pdf,2,20260616230542
2026-06-15,FINAL,SR3,2026-12,96.115,96.1150 (,455301,1667736 +,raw/wayback/calls_20260616230542.pdf,2,20260616230542
2026-06-15,FINAL,SR3,2027-03,96.04,96.0400 (,349703,1067106 -,raw/wayback/calls_20260616230542.pdf,2,20260616230542
2026-06-15,FINAL,SR3,2027-06,96.03,96.0300 (,365234,1209008 -,raw/wayback/calls_20260616230542.pdf,2,20260616230542
2026-06-15,FINAL,SR3,2027-09,96.05,96.0500 (,234574,881578 +,raw/wayback/calls_20260616230542.pdf,2,20260616230542
2026-06-15,FINAL,SR3,2027-12,96.095,96.0950 (,292306,1189775 +,raw/wayback/calls_20260616230542.pdf,2,20260616230542
2026-06-15,FINAL,SR3,2028-03,96.135,96.1350 (,173084,687105 +,raw/wayback/calls_20260616230542.pdf,2,20260616230542
2026-06-15,FINAL,SR3,2028-06,96.155,96.1550 (,153171,577551 +,raw/wayback/calls_20260616230542.pdf,2,20260616230542
2026-06-15,FINAL,SR3,2028-09,96.165,96.1650 (,94820,456636 +,raw/wayback/calls_20260616230542.pdf,2,20260616230542
2026-06-15,FINAL,SR3,2028-12,96.165,96.1650 (,93421,388937 -,raw/wayback/calls_20260616230542.pdf,2,20260616230542
2026-06-15,FINAL,SR3,2029-03,96.16,96.1600 (,78325,311755 +,raw/wayback/calls_20260616230542.pdf,2,20260616230542
2026-06-15,FINAL,SR3,2029-06,96.155,96.1550 (,106939,257417 +,raw/wayback/calls_20260616230542.pdf,2,20260616230542
2026-06-15,FINAL,SR3,2029-09,96.145,96.1450 (,38464,199474 +,raw/wayback/calls_20260616230542.pdf,2,20260616230542
2026-06-15,FINAL,SR3,2029-12,96.125,96.1250 (,37359,212872 +,raw/wayback/calls_20260616230542.pdf,2,20260616230542
2026-06-15,FINAL,SR3,2030-03,96.105,96.1050 (,29614,139852 +,raw/wayback/calls_20260616230542.pdf,2,20260616230542
2026-06-15,FINAL,SR3,2030-06,96.08,96.0800 (,25315,147981 +,raw/wayback/calls_20260616230542.pdf,2,20260616230542
2026-06-15,FINAL,SR3,2030-09,96.05,96.0500 (,17668,126237 +,raw/wayback/calls_20260616230542.pdf,2,20260616230542
2026-06-15,FINAL,SR3,2030-12,96.015,96.0150 (,19131,93904 +,raw/wayback/calls_20260616230542.pdf,2,20260616230542
2026-06-15,FINAL,SR3,2031-03,95.98,95.9800 (,14593,51705 +,raw/wayback/calls_20260616230542.pdf,2,20260616230542
2026-06-15,FINAL,SR3,2031-06,95.945,95.9450 (,12755,15983 +,raw/wayback/calls_20260616230542.pdf,2,20260616230542
2026-06-15,FINAL,SR3,2031-09,95.905,95.9050 (,517,5245 +,raw/wayback/calls_20260616230542.pdf,2,20260616230542
2026-06-15,FINAL,SR3,2031-12,95.865,95.8650 (,15,2527 +,raw/wayback/calls_20260616230542.pdf,2,20260616230542
2026-06-15,FINAL,SR3,2032-03,95.825,95.8250 (,39,1900 +,raw/wayback/calls_20260616230542.pdf,2,20260616230542
2026-06-15,FINAL,SR3,2032-06,95.79,95.7900 (,----,154,raw/wayback/calls_20260616230542.pdf,2,20260616230542
2026-06-15,FINAL,SR3,2032-09,95.75,95.7500 (,----,60,raw/wayback/calls_20260616230542.pdf,2,20260616230542
2026-06-15,FINAL,SR3,2032-12,95.715,95.7150 (,----,16,raw/wayback/calls_20260616230542.pdf,2,20260616230542
2026-06-15,FINAL,SR3,2033-03,95.68,95.6800 (,----,6,raw/wayback/calls_20260616230542.pdf,2,20260616230542
2026-06-16,FINAL,SR1,2026-06,96.3825,96.3825,72739,430349 +,raw/wayback/calls_20260617225813.pdf,2,20260617225813
2026-06-16,FINAL,SR1,2026-07,96.365,96.3650,22781,325285 +,raw/wayback/calls_20260617225813.pdf,2,20260617225813
2026-06-16,FINAL,SR1,2026-08,96.33,96.3300,73571,305808 +,raw/wayback/calls_20260617225813.pdf,2,20260617225813
2026-06-16,FINAL,SR1,2026-09,96.3,96.3000,28079,158605 +,raw/wayback/calls_20260617225813.pdf,2,20260617225813
2026-06-16,FINAL,SR1,2026-10,96.27,96.2700,37877,100623 +,raw/wayback/calls_20260617225813.pdf,2,20260617225813
2026-06-16,FINAL,SR1,2026-11,96.24,96.2400,32860,104870 +,raw/wayback/calls_20260617225813.pdf,2,20260617225813
2026-06-16,FINAL,SR1,2026-12,96.16,96.1600,7056,91034 +,raw/wayback/calls_20260617225813.pdf,2,20260617225813
2026-06-16,FINAL,SR1,2027-01,96.135,96.1350,16425,78897 -,raw/wayback/calls_20260617225813.pdf,2,20260617225813
2026-06-16,FINAL,SR1,2027-02,96.115,96.1150,7630,35163 +,raw/wayback/calls_20260617225813.pdf,2,20260617225813
2026-06-16,FINAL,SR1,2027-03,96.095,96.0950,1160,8860 +,raw/wayback/calls_20260617225813.pdf,2,20260617225813
2026-06-16,FINAL,SR1,2027-04,96.08,96.0800,2463,14457 +,raw/wayback/calls_20260617225813.pdf,2,20260617225813
2026-06-16,FINAL,SR1,2027-05,96.06,96.0600,4950,17976 +,raw/wayback/calls_20260617225813.pdf,2,20260617225813
2026-06-16,FINAL,SR1,2027-06,96.06,96.0600,69,4118 +,raw/wayback/calls_20260617225813.pdf,2,20260617225813
2026-06-16,FINAL,SR1,2027-07,96.065,96.0650,269,5030 +,raw/wayback/calls_20260617225813.pdf,2,20260617225813
2026-06-16,FINAL,SR1,2027-08,96.075,96.0750,1,170,raw/wayback/calls_20260617225813.pdf,2,20260617225813
2026-06-16,FINAL,SR3,2026-03,96.3625,96.3625 (,11329,1300215 +,raw/wayback/calls_20260617225813.pdf,2,20260617225813
2026-06-16,FINAL,SR3,2026-04,96.3675,96.3675 (,206,9380 +,raw/wayback/calls_20260617225813.pdf,2,20260617225813
2026-06-16,FINAL,SR3,2026-05,96.35,96.3500 (,46,2313 -,raw/wayback/calls_20260617225813.pdf,2,20260617225813
2026-06-16,FINAL,SR3,2026-06,96.3325,96.3325 (,284868,1451904 +,raw/wayback/calls_20260617225813.pdf,2,20260617225813
2026-06-16,FINAL,SR3,2026-07,96.2975,96.2975 (,48,1626 -,raw/wayback/calls_20260617225813.pdf,2,20260617225813
2026-06-16,FINAL,SR3,2026-08,96.27,96.2700 (,401,333 +,raw/wayback/calls_20260617225813.pdf,2,20260617225813
2026-06-16,FINAL,SR3,2026-09,96.24,96.2400 (,436017,1503884 +,raw/wayback/calls_20260617225813.pdf,2,20260617225813
2026-06-16,FINAL,SR3,2026-10,96.18,96.1800 (,----,200,raw/wayback/calls_20260617225813.pdf,2,20260617225813
2026-06-16,FINAL,SR3,2026-11,96.145,96.1450 (,----,,raw/wayback/calls_20260617225813.pdf,2,20260617225813
2026-06-16,FINAL,SR3,2026-12,96.115,96.1150 (,629194,1729885 +,raw/wayback/calls_20260617225813.pdf,2,20260617225813
2026-06-16,FINAL,SR3,2027-03,96.06,96.0600 (,413596,1080953 +,raw/wayback/calls_20260617225813.pdf,2,20260617225813
2026-06-16,FINAL,SR3,2027-06,96.06,96.0600 (,452419,1207760 -,raw/wayback/calls_20260617225813.pdf,2,20260617225813
2026-06-16,FINAL,SR3,2027-09,96.085,96.0850 (,303558,914008 +,raw/wayback/calls_20260617225813.pdf,2,20260617225813
2026-06-16,FINAL,SR3,2027-12,96.13,96.1300 (,316093,1196661 +,raw/wayback/calls_20260617225813.pdf,2,20260617225813
2026-06-16,FINAL,SR3,2028-03,96.175,96.1750 (,193157,698709 +,raw/wayback/calls_20260617225813.pdf,2,20260617225813
2026-06-16,FINAL,SR3,2028-06,96.2,96.2000 (,175032,577271 -,raw/wayback/calls_20260617225813.pdf,2,20260617225813
2026-06-16,FINAL,SR3,2028-09,96.21,96.2100 (,97446,460847 +,raw/wayback/calls_20260617225813.pdf,2,20260617225813
2026-06-16,FINAL,SR3,2028-12,96.215,96.2150 (,124470,377718 -,raw/wayback/calls_20260617225813.pdf,2,20260617225813
2026-06-16,FINAL,SR3,2029-03,96.21,96.2100 (,137380,311728 -,raw/wayback/calls_20260617225813.pdf,2,20260617225813
2026-06-16,FINAL,SR3,2029-06,96.205,96.2050 (,127721,276453 +,raw/wayback/calls_20260617225813.pdf,2,20260617225813
2026-06-16,FINAL,SR3,2029-09,96.195,96.1950 (,45760,198135 -,raw/wayback/calls_20260617225813.pdf,2,20260617225813
2026-06-16,FINAL,SR3,2029-12,96.175,96.1750 (,34807,210791 -,raw/wayback/calls_20260617225813.pdf,2,20260617225813
2026-06-16,FINAL,SR3,2030-03,96.155,96.1550 (,32604,141103 +,raw/wayback/calls_20260617225813.pdf,2,20260617225813
2026-06-16,FINAL,SR3,2030-06,96.13,96.1300 (,29343,147507 -,raw/wayback/calls_20260617225813.pdf,2,20260617225813
2026-06-16,FINAL,SR3,2030-09,96.105,96.1050 (,24767,124175 -,raw/wayback/calls_20260617225813.pdf,2,20260617225813
2026-06-16,FINAL,SR3,2030-12,96.07,96.0700 (,18422,95320 +,raw/wayback/calls_20260617225813.pdf,2,20260617225813
2026-06-16,FINAL,SR3,2031-03,96.035,96.0350 (,15958,52436 +,raw/wayback/calls_20260617225813.pdf,2,20260617225813
2026-06-16,FINAL,SR3,2031-06,95.995,95.9950 (,15021,18305 +,raw/wayback/calls_20260617225813.pdf,2,20260617225813
2026-06-16,FINAL,SR3,2031-09,95.955,95.9550 (,756,5890 +,raw/wayback/calls_20260617225813.pdf,2,20260617225813
2026-06-16,FINAL,SR3,2031-12,95.915,95.9150 (,51,2563 +,raw/wayback/calls_20260617225813.pdf,2,20260617225813
2026-06-16,FINAL,SR3,2032-03,95.875,95.8750 (,62,1914 +,raw/wayback/calls_20260617225813.pdf,2,20260617225813
2026-06-16,FINAL,SR3,2032-06,95.84,95.8400 (,39,172 +,raw/wayback/calls_20260617225813.pdf,2,20260617225813
2026-06-16,FINAL,SR3,2032-09,95.8,95.8000 (,----,60,raw/wayback/calls_20260617225813.pdf,2,20260617225813
2026-06-16,FINAL,SR3,2032-12,95.76,95.7600 (,----,16,raw/wayback/calls_20260617225813.pdf,2,20260617225813
2026-06-16,FINAL,SR3,2033-03,95.725,95.7250 (,----,6,raw/wayback/calls_20260617225813.pdf,2,20260617225813
2026-06-17,FINAL,SR1,2026-06,96.375,96.3750,72069,412181 -,raw/wayback/calls_20260618230842.pdf,2,20260618230842
2026-06-17,FINAL,SR1,2026-07,96.35,96.3500,126175,317888 -,raw/wayback/calls_20260618230842.pdf,2,20260618230842
2026-06-17,FINAL,SR1,2026-08,96.275,96.2750,133517,296988 -,raw/wayback/calls_20260618230842.pdf,2,20260618230842
2026-06-17,FINAL,SR1,2026-09,96.225,96.2250,45544,168199 +,raw/wayback/calls_20260618230842.pdf,2,20260618230842
2026-06-17,FINAL,SR1,2026-10,96.18,96.1800,71682,105592 +,raw/wayback/calls_20260618230842.pdf,2,20260618230842
2026-06-17,FINAL,SR1,2026-11,96.13,96.1300 (,47491,105332 +,raw/wayback/calls_20260618230842.pdf,2,20260618230842
2026-06-17,FINAL,SR1,2026-12,96.03,96.0300 (,28956,93756 +,raw/wayback/calls_20260618230842.pdf,2,20260618230842
2026-06-17,FINAL,SR1,2027-01,95.995,95.9950 (,16618,82315 +,raw/wayback/calls_20260618230842.pdf,2,20260618230842
2026-06-17,FINAL,SR1,2027-02,95.975,95.9750 (,9967,36886 +,raw/wayback/calls_20260618230842.pdf,2,20260618230842
2026-06-17,FINAL,SR1,2027-03,95.95,95.9500 (,2895,9322 +,raw/wayback/calls_20260618230842.pdf,2,20260618230842
2026-06-17,FINAL,SR1,2027-04,95.925,95.9250 (,9953,16956 +,raw/wayback/calls_20260618230842.pdf,2,20260618230842
2026-06-17,FINAL,SR1,2027-05,95.915,95.9150 (,2726,19051 +,raw/wayback/calls_20260618230842.pdf,2,20260618230842
2026-06-17,FINAL,SR1,2027-06,95.92,95.9200 (,215,4127 +,raw/wayback/calls_20260618230842.pdf,2,20260618230842
2026-06-17,FINAL,SR1,2027-07,95.925,95.9250 (,283,4995 -,raw/wayback/calls_20260618230842.pdf,2,20260618230842
2026-06-17,FINAL,SR1,2027-08,95.94,95.9400 (,18,170,raw/wayback/calls_20260618230842.pdf,2,20260618230842
2026-06-17,FINAL,SR3,2026-03,96.3636,96.3636 (,----,1300001 -,raw/wayback/calls_20260618230842.pdf,2,20260618230842
2026-06-17,FINAL,SR3,2026-04,96.36,96.3600 (,110,9338 -,raw/wayback/calls_20260618230842.pdf,2,20260618230842
2026-06-17,FINAL,SR3,2026-05,96.34,96.3400 (,4,2321 +,raw/wayback/calls_20260618230842.pdf,2,20260618230842
2026-06-17,FINAL,SR3,2026-06,96.3,96.3000 (,433019,1361498 -,raw/wayback/calls_20260618230842.pdf,2,20260618230842
2026-06-17,FINAL,SR3,2026-07,96.24,96.2400 (,327,1826 +,raw/wayback/calls_20260618230842.pdf,2,20260618230842
2026-06-17,FINAL,SR3,2026-08,96.19,96.1900 (,2,332 -,raw/wayback/calls_20260618230842.pdf,2,20260618230842
2026-06-17,FINAL,SR3,2026-09,96.135,96.1350 (,1185803,1532002 +,raw/wayback/calls_20260618230842.pdf,2,20260618230842
2026-06-17,FINAL,SR3,2026-10,96.065,96.0650 (,----,200,raw/wayback/calls_20260618230842.pdf,2,20260618230842
2026-06-17,FINAL,SR3,2026-11,96.015,96.0150 (,25,25 +,raw/wayback/calls_20260618230842.pdf,2,20260618230842
2026-06-17,FINAL,SR3,2026-12,95.965,95.9650 (,1317453,1787585 +,raw/wayback/calls_20260618230842.pdf,2,20260618230842
2026-06-17,FINAL,SR3,2027-03,95.905,95.9050 (,891037,1135714 +,raw/wayback/calls_20260618230842.pdf,2,20260618230842
2026-06-17,FINAL,SR3,2027-06,95.92,95.9200 (,832231,1215781 +,raw/wayback/calls_20260618230842.pdf,2,20260618230842
2026-06-17,FINAL,SR3,2027-09,95.965,95.9650 (,544088,896281 -,raw/wayback/calls_20260618230842.pdf,2,20260618230842
2026-06-17,FINAL,SR3,2027-12,96.025,96.0250 (,619114,1207269 +,raw/wayback/calls_20260618230842.pdf,2,20260618230842
2026-06-17,FINAL,SR3,2028-03,96.085,96.0850 (,379537,714550 +,raw/wayback/calls_20260618230842.pdf,2,20260618230842
2026-06-17,FINAL,SR3,2028-06,96.12,96.1200 (,322418,583314 +,raw/wayback/calls_20260618230842.pdf,2,20260618230842
2026-06-17,FINAL,SR3,2028-09,96.14,96.1400 (,173873,458182 -,raw/wayback/calls_20260618230842.pdf,2,20260618230842
2026-06-17,FINAL,SR3,2028-12,96.155,96.1550 (,178682,374736 -,raw/wayback/calls_20260618230842.pdf,2,20260618230842
2026-06-17,FINAL,SR3,2029-03,96.16,96.1600 (,130486,306807 -,raw/wayback/calls_20260618230842.pdf,2,20260618230842
2026-06-17,FINAL,SR3,2029-06,96.16,96.1600 (,146488,277259 +,raw/wayback/calls_20260618230842.pdf,2,20260618230842
2026-06-17,FINAL,SR3,2029-09,96.155,96.1550 (,78480,198163 +,raw/wayback/calls_20260618230842.pdf,2,20260618230842
2026-06-17,FINAL,SR3,2029-12,96.14,96.1400 (,92131,222777 +,raw/wayback/calls_20260618230842.pdf,2,20260618230842
2026-06-17,FINAL,SR3,2030-03,96.125,96.1250 (,71145,150695 +,raw/wayback/calls_20260618230842.pdf,2,20260618230842
2026-06-17,FINAL,SR3,2030-06,96.105,96.1050 (,60577,150170 +,raw/wayback/calls_20260618230842.pdf,2,20260618230842
2026-06-17,FINAL,SR3,2030-09,96.085,96.0850 (,44391,124792 +,raw/wayback/calls_20260618230842.pdf,2,20260618230842
2026-06-17,FINAL,SR3,2030-12,96.055,96.0550 (,54333,94692 -,raw/wayback/calls_20260618230842.pdf,2,20260618230842
2026-06-17,FINAL,SR3,2031-03,96.025,96.0250 (,38009,51933 -,raw/wayback/calls_20260618230842.pdf,2,20260618230842
2026-06-17,FINAL,SR3,2031-06,95.99,95.9900 (,35919,18927 +,raw/wayback/calls_20260618230842.pdf,2,20260618230842
2026-06-17,FINAL,SR3,2031-09,95.955,95.9550 (,821,6192 +,raw/wayback/calls_20260618230842.pdf,2,20260618230842
2026-06-17,FINAL,SR3,2031-12,95.915,95.9150 (,159,2590 +,raw/wayback/calls_20260618230842.pdf,2,20260618230842
2026-06-17,FINAL,SR3,2032-03,95.875,95.8750 (,56,1914,raw/wayback/calls_20260618230842.pdf,2,20260618230842
2026-06-17,FINAL,SR3,2032-06,95.84,95.8400 (,2,173 +,raw/wayback/calls_20260618230842.pdf,2,20260618230842
2026-06-17,FINAL,SR3,2032-09,95.8,95.8000 (,1,60,raw/wayback/calls_20260618230842.pdf,2,20260618230842
2026-06-17,FINAL,SR3,2032-12,95.76,95.7600 (,----,16,raw/wayback/calls_20260618230842.pdf,2,20260618230842
2026-06-17,FINAL,SR3,2033-03,95.725,95.7250 (,----,6,raw/wayback/calls_20260618230842.pdf,2,20260618230842
2026-06-18,FINAL,SR1,2026-06,96.3725,96.3725,135873,375364 -,raw/wayback/calls_20260622230013.pdf,2,20260622230013
2026-06-18,FINAL,SR1,2026-07,96.35,96.3500,51475,311817 -,raw/wayback/calls_20260622230013.pdf,2,20260622230013
2026-06-18,FINAL,SR1,2026-08,96.245,96.2450,70767,299958 +,raw/wayback/calls_20260622230013.pdf,2,20260622230013
2026-06-18,FINAL,SR1,2026-09,96.185,96.1850 (,34613,167398 -,raw/wayback/calls_20260622230013.pdf,2,20260622230013
2026-06-18,FINAL,SR1,2026-10,96.115,96.1150 (,49466,106252 +,raw/wayback/calls_20260622230013.pdf,2,20260622230013
2026-06-18,FINAL,SR1,2026-11,96.055,96.0550 (,33599,103996 -,raw/wayback/calls_20260622230013.pdf,2,20260622230013
2026-06-18,FINAL,SR1,2026-12,95.97,95.9700 (,13501,86046 -,raw/wayback/calls_20260622230013.pdf,2,20260622230013
2026-06-18,FINAL,SR1,2027-01,95.935,95.9350 (,13226,82140 -,raw/wayback/calls_20260622230013.pdf,2,20260622230013
2026-06-18,FINAL,SR1,2027-02,95.915,95.9150 (,8775,35543 -,raw/wayback/calls_20260622230013.pdf,2,20260622230013
2026-06-18,FINAL,SR1,2027-03,95.89,95.8900 (,1900,9127 -,raw/wayback/calls_20260622230013.pdf,2,20260622230013
2026-06-18,FINAL,SR1,2027-04,95.875,95.8750 (,2084,16977 +,raw/wayback/calls_20260622230013.pdf,2,20260622230013
2026-06-18,FINAL,SR1,2027-05,95.875,95.8750 (,1574,19532 +,raw/wayback/calls_20260622230013.pdf,2,20260622230013
2026-06-18,FINAL,SR1,2027-06,95.88,95.8800 (,103,4130 +,raw/wayback/calls_20260622230013.pdf,2,20260622230013
2026-06-18,FINAL,SR1,2027-07,95.89,95.8900 (,142,4989 -,raw/wayback/calls_20260622230013.pdf,2,20260622230013
2026-06-18,FINAL,SR1,2027-08,95.915,95.9150 (,2,170,raw/wayback/calls_20260622230013.pdf,2,20260622230013
2026-06-18,FINAL,SR3,2026-03,96.3636,96.3636,----,-,raw/wayback/calls_20260622230013.pdf,2,20260622230013
2026-06-18,FINAL,SR3,2026-04,96.36,96.3600,16,9358 +,raw/wayback/calls_20260622230013.pdf,2,20260622230013
2026-06-18,FINAL,SR3,2026-05,96.3375,96.3375,1,2312 -,raw/wayback/calls_20260622230013.pdf,2,20260622230013
2026-06-18,FINAL,SR3,2026-06,96.285,96.2850,219903,1338568 -,raw/wayback/calls_20260622230013.pdf,2,20260622230013
2026-06-18,FINAL,SR3,2026-07,96.2025,96.2025,1213,2838 +,raw/wayback/calls_20260622230013.pdf,2,20260622230013
2026-06-18,FINAL,SR3,2026-08,96.13,96.1300,146,308 -,raw/wayback/calls_20260622230013.pdf,2,20260622230013
2026-06-18,FINAL,SR3,2026-09,96.06,96.0600,961485,1548136 +,raw/wayback/calls_20260622230013.pdf,2,20260622230013
2026-06-18,FINAL,SR3,2026-10,95.99,95.9900,78,265 +,raw/wayback/calls_20260622230013.pdf,2,20260622230013
2026-06-18,FINAL,SR3,2026-11,95.94,95.9400,----,25,raw/wayback/calls_20260622230013.pdf,2,20260622230013
2026-06-18,FINAL,SR3,2026-12,95.905,95.9050,944865,1745071 -,raw/wayback/calls_20260622230013.pdf,2,20260622230013
2026-06-18,FINAL,SR3,2027-03,95.855,95.8550,675258,1125009 -,raw/wayback/calls_20260622230013.pdf,2,20260622230013
2026-06-18,FINAL,SR3,2027-06,95.89,95.8900,610379,1201741 -,raw/wayback/calls_20260622230013.pdf,2,20260622230013
2026-06-18,FINAL,SR3,2027-09,95.96,95.9600,457799,904288 +,raw/wayback/calls_20260622230013.pdf,2,20260622230013
2026-06-18,FINAL,SR3,2027-12,96.045,96.0450,479877,1236453 +,raw/wayback/calls_20260622230013.pdf,2,20260622230013
2026-06-18,FINAL,SR3,2028-03,96.11,96.1100,340864,706544 -,raw/wayback/calls_20260622230013.pdf,2,20260622230013
2026-06-18,FINAL,SR3,2028-06,96.145,96.1450,303769,578483 -,raw/wayback/calls_20260622230013.pdf,2,20260622230013
2026-06-18,FINAL,SR3,2028-09,96.165,96.1650,152068,456977 -,raw/wayback/calls_20260622230013.pdf,2,20260622230013
2026-06-18,FINAL,SR3,2028-12,96.175,96.1750,141731,370926 -,raw/wayback/calls_20260622230013.pdf,2,20260622230013
2026-06-18,FINAL,SR3,2029-03,96.18,96.1800,120551,303877 -,raw/wayback/calls_20260622230013.pdf,2,20260622230013
2026-06-18,FINAL,SR3,2029-06,96.18,96.1800,116930,284687 +,raw/wayback/calls_20260622230013.pdf,2,20260622230013
2026-06-18,FINAL,SR3,2029-09,96.17,96.1700,57946,192189 -,raw/wayback/calls_20260622230013.pdf,2,20260622230013
2026-06-18,FINAL,SR3,2029-12,96.155,96.1550 (,63028,222012 -,raw/wayback/calls_20260622230013.pdf,2,20260622230013
2026-06-18,FINAL,SR3,2030-03,96.14,96.1400 (,44830,152235 +,raw/wayback/calls_20260622230013.pdf,2,20260622230013
2026-06-18,FINAL,SR3,2030-06,96.12,96.1200 (,54120,149359 -,raw/wayback/calls_20260622230013.pdf,2,20260622230013
2026-06-18,FINAL,SR3,2030-09,96.095,96.0950 (,33175,123813 -,raw/wayback/calls_20260622230013.pdf,2,20260622230013
2026-06-18,FINAL,SR3,2030-12,96.065,96.0650 (,47843,93536 -,raw/wayback/calls_20260622230013.pdf,2,20260622230013
2026-06-18,FINAL,SR3,2031-03,96.035,96.0350 (,32137,50199 -,raw/wayback/calls_20260622230013.pdf,2,20260622230013
2026-06-18,FINAL,SR3,2031-06,96.0,96.0000 (,37625,19406 +,raw/wayback/calls_20260622230013.pdf,2,20260622230013
2026-06-18,FINAL,SR3,2031-09,95.97,95.9700 (,1056,6564 +,raw/wayback/calls_20260622230013.pdf,2,20260622230013
2026-06-18,FINAL,SR3,2031-12,95.935,95.9350 (,482,2699 +,raw/wayback/calls_20260622230013.pdf,2,20260622230013
2026-06-18,FINAL,SR3,2032-03,95.895,95.8950 (,296,1647 -,raw/wayback/calls_20260622230013.pdf,2,20260622230013
2026-06-18,FINAL,SR3,2032-06,95.86,95.8600 (,4,169 -,raw/wayback/calls_20260622230013.pdf,2,20260622230013
2026-06-18,FINAL,SR3,2032-09,95.825,95.8250 (,----,60,raw/wayback/calls_20260622230013.pdf,2,20260622230013
2026-06-18,FINAL,SR3,2032-12,95.79,95.7900 (,----,16,raw/wayback/calls_20260622230013.pdf,2,20260622230013
2026-06-18,FINAL,SR3,2033-03,95.755,95.7550 (,----,6,raw/wayback/calls_20260622230013.pdf,2,20260622230013
2026-06-22,FINAL,SR1,2026-06,96.3675,96.3675,52295,364873 -,raw/wayback/calls_20260623222531.pdf,2,20260623222531
2026-06-22,FINAL,SR1,2026-07,96.345,96.3450,50321,309516 -,raw/wayback/calls_20260623222531.pdf,2,20260623222531
2026-06-22,FINAL,SR1,2026-08,96.245,96.2450,60164,306198 +,raw/wayback/calls_20260623222531.pdf,2,20260623222531
2026-06-22,FINAL,SR1,2026-09,96.175,96.1750,25951,171594 +,raw/wayback/calls_20260623222531.pdf,2,20260623222531
2026-06-22,FINAL,SR1,2026-10,96.095,96.0950 (,31480,106482 +,raw/wayback/calls_20260623222531.pdf,2,20260623222531
2026-06-22,FINAL,SR1,2026-11,96.02,96.0200 (,31149,103164 -,raw/wayback/calls_20260623222531.pdf,2,20260623222531
2026-06-22,FINAL,SR1,2026-12,95.935,95.9350 (,9291,82353 -,raw/wayback/calls_20260623222531.pdf,2,20260623222531
2026-06-22,FINAL,SR1,2027-01,95.905,95.9050 (,10027,82354 +,raw/wayback/calls_20260623222531.pdf,2,20260623222531
2026-06-22,FINAL,SR1,2027-02,95.88,95.8800 (,6024,34947 -,raw/wayback/calls_20260623222531.pdf,2,20260623222531
2026-06-22,FINAL,SR1,2027-03,95.855,95.8550 (,1364,8922 -,raw/wayback/calls_20260623222531.pdf,2,20260623222531
2026-06-22,FINAL,SR1,2027-04,95.835,95.8350 (,1116,16962 -,raw/wayback/calls_20260623222531.pdf,2,20260623222531
2026-06-22,FINAL,SR1,2027-05,95.82,95.8200 (,742,19767 +,raw/wayback/calls_20260623222531.pdf,2,20260623222531
2026-06-22,FINAL,SR1,2027-06,95.825,95.8250 (,88,4111 -,raw/wayback/calls_20260623222531.pdf,2,20260623222531
2026-06-22,FINAL,SR1,2027-07,95.835,95.8350 (,279,4884 -,raw/wayback/calls_20260623222531.pdf,2,20260623222531
2026-06-22,FINAL,SR1,2027-08,95.86,95.8600 (,31,173 +,raw/wayback/calls_20260623222531.pdf,2,20260623222531
2026-06-22,FINAL,SR3,2026-03,96.3636,96.3636 (,----,,raw/wayback/calls_20260623222531.pdf,2,20260623222531
2026-06-22,FINAL,SR3,2026-04,96.36,96.3600 (,11,9334 -,raw/wayback/calls_20260623222531.pdf,2,20260623222531
2026-06-22,FINAL,SR3,2026-05,96.3325,96.3325 (,170,2352 +,raw/wayback/calls_20260623222531.pdf,2,20260623222531
2026-06-22,FINAL,SR3,2026-06,96.28,96.2800 (,166964,1346603 +,raw/wayback/calls_20260623222531.pdf,2,20260623222531
2026-06-22,FINAL,SR3,2026-07,96.1975,96.1975 (,342,2897 +,raw/wayback/calls_20260623222531.pdf,2,20260623222531
2026-06-22,FINAL,SR3,2026-08,96.12,96.1200 (,83,299 -,raw/wayback/calls_20260623222531.pdf,2,20260623222531
2026-06-22,FINAL,SR3,2026-09,96.035,96.0350 (,551865,1509921 -,raw/wayback/calls_20260623222531.pdf,2,20260623222531
2026-06-22,FINAL,SR3,2026-10,95.965,95.9650 (,50,315 +,raw/wayback/calls_20260623222531.pdf,2,20260623222531
2026-06-22,FINAL,SR3,2026-11,95.915,95.9150 (,----,25,raw/wayback/calls_20260623222531.pdf,2,20260623222531
2026-06-22,FINAL,SR3,2026-12,95.875,95.8750 (,732213,1750857 +,raw/wayback/calls_20260623222531.pdf,2,20260623222531
2026-06-22,FINAL,SR3,2027-03,95.81,95.8100 (,485223,1115927 -,raw/wayback/calls_20260623222531.pdf,2,20260623222531
2026-06-22,FINAL,SR3,2027-06,95.825,95.8250 (,521552,1206680 +,raw/wayback/calls_20260623222531.pdf,2,20260623222531
2026-06-22,FINAL,SR3,2027-09,95.885,95.8850 (,355251,903524 -,raw/wayback/calls_20260623222531.pdf,2,20260623222531
2026-06-22,FINAL,SR3,2027-12,95.96,95.9600 (,392663,1214121 -,raw/wayback/calls_20260623222531.pdf,2,20260623222531
2026-06-22,FINAL,SR3,2028-03,96.025,96.0250 (,265483,708189 +,raw/wayback/calls_20260623222531.pdf,2,20260623222531
2026-06-22,FINAL,SR3,2028-06,96.06,96.0600 (,262035,593861 +,raw/wayback/calls_20260623222531.pdf,2,20260623222531
2026-06-22,FINAL,SR3,2028-09,96.085,96.0850 (,134261,451475 -,raw/wayback/calls_20260623222531.pdf,2,20260623222531
2026-06-22,FINAL,SR3,2028-12,96.1,96.1000 (,119293,374656 +,raw/wayback/calls_20260623222531.pdf,2,20260623222531
2026-06-22,FINAL,SR3,2029-03,96.105,96.1050 (,101388,308381 +,raw/wayback/calls_20260623222531.pdf,2,20260623222531
2026-06-22,FINAL,SR3,2029-06,96.11,96.1100 (,113448,293709 +,raw/wayback/calls_20260623222531.pdf,2,20260623222531
2026-06-22,FINAL,SR3,2029-09,96.105,96.1050 (,47380,194689 +,raw/wayback/calls_20260623222531.pdf,2,20260623222531
2026-06-22,FINAL,SR3,2029-12,96.09,96.0900 (,63843,209657 -,raw/wayback/calls_20260623222531.pdf,2,20260623222531
2026-06-22,FINAL,SR3,2030-03,96.075,96.0750 (,45706,156825 +,raw/wayback/calls_20260623222531.pdf,2,20260623222531
2026-06-22,FINAL,SR3,2030-06,96.06,96.0600 (,48617,153349 +,raw/wayback/calls_20260623222531.pdf,2,20260623222531
2026-06-22,FINAL,SR3,2030-09,96.035,96.0350 (,29236,124770 +,raw/wayback/calls_20260623222531.pdf,2,20260623222531
2026-06-22,FINAL,SR3,2030-12,96.005,96.0050 (,30201,94467 +,raw/wayback/calls_20260623222531.pdf,2,20260623222531
2026-06-22,FINAL,SR3,2031-03,95.975,95.9750 (,23935,50232 +,raw/wayback/calls_20260623222531.pdf,2,20260623222531
2026-06-22,FINAL,SR3,2031-06,95.94,95.9400 (,20816,19534 +,raw/wayback/calls_20260623222531.pdf,2,20260623222531
2026-06-22,FINAL,SR3,2031-09,95.91,95.9100 (,63,6565 +,raw/wayback/calls_20260623222531.pdf,2,20260623222531
2026-06-22,FINAL,SR3,2031-12,95.875,95.8750 (,38,2713 +,raw/wayback/calls_20260623222531.pdf,2,20260623222531
2026-06-22,FINAL,SR3,2032-03,95.835,95.8350 (,----,1647,raw/wayback/calls_20260623222531.pdf,2,20260623222531
2026-06-22,FINAL,SR3,2032-06,95.8,95.8000 (,16,169,raw/wayback/calls_20260623222531.pdf,2,20260623222531
2026-06-22,FINAL,SR3,2032-09,95.765,95.7650 (,----,60,raw/wayback/calls_20260623222531.pdf,2,20260623222531
2026-06-22,FINAL,SR3,2032-12,95.73,95.7300 (,----,16,raw/wayback/calls_20260623222531.pdf,2,20260623222531
2026-06-22,FINAL,SR3,2033-03,95.695,95.6950 (,----,6,raw/wayback/calls_20260623222531.pdf,2,20260623222531
2026-06-24,FINAL,SR1,2026-06,96.365,96.3650,38505,346685 -,raw/wayback/calls_20260625223528.pdf,2,20260625223528
2026-06-24,FINAL,SR1,2026-07,96.345,96.3450,11587,313401 +,raw/wayback/calls_20260625223528.pdf,2,20260625223528
2026-06-24,FINAL,SR1,2026-08,96.255,96.2550,53903,307128 -,raw/wayback/calls_20260625223528.pdf,2,20260625223528
2026-06-24,FINAL,SR1,2026-09,96.2,96.2000,22081,177286 +,raw/wayback/calls_20260625223528.pdf,2,20260625223528
2026-06-24,FINAL,SR1,2026-10,96.13,96.1300,27023,109062 +,raw/wayback/calls_20260625223528.pdf,2,20260625223528
2026-06-24,FINAL,SR1,2026-11,96.075,96.0750,15863,103752 +,raw/wayback/calls_20260625223528.pdf,2,20260625223528
2026-06-24,FINAL,SR1,2026-12,96.005,96.0050,8637,86876 +,raw/wayback/calls_20260625223528.pdf,2,20260625223528
2026-06-24,FINAL,SR1,2027-01,95.985,95.9850,9027,84314 +,raw/wayback/calls_20260625223528.pdf,2,20260625223528
2026-06-24,FINAL,SR1,2027-02,95.975,95.9750,8141,35754 +,raw/wayback/calls_20260625223528.pdf,2,20260625223528
2026-06-24,FINAL,SR1,2027-03,95.955,95.9550,894,9278 +,raw/wayback/calls_20260625223528.pdf,2,20260625223528
2026-06-24,FINAL,SR1,2027-04,95.945,95.9450,836,17387 +,raw/wayback/calls_20260625223528.pdf,2,20260625223528
2026-06-24,FINAL,SR1,2027-05,95.94,95.9400,1136,19699 -,raw/wayback/calls_20260625223528.pdf,2,20260625223528
2026-06-24,FINAL,SR1,2027-06,95.95,95.9500,70,4084 -,raw/wayback/calls_20260625223528.pdf,2,20260625223528
2026-06-24,FINAL,SR1,2027-07,95.955,95.9550,49,4997 +,raw/wayback/calls_20260625223528.pdf,2,20260625223528
2026-06-24,FINAL,SR1,2027-08,95.975,95.9750 (,50,171 +,raw/wayback/calls_20260625223528.pdf,2,20260625223528
2026-06-24,FINAL,SR3,2026-04,96.3625,96.3625 (,25,9331 +,raw/wayback/calls_20260625223528.pdf,2,20260625223528
2026-06-24,FINAL,SR3,2026-05,96.335,96.3350 (,361,2362 +,raw/wayback/calls_20260625223528.pdf,2,20260625223528
2026-06-24,FINAL,SR3,2026-06,96.2875,96.2875 (,128583,1327310 +,raw/wayback/calls_20260625223528.pdf,2,20260625223528
2026-06-24,FINAL,SR3,2026-07,96.21,96.2100 (,5,2916 +,raw/wayback/calls_20260625223528.pdf,2,20260625223528
2026-06-24,FINAL,SR3,2026-08,96.14,96.1400 (,239,371 -,raw/wayback/calls_20260625223528.pdf,2,20260625223528
2026-06-24,FINAL,SR3,2026-09,96.085,96.0850 (,402442,1468357 -,raw/wayback/calls_20260625223528.pdf,2,20260625223528
2026-06-24,FINAL,SR3,2026-10,96.02,96.0200 (,----,315,raw/wayback/calls_20260625223528.pdf,2,20260625223528
2026-06-24,FINAL,SR3,2026-11,95.98,95.9800 (,----,25,raw/wayback/calls_20260625223528.pdf,2,20260625223528
2026-06-24,FINAL,SR3,2026-12,95.965,95.9650 (,545498,1785000 +,raw/wayback/calls_20260625223528.pdf,2,20260625223528
2026-06-24,FINAL,SR3,2027-03,95.925,95.9250 (,337407,1086500 -,raw/wayback/calls_20260625223528.pdf,2,20260625223528
2026-06-24,FINAL,SR3,2027-06,95.955,95.9550 (,326157,1189239 -,raw/wayback/calls_20260625223528.pdf,2,20260625223528
2026-06-24,FINAL,SR3,2027-09,96.02,96.0200 (,268176,898207 +,raw/wayback/calls_20260625223528.pdf,2,20260625223528
2026-06-24,FINAL,SR3,2027-12,96.1,96.1000 (,286131,1218390 +,raw/wayback/calls_20260625223528.pdf,2,20260625223528
2026-06-24,FINAL,SR3,2028-03,96.165,96.1650 (,199211,701383 -,raw/wayback/calls_20260625223528.pdf,2,20260625223528
2026-06-24,FINAL,SR3,2028-06,96.2,96.2000 (,190464,602772 -,raw/wayback/calls_20260625223528.pdf,2,20260625223528
2026-06-24,FINAL,SR3,2028-09,96.22,96.2200 (,127804,448327 -,raw/wayback/calls_20260625223528.pdf,2,20260625223528
2026-06-24,FINAL,SR3,2028-12,96.23,96.2300 (,103672,373079 -,raw/wayback/calls_20260625223528.pdf,2,20260625223528
2026-06-24,FINAL,SR3,2029-03,96.235,96.2350 (,83413,301033 -,raw/wayback/calls_20260625223528.pdf,2,20260625223528
2026-06-24,FINAL,SR3,2029-06,96.235,96.2350 (,83514,291069 -,raw/wayback/calls_20260625223528.pdf,2,20260625223528
2026-06-24,FINAL,SR3,2029-09,96.225,96.2250 (,44666,191879 -,raw/wayback/calls_20260625223528.pdf,2,20260625223528
2026-06-24,FINAL,SR3,2029-12,96.21,96.2100 (,50488,216743 +,raw/wayback/calls_20260625223528.pdf,2,20260625223528
2026-06-24,FINAL,SR3,2030-03,96.19,96.1900 (,34471,157345 +,raw/wayback/calls_20260625223528.pdf,2,20260625223528
2026-06-24,FINAL,SR3,2030-06,96.17,96.1700 (,36246,155265 +,raw/wayback/calls_20260625223528.pdf,2,20260625223528
2026-06-24,FINAL,SR3,2030-09,96.145,96.1450 (,24329,124798 -,raw/wayback/calls_20260625223528.pdf,2,20260625223528
2026-06-24,FINAL,SR3,2030-12,96.115,96.1150 (,30527,95983 +,raw/wayback/calls_20260625223528.pdf,2,20260625223528
2026-06-24,FINAL,SR3,2031-03,96.08,96.0800 (,30965,52504 +,raw/wayback/calls_20260625223528.pdf,2,20260625223528
2026-06-24,FINAL,SR3,2031-06,96.045,96.0450 (,26826,22295 +,raw/wayback/calls_20260625223528.pdf,2,20260625223528
2026-06-24,FINAL,SR3,2031-09,96.01,96.0100 (,1537,6927 +,raw/wayback/calls_20260625223528.pdf,2,20260625223528
2026-06-24,FINAL,SR3,2031-12,95.97,95.9700 (,156,2734 +,raw/wayback/calls_20260625223528.pdf,2,20260625223528
2026-06-24,FINAL,SR3,2032-03,95.935,95.9350 (,251,1476 -,raw/wayback/calls_20260625223528.pdf,2,20260625223528
2026-06-24,FINAL,SR3,2032-06,95.9,95.9000 (,2,270,raw/wayback/calls_20260625223528.pdf,2,20260625223528
2026-06-24,FINAL,SR3,2032-09,95.865,95.8650 (,----,60,raw/wayback/calls_20260625223528.pdf,2,20260625223528
2026-06-24,FINAL,SR3,2032-12,95.825,95.8250 (,----,16,raw/wayback/calls_20260625223528.pdf,2,20260625223528
2026-06-24,FINAL,SR3,2033-03,95.79,95.7900 (,----,6,raw/wayback/calls_20260625223528.pdf,2,20260625223528
2026-06-25,FINAL,SR1,2026-06,96.3675,96.3675,28853,339133 -,raw/wayback/calls_20260626223040.pdf,2,20260626223040
2026-06-25,FINAL,SR1,2026-07,96.355,96.3550,117056,346273 +,raw/wayback/calls_20260626223040.pdf,2,20260626223040
2026-06-25,FINAL,SR1,2026-08,96.27,96.2700,92221,301509 -,raw/wayback/calls_20260626223040.pdf,2,20260626223040
2026-06-25,FINAL,SR1,2026-09,96.215,96.2150,37409,179848 +,raw/wayback/calls_20260626223040.pdf,2,20260626223040
2026-06-25,FINAL,SR1,2026-10,96.15,96.1500,33406,115906 +,raw/wayback/calls_20260626223040.pdf,2,20260626223040
2026-06-25,FINAL,SR1,2026-11,96.095,96.0950,32326,106339 +,raw/wayback/calls_20260626223040.pdf,2,20260626223040
2026-06-25,FINAL,SR1,2026-12,96.02,96.0200,13346,88335 +,raw/wayback/calls_20260626223040.pdf,2,20260626223040
2026-06-25,FINAL,SR1,2027-01,96.0,96.0000,11272,83382 -,raw/wayback/calls_20260626223040.pdf,2,20260626223040
2026-06-25,FINAL,SR1,2027-02,95.99,95.9900,8622,33110 -,raw/wayback/calls_20260626223040.pdf,2,20260626223040
2026-06-25,FINAL,SR1,2027-03,95.975,95.9750,1444,9384 +,raw/wayback/calls_20260626223040.pdf,2,20260626223040
2026-06-25,FINAL,SR1,2027-04,95.96,95.9600,1602,17668 +,raw/wayback/calls_20260626223040.pdf,2,20260626223040
2026-06-25,FINAL,SR1,2027-05,95.96,95.9600,2472,20388 +,raw/wayback/calls_20260626223040.pdf,2,20260626223040
2026-06-25,FINAL,SR1,2027-06,95.975,95.9750,111,4062 -,raw/wayback/calls_20260626223040.pdf,2,20260626223040
2026-06-25,FINAL,SR1,2027-07,95.985,95.9850,88,5004 +,raw/wayback/calls_20260626223040.pdf,2,20260626223040
2026-06-25,FINAL,SR1,2027-08,96.01,96.0100 (,46,168 -,raw/wayback/calls_20260626223040.pdf,2,20260626223040
2026-06-25,FINAL,SR3,2026-04,96.365,96.3650 (,14,9334 +,raw/wayback/calls_20260626223040.pdf,2,20260626223040
2026-06-25,FINAL,SR3,2026-05,96.34,96.3400 (,211,2462 +,raw/wayback/calls_20260626223040.pdf,2,20260626223040
2026-06-25,FINAL,SR3,2026-06,96.2975,96.2975 (,219855,1320930 -,raw/wayback/calls_20260626223040.pdf,2,20260626223040
2026-06-25,FINAL,SR3,2026-07,96.2275,96.2275 (,44,2891 -,raw/wayback/calls_20260626223040.pdf,2,20260626223040
2026-06-25,FINAL,SR3,2026-08,96.16,96.1600 (,----,371,raw/wayback/calls_20260626223040.pdf,2,20260626223040
2026-06-25,FINAL,SR3,2026-09,96.105,96.1050 (,477305,1467115 -,raw/wayback/calls_20260626223040.pdf,2,20260626223040
2026-06-25,FINAL,SR3,2026-10,96.04,96.0400 (,----,315,raw/wayback/calls_20260626223040.pdf,2,20260626223040
2026-06-25,FINAL,SR3,2026-11,96.0,96.0000 (,----,25,raw/wayback/calls_20260626223040.pdf,2,20260626223040
2026-06-25,FINAL,SR3,2026-12,95.98,95.9800 (,613085,1811791 +,raw/wayback/calls_20260626223040.pdf,2,20260626223040
2026-06-25,FINAL,SR3,2027-03,95.95,95.9500 (,441705,1101586 +,raw/wayback/calls_20260626223040.pdf,2,20260626223040
2026-06-25,FINAL,SR3,2027-06,95.985,95.9850 (,512358,1233431 +,raw/wayback/calls_20260626223040.pdf,2,20260626223040
2026-06-25,FINAL,SR3,2027-09,96.05,96.0500 (,433217,956841 +,raw/wayback/calls_20260626223040.pdf,2,20260626223040
2026-06-25,FINAL,SR3,2027-12,96.125,96.1250 (,353464,1202778 -,raw/wayback/calls_20260626223040.pdf,2,20260626223040
2026-06-25,FINAL,SR3,2028-03,96.185,96.1850 (,247228,701531 +,raw/wayback/calls_20260626223040.pdf,2,20260626223040
2026-06-25,FINAL,SR3,2028-06,96.215,96.2150 (,240008,619303 +,raw/wayback/calls_20260626223040.pdf,2,20260626223040
2026-06-25,FINAL,SR3,2028-09,96.235,96.2350 (,144482,438439 -,raw/wayback/calls_20260626223040.pdf,2,20260626223040
2026-06-25,FINAL,SR3,2028-12,96.245,96.2450 (,129510,371534 -,raw/wayback/calls_20260626223040.pdf,2,20260626223040
2026-06-25,FINAL,SR3,2029-03,96.245,96.2450 (,103200,306342 +,raw/wayback/calls_20260626223040.pdf,2,20260626223040
2026-06-25,FINAL,SR3,2029-06,96.245,96.2450 (,98668,298572 +,raw/wayback/calls_20260626223040.pdf,2,20260626223040
2026-06-25,FINAL,SR3,2029-09,96.235,96.2350 (,46631,196370 +,raw/wayback/calls_20260626223040.pdf,2,20260626223040
2026-06-25,FINAL,SR3,2029-12,96.22,96.2200 (,42256,214139 -,raw/wayback/calls_20260626223040.pdf,2,20260626223040
2026-06-25,FINAL,SR3,2030-03,96.2,96.2000 (,35857,156785 -,raw/wayback/calls_20260626223040.pdf,2,20260626223040
2026-06-25,FINAL,SR3,2030-06,96.18,96.1800 (,37571,155130 -,raw/wayback/calls_20260626223040.pdf,2,20260626223040
2026-06-25,FINAL,SR3,2030-09,96.155,96.1550 (,27837,126411 +,raw/wayback/calls_20260626223040.pdf,2,20260626223040
2026-06-25,FINAL,SR3,2030-12,96.125,96.1250 (,30765,97598 +,raw/wayback/calls_20260626223040.pdf,2,20260626223040
2026-06-25,FINAL,SR3,2031-03,96.09,96.0900 (,28461,53664 +,raw/wayback/calls_20260626223040.pdf,2,20260626223040
2026-06-25,FINAL,SR3,2031-06,96.055,96.0550 (,20574,23040 +,raw/wayback/calls_20260626223040.pdf,2,20260626223040
2026-06-25,FINAL,SR3,2031-09,96.02,96.0200 (,1560,6927,raw/wayback/calls_20260626223040.pdf,2,20260626223040
2026-06-25,FINAL,SR3,2031-12,95.98,95.9800 (,84,2707 -,raw/wayback/calls_20260626223040.pdf,2,20260626223040
2026-06-25,FINAL,SR3,2032-03,95.945,95.9450 (,80,1443 -,raw/wayback/calls_20260626223040.pdf,2,20260626223040
2026-06-25,FINAL,SR3,2032-06,95.91,95.9100 (,32,285 +,raw/wayback/calls_20260626223040.pdf,2,20260626223040
2026-06-25,FINAL,SR3,2032-09,95.875,95.8750 (,2,60,raw/wayback/calls_20260626223040.pdf,2,20260626223040
2026-06-25,FINAL,SR3,2032-12,95.835,95.8350 (,1,15 -,raw/wayback/calls_20260626223040.pdf,2,20260626223040
2026-06-25,FINAL,SR3,2033-03,95.8,95.8000 (,----,6,raw/wayback/calls_20260626223040.pdf,2,20260626223040
2026-06-26,FINAL,SR1,2026-06,96.37,96.3700,52833,339932 +,raw/wayback/calls_20260629222340.pdf,2,20260629222340
2026-06-26,FINAL,SR1,2026-07,96.36,96.3600,66806,367466 +,raw/wayback/calls_20260629222340.pdf,2,20260629222340
2026-06-26,FINAL,SR1,2026-08,96.28,96.2800,55875,303059 +,raw/wayback/calls_20260629222340.pdf,2,20260629222340
2026-06-26,FINAL,SR1,2026-09,96.225,96.2250,13597,181221 +,raw/wayback/calls_20260629222340.pdf,2,20260629222340
2026-06-26,FINAL,SR1,2026-10,96.17,96.1700,20582,117881 +,raw/wayback/calls_20260629222340.pdf,2,20260629222340
2026-06-26,FINAL,SR1,2026-11,96.12,96.1200,17764,108479 +,raw/wayback/calls_20260629222340.pdf,2,20260629222340
2026-06-26,FINAL,SR1,2026-12,96.05,96.0500,9183,89849 +,raw/wayback/calls_20260629222340.pdf,2,20260629222340
2026-06-26,FINAL,SR1,2027-01,96.03,96.0300,9192,83807 +,raw/wayback/calls_20260629222340.pdf,2,20260629222340
2026-06-26,FINAL,SR1,2027-02,96.03,96.0300,5908,33337 +,raw/wayback/calls_20260629222340.pdf,2,20260629222340
2026-06-26,FINAL,SR1,2027-03,96.01,96.0100,1751,9175 -,raw/wayback/calls_20260629222340.pdf,2,20260629222340
2026-06-26,FINAL,SR1,2027-04,96.0,96.0000,1401,18020 +,raw/wayback/calls_20260629222340.pdf,2,20260629222340
2026-06-26,FINAL,SR1,2027-05,96.0,96.0000,1902,20336 -,raw/wayback/calls_20260629222340.pdf,2,20260629222340
2026-06-26,FINAL,SR1,2027-06,96.015,96.0150,234,3979 -,raw/wayback/calls_20260629222340.pdf,2,20260629222340
2026-06-26,FINAL,SR1,2027-07,96.025,96.0250,277,5131 +,raw/wayback/calls_20260629222340.pdf,2,20260629222340
2026-06-26,FINAL,SR1,2027-08,96.045,96.0450,86,146 -,raw/wayback/calls_20260629222340.pdf,2,20260629222340
2026-06-26,FINAL,SR3,2026-04,96.3675,96.3675,16,9334,raw/wayback/calls_20260629222340.pdf,2,20260629222340
2026-06-26,FINAL,SR3,2026-05,96.3425,96.3425,----,2456 -,raw/wayback/calls_20260629222340.pdf,2,20260629222340
2026-06-26,FINAL,SR3,2026-06,96.31,96.3100,103308,1329909 +,raw/wayback/calls_20260629222340.pdf,2,20260629222340
2026-06-26,FINAL,SR3,2026-07,96.24,96.2400,53,2897 +,raw/wayback/calls_20260629222340.pdf,2,20260629222340
2026-06-26,FINAL,SR3,2026-08,96.175,96.1750,3,371,raw/wayback/calls_20260629222340.pdf,2,20260629222340
2026-06-26,FINAL,SR3,2026-09,96.135,96.1350,364172,1455089 -,raw/wayback/calls_20260629222340.pdf,2,20260629222340
2026-06-26,FINAL,SR3,2026-10,96.07,96.0700,----,315,raw/wayback/calls_20260629222340.pdf,2,20260629222340
2026-06-26,FINAL,SR3,2026-11,96.03,96.0300,----,25,raw/wayback/calls_20260629222340.pdf,2,20260629222340
2026-06-26,FINAL,SR3,2026-12,96.02,96.0200,501353,1825485 +,raw/wayback/calls_20260629222340.pdf,2,20260629222340
2026-06-26,FINAL,SR3,2027-03,95.99,95.9900,478120,1134084 +,raw/wayback/calls_20260629222340.pdf,2,20260629222340
2026-06-26,FINAL,SR3,2027-06,96.02,96.0200,442554,1265052 +,raw/wayback/calls_20260629222340.pdf,2,20260629222340
2026-06-26,FINAL,SR3,2027-09,96.08,96.0800,294829,947802 -,raw/wayback/calls_20260629222340.pdf,2,20260629222340
2026-06-26,FINAL,SR3,2027-12,96.16,96.1600 (,246220,1203467 +,raw/wayback/calls_20260629222340.pdf,2,20260629222340
2026-06-26,FINAL,SR3,2028-03,96.225,96.2250 (,173442,700349 -,raw/wayback/calls_20260629222340.pdf,2,20260629222340
2026-06-26,FINAL,SR3,2028-06,96.26,96.2600 (,147063,617994 -,raw/wayback/calls_20260629222340.pdf,2,20260629222340
2026-06-26,FINAL,SR3,2028-09,96.275,96.2750 (,122346,444427 +,raw/wayback/calls_20260629222340.pdf,2,20260629222340
2026-06-26,FINAL,SR3,2028-12,96.285,96.2850 (,91680,375372 +,raw/wayback/calls_20260629222340.pdf,2,20260629222340
2026-06-26,FINAL,SR3,2029-03,96.29,96.2900 (,76906,309700 +,raw/wayback/calls_20260629222340.pdf,2,20260629222340
2026-06-26,FINAL,SR3,2029-06,96.29,96.2900 (,69343,298526 -,raw/wayback/calls_20260629222340.pdf,2,20260629222340
2026-06-26,FINAL,SR3,2029-09,96.28,96.2800 (,48331,205393 +,raw/wayback/calls_20260629222340.pdf,2,20260629222340
2026-06-26,FINAL,SR3,2029-12,96.26,96.2600 (,66689,215912 +,raw/wayback/calls_20260629222340.pdf,2,20260629222340
2026-06-26,FINAL,SR3,2030-03,96.24,96.2400 (,42954,160126 +,raw/wayback/calls_20260629222340.pdf,2,20260629222340
2026-06-26,FINAL,SR3,2030-06,96.22,96.2200 (,44887,160042 +,raw/wayback/calls_20260629222340.pdf,2,20260629222340
2026-06-26,FINAL,SR3,2030-09,96.19,96.1900 (,24678,125236 -,raw/wayback/calls_20260629222340.pdf,2,20260629222340
2026-06-26,FINAL,SR3,2030-12,96.155,96.1550 (,50733,108919 +,raw/wayback/calls_20260629222340.pdf,2,20260629222340
2026-06-26,FINAL,SR3,2031-03,96.115,96.1150 (,21186,52288 -,raw/wayback/calls_20260629222340.pdf,2,20260629222340
2026-06-26,FINAL,SR3,2031-06,96.08,96.0800 (,17008,23967 +,raw/wayback/calls_20260629222340.pdf,2,20260629222340
2026-06-26,FINAL,SR3,2031-09,96.04,96.0400 (,954,7529 +,raw/wayback/calls_20260629222340.pdf,2,20260629222340
2026-06-26,FINAL,SR3,2031-12,96.0,96.0000 (,130,2708 +,raw/wayback/calls_20260629222340.pdf,2,20260629222340
2026-06-26,FINAL,SR3,2032-03,95.96,95.9600 (,249,1466 +,raw/wayback/calls_20260629222340.pdf,2,20260629222340
2026-06-26,FINAL,SR3,2032-06,95.925,95.9250 (,11,294 +,raw/wayback/calls_20260629222340.pdf,2,20260629222340
2026-06-26,FINAL,SR3,2032-09,95.89,95.8900 (,6,59 -,raw/wayback/calls_20260629222340.pdf,2,20260629222340
2026-06-26,FINAL,SR3,2032-12,95.85,95.8500 (,----,15,raw/wayback/calls_20260629222340.pdf,2,20260629222340
2026-06-26,FINAL,SR3,2033-03,95.815,95.8150 (,----,6,raw/wayback/calls_20260629222340.pdf,2,20260629222340
2026-06-29,FINAL,SR1,2026-06,96.37,96.3700,6104,336580 -,raw/wayback/calls_20260630223026.pdf,2,20260630223026
2026-06-29,FINAL,SR1,2026-07,96.3575,96.3575,158228,384557 +,raw/wayback/calls_20260630223026.pdf,2,20260630223026
2026-06-29,FINAL,SR1,2026-08,96.275,96.2750,47509,315453 +,raw/wayback/calls_20260630223026.pdf,2,20260630223026
2026-06-29,FINAL,SR1,2026-09,96.22,96.2200,27841,183557 +,raw/wayback/calls_20260630223026.pdf,2,20260630223026
2026-06-29,FINAL,SR1,2026-10,96.155,96.1550,19945,134138 +,raw/wayback/calls_20260630223026.pdf,2,20260630223026
2026-06-29,FINAL,SR1,2026-11,96.105,96.1050,21914,112014 +,raw/wayback/calls_20260630223026.pdf,2,20260630223026
2026-06-29,FINAL,SR1,2026-12,96.03,96.0300,8677,86913 -,raw/wayback/calls_20260630223026.pdf,2,20260630223026
2026-06-29,FINAL,SR1,2027-01,96.005,96.0050,11037,81701 -,raw/wayback/calls_20260630223026.pdf,2,20260630223026
2026-06-29,FINAL,SR1,2027-02,96.0,96.0000,8263,36403 +,raw/wayback/calls_20260630223026.pdf,2,20260630223026
2026-06-29,FINAL,SR1,2027-03,95.98,95.9800,566,9287 +,raw/wayback/calls_20260630223026.pdf,2,20260630223026
2026-06-29,FINAL,SR1,2027-04,95.97,95.9700,1156,18196 +,raw/wayback/calls_20260630223026.pdf,2,20260630223026
2026-06-29,FINAL,SR1,2027-05,95.97,95.9700,1265,20520 +,raw/wayback/calls_20260630223026.pdf,2,20260630223026
2026-06-29,FINAL,SR1,2027-06,95.985,95.9850,193,3944 -,raw/wayback/calls_20260630223026.pdf,2,20260630223026
2026-06-29,FINAL,SR1,2027-07,95.995,95.9950,1147,5088 -,raw/wayback/calls_20260630223026.pdf,2,20260630223026
2026-06-29,FINAL,SR1,2027-08,96.02,96.0200,50,128 -,raw/wayback/calls_20260630223026.pdf,2,20260630223026
2026-06-29,FINAL,SR3,2026-04,96.3625,96.3625,112,9334,raw/wayback/calls_20260630223026.pdf,2,20260630223026
2026-06-29,FINAL,SR3,2026-05,96.34,96.3400,200,2654 +,raw/wayback/calls_20260630223026.pdf,2,20260630223026
2026-06-29,FINAL,SR3,2026-06,96.3025,96.3025,96427,1323173 -,raw/wayback/calls_20260630223026.pdf,2,20260630223026
2026-06-29,FINAL,SR3,2026-07,96.2325,96.2325,34,2880 -,raw/wayback/calls_20260630223026.pdf,2,20260630223026
2026-06-29,FINAL,SR3,2026-08,96.165,96.1650,58,361 -,raw/wayback/calls_20260630223026.pdf,2,20260630223026
2026-06-29,FINAL,SR3,2026-09,96.115,96.1150,295253,1449601 -,raw/wayback/calls_20260630223026.pdf,2,20260630223026
2026-06-29,FINAL,SR3,2026-10,96.05,96.0500,----,315,raw/wayback/calls_20260630223026.pdf,2,20260630223026
2026-06-29,FINAL,SR3,2026-11,96.01,96.0100,----,25,raw/wayback/calls_20260630223026.pdf,2,20260630223026
2026-06-29,FINAL,SR3,2026-12,95.99,95.9900,357972,1814578 -,raw/wayback/calls_20260630223026.pdf,2,20260630223026
2026-06-29,FINAL,SR3,2027-03,95.96,95.9600,253736,1138372 +,raw/wayback/calls_20260630223026.pdf,2,20260630223026
2026-06-29,FINAL,SR3,2027-06,96.0,96.0000,213998,1265987 +,raw/wayback/calls_20260630223026.pdf,2,20260630223026
2026-06-29,FINAL,SR3,2027-09,96.065,96.0650,178184,950198 +,raw/wayback/calls_20260630223026.pdf,2,20260630223026
2026-06-29,FINAL,SR3,2027-12,96.145,96.1450,151878,1197020 -,raw/wayback/calls_20260630223026.pdf,2,20260630223026
2026-06-29,FINAL,SR3,2028-03,96.21,96.2100,116624,710613 +,raw/wayback/calls_20260630223026.pdf,2,20260630223026
2026-06-29,FINAL,SR3,2028-06,96.245,96.2450,111325,626602 +,raw/wayback/calls_20260630223026.pdf,2,20260630223026
2026-06-29,FINAL,SR3,2028-09,96.265,96.2650,65565,446463 +,raw/wayback/calls_20260630223026.pdf,2,20260630223026
2026-06-29,FINAL,SR3,2028-12,96.275,96.2750 (,59004,376029 +,raw/wayback/calls_20260630223026.pdf,2,20260630223026
2026-06-29,FINAL,SR3,2029-03,96.28,96.2800 (,60959,309396 -,raw/wayback/calls_20260630223026.pdf,2,20260630223026
2026-06-29,FINAL,SR3,2029-06,96.28,96.2800 (,52936,298071 -,raw/wayback/calls_20260630223026.pdf,2,20260630223026
2026-06-29,FINAL,SR3,2029-09,96.275,96.2750 (,28072,203177 -,raw/wayback/calls_20260630223026.pdf,2,20260630223026
2026-06-29,FINAL,SR3,2029-12,96.26,96.2600 (,30956,219792 +,raw/wayback/calls_20260630223026.pdf,2,20260630223026
2026-06-29,FINAL,SR3,2030-03,96.24,96.2400 (,28113,162332 +,raw/wayback/calls_20260630223026.pdf,2,20260630223026
2026-06-29,FINAL,SR3,2030-06,96.22,96.2200 (,33367,163070 +,raw/wayback/calls_20260630223026.pdf,2,20260630223026
2026-06-29,FINAL,SR3,2030-09,96.195,96.1950 (,13961,125934 +,raw/wayback/calls_20260630223026.pdf,2,20260630223026
2026-06-29,FINAL,SR3,2030-12,96.16,96.1600 (,15291,109017 +,raw/wayback/calls_20260630223026.pdf,2,20260630223026
2026-06-29,FINAL,SR3,2031-03,96.125,96.1250 (,13796,52547 +,raw/wayback/calls_20260630223026.pdf,2,20260630223026
2026-06-29,FINAL,SR3,2031-06,96.09,96.0900 (,11730,24833 +,raw/wayback/calls_20260630223026.pdf,2,20260630223026
2026-06-29,FINAL,SR3,2031-09,96.05,96.0500 (,629,7660 +,raw/wayback/calls_20260630223026.pdf,2,20260630223026
2026-06-29,FINAL,SR3,2031-12,96.01,96.0100 (,52,2703 -,raw/wayback/calls_20260630223026.pdf,2,20260630223026
2026-06-29,FINAL,SR3,2032-03,95.97,95.9700 (,40,1433 -,raw/wayback/calls_20260630223026.pdf,2,20260630223026
2026-06-29,FINAL,SR3,2032-06,95.935,95.9350 (,8,294,raw/wayback/calls_20260630223026.pdf,2,20260630223026
2026-06-29,FINAL,SR3,2032-09,95.9,95.9000 (,----,59,raw/wayback/calls_20260630223026.pdf,2,20260630223026
2026-06-29,FINAL,SR3,2032-12,95.86,95.8600 (,----,15,raw/wayback/calls_20260630223026.pdf,2,20260630223026
2026-06-29,FINAL,SR3,2033-03,95.825,95.8250 (,----,6,raw/wayback/calls_20260630223026.pdf,2,20260630223026
2026-07-01,FINAL,SR1,2026-06,96.372,96.3720,----,336188,raw/wayback/calls_20260702222426.pdf,2,20260702222426
2026-07-01,FINAL,SR1,2026-07,96.355,96.3550,99109,433859 +,raw/wayback/calls_20260702222426.pdf,2,20260702222426
2026-07-01,FINAL,SR1,2026-08,96.275,96.2750,64987,319629 -,raw/wayback/calls_20260702222426.pdf,2,20260702222426
2026-07-01,FINAL,SR1,2026-09,96.215,96.2150,23064,185191 -,raw/wayback/calls_20260702222426.pdf,2,20260702222426
2026-07-01,FINAL,SR1,2026-10,96.145,96.1450 (,42956,132929 -,raw/wayback/calls_20260702222426.pdf,2,20260702222426
2026-07-01,FINAL,SR1,2026-11,96.09,96.0900 (,28342,112510 +,raw/wayback/calls_20260702222426.pdf,2,20260702222426
2026-07-01,FINAL,SR1,2026-12,96.005,96.0050 (,10507,86973 +,raw/wayback/calls_20260702222426.pdf,2,20260702222426
2026-07-01,FINAL,SR1,2027-01,95.975,95.9750 (,13278,85314 +,raw/wayback/calls_20260702222426.pdf,2,20260702222426
2026-07-01,FINAL,SR1,2027-02,95.96,95.9600 (,9086,37536 +,raw/wayback/calls_20260702222426.pdf,2,20260702222426
2026-07-01,FINAL,SR1,2027-03,95.94,95.9400 (,1282,9298 -,raw/wayback/calls_20260702222426.pdf,2,20260702222426
2026-07-01,FINAL,SR1,2027-04,95.915,95.9150 (,2544,19331 +,raw/wayback/calls_20260702222426.pdf,2,20260702222426
2026-07-01,FINAL,SR1,2027-05,95.91,95.9100 (,1572,20138 -,raw/wayback/calls_20260702222426.pdf,2,20260702222426
2026-07-01,FINAL,SR1,2027-06,95.915,95.9150 (,1017,3923 +,raw/wayback/calls_20260702222426.pdf,2,20260702222426
2026-07-01,FINAL,SR1,2027-07,95.925,95.9250 (,986,5123 +,raw/wayback/calls_20260702222426.pdf,2,20260702222426
2026-07-01,FINAL,SR1,2027-08,95.955,95.9550 (,237,231 +,raw/wayback/calls_20260702222426.pdf,2,20260702222426
2026-07-01,FINAL,SR3,2026-04,96.3675,96.3675,18,9334,raw/wayback/calls_20260702222426.pdf,2,20260702222426
2026-07-01,FINAL,SR3,2026-05,96.345,96.3450,25,2781 -,raw/wayback/calls_20260702222426.pdf,2,20260702222426
2026-07-01,FINAL,SR3,2026-06,96.3,96.3000,124754,1295407 -,raw/wayback/calls_20260702222426.pdf,2,20260702222426
2026-07-01,FINAL,SR3,2026-07,96.225,96.2250,113,3021 -,raw/wayback/calls_20260702222426.pdf,2,20260702222426
2026-07-01,FINAL,SR3,2026-08,96.155,96.1550,92,394 -,raw/wayback/calls_20260702222426.pdf,2,20260702222426
2026-07-01,FINAL,SR3,2026-09,96.095,96.0950,537722,1504916 +,raw/wayback/calls_20260702222426.pdf,2,20260702222426
2026-07-01,FINAL,SR3,2026-10,96.03,96.0300,----,315,raw/wayback/calls_20260702222426.pdf,2,20260702222426
2026-07-01,FINAL,SR3,2026-11,95.985,95.9850,----,25,raw/wayback/calls_20260702222426.pdf,2,20260702222426
2026-07-01,FINAL,SR3,2026-12,95.945,95.9450,597113,1788582 -,raw/wayback/calls_20260702222426.pdf,2,20260702222426
2026-07-01,FINAL,SR3,2027-03,95.89,95.8900,448796,1113033 -,raw/wayback/calls_20260702222426.pdf,2,20260702222426
2026-07-01,FINAL,SR3,2027-06,95.92,95.9200,435176,1269562 -,raw/wayback/calls_20260702222426.pdf,2,20260702222426
2026-07-01,FINAL,SR3,2027-09,95.985,95.9850,315290,962609 -,raw/wayback/calls_20260702222426.pdf,2,20260702222426
2026-07-01,FINAL,SR3,2027-12,96.065,96.0650,328557,1202474 +,raw/wayback/calls_20260702222426.pdf,2,20260702222426
2026-07-01,FINAL,SR3,2028-03,96.12,96.1200,208754,716716 -,raw/wayback/calls_20260702222426.pdf,2,20260702222426
2026-07-01,FINAL,SR3,2028-06,96.15,96.1500,209630,618267 -,raw/wayback/calls_20260702222426.pdf,2,20260702222426
2026-07-01,FINAL,SR3,2028-09,96.165,96.1650,128222,449041 +,raw/wayback/calls_20260702222426.pdf,2,20260702222426
2026-07-01,FINAL,SR3,2028-12,96.175,96.1750 (,109050,371582 +,raw/wayback/calls_20260702222426.pdf,2,20260702222426
2026-07-01,FINAL,SR3,2029-03,96.175,96.1750 (,87264,312214 -,raw/wayback/calls_20260702222426.pdf,2,20260702222426
2026-07-01,FINAL,SR3,2029-06,96.175,96.1750 (,92892,292961 -,raw/wayback/calls_20260702222426.pdf,2,20260702222426
2026-07-01,FINAL,SR3,2029-09,96.165,96.1650 (,50093,207588 +,raw/wayback/calls_20260702222426.pdf,2,20260702222426
2026-07-01,FINAL,SR3,2029-12,96.15,96.1500 (,60748,211023 -,raw/wayback/calls_20260702222426.pdf,2,20260702222426
2026-07-01,FINAL,SR3,2030-03,96.13,96.1300 (,51836,156328 -,raw/wayback/calls_20260702222426.pdf,2,20260702222426
2026-07-01,FINAL,SR3,2030-06,96.105,96.1050 (,46049,163953 +,raw/wayback/calls_20260702222426.pdf,2,20260702222426
2026-07-01,FINAL,SR3,2030-09,96.075,96.0750 (,31588,125732 -,raw/wayback/calls_20260702222426.pdf,2,20260702222426
2026-07-01,FINAL,SR3,2030-12,96.04,96.0400 (,36822,110817 +,raw/wayback/calls_20260702222426.pdf,2,20260702222426
2026-07-01,FINAL,SR3,2031-03,96.005,96.0050 (,28146,54419 +,raw/wayback/calls_20260702222426.pdf,2,20260702222426
2026-07-01,FINAL,SR3,2031-06,95.965,95.9650 (,25111,25194 -,raw/wayback/calls_20260702222426.pdf,2,20260702222426
2026-07-01,FINAL,SR3,2031-09,95.925,95.9250 (,366,8153,raw/wayback/calls_20260702222426.pdf,2,20260702222426
2026-07-01,FINAL,SR3,2031-12,95.885,95.8850 (,562,2538 -,raw/wayback/calls_20260702222426.pdf,2,20260702222426
2026-07-01,FINAL,SR3,2032-03,95.85,95.8500 (,373,1346 -,raw/wayback/calls_20260702222426.pdf,2,20260702222426
2026-07-01,FINAL,SR3,2032-06,95.815,95.8150 (,4,293 -,raw/wayback/calls_20260702222426.pdf,2,20260702222426
2026-07-01,FINAL,SR3,2032-09,95.78,95.7800 (,5,58 -,raw/wayback/calls_20260702222426.pdf,2,20260702222426
2026-07-01,FINAL,SR3,2032-12,95.74,95.7400 (,----,15,raw/wayback/calls_20260702222426.pdf,2,20260702222426
2026-07-01,FINAL,SR3,2033-03,95.705,95.7050 (,----,6,raw/wayback/calls_20260702222426.pdf,2,20260702222426
2026-07-02,FINAL,SR1,2026-06,96.372,96.3720,----,-,raw/wayback/calls_20260706223128.pdf,2,20260706223128
2026-07-02,FINAL,SR1,2026-07,96.355,96.3550,77634,418153 -,raw/wayback/calls_20260706223128.pdf,2,20260706223128
2026-07-02,FINAL,SR1,2026-08,96.3,96.3000,66417,321995 +,raw/wayback/calls_20260706223128.pdf,2,20260706223128
2026-07-02,FINAL,SR1,2026-09,96.25,96.2500,21443,189073 +,raw/wayback/calls_20260706223128.pdf,2,20260706223128
2026-07-02,FINAL,SR1,2026-10,96.19,96.1900,24316,132842 -,raw/wayback/calls_20260706223128.pdf,2,20260706223128
2026-07-02,FINAL,SR1,2026-11,96.135,96.1350 (,17724,113275 +,raw/wayback/calls_20260706223128.pdf,2,20260706223128
2026-07-02,FINAL,SR1,2026-12,96.05,96.0500 (,9949,86776 -,raw/wayback/calls_20260706223128.pdf,2,20260706223128
2026-07-02,FINAL,SR1,2027-01,96.02,96.0200 (,15375,84508 -,raw/wayback/calls_20260706223128.pdf,2,20260706223128
2026-07-02,FINAL,SR1,2027-02,96.005,96.0050 (,10477,38526 +,raw/wayback/calls_20260706223128.pdf,2,20260706223128
2026-07-02,FINAL,SR1,2027-03,95.985,95.9850 (,1212,9189 -,raw/wayback/calls_20260706223128.pdf,2,20260706223128
2026-07-02,FINAL,SR1,2027-04,95.96,95.9600 (,2395,19620 +,raw/wayback/calls_20260706223128.pdf,2,20260706223128
2026-07-02,FINAL,SR1,2027-05,95.955,95.9550 (,1130,20138,raw/wayback/calls_20260706223128.pdf,2,20260706223128
2026-07-02,FINAL,SR1,2027-06,95.96,95.9600 (,463,3724 -,raw/wayback/calls_20260706223128.pdf,2,20260706223128
2026-07-02,FINAL,SR1,2027-07,95.965,95.9650 (,301,5123,raw/wayback/calls_20260706223128.pdf,2,20260706223128
2026-07-02,FINAL,SR1,2027-08,95.995,95.9950 (,213,365 +,raw/wayback/calls_20260706223128.pdf,2,20260706223128
2026-07-02,FINAL,SR3,2026-04,96.3675,96.3675 (,54,9334,raw/wayback/calls_20260706223128.pdf,2,20260706223128
2026-07-02,FINAL,SR3,2026-05,96.345,96.3450 (,81,2869 +,raw/wayback/calls_20260706223128.pdf,2,20260706223128
2026-07-02,FINAL,SR3,2026-06,96.3125,96.3125 (,111557,1289283 -,raw/wayback/calls_20260706223128.pdf,2,20260706223128
2026-07-02,FINAL,SR3,2026-07,96.2525,96.2525 (,218,2984 -,raw/wayback/calls_20260706223128.pdf,2,20260706223128
2026-07-02,FINAL,SR3,2026-08,96.19,96.1900 (,15,402 +,raw/wayback/calls_20260706223128.pdf,2,20260706223128
2026-07-02,FINAL,SR3,2026-09,96.145,96.1450 (,495545,1482620 -,raw/wayback/calls_20260706223128.pdf,2,20260706223128
2026-07-02,FINAL,SR3,2026-10,96.08,96.0800 (,500,523 +,raw/wayback/calls_20260706223128.pdf,2,20260706223128
2026-07-02,FINAL,SR3,2026-11,96.035,96.0350 (,----,25,raw/wayback/calls_20260706223128.pdf,2,20260706223128
2026-07-02,FINAL,SR3,2026-12,96.0,96.0000 (,662142,1780756 -,raw/wayback/calls_20260706223128.pdf,2,20260706223128
2026-07-02,FINAL,SR3,2027-03,95.945,95.9450 (,504665,1146502 +,raw/wayback/calls_20260706223128.pdf,2,20260706223128
2026-07-02,FINAL,SR3,2027-06,95.965,95.9650 (,406684,1273287 +,raw/wayback/calls_20260706223128.pdf,2,20260706223128
2026-07-02,FINAL,SR3,2027-09,96.02,96.0200 (,340219,960139 -,raw/wayback/calls_20260706223128.pdf,2,20260706223128
2026-07-02,FINAL,SR3,2027-12,96.09,96.0900 (,353758,1205082 +,raw/wayback/calls_20260706223128.pdf,2,20260706223128
2026-07-02,FINAL,SR3,2028-03,96.135,96.1350 (,227283,717324 +,raw/wayback/calls_20260706223128.pdf,2,20260706223128
2026-07-02,FINAL,SR3,2028-06,96.155,96.1550 (,200015,632133 +,raw/wayback/calls_20260706223128.pdf,2,20260706223128
2026-07-02,FINAL,SR3,2028-09,96.165,96.1650 (,130042,453062 +,raw/wayback/calls_20260706223128.pdf,2,20260706223128
2026-07-02,FINAL,SR3,2028-12,96.17,96.1700 (,139774,380948 +,raw/wayback/calls_20260706223128.pdf,2,20260706223128
2026-07-02,FINAL,SR3,2029-03,96.165,96.1650 (,92303,315267 +,raw/wayback/calls_20260706223128.pdf,2,20260706223128
2026-07-02,FINAL,SR3,2029-06,96.165,96.1650 (,88117,294062 +,raw/wayback/calls_20260706223128.pdf,2,20260706223128
2026-07-02,FINAL,SR3,2029-09,96.155,96.1550 (,49994,206511 -,raw/wayback/calls_20260706223128.pdf,2,20260706223128
2026-07-02,FINAL,SR3,2029-12,96.135,96.1350 (,44187,208392 -,raw/wayback/calls_20260706223128.pdf,2,20260706223128
2026-07-02,FINAL,SR3,2030-03,96.115,96.1150 (,60715,157952 +,raw/wayback/calls_20260706223128.pdf,2,20260706223128
2026-07-02,FINAL,SR3,2030-06,96.095,96.0950 (,39489,158309 -,raw/wayback/calls_20260706223128.pdf,2,20260706223128
2026-07-02,FINAL,SR3,2030-09,96.065,96.0650 (,31431,126168 +,raw/wayback/calls_20260706223128.pdf,2,20260706223128
2026-07-02,FINAL,SR3,2030-12,96.025,96.0250 (,36017,113741 +,raw/wayback/calls_20260706223128.pdf,2,20260706223128
2026-07-02,FINAL,SR3,2031-03,95.99,95.9900 (,28248,56498 +,raw/wayback/calls_20260706223128.pdf,2,20260706223128
2026-07-02,FINAL,SR3,2031-06,95.95,95.9500 (,24003,25318 +,raw/wayback/calls_20260706223128.pdf,2,20260706223128
2026-07-02,FINAL,SR3,2031-09,95.915,95.9150 (,626,8550 +,raw/wayback/calls_20260706223128.pdf,2,20260706223128
2026-07-02,FINAL,SR3,2031-12,95.875,95.8750 (,140,2547 +,raw/wayback/calls_20260706223128.pdf,2,20260706223128
2026-07-02,FINAL,SR3,2032-03,95.84,95.8400 (,623,1046 -,raw/wayback/calls_20260706223128.pdf,2,20260706223128
2026-07-02,FINAL,SR3,2032-06,95.805,95.8050 (,127,376 +,raw/wayback/calls_20260706223128.pdf,2,20260706223128
2026-07-02,FINAL,SR3,2032-09,95.77,95.7700 (,3,58,raw/wayback/calls_20260706223128.pdf,2,20260706223128
2026-07-02,FINAL,SR3,2032-12,95.73,95.7300 (,----,15,raw/wayback/calls_20260706223128.pdf,2,20260706223128
2026-07-02,FINAL,SR3,2033-03,95.695,95.6950 (,----,6,raw/wayback/calls_20260706223128.pdf,2,20260706223128
2026-07-07,FINAL,SR1,2026-07,96.3575,96.3575,70553,417000 +,raw/wayback/calls_20260708222027.pdf,2,20260708222027
2026-07-07,FINAL,SR1,2026-08,96.28,96.2800,44954,326252 +,raw/wayback/calls_20260708222027.pdf,2,20260708222027
2026-07-07,FINAL,SR1,2026-09,96.225,96.2250,11475,195046 +,raw/wayback/calls_20260708222027.pdf,2,20260708222027
2026-07-07,FINAL,SR1,2026-10,96.16,96.1600,20910,136434 +,raw/wayback/calls_20260708222027.pdf,2,20260708222027
2026-07-07,FINAL,SR1,2026-11,96.11,96.1100 (,18546,115250 +,raw/wayback/calls_20260708222027.pdf,2,20260708222027
2026-07-07,FINAL,SR1,2026-12,96.03,96.0300 (,5638,86516 -,raw/wayback/calls_20260708222027.pdf,2,20260708222027
2026-07-07,FINAL,SR1,2027-01,96.0,96.0000 (,10431,87277 +,raw/wayback/calls_20260708222027.pdf,2,20260708222027
2026-07-07,FINAL,SR1,2027-02,95.985,95.9850 (,9714,41521 +,raw/wayback/calls_20260708222027.pdf,2,20260708222027
2026-07-07,FINAL,SR1,2027-03,95.96,95.9600 (,1088,8826 -,raw/wayback/calls_20260708222027.pdf,2,20260708222027
2026-07-07,FINAL,SR1,2027-04,95.935,95.9350 (,2034,20133 +,raw/wayback/calls_20260708222027.pdf,2,20260708222027
2026-07-07,FINAL,SR1,2027-05,95.93,95.9300 (,378,20335 +,raw/wayback/calls_20260708222027.pdf,2,20260708222027
2026-07-07,FINAL,SR1,2027-06,95.935,95.9350 (,138,3756 +,raw/wayback/calls_20260708222027.pdf,2,20260708222027
2026-07-07,FINAL,SR1,2027-07,95.94,95.9400 (,668,5414 +,raw/wayback/calls_20260708222027.pdf,2,20260708222027
2026-07-07,FINAL,SR1,2027-08,95.965,95.9650 (,63,390 +,raw/wayback/calls_20260708222027.pdf,2,20260708222027
2026-07-07,FINAL,SR3,2026-04,96.3625,96.3625 (,5,9334,raw/wayback/calls_20260708222027.pdf,2,20260708222027
2026-07-07,FINAL,SR3,2026-05,96.34,96.3400 (,250,3062 +,raw/wayback/calls_20260708222027.pdf,2,20260708222027
2026-07-07,FINAL,SR3,2026-06,96.305,96.3050 (,119626,1301102 +,raw/wayback/calls_20260708222027.pdf,2,20260708222027
2026-07-07,FINAL,SR3,2026-07,96.24,96.2400 (,4,2992 +,raw/wayback/calls_20260708222027.pdf,2,20260708222027
2026-07-07,FINAL,SR3,2026-08,96.175,96.1750 (,----,431,raw/wayback/calls_20260708222027.pdf,2,20260708222027
2026-07-07,FINAL,SR3,2026-09,96.11,96.1100 (,299848,1465954 -,raw/wayback/calls_20260708222027.pdf,2,20260708222027
2026-07-07,FINAL,SR3,2026-10,96.045,96.0450 (,----,523,raw/wayback/calls_20260708222027.pdf,2,20260708222027
2026-07-07,FINAL,SR3,2026-11,96.005,96.0050 (,----,25,raw/wayback/calls_20260708222027.pdf,2,20260708222027
2026-07-07,FINAL,SR3,2026-12,95.97,95.9700 (,331411,1791905 +,raw/wayback/calls_20260708222027.pdf,2,20260708222027
2026-07-07,FINAL,SR3,2027-03,95.91,95.9100 (,287919,1157002 +,raw/wayback/calls_20260708222027.pdf,2,20260708222027
2026-07-07,FINAL,SR3,2027-06,95.93,95.9300 (,245862,1282854 +,raw/wayback/calls_20260708222027.pdf,2,20260708222027
2026-07-07,FINAL,SR3,2027-09,95.985,95.9850 (,187447,968718 +,raw/wayback/calls_20260708222027.pdf,2,20260708222027
2026-07-07,FINAL,SR3,2027-12,96.05,96.0500 (,187363,1213830 +,raw/wayback/calls_20260708222027.pdf,2,20260708222027
2026-07-07,FINAL,SR3,2028-03,96.1,96.1000 (,139550,738184 +,raw/wayback/calls_20260708222027.pdf,2,20260708222027
2026-07-07,FINAL,SR3,2028-06,96.125,96.1250 (,137948,638973 +,raw/wayback/calls_20260708222027.pdf,2,20260708222027
2026-07-07,FINAL,SR3,2028-09,96.135,96.1350 (,75868,458408 +,raw/wayback/calls_20260708222027.pdf,2,20260708222027
2026-07-07,FINAL,SR3,2028-12,96.135,96.1350 (,78729,386370 +,raw/wayback/calls_20260708222027.pdf,2,20260708222027
2026-07-07,FINAL,SR3,2029-03,96.13,96.1300 (,55924,328173 +,raw/wayback/calls_20260708222027.pdf,2,20260708222027
2026-07-07,FINAL,SR3,2029-06,96.13,96.1300 (,52847,299481 +,raw/wayback/calls_20260708222027.pdf,2,20260708222027
2026-07-07,FINAL,SR3,2029-09,96.12,96.1200 (,30429,209428 +,raw/wayback/calls_20260708222027.pdf,2,20260708222027
2026-07-07,FINAL,SR3,2029-12,96.1,96.1000 (,26110,200200 -,raw/wayback/calls_20260708222027.pdf,2,20260708222027
2026-07-07,FINAL,SR3,2030-03,96.08,96.0800 (,23151,157171 +,raw/wayback/calls_20260708222027.pdf,2,20260708222027
2026-07-07,FINAL,SR3,2030-06,96.055,96.0550 (,23037,159168 -,raw/wayback/calls_20260708222027.pdf,2,20260708222027
2026-07-07,FINAL,SR3,2030-09,96.025,96.0250 (,17064,126032 -,raw/wayback/calls_20260708222027.pdf,2,20260708222027
2026-07-07,FINAL,SR3,2030-12,95.99,95.9900 (,19380,114057 +,raw/wayback/calls_20260708222027.pdf,2,20260708222027
2026-07-07,FINAL,SR3,2031-03,95.95,95.9500 (,16107,57819 +,raw/wayback/calls_20260708222027.pdf,2,20260708222027
2026-07-07,FINAL,SR3,2031-06,95.91,95.9100 (,14234,26161 -,raw/wayback/calls_20260708222027.pdf,2,20260708222027
2026-07-07,FINAL,SR3,2031-09,95.875,95.8750 (,13,8598 -,raw/wayback/calls_20260708222027.pdf,2,20260708222027
2026-07-07,FINAL,SR3,2031-12,95.835,95.8350 (,5,2550,raw/wayback/calls_20260708222027.pdf,2,20260708222027
2026-07-07,FINAL,SR3,2032-03,95.8,95.8000 (,2,1050,raw/wayback/calls_20260708222027.pdf,2,20260708222027
2026-07-07,FINAL,SR3,2032-06,95.765,95.7650 (,----,401,raw/wayback/calls_20260708222027.pdf,2,20260708222027
2026-07-07,FINAL,SR3,2032-09,95.73,95.7300 (,----,58,raw/wayback/calls_20260708222027.pdf,2,20260708222027
2026-07-07,FINAL,SR3,2032-12,95.69,95.6900 (,----,15,raw/wayback/calls_20260708222027.pdf,2,20260708222027
2026-07-07,FINAL,SR3,2033-03,95.655,95.6550 (,----,6,raw/wayback/calls_20260708222027.pdf,2,20260708222027
2026-07-08,FINAL,SR1,2026-07,96.3675,96.3675,150607,438306 +,raw/wayback/calls_20260709224804.pdf,2,20260709224804
2026-07-08,FINAL,SR1,2026-08,96.275,96.2750 (,90567,326636 +,raw/wayback/calls_20260709224804.pdf,2,20260709224804
2026-07-08,FINAL,SR1,2026-09,96.215,96.2150 (,50243,194538 -,raw/wayback/calls_20260709224804.pdf,2,20260709224804
2026-07-08,FINAL,SR1,2026-10,96.14,96.1400 (,51717,130137 -,raw/wayback/calls_20260709224804.pdf,2,20260709224804
2026-07-08,FINAL,SR1,2026-11,96.085,96.0850 (,40430,114643 -,raw/wayback/calls_20260709224804.pdf,2,20260709224804
2026-07-08,FINAL,SR1,2026-12,96.0,96.0000 (,16193,84583 -,raw/wayback/calls_20260709224804.pdf,2,20260709224804
2026-07-08,FINAL,SR1,2027-01,95.97,95.9700 (,16067,88042 +,raw/wayback/calls_20260709224804.pdf,2,20260709224804
2026-07-08,FINAL,SR1,2027-02,95.95,95.9500 (,11712,41586 +,raw/wayback/calls_20260709224804.pdf,2,20260709224804
2026-07-08,FINAL,SR1,2027-03,95.925,95.9250 (,823,8782 -,raw/wayback/calls_20260709224804.pdf,2,20260709224804
2026-07-08,FINAL,SR1,2027-04,95.9,95.9000 (,2360,20090 -,raw/wayback/calls_20260709224804.pdf,2,20260709224804
2026-07-08,FINAL,SR1,2027-05,95.89,95.8900 (,441,20335,raw/wayback/calls_20260709224804.pdf,2,20260709224804
2026-07-08,FINAL,SR1,2027-06,95.895,95.8950 (,117,3741 -,raw/wayback/calls_20260709224804.pdf,2,20260709224804
2026-07-08,FINAL,SR1,2027-07,95.9,95.9000 (,404,5421 +,raw/wayback/calls_20260709224804.pdf,2,20260709224804
2026-07-08,FINAL,SR1,2027-08,95.925,95.9250 (,10,398 +,raw/wayback/calls_20260709224804.pdf,2,20260709224804
2026-07-08,FINAL,SR3,2026-04,96.365,96.3650 (,27,9331 -,raw/wayback/calls_20260709224804.pdf,2,20260709224804
2026-07-08,FINAL,SR3,2026-05,96.3475,96.3475 (,239,3275 +,raw/wayback/calls_20260709224804.pdf,2,20260709224804
2026-07-08,FINAL,SR3,2026-06,96.31,96.3100 (,131933,1310945 +,raw/wayback/calls_20260709224804.pdf,2,20260709224804
2026-07-08,FINAL,SR3,2026-07,96.235,96.2350 (,23,2979 -,raw/wayback/calls_20260709224804.pdf,2,20260709224804
2026-07-08,FINAL,SR3,2026-08,96.165,96.1650 (,77,387 -,raw/wayback/calls_20260709224804.pdf,2,20260709224804
2026-07-08,FINAL,SR3,2026-09,96.09,96.0900 (,489892,1470902 +,raw/wayback/calls_20260709224804.pdf,2,20260709224804
2026-07-08,FINAL,SR3,2026-10,96.025,96.0250 (,----,523,raw/wayback/calls_20260709224804.pdf,2,20260709224804
2026-07-08,FINAL,SR3,2026-11,95.98,95.9800 (,----,25,raw/wayback/calls_20260709224804.pdf,2,20260709224804
2026-07-08,FINAL,SR3,2026-12,95.94,95.9400 (,554331,1790208 -,raw/wayback/calls_20260709224804.pdf,2,20260709224804
2026-07-08,FINAL,SR3,2027-03,95.875,95.8750 (,377083,1168902 +,raw/wayback/calls_20260709224804.pdf,2,20260709224804
2026-07-08,FINAL,SR3,2027-06,95.89,95.8900 (,396288,1254697 -,raw/wayback/calls_20260709224804.pdf,2,20260709224804
2026-07-08,FINAL,SR3,2027-09,95.94,95.9400 (,305889,942983 -,raw/wayback/calls_20260709224804.pdf,2,20260709224804
2026-07-08,FINAL,SR3,2027-12,96.005,96.0050 (,313457,1223034 +,raw/wayback/calls_20260709224804.pdf,2,20260709224804
2026-07-08,FINAL,SR3,2028-03,96.045,96.0450 (,211263,730001 -,raw/wayback/calls_20260709224804.pdf,2,20260709224804
2026-07-08,FINAL,SR3,2028-06,96.06,96.0600 (,186058,634530 -,raw/wayback/calls_20260709224804.pdf,2,20260709224804
2026-07-08,FINAL,SR3,2028-09,96.065,96.0650 (,146714,461061 +,raw/wayback/calls_20260709224804.pdf,2,20260709224804
2026-07-08,FINAL,SR3,2028-12,96.065,96.0650 (,125877,379978 -,raw/wayback/calls_20260709224804.pdf,2,20260709224804
2026-07-08,FINAL,SR3,2029-03,96.065,96.0650 (,85431,330203 +,raw/wayback/calls_20260709224804.pdf,2,20260709224804
2026-07-08,FINAL,SR3,2029-06,96.065,96.0650 (,89853,300968 +,raw/wayback/calls_20260709224804.pdf,2,20260709224804
2026-07-08,FINAL,SR3,2029-09,96.055,96.0550 (,44079,208296 -,raw/wayback/calls_20260709224804.pdf,2,20260709224804
2026-07-08,FINAL,SR3,2029-12,96.04,96.0400 (,46728,202610 +,raw/wayback/calls_20260709224804.pdf,2,20260709224804
2026-07-08,FINAL,SR3,2030-03,96.02,96.0200 (,33099,158123 +,raw/wayback/calls_20260709224804.pdf,2,20260709224804
2026-07-08,FINAL,SR3,2030-06,96.0,96.0000 (,31694,158330 -,raw/wayback/calls_20260709224804.pdf,2,20260709224804
2026-07-08,FINAL,SR3,2030-09,95.97,95.9700 (,21645,126262 +,raw/wayback/calls_20260709224804.pdf,2,20260709224804
2026-07-08,FINAL,SR3,2030-12,95.935,95.9350 (,26434,112046 -,raw/wayback/calls_20260709224804.pdf,2,20260709224804
2026-07-08,FINAL,SR3,2031-03,95.9,95.9000 (,23402,58573 +,raw/wayback/calls_20260709224804.pdf,2,20260709224804
2026-07-08,FINAL,SR3,2031-06,95.865,95.8650 (,20945,26735 +,raw/wayback/calls_20260709224804.pdf,2,20260709224804
2026-07-08,FINAL,SR3,2031-09,95.83,95.8300 (,843,8863 +,raw/wayback/calls_20260709224804.pdf,2,20260709224804
2026-07-08,FINAL,SR3,2031-12,95.79,95.7900 (,513,2727 +,raw/wayback/calls_20260709224804.pdf,2,20260709224804
2026-07-08,FINAL,SR3,2032-03,95.755,95.7550 (,362,1291 +,raw/wayback/calls_20260709224804.pdf,2,20260709224804
2026-07-08,FINAL,SR3,2032-06,95.72,95.7200 (,206,461 +,raw/wayback/calls_20260709224804.pdf,2,20260709224804
2026-07-08,FINAL,SR3,2032-09,95.685,95.6850 (,----,58,raw/wayback/calls_20260709224804.pdf,2,20260709224804
2026-07-08,FINAL,SR3,2032-12,95.645,95.6450 (,----,15,raw/wayback/calls_20260709224804.pdf,2,20260709224804
2026-07-08,FINAL,SR3,2033-03,95.61,95.6100 (,----,6,raw/wayback/calls_20260709224804.pdf,2,20260709224804
2026-07-09,FINAL,SR1,2026-07,96.3775,96.3775,178362,413751 -,raw/wayback/calls_20260710222344.pdf,2,20260710222344
2026-07-09,FINAL,SR1,2026-08,96.295,96.2950,83278,328898 +,raw/wayback/calls_20260710222344.pdf,2,20260710222344
2026-07-09,FINAL,SR1,2026-09,96.24,96.2400,19391,197281 +,raw/wayback/calls_20260710222344.pdf,2,20260710222344
2026-07-09,FINAL,SR1,2026-10,96.17,96.1700,36673,134747 +,raw/wayback/calls_20260710222344.pdf,2,20260710222344
2026-07-09,FINAL,SR1,2026-11,96.12,96.1200,33928,108544 -,raw/wayback/calls_20260710222344.pdf,2,20260710222344
2026-07-09,FINAL,SR1,2026-12,96.04,96.0400,25610,88101 +,raw/wayback/calls_20260710222344.pdf,2,20260710222344
2026-07-09,FINAL,SR1,2027-01,96.005,96.0050,17982,83536 -,raw/wayback/calls_20260710222344.pdf,2,20260710222344
2026-07-09,FINAL,SR1,2027-02,95.99,95.9900,6228,41847 +,raw/wayback/calls_20260710222344.pdf,2,20260710222344
2026-07-09,FINAL,SR1,2027-03,95.965,95.9650,1789,8476 -,raw/wayback/calls_20260710222344.pdf,2,20260710222344
2026-07-09,FINAL,SR1,2027-04,95.945,95.9450,1548,20484 +,raw/wayback/calls_20260710222344.pdf,2,20260710222344
2026-07-09,FINAL,SR1,2027-05,95.935,95.9350,1131,19955 -,raw/wayback/calls_20260710222344.pdf,2,20260710222344
2026-07-09,FINAL,SR1,2027-06,95.935,95.9350,175,3744 +,raw/wayback/calls_20260710222344.pdf,2,20260710222344
2026-07-09,FINAL,SR1,2027-07,95.945,95.9450,967,5027 -,raw/wayback/calls_20260710222344.pdf,2,20260710222344
2026-07-09,FINAL,SR1,2027-08,95.96,95.9600 (,259,631 +,raw/wayback/calls_20260710222344.pdf,2,20260710222344
2026-07-09,FINAL,SR3,2026-04,96.37,96.3700,126,9323 -,raw/wayback/calls_20260710222344.pdf,2,20260710222344
2026-07-09,FINAL,SR3,2026-05,96.3525,96.3525,617,3773 +,raw/wayback/calls_20260710222344.pdf,2,20260710222344
2026-07-09,FINAL,SR3,2026-06,96.3225,96.3225,92494,1318936 +,raw/wayback/calls_20260710222344.pdf,2,20260710222344
2026-07-09,FINAL,SR3,2026-07,96.2525,96.2525,----,2979,raw/wayback/calls_20260710222344.pdf,2,20260710222344
2026-07-09,FINAL,SR3,2026-08,96.18,96.1800,1,387,raw/wayback/calls_20260710222344.pdf,2,20260710222344
2026-07-09,FINAL,SR3,2026-09,96.125,96.1250,275542,1460012 -,raw/wayback/calls_20260710222344.pdf,2,20260710222344
2026-07-09,FINAL,SR3,2026-10,96.06,96.0600,----,523,raw/wayback/calls_20260710222344.pdf,2,20260710222344
2026-07-09,FINAL,SR3,2026-11,96.015,96.0150,----,25,raw/wayback/calls_20260710222344.pdf,2,20260710222344
2026-07-09,FINAL,SR3,2026-12,95.98,95.9800,380334,1797599 +,raw/wayback/calls_20260710222344.pdf,2,20260710222344
2026-07-09,FINAL,SR3,2027-03,95.915,95.9150,263557,1190020 +,raw/wayback/calls_20260710222344.pdf,2,20260710222344
2026-07-09,FINAL,SR3,2027-06,95.93,95.9300,249366,1260699 +,raw/wayback/calls_20260710222344.pdf,2,20260710222344
2026-07-09,FINAL,SR3,2027-09,95.98,95.9800,203129,939494 -,raw/wayback/calls_20260710222344.pdf,2,20260710222344
2026-07-09,FINAL,SR3,2027-12,96.045,96.0450,197317,1225074 +,raw/wayback/calls_20260710222344.pdf,2,20260710222344
2026-07-09,FINAL,SR3,2028-03,96.085,96.0850,183368,727692 -,raw/wayback/calls_20260710222344.pdf,2,20260710222344
2026-07-09,FINAL,SR3,2028-06,96.105,96.1050,153211,642555 +,raw/wayback/calls_20260710222344.pdf,2,20260710222344
2026-07-09,FINAL,SR3,2028-09,96.11,96.1100,154291,484619 +,raw/wayback/calls_20260710222344.pdf,2,20260710222344
2026-07-09,FINAL,SR3,2028-12,96.11,96.1100,92147,385847 +,raw/wayback/calls_20260710222344.pdf,2,20260710222344
2026-07-09,FINAL,SR3,2029-03,96.11,96.1100,105606,347204 +,raw/wayback/calls_20260710222344.pdf,2,20260710222344
2026-07-09,FINAL,SR3,2029-06,96.105,96.1050,62846,305351 +,raw/wayback/calls_20260710222344.pdf,2,20260710222344
2026-07-09,FINAL,SR3,2029-09,96.095,96.0950,39621,206631 -,raw/wayback/calls_20260710222344.pdf,2,20260710222344
2026-07-09,FINAL,SR3,2029-12,96.08,96.0800 (,35156,202950 +,raw/wayback/calls_20260710222344.pdf,2,20260710222344
2026-07-09,FINAL,SR3,2030-03,96.06,96.0600 (,27311,156492 -,raw/wayback/calls_20260710222344.pdf,2,20260710222344
2026-07-09,FINAL,SR3,2030-06,96.04,96.0400 (,23452,157758 -,raw/wayback/calls_20260710222344.pdf,2,20260710222344
2026-07-09,FINAL,SR3,2030-09,96.01,96.0100 (,14529,125983 -,raw/wayback/calls_20260710222344.pdf,2,20260710222344
2026-07-09,FINAL,SR3,2030-12,95.975,95.9750 (,19436,113447 +,raw/wayback/calls_20260710222344.pdf,2,20260710222344
2026-07-09,FINAL,SR3,2031-03,95.935,95.9350 (,16379,58912 +,raw/wayback/calls_20260710222344.pdf,2,20260710222344
2026-07-09,FINAL,SR3,2031-06,95.9,95.9000 (,15472,28927 +,raw/wayback/calls_20260710222344.pdf,2,20260710222344
2026-07-09,FINAL,SR3,2031-09,95.865,95.8650 (,910,8989 +,raw/wayback/calls_20260710222344.pdf,2,20260710222344
2026-07-09,FINAL,SR3,2031-12,95.825,95.8250 (,103,2729 +,raw/wayback/calls_20260710222344.pdf,2,20260710222344
2026-07-09,FINAL,SR3,2032-03,95.79,95.7900 (,----,1291,raw/wayback/calls_20260710222344.pdf,2,20260710222344
2026-07-09,FINAL,SR3,2032-06,95.755,95.7550 (,----,461,raw/wayback/calls_20260710222344.pdf,2,20260710222344
2026-07-09,FINAL,SR3,2032-09,95.72,95.7200 (,----,58,raw/wayback/calls_20260710222344.pdf,2,20260710222344
2026-07-09,FINAL,SR3,2032-12,95.68,95.6800 (,----,15,raw/wayback/calls_20260710222344.pdf,2,20260710222344
2026-07-09,FINAL,SR3,2033-03,95.645,95.6450 (,----,6,raw/wayback/calls_20260710222344.pdf,2,20260710222344
2026-07-13,FINAL,SR1,2026-07,96.37,96.3700,66925,391317 -,raw/wayback/calls_20260714221251.pdf,2,20260714221251
2026-07-13,FINAL,SR1,2026-08,96.245,96.2450,108478,348188 +,raw/wayback/calls_20260714221251.pdf,2,20260714221251
2026-07-13,FINAL,SR1,2026-09,96.18,96.1800,30392,200572 +,raw/wayback/calls_20260714221251.pdf,2,20260714221251
2026-07-13,FINAL,SR1,2026-10,96.095,96.0950,39568,138371 +,raw/wayback/calls_20260714221251.pdf,2,20260714221251
2026-07-13,FINAL,SR1,2026-11,96.03,96.0300,28057,107842 -,raw/wayback/calls_20260714221251.pdf,2,20260714221251
2026-07-13,FINAL,SR1,2026-12,95.945,95.9450,16384,92977 +,raw/wayback/calls_20260714221251.pdf,2,20260714221251
2026-07-13,FINAL,SR1,2027-01,95.91,95.9100,13846,83619 +,raw/wayback/calls_20260714221251.pdf,2,20260714221251
2026-07-13,FINAL,SR1,2027-02,95.88,95.8800,8115,43827 +,raw/wayback/calls_20260714221251.pdf,2,20260714221251
2026-07-13,FINAL,SR1,2027-03,95.855,95.8550,660,8747 -,raw/wayback/calls_20260714221251.pdf,2,20260714221251
2026-07-13,FINAL,SR1,2027-04,95.83,95.8300,1758,21273 +,raw/wayback/calls_20260714221251.pdf,2,20260714221251
2026-07-13,FINAL,SR1,2027-05,95.815,95.8150,2611,20844 +,raw/wayback/calls_20260714221251.pdf,2,20260714221251
2026-07-13,FINAL,SR1,2027-06,95.815,95.8150,145,3845 +,raw/wayback/calls_20260714221251.pdf,2,20260714221251
2026-07-13,FINAL,SR1,2027-07,95.825,95.8250,403,5347 +,raw/wayback/calls_20260714221251.pdf,2,20260714221251
2026-07-13,FINAL,SR1,2027-08,95.84,95.8400,28,659 +,raw/wayback/calls_20260714221251.pdf,2,20260714221251
2026-07-13,FINAL,SR3,2026-04,96.3675,96.3675,108,9422 +,raw/wayback/calls_20260714221251.pdf,2,20260714221251
2026-07-13,FINAL,SR3,2026-05,96.345,96.3450,292,4361 +,raw/wayback/calls_20260714221251.pdf,2,20260714221251
2026-07-13,FINAL,SR3,2026-06,96.29,96.2900,157035,1267727 -,raw/wayback/calls_20260714221251.pdf,2,20260714221251
2026-07-13,FINAL,SR3,2026-07,96.2025,96.2025,749,3129 +,raw/wayback/calls_20260714221251.pdf,2,20260714221251
2026-07-13,FINAL,SR3,2026-08,96.12,96.1200 (,711,944 +,raw/wayback/calls_20260714221251.pdf,2,20260714221251
2026-07-13,FINAL,SR3,2026-09,96.04,96.0400 (,454692,1495318 -,raw/wayback/calls_20260714221251.pdf,2,20260714221251
2026-07-13,FINAL,SR3,2026-10,95.97,95.9700 (,----,523,raw/wayback/calls_20260714221251.pdf,2,20260714221251
2026-07-13,FINAL,SR3,2026-11,95.92,95.9200 (,----,25,raw/wayback/calls_20260714221251.pdf,2,20260714221251
2026-07-13,FINAL,SR3,2026-12,95.875,95.8750 (,522061,1825920 +,raw/wayback/calls_20260714221251.pdf,2,20260714221251
2026-07-13,FINAL,SR3,2027-03,95.805,95.8050 (,321238,1204950 +,raw/wayback/calls_20260714221251.pdf,2,20260714221251
2026-07-13,FINAL,SR3,2027-06,95.815,95.8150 (,306498,1263926 +,raw/wayback/calls_20260714221251.pdf,2,20260714221251
2026-07-13,FINAL,SR3,2027-09,95.87,95.8700 (,237888,965569 +,raw/wayback/calls_20260714221251.pdf,2,20260714221251
2026-07-13,FINAL,SR3,2027-12,95.94,95.9400 (,300152,1264462 +,raw/wayback/calls_20260714221251.pdf,2,20260714221251
2026-07-13,FINAL,SR3,2028-03,95.985,95.9850 (,194963,726462 -,raw/wayback/calls_20260714221251.pdf,2,20260714221251
2026-07-13,FINAL,SR3,2028-06,96.005,96.0050 (,148423,645745 +,raw/wayback/calls_20260714221251.pdf,2,20260714221251
2026-07-13,FINAL,SR3,2028-09,96.015,96.0150 (,103529,487356 +,raw/wayback/calls_20260714221251.pdf,2,20260714221251
2026-07-13,FINAL,SR3,2028-12,96.02,96.0200 (,89787,389793 -,raw/wayback/calls_20260714221251.pdf,2,20260714221251
2026-07-13,FINAL,SR3,2029-03,96.02,96.0200 (,70093,350118 +,raw/wayback/calls_20260714221251.pdf,2,20260714221251
2026-07-13,FINAL,SR3,2029-06,96.02,96.0200 (,62716,307483 -,raw/wayback/calls_20260714221251.pdf,2,20260714221251
2026-07-13,FINAL,SR3,2029-09,96.015,96.0150 (,35924,201009 -,raw/wayback/calls_20260714221251.pdf,2,20260714221251
2026-07-13,FINAL,SR3,2029-12,96.0,96.0000 (,33799,200897 -,raw/wayback/calls_20260714221251.pdf,2,20260714221251
2026-07-13,FINAL,SR3,2030-03,95.985,95.9850 (,27213,157767 -,raw/wayback/calls_20260714221251.pdf,2,20260714221251
2026-07-13,FINAL,SR3,2030-06,95.965,95.9650 (,28449,157389 +,raw/wayback/calls_20260714221251.pdf,2,20260714221251
2026-07-13,FINAL,SR3,2030-09,95.935,95.9350 (,17305,123675 -,raw/wayback/calls_20260714221251.pdf,2,20260714221251
2026-07-13,FINAL,SR3,2030-12,95.905,95.9050 (,18795,112871 -,raw/wayback/calls_20260714221251.pdf,2,20260714221251
2026-07-13,FINAL,SR3,2031-03,95.87,95.8700 (,16165,60437 +,raw/wayback/calls_20260714221251.pdf,2,20260714221251
2026-07-13,FINAL,SR3,2031-06,95.835,95.8350 (,15115,27233 -,raw/wayback/calls_20260714221251.pdf,2,20260714221251
2026-07-13,FINAL,SR3,2031-09,95.8,95.8000 (,302,8945 -,raw/wayback/calls_20260714221251.pdf,2,20260714221251
2026-07-13,FINAL,SR3,2031-12,95.765,95.7650 (,241,2689 -,raw/wayback/calls_20260714221251.pdf,2,20260714221251
2026-07-13,FINAL,SR3,2032-03,95.735,95.7350 (,455,1443 +,raw/wayback/calls_20260714221251.pdf,2,20260714221251
2026-07-13,FINAL,SR3,2032-06,95.7,95.7000 (,55,423 -,raw/wayback/calls_20260714221251.pdf,2,20260714221251
2026-07-13,FINAL,SR3,2032-09,95.665,95.6650 (,----,58,raw/wayback/calls_20260714221251.pdf,2,20260714221251
2026-07-13,FINAL,SR3,2032-12,95.625,95.6250 (,----,15,raw/wayback/calls_20260714221251.pdf,2,20260714221251
2026-07-13,FINAL,SR3,2033-03,95.59,95.5900 (,----,6,raw/wayback/calls_20260714221251.pdf,2,20260714221251
2026-07-14,FINAL,SR1,2026-07,96.37,96.3700,35699,388299 -,raw/wayback/calls_20260715222043.pdf,2,20260715222043
2026-07-14,FINAL,SR1,2026-08,96.31,96.3100,129052,353149 +,raw/wayback/calls_20260715222043.pdf,2,20260715222043
2026-07-14,FINAL,SR1,2026-09,96.25,96.2500,36819,209841 +,raw/wayback/calls_20260715222043.pdf,2,20260715222043
2026-07-14,FINAL,SR1,2026-10,96.18,96.1800,65690,132843 -,raw/wayback/calls_20260715222043.pdf,2,20260715222043
2026-07-14,FINAL,SR1,2026-11,96.13,96.1300,46712,104881 -,raw/wayback/calls_20260715222043.pdf,2,20260715222043
2026-07-14,FINAL,SR1,2026-12,96.055,96.0550,15807,93242 +,raw/wayback/calls_20260715222043.pdf,2,20260715222043
2026-07-14,FINAL,SR1,2027-01,96.025,96.0250,25676,84817 +,raw/wayback/calls_20260715222043.pdf,2,20260715222043
2026-07-14,FINAL,SR1,2027-02,96.0,96.0000,9712,42440 -,raw/wayback/calls_20260715222043.pdf,2,20260715222043
2026-07-14,FINAL,SR1,2027-03,95.97,95.9700,2033,9260 +,raw/wayback/calls_20260715222043.pdf,2,20260715222043
2026-07-14,FINAL,SR1,2027-04,95.94,95.9400,2924,21608 +,raw/wayback/calls_20260715222043.pdf,2,20260715222043
2026-07-14,FINAL,SR1,2027-05,95.915,95.9150,1363,20617 -,raw/wayback/calls_20260715222043.pdf,2,20260715222043
2026-07-14,FINAL,SR1,2027-06,95.91,95.9100,126,3825 -,raw/wayback/calls_20260715222043.pdf,2,20260715222043
2026-07-14,FINAL,SR1,2027-07,95.915,95.9150,345,5398 +,raw/wayback/calls_20260715222043.pdf,2,20260715222043
2026-07-14,FINAL,SR1,2027-08,95.925,95.9250,49,681 +,raw/wayback/calls_20260715222043.pdf,2,20260715222043
2026-07-14,FINAL,SR3,2026-04,96.37,96.3700,32,9422,raw/wayback/calls_20260715222043.pdf,2,20260715222043
2026-07-14,FINAL,SR3,2026-05,96.35,96.3500,572,4811 +,raw/wayback/calls_20260715222043.pdf,2,20260715222043
2026-07-14,FINAL,SR3,2026-06,96.32,96.3200,172123,1274334 +,raw/wayback/calls_20260715222043.pdf,2,20260715222043
2026-07-14,FINAL,SR3,2026-07,96.2525,96.2525,1022,2927 -,raw/wayback/calls_20260715222043.pdf,2,20260715222043
2026-07-14,FINAL,SR3,2026-08,96.1925,96.1925,98,963 +,raw/wayback/calls_20260715222043.pdf,2,20260715222043
2026-07-14,FINAL,SR3,2026-09,96.135,96.1350,707638,1455536 -,raw/wayback/calls_20260715222043.pdf,2,20260715222043
2026-07-14,FINAL,SR3,2026-10,96.065,96.0650,67,590 +,raw/wayback/calls_20260715222043.pdf,2,20260715222043
2026-07-14,FINAL,SR3,2026-11,96.02,96.0200,----,25,raw/wayback/calls_20260715222043.pdf,2,20260715222043
2026-07-14,FINAL,SR3,2026-12,95.99,95.9900,939609,1807378 -,raw/wayback/calls_20260715222043.pdf,2,20260715222043
2026-07-14,FINAL,SR3,2027-03,95.91,95.9100,552127,1169799 -,raw/wayback/calls_20260715222043.pdf,2,20260715222043
2026-07-14,FINAL,SR3,2027-06,95.9,95.9000,501155,1248758 -,raw/wayback/calls_20260715222043.pdf,2,20260715222043
2026-07-14,FINAL,SR3,2027-09,95.93,95.9300,407027,962731 -,raw/wayback/calls_20260715222043.pdf,2,20260715222043
2026-07-14,FINAL,SR3,2027-12,95.98,95.9800,429358,1251901 -,raw/wayback/calls_20260715222043.pdf,2,20260715222043
2026-07-14,FINAL,SR3,2028-03,96.01,96.0100 (,288654,727400 +,raw/wayback/calls_20260715222043.pdf,2,20260715222043
2026-07-14,FINAL,SR3,2028-06,96.025,96.0250 (,236814,650134 +,raw/wayback/calls_20260715222043.pdf,2,20260715222043
2026-07-14,FINAL,SR3,2028-09,96.03,96.0300 (,144802,489819 +,raw/wayback/calls_20260715222043.pdf,2,20260715222043
2026-07-14,FINAL,SR3,2028-12,96.035,96.0350 (,157412,393925 +,raw/wayback/calls_20260715222043.pdf,2,20260715222043
2026-07-14,FINAL,SR3,2029-03,96.035,96.0350 (,112503,352479 +,raw/wayback/calls_20260715222043.pdf,2,20260715222043
2026-07-14,FINAL,SR3,2029-06,96.035,96.0350 (,97791,308487 +,raw/wayback/calls_20260715222043.pdf,2,20260715222043
2026-07-14,FINAL,SR3,2029-09,96.025,96.0250 (,47517,202946 +,raw/wayback/calls_20260715222043.pdf,2,20260715222043
2026-07-14,FINAL,SR3,2029-12,96.015,96.0150 (,49978,203655 +,raw/wayback/calls_20260715222043.pdf,2,20260715222043
2026-07-14,FINAL,SR3,2030-03,96.0,96.0000 (,37586,158795 +,raw/wayback/calls_20260715222043.pdf,2,20260715222043
2026-07-14,FINAL,SR3,2030-06,95.98,95.9800 (,36691,156738 -,raw/wayback/calls_20260715222043.pdf,2,20260715222043
2026-07-14,FINAL,SR3,2030-09,95.95,95.9500 (,25848,128161 +,raw/wayback/calls_20260715222043.pdf,2,20260715222043
2026-07-14,FINAL,SR3,2030-12,95.92,95.9200 (,29216,114052 +,raw/wayback/calls_20260715222043.pdf,2,20260715222043
2026-07-14,FINAL,SR3,2031-03,95.885,95.8850 (,28622,60678 +,raw/wayback/calls_20260715222043.pdf,2,20260715222043
2026-07-14,FINAL,SR3,2031-06,95.85,95.8500 (,24472,28487 +,raw/wayback/calls_20260715222043.pdf,2,20260715222043
2026-07-14,FINAL,SR3,2031-09,95.815,95.8150 (,1790,8609 -,raw/wayback/calls_20260715222043.pdf,2,20260715222043
2026-07-14,FINAL,SR3,2031-12,95.78,95.7800 (,437,2462 -,raw/wayback/calls_20260715222043.pdf,2,20260715222043
2026-07-14,FINAL,SR3,2032-03,95.745,95.7450 (,614,1422 -,raw/wayback/calls_20260715222043.pdf,2,20260715222043
2026-07-14,FINAL,SR3,2032-06,95.71,95.7100 (,183,357 -,raw/wayback/calls_20260715222043.pdf,2,20260715222043
2026-07-14,FINAL,SR3,2032-09,95.675,95.6750 (,2,57 -,raw/wayback/calls_20260715222043.pdf,2,20260715222043
2026-07-14,FINAL,SR3,2032-12,95.635,95.6350 (,----,15,raw/wayback/calls_20260715222043.pdf,2,20260715222043
2026-07-14,FINAL,SR3,2033-03,95.6,95.6000 (,----,6,raw/wayback/calls_20260715222043.pdf,2,20260715222043
2026-07-16,FINAL,SR1,2026-07,96.38,96.3800,64797,386512 -,raw/wayback/calls_20260717221410.pdf,2,20260717221410
2026-07-16,FINAL,SR1,2026-08,96.325,96.3250,75190,353770 +,raw/wayback/calls_20260717221410.pdf,2,20260717221410
2026-07-16,FINAL,SR1,2026-09,96.27,96.2700,28848,215959 -,raw/wayback/calls_20260717221410.pdf,2,20260717221410
2026-07-16,FINAL,SR1,2026-10,96.205,96.2050,32269,139908 +,raw/wayback/calls_20260717221410.pdf,2,20260717221410
2026-07-16,FINAL,SR1,2026-11,96.155,96.1550,19249,106021 +,raw/wayback/calls_20260717221410.pdf,2,20260717221410
2026-07-16,FINAL,SR1,2026-12,96.08,96.0800,5286,91428 -,raw/wayback/calls_20260717221410.pdf,2,20260717221410
2026-07-16,FINAL,SR1,2027-01,96.055,96.0550,9560,84298 -,raw/wayback/calls_20260717221410.pdf,2,20260717221410
2026-07-16,FINAL,SR1,2027-02,96.035,96.0350,6374,44081 +,raw/wayback/calls_20260717221410.pdf,2,20260717221410
2026-07-16,FINAL,SR1,2027-03,96.01,96.0100,1475,10462 +,raw/wayback/calls_20260717221410.pdf,2,20260717221410
2026-07-16,FINAL,SR1,2027-04,95.98,95.9800,1937,23179 +,raw/wayback/calls_20260717221410.pdf,2,20260717221410
2026-07-16,FINAL,SR1,2027-05,95.96,95.9600,655,21549 -,raw/wayback/calls_20260717221410.pdf,2,20260717221410
2026-07-16,FINAL,SR1,2027-06,95.95,95.9500,71,3819 +,raw/wayback/calls_20260717221410.pdf,2,20260717221410
2026-07-16,FINAL,SR1,2027-07,95.955,95.9550,112,5380,raw/wayback/calls_20260717221410.pdf,2,20260717221410
2026-07-16,FINAL,SR1,2027-08,95.965,95.9650,5,692,raw/wayback/calls_20260717221410.pdf,2,20260717221410
2026-07-16,FINAL,SR3,2026-04,96.3688,96.3688,----,-,raw/wayback/calls_20260717221410.pdf,2,20260717221410
2026-07-16,FINAL,SR3,2026-05,96.3575,96.3575,209,5373 +,raw/wayback/calls_20260717221410.pdf,2,20260717221410
2026-07-16,FINAL,SR3,2026-06,96.335,96.3350,67286,1284349 -,raw/wayback/calls_20260717221410.pdf,2,20260717221410
2026-07-16,FINAL,SR3,2026-07,96.28,96.2800,11,3186 -,raw/wayback/calls_20260717221410.pdf,2,20260717221410
2026-07-16,FINAL,SR3,2026-08,96.22,96.2200,7,1665,raw/wayback/calls_20260717221410.pdf,2,20260717221410
2026-07-16,FINAL,SR3,2026-09,96.16,96.1600,269504,1437566 +,raw/wayback/calls_20260717221410.pdf,2,20260717221410
2026-07-16,FINAL,SR3,2026-10,96.1,96.1000,25,527 -,raw/wayback/calls_20260717221410.pdf,2,20260717221410
2026-07-16,FINAL,SR3,2026-11,96.06,96.0600,----,25,raw/wayback/calls_20260717221410.pdf,2,20260717221410
2026-07-16,FINAL,SR3,2026-12,96.025,96.0250,306263,1814564 +,raw/wayback/calls_20260717221410.pdf,2,20260717221410
2026-07-16,FINAL,SR3,2027-03,95.95,95.9500,234103,1144414 -,raw/wayback/calls_20260717221410.pdf,2,20260717221410
2026-07-16,FINAL,SR3,2027-06,95.94,95.9400,270335,1235226 +,raw/wayback/calls_20260717221410.pdf,2,20260717221410
2026-07-16,FINAL,SR3,2027-09,95.975,95.9750,198321,946364 -,raw/wayback/calls_20260717221410.pdf,2,20260717221410
2026-07-16,FINAL,SR3,2027-12,96.03,96.0300,173976,1250468 +,raw/wayback/calls_20260717221410.pdf,2,20260717221410
2026-07-16,FINAL,SR3,2028-03,96.06,96.0600,150781,735721 +,raw/wayback/calls_20260717221410.pdf,2,20260717221410
2026-07-16,FINAL,SR3,2028-06,96.07,96.0700,113649,654491 -,raw/wayback/calls_20260717221410.pdf,2,20260717221410
2026-07-16,FINAL,SR3,2028-09,96.07,96.0700,75969,496599 +,raw/wayback/calls_20260717221410.pdf,2,20260717221410
2026-07-16,FINAL,SR3,2028-12,96.07,96.0700,78503,387905 -,raw/wayback/calls_20260717221410.pdf,2,20260717221410
2026-07-16,FINAL,SR3,2029-03,96.065,96.0650 (,67108,352286 -,raw/wayback/calls_20260717221410.pdf,2,20260717221410
2026-07-16,FINAL,SR3,2029-06,96.06,96.0600 (,64606,307100 -,raw/wayback/calls_20260717221410.pdf,2,20260717221410
2026-07-16,FINAL,SR3,2029-09,96.055,96.0550 (,31547,206907 +,raw/wayback/calls_20260717221410.pdf,2,20260717221410
2026-07-16,FINAL,SR3,2029-12,96.04,96.0400 (,24266,204591 -,raw/wayback/calls_20260717221410.pdf,2,20260717221410
2026-07-16,FINAL,SR3,2030-03,96.02,96.0200 (,19895,158575 +,raw/wayback/calls_20260717221410.pdf,2,20260717221410
2026-07-16,FINAL,SR3,2030-06,96.0,96.0000 (,18575,155563 -,raw/wayback/calls_20260717221410.pdf,2,20260717221410
2026-07-16,FINAL,SR3,2030-09,95.97,95.9700 (,16753,127356 -,raw/wayback/calls_20260717221410.pdf,2,20260717221410
2026-07-16,FINAL,SR3,2030-12,95.935,95.9350 (,16670,114401 -,raw/wayback/calls_20260717221410.pdf,2,20260717221410
2026-07-16,FINAL,SR3,2031-03,95.9,95.9000 (,16016,59797 -,raw/wayback/calls_20260717221410.pdf,2,20260717221410
2026-07-16,FINAL,SR3,2031-06,95.865,95.8650 (,13188,29296 -,raw/wayback/calls_20260717221410.pdf,2,20260717221410
2026-07-16,FINAL,SR3,2031-09,95.83,95.8300 (,196,9076 -,raw/wayback/calls_20260717221410.pdf,2,20260717221410
2026-07-16,FINAL,SR3,2031-12,95.795,95.7950 (,30,2264,raw/wayback/calls_20260717221410.pdf,2,20260717221410
2026-07-16,FINAL,SR3,2032-03,95.76,95.7600 (,66,1352 -,raw/wayback/calls_20260717221410.pdf,2,20260717221410
2026-07-16,FINAL,SR3,2032-06,95.725,95.7250 (,61,296 -,raw/wayback/calls_20260717221410.pdf,2,20260717221410
2026-07-16,FINAL,SR3,2032-09,95.69,95.6900 (,----,57,raw/wayback/calls_20260717221410.pdf,2,20260717221410
2026-07-16,FINAL,SR3,2032-12,95.65,95.6500 (,----,15,raw/wayback/calls_20260717221410.pdf,2,20260717221410
2026-07-16,FINAL,SR3,2033-03,95.615,95.6150 (,----,6,raw/wayback/calls_20260717221410.pdf,2,20260717221410
2026-07-17,FINAL,SR1,2026-07,96.38,96.3800,73778,375720 -,raw/wayback/calls_20260720221733.pdf,2,20260720221733
2026-07-17,FINAL,SR1,2026-08,96.32,96.3200,52040,366468 +,raw/wayback/calls_20260720221733.pdf,2,20260720221733
2026-07-17,FINAL,SR1,2026-09,96.26,96.2600,9175,213804 -,raw/wayback/calls_20260720221733.pdf,2,20260720221733
2026-07-17,FINAL,SR1,2026-10,96.185,96.1850,22758,146913 +,raw/wayback/calls_20260720221733.pdf,2,20260720221733
2026-07-17,FINAL,SR1,2026-11,96.125,96.1250,14079,104389 -,raw/wayback/calls_20260720221733.pdf,2,20260720221733
2026-07-17,FINAL,SR1,2026-12,96.045,96.0450,4660,91203 -,raw/wayback/calls_20260720221733.pdf,2,20260720221733
2026-07-17,FINAL,SR1,2027-01,96.02,96.0200,12853,87661 +,raw/wayback/calls_20260720221733.pdf,2,20260720221733
2026-07-17,FINAL,SR1,2027-02,96.0,96.0000,4887,42647 -,raw/wayback/calls_20260720221733.pdf,2,20260720221733
2026-07-17,FINAL,SR1,2027-03,95.975,95.9750,602,10579 +,raw/wayback/calls_20260720221733.pdf,2,20260720221733
2026-07-17,FINAL,SR1,2027-04,95.95,95.9500,1603,23445 +,raw/wayback/calls_20260720221733.pdf,2,20260720221733
2026-07-17,FINAL,SR1,2027-05,95.935,95.9350,718,21701 +,raw/wayback/calls_20260720221733.pdf,2,20260720221733
2026-07-17,FINAL,SR1,2027-06,95.93,95.9300,169,3887 +,raw/wayback/calls_20260720221733.pdf,2,20260720221733
2026-07-17,FINAL,SR1,2027-07,95.93,95.9300,291,5640 +,raw/wayback/calls_20260720221733.pdf,2,20260720221733
2026-07-17,FINAL,SR1,2027-08,95.945,95.9450,2,692,raw/wayback/calls_20260720221733.pdf,2,20260720221733
2026-07-17,FINAL,SR3,2026-04,96.3688,96.3688,----,,raw/wayback/calls_20260720221733.pdf,2,20260720221733
2026-07-17,FINAL,SR3,2026-05,96.355,96.3550,19,5373,raw/wayback/calls_20260720221733.pdf,2,20260720221733
2026-07-17,FINAL,SR3,2026-06,96.3325,96.3325,70818,1267997 -,raw/wayback/calls_20260720221733.pdf,2,20260720221733
2026-07-17,FINAL,SR3,2026-07,96.2725,96.2725,7,3186,raw/wayback/calls_20260720221733.pdf,2,20260720221733
2026-07-17,FINAL,SR3,2026-08,96.205,96.2050,12,1665,raw/wayback/calls_20260720221733.pdf,2,20260720221733
2026-07-17,FINAL,SR3,2026-09,96.13,96.1300,281307,1425759 -,raw/wayback/calls_20260720221733.pdf,2,20260720221733
2026-07-17,FINAL,SR3,2026-10,96.07,96.0700,----,527,raw/wayback/calls_20260720221733.pdf,2,20260720221733
2026-07-17,FINAL,SR3,2026-11,96.03,96.0300,10,25,raw/wayback/calls_20260720221733.pdf,2,20260720221733
2026-07-17,FINAL,SR3,2026-12,95.99,95.9900,430900,1826697 +,raw/wayback/calls_20260720221733.pdf,2,20260720221733
2026-07-17,FINAL,SR3,2027-03,95.925,95.9250,296510,1123500 -,raw/wayback/calls_20260720221733.pdf,2,20260720221733
2026-07-17,FINAL,SR3,2027-06,95.925,95.9250,232667,1216792 -,raw/wayback/calls_20260720221733.pdf,2,20260720221733
2026-07-17,FINAL,SR3,2027-09,95.97,95.9700,193769,933755 -,raw/wayback/calls_20260720221733.pdf,2,20260720221733
2026-07-17,FINAL,SR3,2027-12,96.03,96.0300,214849,1237092 -,raw/wayback/calls_20260720221733.pdf,2,20260720221733
2026-07-17,FINAL,SR3,2028-03,96.065,96.0650,163855,726888 -,raw/wayback/calls_20260720221733.pdf,2,20260720221733
2026-07-17,FINAL,SR3,2028-06,96.08,96.0800 (,120819,654593 +,raw/wayback/calls_20260720221733.pdf,2,20260720221733
2026-07-17,FINAL,SR3,2028-09,96.085,96.0850 (,80032,498537 +,raw/wayback/calls_20260720221733.pdf,2,20260720221733
2026-07-17,FINAL,SR3,2028-12,96.09,96.0900 (,79799,389806 +,raw/wayback/calls_20260720221733.pdf,2,20260720221733
2026-07-17,FINAL,SR3,2029-03,96.09,96.0900 (,70708,352517 +,raw/wayback/calls_20260720221733.pdf,2,20260720221733
2026-07-17,FINAL,SR3,2029-06,96.085,96.0850 (,64983,309067 +,raw/wayback/calls_20260720221733.pdf,2,20260720221733
2026-07-17,FINAL,SR3,2029-09,96.08,96.0800 (,35937,206229 -,raw/wayback/calls_20260720221733.pdf,2,20260720221733
2026-07-17,FINAL,SR3,2029-12,96.07,96.0700 (,28612,205904 +,raw/wayback/calls_20260720221733.pdf,2,20260720221733
2026-07-17,FINAL,SR3,2030-03,96.055,96.0550 (,22727,159556 +,raw/wayback/calls_20260720221733.pdf,2,20260720221733
2026-07-17,FINAL,SR3,2030-06,96.035,96.0350 (,25478,156419 +,raw/wayback/calls_20260720221733.pdf,2,20260720221733
2026-07-17,FINAL,SR3,2030-09,96.005,96.0050 (,15744,128446 +,raw/wayback/calls_20260720221733.pdf,2,20260720221733
2026-07-17,FINAL,SR3,2030-12,95.975,95.9750 (,19832,115112 +,raw/wayback/calls_20260720221733.pdf,2,20260720221733
2026-07-17,FINAL,SR3,2031-03,95.94,95.9400 (,16934,59941 +,raw/wayback/calls_20260720221733.pdf,2,20260720221733
2026-07-17,FINAL,SR3,2031-06,95.905,95.9050 (,13565,29545 +,raw/wayback/calls_20260720221733.pdf,2,20260720221733
2026-07-17,FINAL,SR3,2031-09,95.87,95.8700 (,279,8993 -,raw/wayback/calls_20260720221733.pdf,2,20260720221733
2026-07-17,FINAL,SR3,2031-12,95.835,95.8350 (,596,2198 -,raw/wayback/calls_20260720221733.pdf,2,20260720221733
2026-07-17,FINAL,SR3,2032-03,95.8,95.8000 (,275,1497 +,raw/wayback/calls_20260720221733.pdf,2,20260720221733
2026-07-17,FINAL,SR3,2032-06,95.765,95.7650 (,204,350 +,raw/wayback/calls_20260720221733.pdf,2,20260720221733
2026-07-17,FINAL,SR3,2032-09,95.73,95.7300 (,----,57,raw/wayback/calls_20260720221733.pdf,2,20260720221733
2026-07-17,FINAL,SR3,2032-12,95.69,95.6900 (,----,15,raw/wayback/calls_20260720221733.pdf,2,20260720221733
2026-07-17,FINAL,SR3,2033-03,95.655,95.6550 (,----,6,raw/wayback/calls_20260720221733.pdf,2,20260720221733
2026-07-20,FINAL,SR1,2026-07,96.3825,96.3825,48896,376488 +,raw/wayback/calls_20260721222044.pdf,2,20260721222044
2026-07-20,FINAL,SR1,2026-08,96.315,96.3150,34814,363531 -,raw/wayback/calls_20260721222044.pdf,2,20260721222044
2026-07-20,FINAL,SR1,2026-09,96.25,96.2500,11801,214952 +,raw/wayback/calls_20260721222044.pdf,2,20260721222044
2026-07-20,FINAL,SR1,2026-10,96.165,96.1650 (,17286,146051 -,raw/wayback/calls_20260721222044.pdf,2,20260721222044
2026-07-20,FINAL,SR1,2026-11,96.1,96.1000 (,15601,105119 +,raw/wayback/calls_20260721222044.pdf,2,20260721222044
2026-07-20,FINAL,SR1,2026-12,96.015,96.0150 (,7070,92645 +,raw/wayback/calls_20260721222044.pdf,2,20260721222044
2026-07-20,FINAL,SR1,2027-01,95.985,95.9850 (,18976,86365 -,raw/wayback/calls_20260721222044.pdf,2,20260721222044
2026-07-20,FINAL,SR1,2027-02,95.965,95.9650 (,3927,43253 +,raw/wayback/calls_20260721222044.pdf,2,20260721222044
2026-07-20,FINAL,SR1,2027-03,95.94,95.9400 (,625,10482 -,raw/wayback/calls_20260721222044.pdf,2,20260721222044
2026-07-20,FINAL,SR1,2027-04,95.91,95.9100 (,1451,23548 +,raw/wayback/calls_20260721222044.pdf,2,20260721222044
2026-07-20,FINAL,SR1,2027-05,95.89,95.8900 (,1033,21683 -,raw/wayback/calls_20260721222044.pdf,2,20260721222044
2026-07-20,FINAL,SR1,2027-06,95.885,95.8850 (,168,3881 -,raw/wayback/calls_20260721222044.pdf,2,20260721222044
2026-07-20,FINAL,SR1,2027-07,95.89,95.8900 (,418,5953 +,raw/wayback/calls_20260721222044.pdf,2,20260721222044
2026-07-20,FINAL,SR1,2027-08,95.905,95.9050 (,27,692,raw/wayback/calls_20260721222044.pdf,2,20260721222044
2026-07-20,FINAL,SR3,2026-05,96.355,96.3550 (,165,5374 +,raw/wayback/calls_20260721222044.pdf,2,20260721222044
2026-07-20,FINAL,SR3,2026-06,96.3325,96.3325 (,67896,1282235 +,raw/wayback/calls_20260721222044.pdf,2,20260721222044
2026-07-20,FINAL,SR3,2026-07,96.265,96.2650 (,29,3194 +,raw/wayback/calls_20260721222044.pdf,2,20260721222044
2026-07-20,FINAL,SR3,2026-08,96.1875,96.1875 (,44,1703 +,raw/wayback/calls_20260721222044.pdf,2,20260721222044
2026-07-20,FINAL,SR3,2026-09,96.11,96.1100 (,276243,1410008 -,raw/wayback/calls_20260721222044.pdf,2,20260721222044
2026-07-20,FINAL,SR3,2026-10,96.045,96.0450 (,1,528 +,raw/wayback/calls_20260721222044.pdf,2,20260721222044
2026-07-20,FINAL,SR3,2026-11,96.0,96.0000 (,1,26 +,raw/wayback/calls_20260721222044.pdf,2,20260721222044
2026-07-20,FINAL,SR3,2026-12,95.96,95.9600 (,396983,1825540 -,raw/wayback/calls_20260721222044.pdf,2,20260721222044
2026-07-20,FINAL,SR3,2027-03,95.885,95.8850 (,271196,1119324 -,raw/wayback/calls_20260721222044.pdf,2,20260721222044
2026-07-20,FINAL,SR3,2027-06,95.88,95.8800 (,275995,1202111 -,raw/wayback/calls_20260721222044.pdf,2,20260721222044
2026-07-20,FINAL,SR3,2027-09,95.925,95.9250 (,188590,927024 -,raw/wayback/calls_20260721222044.pdf,2,20260721222044
2026-07-20,FINAL,SR3,2027-12,95.98,95.9800 (,193775,1244218 +,raw/wayback/calls_20260721222044.pdf,2,20260721222044
2026-07-20,FINAL,SR3,2028-03,96.015,96.0150 (,149869,720727 -,raw/wayback/calls_20260721222044.pdf,2,20260721222044
2026-07-20,FINAL,SR3,2028-06,96.03,96.0300 (,131419,654446 -,raw/wayback/calls_20260721222044.pdf,2,20260721222044
2026-07-20,FINAL,SR3,2028-09,96.03,96.0300 (,79392,494277 -,raw/wayback/calls_20260721222044.pdf,2,20260721222044
2026-07-20,FINAL,SR3,2028-12,96.03,96.0300 (,79773,390883 +,raw/wayback/calls_20260721222044.pdf,2,20260721222044
2026-07-20,FINAL,SR3,2029-03,96.03,96.0300 (,58458,353621 +,raw/wayback/calls_20260721222044.pdf,2,20260721222044
2026-07-20,FINAL,SR3,2029-06,96.03,96.0300 (,53233,308988 -,raw/wayback/calls_20260721222044.pdf,2,20260721222044
2026-07-20,FINAL,SR3,2029-09,96.02,96.0200 (,28788,210945 +,raw/wayback/calls_20260721222044.pdf,2,20260721222044
2026-07-20,FINAL,SR3,2029-12,96.005,96.0050 (,29269,204063 -,raw/wayback/calls_20260721222044.pdf,2,20260721222044
2026-07-20,FINAL,SR3,2030-03,95.99,95.9900 (,26680,158074 -,raw/wayback/calls_20260721222044.pdf,2,20260721222044
2026-07-20,FINAL,SR3,2030-06,95.97,95.9700 (,27798,156637 +,raw/wayback/calls_20260721222044.pdf,2,20260721222044
2026-07-20,FINAL,SR3,2030-09,95.94,95.9400 (,16558,128045 -,raw/wayback/calls_20260721222044.pdf,2,20260721222044
2026-07-20,FINAL,SR3,2030-12,95.905,95.9050 (,18203,116425 +,raw/wayback/calls_20260721222044.pdf,2,20260721222044
2026-07-20,FINAL,SR3,2031-03,95.87,95.8700 (,16285,61392 +,raw/wayback/calls_20260721222044.pdf,2,20260721222044
2026-07-20,FINAL,SR3,2031-06,95.835,95.8350 (,14937,29899 +,raw/wayback/calls_20260721222044.pdf,2,20260721222044
2026-07-20,FINAL,SR3,2031-09,95.8,95.8000 (,126,9001 +,raw/wayback/calls_20260721222044.pdf,2,20260721222044
2026-07-20,FINAL,SR3,2031-12,95.765,95.7650 (,48,2200 +,raw/wayback/calls_20260721222044.pdf,2,20260721222044
2026-07-20,FINAL,SR3,2032-03,95.73,95.7300 (,----,1497,raw/wayback/calls_20260721222044.pdf,2,20260721222044
2026-07-20,FINAL,SR3,2032-06,95.695,95.6950 (,13,363 +,raw/wayback/calls_20260721222044.pdf,2,20260721222044
2026-07-20,FINAL,SR3,2032-09,95.66,95.6600 (,----,57,raw/wayback/calls_20260721222044.pdf,2,20260721222044
2026-07-20,FINAL,SR3,2032-12,95.62,95.6200 (,----,15,raw/wayback/calls_20260721222044.pdf,2,20260721222044
2026-07-20,FINAL,SR3,2033-03,95.585,95.5850 (,----,6,raw/wayback/calls_20260721222044.pdf,2,20260721222044
2026-07-21,FINAL,SR1,2026-07,96.38,96.3800,52225,381203 +,raw/wayback/calls_20260722222228.pdf,2,20260722222228
2026-07-21,FINAL,SR1,2026-08,96.29,96.2900,129877,391828 +,raw/wayback/calls_20260722222228.pdf,2,20260722222228
2026-07-21,FINAL,SR1,2026-09,96.22,96.2200,36489,209919 -,raw/wayback/calls_20260722222228.pdf,2,20260722222228
2026-07-21,FINAL,SR1,2026-10,96.135,96.1350,40298,155203 +,raw/wayback/calls_20260722222228.pdf,2,20260722222228
2026-07-21,FINAL,SR1,2026-11,96.065,96.0650 (,21335,106081 +,raw/wayback/calls_20260722222228.pdf,2,20260722222228
2026-07-21,FINAL,SR1,2026-12,95.975,95.9750 (,12282,94954 +,raw/wayback/calls_20260722222228.pdf,2,20260722222228
2026-07-21,FINAL,SR1,2027-01,95.945,95.9450 (,7778,86890 +,raw/wayback/calls_20260722222228.pdf,2,20260722222228
2026-07-21,FINAL,SR1,2027-02,95.92,95.9200 (,3586,43121 -,raw/wayback/calls_20260722222228.pdf,2,20260722222228
2026-07-21,FINAL,SR1,2027-03,95.89,95.8900 (,1902,10586 +,raw/wayback/calls_20260722222228.pdf,2,20260722222228
2026-07-21,FINAL,SR1,2027-04,95.86,95.8600 (,1673,23584 +,raw/wayback/calls_20260722222228.pdf,2,20260722222228
2026-07-21,FINAL,SR1,2027-05,95.84,95.8400 (,390,21658 -,raw/wayback/calls_20260722222228.pdf,2,20260722222228
2026-07-21,FINAL,SR1,2027-06,95.835,95.8350 (,114,3848 -,raw/wayback/calls_20260722222228.pdf,2,20260722222228
2026-07-21,FINAL,SR1,2027-07,95.84,95.8400 (,47,5947 -,raw/wayback/calls_20260722222228.pdf,2,20260722222228
2026-07-21,FINAL,SR1,2027-08,95.855,95.8550 (,4,692,raw/wayback/calls_20260722222228.pdf,2,20260722222228
2026-07-21,FINAL,SR3,2026-05,96.3475,96.3475 (,153,5374,raw/wayback/calls_20260722222228.pdf,2,20260722222228
2026-07-21,FINAL,SR3,2026-06,96.3175,96.3175 (,112948,1260348 -,raw/wayback/calls_20260722222228.pdf,2,20260722222228
2026-07-21,FINAL,SR3,2026-07,96.2375,96.2375 (,----,3194,raw/wayback/calls_20260722222228.pdf,2,20260722222228
2026-07-21,FINAL,SR3,2026-08,96.1575,96.1575 (,180,1800 +,raw/wayback/calls_20260722222228.pdf,2,20260722222228
2026-07-21,FINAL,SR3,2026-09,96.08,96.0800 (,295420,1394235 -,raw/wayback/calls_20260722222228.pdf,2,20260722222228
2026-07-21,FINAL,SR3,2026-10,96.005,96.0050 (,24,552 +,raw/wayback/calls_20260722222228.pdf,2,20260722222228
2026-07-21,FINAL,SR3,2026-11,95.955,95.9550 (,----,26,raw/wayback/calls_20260722222228.pdf,2,20260722222228
2026-07-21,FINAL,SR3,2026-12,95.915,95.9150 (,434271,1839053 +,raw/wayback/calls_20260722222228.pdf,2,20260722222228
2026-07-21,FINAL,SR3,2027-03,95.83,95.8300 (,299782,1133481 +,raw/wayback/calls_20260722222228.pdf,2,20260722222228
2026-07-21,FINAL,SR3,2027-06,95.825,95.8250 (,218214,1202723 +,raw/wayback/calls_20260722222228.pdf,2,20260722222228
2026-07-21,FINAL,SR3,2027-09,95.87,95.8700 (,193471,934224 +,raw/wayback/calls_20260722222228.pdf,2,20260722222228
2026-07-21,FINAL,SR3,2027-12,95.93,95.9300 (,232765,1284565 +,raw/wayback/calls_20260722222228.pdf,2,20260722222228
2026-07-21,FINAL,SR3,2028-03,95.965,95.9650 (,154168,721344 +,raw/wayback/calls_20260722222228.pdf,2,20260722222228
2026-07-21,FINAL,SR3,2028-06,95.98,95.9800 (,135882,658478 +,raw/wayback/calls_20260722222228.pdf,2,20260722222228
2026-07-21,FINAL,SR3,2028-09,95.985,95.9850 (,87980,495065 +,raw/wayback/calls_20260722222228.pdf,2,20260722222228
2026-07-21,FINAL,SR3,2028-12,95.985,95.9850 (,81455,397114 +,raw/wayback/calls_20260722222228.pdf,2,20260722222228
2026-07-21,FINAL,SR3,2029-03,95.985,95.9850 (,60062,355616 +,raw/wayback/calls_20260722222228.pdf,2,20260722222228
2026-07-21,FINAL,SR3,2029-06,95.985,95.9850 (,57598,311028 +,raw/wayback/calls_20260722222228.pdf,2,20260722222228
2026-07-21,FINAL,SR3,2029-09,95.98,95.9800 (,30008,210390 -,raw/wayback/calls_20260722222228.pdf,2,20260722222228
2026-07-21,FINAL,SR3,2029-12,95.965,95.9650 (,31619,207365 +,raw/wayback/calls_20260722222228.pdf,2,20260722222228
2026-07-21,FINAL,SR3,2030-03,95.95,95.9500 (,21402,159117 +,raw/wayback/calls_20260722222228.pdf,2,20260722222228
2026-07-21,FINAL,SR3,2030-06,95.93,95.9300 (,25536,157396 +,raw/wayback/calls_20260722222228.pdf,2,20260722222228
2026-07-21,FINAL,SR3,2030-09,95.905,95.9050 (,17733,127843 -,raw/wayback/calls_20260722222228.pdf,2,20260722222228
2026-07-21,FINAL,SR3,2030-12,95.875,95.8750 (,19462,116833 +,raw/wayback/calls_20260722222228.pdf,2,20260722222228
2026-07-21,FINAL,SR3,2031-03,95.84,95.8400 (,16829,62329 +,raw/wayback/calls_20260722222228.pdf,2,20260722222228
2026-07-21,FINAL,SR3,2031-06,95.805,95.8050 (,16680,31381 +,raw/wayback/calls_20260722222228.pdf,2,20260722222228
2026-07-21,FINAL,SR3,2031-09,95.77,95.7700 (,451,9010 +,raw/wayback/calls_20260722222228.pdf,2,20260722222228
2026-07-21,FINAL,SR3,2031-12,95.735,95.7350 (,221,2196 -,raw/wayback/calls_20260722222228.pdf,2,20260722222228
2026-07-21,FINAL,SR3,2032-03,95.7,95.7000 (,127,1371 -,raw/wayback/calls_20260722222228.pdf,2,20260722222228
2026-07-21,FINAL,SR3,2032-06,95.665,95.6650 (,----,363,raw/wayback/calls_20260722222228.pdf,2,20260722222228
2026-07-21,FINAL,SR3,2032-09,95.63,95.6300 (,----,57,raw/wayback/calls_20260722222228.pdf,2,20260722222228
2026-07-21,FINAL,SR3,2032-12,95.59,95.5900 (,5,16 +,raw/wayback/calls_20260722222228.pdf,2,20260722222228
2026-07-21,FINAL,SR3,2033-03,95.555,95.5550 (,----,6,raw/wayback/calls_20260722222228.pdf,2,20260722222228
2026-07-22,FINAL,SR1,2026-07,96.375,96.3750,79660,392964 +,raw/wayback/calls_20260723221543.pdf,2,20260723221543
2026-07-22,FINAL,SR1,2026-08,96.265,96.2650,124142,399935 +,raw/wayback/calls_20260723221543.pdf,2,20260723221543
2026-07-22,FINAL,SR1,2026-09,96.19,96.1900,30341,217950 +,raw/wayback/calls_20260723221543.pdf,2,20260723221543
2026-07-22,FINAL,SR1,2026-10,96.095,96.0950,46165,150164 -,raw/wayback/calls_20260723221543.pdf,2,20260723221543
2026-07-22,FINAL,SR1,2026-11,96.025,96.0250,33000,111990 +,raw/wayback/calls_20260723221543.pdf,2,20260723221543
2026-07-22,FINAL,SR1,2026-12,95.94,95.9400,8506,96093 +,raw/wayback/calls_20260723221543.pdf,2,20260723221543
2026-07-22,FINAL,SR1,2027-01,95.905,95.9050,12427,89967 +,raw/wayback/calls_20260723221543.pdf,2,20260723221543
2026-07-22,FINAL,SR1,2027-02,95.88,95.8800,4916,43845 +,raw/wayback/calls_20260723221543.pdf,2,20260723221543
2026-07-22,FINAL,SR1,2027-03,95.85,95.8500,903,10759 +,raw/wayback/calls_20260723221543.pdf,2,20260723221543
2026-07-22,FINAL,SR1,2027-04,95.82,95.8200,2810,24737 +,raw/wayback/calls_20260723221543.pdf,2,20260723221543
2026-07-22,FINAL,SR1,2027-05,95.795,95.7950,331,21601 -,raw/wayback/calls_20260723221543.pdf,2,20260723221543
2026-07-22,FINAL,SR1,2027-06,95.79,95.7900,95,3915 +,raw/wayback/calls_20260723221543.pdf,2,20260723221543
2026-07-22,FINAL,SR1,2027-07,95.795,95.7950,58,5945 -,raw/wayback/calls_20260723221543.pdf,2,20260723221543
2026-07-22,FINAL,SR1,2027-08,95.81,95.8100,53,710 +,raw/wayback/calls_20260723221543.pdf,2,20260723221543
2026-07-22,FINAL,SR3,2026-05,96.345,96.3450,100,5374,raw/wayback/calls_20260723221543.pdf,2,20260723221543
2026-07-22,FINAL,SR3,2026-06,96.3075,96.3075,116502,1263307 +,raw/wayback/calls_20260723221543.pdf,2,20260723221543
2026-07-22,FINAL,SR3,2026-07,96.2175,96.2175,74,3186 -,raw/wayback/calls_20260723221543.pdf,2,20260723221543
2026-07-22,FINAL,SR3,2026-08,96.1275,96.1275,14,1798 -,raw/wayback/calls_20260723221543.pdf,2,20260723221543
2026-07-22,FINAL,SR3,2026-09,96.04,96.0400,444628,1387820 -,raw/wayback/calls_20260723221543.pdf,2,20260723221543
2026-07-22,FINAL,SR3,2026-10,95.965,95.9650,----,552,raw/wayback/calls_20260723221543.pdf,2,20260723221543
2026-07-22,FINAL,SR3,2026-11,95.915,95.9150,----,26,raw/wayback/calls_20260723221543.pdf,2,20260723221543
2026-07-22,FINAL,SR3,2026-12,95.87,95.8700,562272,1782692 -,raw/wayback/calls_20260723221543.pdf,2,20260723221543
2026-07-22,FINAL,SR3,2027-03,95.78,95.7800,373456,1123372 -,raw/wayback/calls_20260723221543.pdf,2,20260723221543
2026-07-22,FINAL,SR3,2027-06,95.775,95.7750,320653,1206179 +,raw/wayback/calls_20260723221543.pdf,2,20260723221543
2026-07-22,FINAL,SR3,2027-09,95.825,95.8250,236563,928163 -,raw/wayback/calls_20260723221543.pdf,2,20260723221543
2026-07-22,FINAL,SR3,2027-12,95.89,95.8900,277400,1279040 -,raw/wayback/calls_20260723221543.pdf,2,20260723221543
2026-07-22,FINAL,SR3,2028-03,95.93,95.9300,176683,714049 -,raw/wayback/calls_20260723221543.pdf,2,20260723221543
2026-07-22,FINAL,SR3,2028-06,95.945,95.9450,138003,662305 +,raw/wayback/calls_20260723221543.pdf,2,20260723221543
2026-07-22,FINAL,SR3,2028-09,95.95,95.9500 (,87315,494586 -,raw/wayback/calls_20260723221543.pdf,2,20260723221543
2026-07-22,FINAL,SR3,2028-12,95.955,95.9550 (,85630,396818 -,raw/wayback/calls_20260723221543.pdf,2,20260723221543
2026-07-22,FINAL,SR3,2029-03,95.955,95.9550 (,73518,358555 +,raw/wayback/calls_20260723221543.pdf,2,20260723221543
2026-07-22,FINAL,SR3,2029-06,95.95,95.9500 (,61847,314903 +,raw/wayback/calls_20260723221543.pdf,2,20260723221543
2026-07-22,FINAL,SR3,2029-09,95.945,95.9450 (,31967,209698 -,raw/wayback/calls_20260723221543.pdf,2,20260723221543
2026-07-22,FINAL,SR3,2029-12,95.935,95.9350 (,33480,212960 +,raw/wayback/calls_20260723221543.pdf,2,20260723221543
2026-07-22,FINAL,SR3,2030-03,95.92,95.9200 (,27344,157865 -,raw/wayback/calls_20260723221543.pdf,2,20260723221543
2026-07-22,FINAL,SR3,2030-06,95.9,95.9000 (,27235,159348 +,raw/wayback/calls_20260723221543.pdf,2,20260723221543
2026-07-22,FINAL,SR3,2030-09,95.875,95.8750 (,19460,126697 -,raw/wayback/calls_20260723221543.pdf,2,20260723221543
2026-07-22,FINAL,SR3,2030-12,95.845,95.8450 (,22790,113790 -,raw/wayback/calls_20260723221543.pdf,2,20260723221543
2026-07-22,FINAL,SR3,2031-03,95.815,95.8150 (,18552,62269 -,raw/wayback/calls_20260723221543.pdf,2,20260723221543
2026-07-22,FINAL,SR3,2031-06,95.78,95.7800 (,16022,30905 -,raw/wayback/calls_20260723221543.pdf,2,20260723221543
2026-07-22,FINAL,SR3,2031-09,95.745,95.7450 (,140,8934 -,raw/wayback/calls_20260723221543.pdf,2,20260723221543
2026-07-22,FINAL,SR3,2031-12,95.71,95.7100 (,22,2196,raw/wayback/calls_20260723221543.pdf,2,20260723221543
2026-07-22,FINAL,SR3,2032-03,95.675,95.6750 (,11,1381 +,raw/wayback/calls_20260723221543.pdf,2,20260723221543
2026-07-22,FINAL,SR3,2032-06,95.64,95.6400 (,2,365 +,raw/wayback/calls_20260723221543.pdf,2,20260723221543
2026-07-22,FINAL,SR3,2032-09,95.605,95.6050 (,----,57,raw/wayback/calls_20260723221543.pdf,2,20260723221543
2026-07-22,FINAL,SR3,2032-12,95.565,95.5650 (,----,16,raw/wayback/calls_20260723221543.pdf,2,20260723221543
2026-07-22,FINAL,SR3,2033-03,95.53,95.5300 (,----,6,raw/wayback/calls_20260723221543.pdf,2,20260723221543
2026-07-23,FINAL,SR1,2026-07,96.375,96.3750,38628,394503 +,raw/wayback/calls_20260724222511.pdf,2,20260724222511
2026-07-23,FINAL,SR1,2026-08,96.265,96.2650,138449,416785 +,raw/wayback/calls_20260724222511.pdf,2,20260724222511
2026-07-23,FINAL,SR1,2026-09,96.18,96.1800,21924,211133 -,raw/wayback/calls_20260724222511.pdf,2,20260724222511
2026-07-23,FINAL,SR1,2026-10,96.075,96.0750,35595,157612 +,raw/wayback/calls_20260724222511.pdf,2,20260724222511
2026-07-23,FINAL,SR1,2026-11,96.0,96.0000,22799,109747 -,raw/wayback/calls_20260724222511.pdf,2,20260724222511
2026-07-23,FINAL,SR1,2026-12,95.91,95.9100,8000,97109 +,raw/wayback/calls_20260724222511.pdf,2,20260724222511
2026-07-23,FINAL,SR1,2027-01,95.875,95.8750,13703,87836 -,raw/wayback/calls_20260724222511.pdf,2,20260724222511
2026-07-23,FINAL,SR1,2027-02,95.845,95.8450,8945,44687 +,raw/wayback/calls_20260724222511.pdf,2,20260724222511
2026-07-23,FINAL,SR1,2027-03,95.81,95.8100,1493,10967 +,raw/wayback/calls_20260724222511.pdf,2,20260724222511
2026-07-23,FINAL,SR1,2027-04,95.775,95.7750,3053,25058 +,raw/wayback/calls_20260724222511.pdf,2,20260724222511
2026-07-23,FINAL,SR1,2027-05,95.74,95.7400,920,21442 -,raw/wayback/calls_20260724222511.pdf,2,20260724222511
2026-07-23,FINAL,SR1,2027-06,95.73,95.7300,187,3887 -,raw/wayback/calls_20260724222511.pdf,2,20260724222511
2026-07-23,FINAL,SR1,2027-07,95.73,95.7300,579,5662 -,raw/wayback/calls_20260724222511.pdf,2,20260724222511
2026-07-23,FINAL,SR1,2027-08,95.735,95.7350,6,693 -,raw/wayback/calls_20260724222511.pdf,2,20260724222511
2026-07-23,FINAL,SR3,2026-05,96.3425,96.3425,11,5372 -,raw/wayback/calls_20260724222511.pdf,2,20260724222511
2026-07-23,FINAL,SR3,2026-06,96.3,96.3000 (,106848,1264084 +,raw/wayback/calls_20260724222511.pdf,2,20260724222511
2026-07-23,FINAL,SR3,2026-07,96.2025,96.2025 (,1000,3823 +,raw/wayback/calls_20260724222511.pdf,2,20260724222511
2026-07-23,FINAL,SR3,2026-08,96.11,96.1100 (,1,1798,raw/wayback/calls_20260724222511.pdf,2,20260724222511
2026-07-23,FINAL,SR3,2026-09,96.01,96.0100 (,441164,1378658 -,raw/wayback/calls_20260724222511.pdf,2,20260724222511
2026-07-23,FINAL,SR3,2026-10,95.935,95.9350 (,----,552,raw/wayback/calls_20260724222511.pdf,2,20260724222511
2026-07-23,FINAL,SR3,2026-11,95.885,95.8850 (,----,26,raw/wayback/calls_20260724222511.pdf,2,20260724222511
2026-07-23,FINAL,SR3,2026-12,95.835,95.8350 (,628997,1729366 -,raw/wayback/calls_20260724222511.pdf,2,20260724222511
2026-07-23,FINAL,SR3,2027-03,95.73,95.7300 (,383779,1107903 -,raw/wayback/calls_20260724222511.pdf,2,20260724222511
2026-07-23,FINAL,SR3,2027-06,95.71,95.7100 (,374602,1192351 -,raw/wayback/calls_20260724222511.pdf,2,20260724222511
2026-07-23,FINAL,SR3,2027-09,95.75,95.7500 (,298329,941982 +,raw/wayback/calls_20260724222511.pdf,2,20260724222511
2026-07-23,FINAL,SR3,2027-12,95.825,95.8250 (,362230,1313650 +,raw/wayback/calls_20260724222511.pdf,2,20260724222511
2026-07-23,FINAL,SR3,2028-03,95.87,95.8700 (,204929,716453 +,raw/wayback/calls_20260724222511.pdf,2,20260724222511
2026-07-23,FINAL,SR3,2028-06,95.89,95.8900 (,205031,662611 +,raw/wayback/calls_20260724222511.pdf,2,20260724222511
2026-07-23,FINAL,SR3,2028-09,95.9,95.9000 (,110089,502522 +,raw/wayback/calls_20260724222511.pdf,2,20260724222511
2026-07-23,FINAL,SR3,2028-12,95.905,95.9050 (,121182,400941 +,raw/wayback/calls_20260724222511.pdf,2,20260724222511
2026-07-23,FINAL,SR3,2029-03,95.91,95.9100 (,76162,358390 -,raw/wayback/calls_20260724222511.pdf,2,20260724222511
2026-07-23,FINAL,SR3,2029-06,95.91,95.9100 (,69168,315682 +,raw/wayback/calls_20260724222511.pdf,2,20260724222511
2026-07-23,FINAL,SR3,2029-09,95.905,95.9050 (,35677,213831 +,raw/wayback/calls_20260724222511.pdf,2,20260724222511
2026-07-23,FINAL,SR3,2029-12,95.895,95.8950 (,36341,210024 -,raw/wayback/calls_20260724222511.pdf,2,20260724222511
2026-07-23,FINAL,SR3,2030-03,95.885,95.8850 (,27581,158506 +,raw/wayback/calls_20260724222511.pdf,2,20260724222511
2026-07-23,FINAL,SR3,2030-06,95.87,95.8700 (,30349,154386 -,raw/wayback/calls_20260724222511.pdf,2,20260724222511
2026-07-23,FINAL,SR3,2030-09,95.845,95.8450 (,19952,125371 -,raw/wayback/calls_20260724222511.pdf,2,20260724222511
2026-07-23,FINAL,SR3,2030-12,95.815,95.8150 (,19380,111928 -,raw/wayback/calls_20260724222511.pdf,2,20260724222511
2026-07-23,FINAL,SR3,2031-03,95.785,95.7850 (,18676,61508 -,raw/wayback/calls_20260724222511.pdf,2,20260724222511
2026-07-23,FINAL,SR3,2031-06,95.755,95.7550 (,16124,31221 +,raw/wayback/calls_20260724222511.pdf,2,20260724222511
2026-07-23,FINAL,SR3,2031-09,95.72,95.7200 (,142,8859 -,raw/wayback/calls_20260724222511.pdf,2,20260724222511
2026-07-23,FINAL,SR3,2031-12,95.685,95.6850 (,7,2189 -,raw/wayback/calls_20260724222511.pdf,2,20260724222511
2026-07-23,FINAL,SR3,2032-03,95.65,95.6500 (,26,1397 +,raw/wayback/calls_20260724222511.pdf,2,20260724222511
2026-07-23,FINAL,SR3,2032-06,95.615,95.6150 (,----,365,raw/wayback/calls_20260724222511.pdf,2,20260724222511
2026-07-23,FINAL,SR3,2032-09,95.58,95.5800 (,----,57,raw/wayback/calls_20260724222511.pdf,2,20260724222511
2026-07-23,FINAL,SR3,2032-12,95.545,95.5450 (,----,16,raw/wayback/calls_20260724222511.pdf,2,20260724222511
2026-07-23,FINAL,SR3,2033-03,95.51,95.5100 (,----,6,raw/wayback/calls_20260724222511.pdf,2,20260724222511
2026-07-24,FINAL,SR1,2026-07,96.3775,96.3775,36689,329054 -,raw/wayback/calls_20260727222329.pdf,2,20260727222329
2026-07-24,FINAL,SR1,2026-08,96.26,96.2600,82430,414532 -,raw/wayback/calls_20260727222329.pdf,2,20260727222329
2026-07-24,FINAL,SR1,2026-09,96.175,96.1750,26837,216335 +,raw/wayback/calls_20260727222329.pdf,2,20260727222329
2026-07-24,FINAL,SR1,2026-10,96.075,96.0750,31410,154000 -,raw/wayback/calls_20260727222329.pdf,2,20260727222329
2026-07-24,FINAL,SR1,2026-11,96.005,96.0050 (,18806,108891 -,raw/wayback/calls_20260727222329.pdf,2,20260727222329
2026-07-24,FINAL,SR1,2026-12,95.92,95.9200 (,5495,97830 +,raw/wayback/calls_20260727222329.pdf,2,20260727222329
2026-07-24,FINAL,SR1,2027-01,95.885,95.8850 (,6752,88324 +,raw/wayback/calls_20260727222329.pdf,2,20260727222329
2026-07-24,FINAL,SR1,2027-02,95.855,95.8550 (,7496,47210 +,raw/wayback/calls_20260727222329.pdf,2,20260727222329
2026-07-24,FINAL,SR1,2027-03,95.83,95.8300 (,672,10932 -,raw/wayback/calls_20260727222329.pdf,2,20260727222329
2026-07-24,FINAL,SR1,2027-04,95.795,95.7950 (,2125,24960 -,raw/wayback/calls_20260727222329.pdf,2,20260727222329
2026-07-24,FINAL,SR1,2027-05,95.765,95.7650 (,887,21522 +,raw/wayback/calls_20260727222329.pdf,2,20260727222329
2026-07-24,FINAL,SR1,2027-06,95.76,95.7600 (,141,3886 -,raw/wayback/calls_20260727222329.pdf,2,20260727222329
2026-07-24,FINAL,SR1,2027-07,95.765,95.7650 (,217,5661 -,raw/wayback/calls_20260727222329.pdf,2,20260727222329
2026-07-24,FINAL,SR1,2027-08,95.775,95.7750 (,220,552 -,raw/wayback/calls_20260727222329.pdf,2,20260727222329
2026-07-24,FINAL,SR3,2026-05,96.3475,96.3475 (,----,5372,raw/wayback/calls_20260727222329.pdf,2,20260727222329
2026-07-24,FINAL,SR3,2026-06,96.3,96.3000 (,81231,1276108 +,raw/wayback/calls_20260727222329.pdf,2,20260727222329
2026-07-24,FINAL,SR3,2026-07,96.2025,96.2025 (,566,4186 +,raw/wayback/calls_20260727222329.pdf,2,20260727222329
2026-07-24,FINAL,SR3,2026-08,96.105,96.1050 (,550,2247 +,raw/wayback/calls_20260727222329.pdf,2,20260727222329
2026-07-24,FINAL,SR3,2026-09,96.02,96.0200 (,340284,1367038 -,raw/wayback/calls_20260727222329.pdf,2,20260727222329
2026-07-24,FINAL,SR3,2026-10,95.945,95.9450 (,----,552,raw/wayback/calls_20260727222329.pdf,2,20260727222329
2026-07-24,FINAL,SR3,2026-11,95.895,95.8950 (,----,26,raw/wayback/calls_20260727222329.pdf,2,20260727222329
2026-07-24,FINAL,SR3,2026-12,95.855,95.8550 (,394131,1731035 +,raw/wayback/calls_20260727222329.pdf,2,20260727222329
2026-07-24,FINAL,SR3,2027-03,95.76,95.7600 (,250231,1099611 -,raw/wayback/calls_20260727222329.pdf,2,20260727222329
2026-07-24,FINAL,SR3,2027-06,95.75,95.7500 (,234619,1178203 -,raw/wayback/calls_20260727222329.pdf,2,20260727222329
2026-07-24,FINAL,SR3,2027-09,95.8,95.8000 (,175230,926888 -,raw/wayback/calls_20260727222329.pdf,2,20260727222329
2026-07-24,FINAL,SR3,2027-12,95.87,95.8700 (,235274,1329257 +,raw/wayback/calls_20260727222329.pdf,2,20260727222329
2026-07-24,FINAL,SR3,2028-03,95.91,95.9100 (,132367,703817 -,raw/wayback/calls_20260727222329.pdf,2,20260727222329
2026-07-24,FINAL,SR3,2028-06,95.93,95.9300 (,122900,654370 -,raw/wayback/calls_20260727222329.pdf,2,20260727222329
2026-07-24,FINAL,SR3,2028-09,95.94,95.9400 (,63434,496746 -,raw/wayback/calls_20260727222329.pdf,2,20260727222329
2026-07-24,FINAL,SR3,2028-12,95.945,95.9450 (,60735,402051 +,raw/wayback/calls_20260727222329.pdf,2,20260727222329
2026-07-24,FINAL,SR3,2029-03,95.945,95.9450 (,61353,352383 -,raw/wayback/calls_20260727222329.pdf,2,20260727222329
2026-07-24,FINAL,SR3,2029-06,95.945,95.9450 (,49673,317936 +,raw/wayback/calls_20260727222329.pdf,2,20260727222329
2026-07-24,FINAL,SR3,2029-09,95.94,95.9400 (,28103,215247 +,raw/wayback/calls_20260727222329.pdf,2,20260727222329
2026-07-24,FINAL,SR3,2029-12,95.93,95.9300 (,26414,209815 -,raw/wayback/calls_20260727222329.pdf,2,20260727222329
2026-07-24,FINAL,SR3,2030-03,95.915,95.9150 (,22619,160456 +,raw/wayback/calls_20260727222329.pdf,2,20260727222329
2026-07-24,FINAL,SR3,2030-06,95.9,95.9000 (,21118,154947 +,raw/wayback/calls_20260727222329.pdf,2,20260727222329
2026-07-24,FINAL,SR3,2030-09,95.875,95.8750 (,13720,125503 +,raw/wayback/calls_20260727222329.pdf,2,20260727222329
2026-07-24,FINAL,SR3,2030-12,95.845,95.8450 (,15134,114024 +,raw/wayback/calls_20260727222329.pdf,2,20260727222329
2026-07-24,FINAL,SR3,2031-03,95.81,95.8100 (,13784,61128 -,raw/wayback/calls_20260727222329.pdf,2,20260727222329
2026-07-24,FINAL,SR3,2031-06,95.775,95.7750 (,11585,31172 -,raw/wayback/calls_20260727222329.pdf,2,20260727222329
2026-07-24,FINAL,SR3,2031-09,95.74,95.7400 (,74,8873 +,raw/wayback/calls_20260727222329.pdf,2,20260727222329
2026-07-24,FINAL,SR3,2031-12,95.705,95.7050 (,2,2189,raw/wayback/calls_20260727222329.pdf,2,20260727222329
2026-07-24,FINAL,SR3,2032-03,95.67,95.6700 (,----,1397,raw/wayback/calls_20260727222329.pdf,2,20260727222329
2026-07-24,FINAL,SR3,2032-06,95.635,95.6350 (,----,365,raw/wayback/calls_20260727222329.pdf,2,20260727222329
2026-07-24,FINAL,SR3,2032-09,95.6,95.6000 (,----,57,raw/wayback/calls_20260727222329.pdf,2,20260727222329
2026-07-24,FINAL,SR3,2032-12,95.565,95.5650 (,----,16,raw/wayback/calls_20260727222329.pdf,2,20260727222329
2026-07-24,FINAL,SR3,2033-03,95.53,95.5300 (,----,6,raw/wayback/calls_20260727222329.pdf,2,20260727222329
2026-07-29,FINAL,SR1,2026-07,96.38,96.3800,20013,331731 +,raw/wayback/calls_20260730223124.pdf,2,20260730223124
2026-07-29,FINAL,SR1,2026-08,96.345,96.3450,207260,465803 +,raw/wayback/calls_20260730223124.pdf,2,20260730223124
2026-07-29,FINAL,SR1,2026-09,96.275,96.2750,50670,246976 +,raw/wayback/calls_20260730223124.pdf,2,20260730223124
2026-07-29,FINAL,SR1,2026-10,96.195,96.1950,108785,166267 +,raw/wayback/calls_20260730223124.pdf,2,20260730223124
2026-07-29,FINAL,SR1,2026-11,96.13,96.1300,73973,120014 +,raw/wayback/calls_20260730223124.pdf,2,20260730223124
2026-07-29,FINAL,SR1,2026-12,96.04,96.0400,21661,101569 +,raw/wayback/calls_20260730223124.pdf,2,20260730223124
2026-07-29,FINAL,SR1,2027-01,96.005,96.0050,34019,95141 +,raw/wayback/calls_20260730223124.pdf,2,20260730223124
2026-07-29,FINAL,SR1,2027-02,95.975,95.9750,14593,49856 +,raw/wayback/calls_20260730223124.pdf,2,20260730223124
2026-07-29,FINAL,SR1,2027-03,95.945,95.9450,2764,11418 +,raw/wayback/calls_20260730223124.pdf,2,20260730223124
2026-07-29,FINAL,SR1,2027-04,95.905,95.9050,5420,25015 -,raw/wayback/calls_20260730223124.pdf,2,20260730223124
2026-07-29,FINAL,SR1,2027-05,95.875,95.8750,3419,22198 +,raw/wayback/calls_20260730223124.pdf,2,20260730223124
2026-07-29,FINAL,SR1,2027-06,95.86,95.8600,624,3344 -,raw/wayback/calls_20260730223124.pdf,2,20260730223124
2026-07-29,FINAL,SR1,2027-07,95.86,95.8600,1421,5541 -,raw/wayback/calls_20260730223124.pdf,2,20260730223124
2026-07-29,FINAL,SR1,2027-08,95.87,95.8700 (,356,695 -,raw/wayback/calls_20260730223124.pdf,2,20260730223124
2026-07-29,FINAL,SR3,2026-05,96.36,96.3600,257,5446 +,raw/wayback/calls_20260730223124.pdf,2,20260730223124
2026-07-29,FINAL,SR3,2026-06,96.345,96.3450,213085,1292934 +,raw/wayback/calls_20260730223124.pdf,2,20260730223124
2026-07-29,FINAL,SR3,2026-07,96.28,96.2800,1279,5518 +,raw/wayback/calls_20260730223124.pdf,2,20260730223124
2026-07-29,FINAL,SR3,2026-08,96.2125,96.2125,586,2564 +,raw/wayback/calls_20260730223124.pdf,2,20260730223124
2026-07-29,FINAL,SR3,2026-09,96.14,96.1400,1217901,1353348 +,raw/wayback/calls_20260730223124.pdf,2,20260730223124
2026-07-29,FINAL,SR3,2026-10,96.065,96.0650 (,1284,697 +,raw/wayback/calls_20260730223124.pdf,2,20260730223124
2026-07-29,FINAL,SR3,2026-11,96.015,96.0150 (,----,26,raw/wayback/calls_20260730223124.pdf,2,20260730223124
2026-07-29,FINAL,SR3,2026-12,95.97,95.9700 (,1141496,1687952 -,raw/wayback/calls_20260730223124.pdf,2,20260730223124
2026-07-29,FINAL,SR3,2027-01,95.94,95.9400 (,178,178 +,raw/wayback/calls_20260730223124.pdf,2,20260730223124
2026-07-29,FINAL,SR3,2027-03,95.87,95.8700 (,668053,1051834 -,raw/wayback/calls_20260730223124.pdf,2,20260730223124
2026-07-29,FINAL,SR3,2027-06,95.845,95.8450 (,611283,1156250 -,raw/wayback/calls_20260730223124.pdf,2,20260730223124
2026-07-29,FINAL,SR3,2027-09,95.88,95.8800 (,490024,911292 -,raw/wayback/calls_20260730223124.pdf,2,20260730223124
2026-07-29,FINAL,SR3,2027-12,95.94,95.9400 (,630691,1298364 -,raw/wayback/calls_20260730223124.pdf,2,20260730223124
2026-07-29,FINAL,SR3,2028-03,95.98,95.9800 (,368162,701659 +,raw/wayback/calls_20260730223124.pdf,2,20260730223124
2026-07-29,FINAL,SR3,2028-06,96.0,96.0000 (,343977,650493 -,raw/wayback/calls_20260730223124.pdf,2,20260730223124
2026-07-29,FINAL,SR3,2028-09,96.005,96.0050 (,209565,495745 -,raw/wayback/calls_20260730223124.pdf,2,20260730223124
2026-07-29,FINAL,SR3,2028-12,96.005,96.0050 (,188037,403104 -,raw/wayback/calls_20260730223124.pdf,2,20260730223124
2026-07-29,FINAL,SR3,2029-03,96.005,96.0050 (,124384,355252 +,raw/wayback/calls_20260730223124.pdf,2,20260730223124
2026-07-29,FINAL,SR3,2029-06,96.005,96.0050 (,110944,318426 -,raw/wayback/calls_20260730223124.pdf,2,20260730223124
2026-07-29,FINAL,SR3,2029-09,95.995,95.9950 (,56209,213121 -,raw/wayback/calls_20260730223124.pdf,2,20260730223124
2026-07-29,FINAL,SR3,2029-12,95.98,95.9800 (,65267,207320 -,raw/wayback/calls_20260730223124.pdf,2,20260730223124
2026-07-29,FINAL,SR3,2030-03,95.965,95.9650 (,43675,163532 +,raw/wayback/calls_20260730223124.pdf,2,20260730223124
2026-07-29,FINAL,SR3,2030-06,95.945,95.9450 (,63130,149165 -,raw/wayback/calls_20260730223124.pdf,2,20260730223124
2026-07-29,FINAL,SR3,2030-09,95.915,95.9150 (,29565,126569 -,raw/wayback/calls_20260730223124.pdf,2,20260730223124
2026-07-29,FINAL,SR3,2030-12,95.88,95.8800 (,37114,114978 -,raw/wayback/calls_20260730223124.pdf,2,20260730223124
2026-07-29,FINAL,SR3,2031-03,95.845,95.8450 (,28816,63007 +,raw/wayback/calls_20260730223124.pdf,2,20260730223124
2026-07-29,FINAL,SR3,2031-06,95.81,95.8100 (,29036,32543 +,raw/wayback/calls_20260730223124.pdf,2,20260730223124
2026-07-29,FINAL,SR3,2031-09,95.775,95.7750 (,1098,10013 +,raw/wayback/calls_20260730223124.pdf,2,20260730223124
2026-07-29,FINAL,SR3,2031-12,95.74,95.7400 (,123,2173 +,raw/wayback/calls_20260730223124.pdf,2,20260730223124
2026-07-29,FINAL,SR3,2032-03,95.705,95.7050 (,54,1684 -,raw/wayback/calls_20260730223124.pdf,2,20260730223124
2026-07-29,FINAL,SR3,2032-06,95.67,95.6700 (,31,412 -,raw/wayback/calls_20260730223124.pdf,2,20260730223124
2026-07-29,FINAL,SR3,2032-09,95.635,95.6350 (,14,64,raw/wayback/calls_20260730223124.pdf,2,20260730223124
2026-07-29,FINAL,SR3,2032-12,95.6,95.6000 (,34,43 +,raw/wayback/calls_20260730223124.pdf,2,20260730223124
2026-07-29,FINAL,SR3,2033-03,95.565,95.5650 (,----,6,raw/wayback/calls_20260730223124.pdf,2,20260730223124
2026-07-30,FINAL,SR1,2026-07,96.3825,96.3825,6284,332169 +,raw/wayback/calls_20260731223312.pdf,2,20260731223312
2026-07-30,FINAL,SR1,2026-08,96.35,96.3500,187527,451997 -,raw/wayback/calls_20260731223312.pdf,2,20260731223312
2026-07-30,FINAL,SR1,2026-09,96.275,96.2750,43652,256688 +,raw/wayback/calls_20260731223312.pdf,2,20260731223312
2026-07-30,FINAL,SR1,2026-10,96.185,96.1850,62277,163024 -,raw/wayback/calls_20260731223312.pdf,2,20260731223312
2026-07-30,FINAL,SR1,2026-11,96.12,96.1200,34729,127378 +,raw/wayback/calls_20260731223312.pdf,2,20260731223312
2026-07-30,FINAL,SR1,2026-12,96.035,96.0350,12301,104368 +,raw/wayback/calls_20260731223312.pdf,2,20260731223312
2026-07-30,FINAL,SR1,2027-01,96.005,96.0050,14975,94573 -,raw/wayback/calls_20260731223312.pdf,2,20260731223312
2026-07-30,FINAL,SR1,2027-02,95.975,95.9750,9933,48275 -,raw/wayback/calls_20260731223312.pdf,2,20260731223312
2026-07-30,FINAL,SR1,2027-03,95.945,95.9450,2159,11521 +,raw/wayback/calls_20260731223312.pdf,2,20260731223312
2026-07-30,FINAL,SR1,2027-04,95.91,95.9100,3874,24306 -,raw/wayback/calls_20260731223312.pdf,2,20260731223312
2026-07-30,FINAL,SR1,2027-05,95.885,95.8850,1661,22218 +,raw/wayback/calls_20260731223312.pdf,2,20260731223312
2026-07-30,FINAL,SR1,2027-06,95.87,95.8700,188,3344,raw/wayback/calls_20260731223312.pdf,2,20260731223312
2026-07-30,FINAL,SR1,2027-07,95.875,95.8750,370,5541,raw/wayback/calls_20260731223312.pdf,2,20260731223312
2026-07-30,FINAL,SR1,2027-08,95.885,95.8850,49,682 -,raw/wayback/calls_20260731223312.pdf,2,20260731223312
2026-07-30,FINAL,SR3,2026-05,96.36,96.3600,10,5446,raw/wayback/calls_20260731223312.pdf,2,20260731223312
2026-07-30,FINAL,SR3,2026-06,96.3475,96.3475,207469,1263532 -,raw/wayback/calls_20260731223312.pdf,2,20260731223312
2026-07-30,FINAL,SR3,2026-07,96.2825,96.2825,156,5518,raw/wayback/calls_20260731223312.pdf,2,20260731223312
2026-07-30,FINAL,SR3,2026-08,96.2125,96.2125,223,2386 -,raw/wayback/calls_20260731223312.pdf,2,20260731223312
2026-07-30,FINAL,SR3,2026-09,96.13,96.1300,587549,1368583 +,raw/wayback/calls_20260731223312.pdf,2,20260731223312
2026-07-30,FINAL,SR3,2026-10,96.055,96.0550,----,697,raw/wayback/calls_20260731223312.pdf,2,20260731223312
2026-07-30,FINAL,SR3,2026-11,96.005,96.0050,----,26,raw/wayback/calls_20260731223312.pdf,2,20260731223312
2026-07-30,FINAL,SR3,2026-12,95.97,95.9700,666690,1661532 -,raw/wayback/calls_20260731223312.pdf,2,20260731223312
2026-07-30,FINAL,SR3,2027-01,95.94,95.9400,400,578 +,raw/wayback/calls_20260731223312.pdf,2,20260731223312
2026-07-30,FINAL,SR3,2027-03,95.88,95.8800,425418,1061557 +,raw/wayback/calls_20260731223312.pdf,2,20260731223312
2026-07-30,FINAL,SR3,2027-06,95.855,95.8550 (,361929,1156782 +,raw/wayback/calls_20260731223312.pdf,2,20260731223312
2026-07-30,FINAL,SR3,2027-09,95.885,95.8850 (,333488,902330 -,raw/wayback/calls_20260731223312.pdf,2,20260731223312
2026-07-30,FINAL,SR3,2027-12,95.935,95.9350 (,439758,1264904 -,raw/wayback/calls_20260731223312.pdf,2,20260731223312
2026-07-30,FINAL,SR3,2028-03,95.965,95.9650 (,251094,713163 +,raw/wayback/calls_20260731223312.pdf,2,20260731223312
2026-07-30,FINAL,SR3,2028-06,95.975,95.9750 (,230842,647874 -,raw/wayback/calls_20260731223312.pdf,2,20260731223312
2026-07-30,FINAL,SR3,2028-09,95.975,95.9750 (,154555,493970 -,raw/wayback/calls_20260731223312.pdf,2,20260731223312
2026-07-30,FINAL,SR3,2028-12,95.975,95.9750 (,147183,391605 -,raw/wayback/calls_20260731223312.pdf,2,20260731223312
2026-07-30,FINAL,SR3,2029-03,95.97,95.9700 (,93411,356343 +,raw/wayback/calls_20260731223312.pdf,2,20260731223312
2026-07-30,FINAL,SR3,2029-06,95.965,95.9650 (,92270,322590 +,raw/wayback/calls_20260731223312.pdf,2,20260731223312
2026-07-30,FINAL,SR3,2029-09,95.955,95.9550 (,47308,220379 +,raw/wayback/calls_20260731223312.pdf,2,20260731223312
2026-07-30,FINAL,SR3,2029-12,95.94,95.9400 (,43650,204520 -,raw/wayback/calls_20260731223312.pdf,2,20260731223312
2026-07-30,FINAL,SR3,2030-03,95.92,95.9200 (,36634,164090 +,raw/wayback/calls_20260731223312.pdf,2,20260731223312
2026-07-30,FINAL,SR3,2030-06,95.9,95.9000 (,35730,151379 +,raw/wayback/calls_20260731223312.pdf,2,20260731223312
2026-07-30,FINAL,SR3,2030-09,95.87,95.8700 (,22962,127060 +,raw/wayback/calls_20260731223312.pdf,2,20260731223312
2026-07-30,FINAL,SR3,2030-12,95.835,95.8350 (,27084,115241 +,raw/wayback/calls_20260731223312.pdf,2,20260731223312
2026-07-30,FINAL,SR3,2031-03,95.8,95.8000 (,28588,64314 +,raw/wayback/calls_20260731223312.pdf,2,20260731223312
2026-07-30,FINAL,SR3,2031-06,95.765,95.7650 (,24567,32228 -,raw/wayback/calls_20260731223312.pdf,2,20260731223312
2026-07-30,FINAL,SR3,2031-09,95.73,95.7300 (,305,10164 +,raw/wayback/calls_20260731223312.pdf,2,20260731223312
2026-07-30,FINAL,SR3,2031-12,95.695,95.6950 (,200,2263 +,raw/wayback/calls_20260731223312.pdf,2,20260731223312
2026-07-30,FINAL,SR3,2032-03,95.66,95.6600 (,209,1769 +,raw/wayback/calls_20260731223312.pdf,2,20260731223312
2026-07-30,FINAL,SR3,2032-06,95.625,95.6250 (,68,430 +,raw/wayback/calls_20260731223312.pdf,2,20260731223312
2026-07-30,FINAL,SR3,2032-09,95.59,95.5900 (,21,77 +,raw/wayback/calls_20260731223312.pdf,2,20260731223312
2026-07-30,FINAL,SR3,2032-12,95.555,95.5550 (,8,49 +,raw/wayback/calls_20260731223312.pdf,2,20260731223312
2026-07-30,FINAL,SR3,2033-03,95.52,95.5200 (,----,6,raw/wayback/calls_20260731223312.pdf,2,20260731223312
2026-07-30,FINAL,SR3,2033-12,95.42,95.4200 (,2,2 +,raw/wayback/calls_20260731223312.pdf,2,20260731223312
2026-07-31,FINAL,SR1,2026-07,96.385,96.3850,1916,331225 -,raw/wayback/calls_20260803222012.pdf,2,20260803222012
2026-07-31,FINAL,SR1,2026-08,96.3575,96.3575,135255,449818 -,raw/wayback/calls_20260803222012.pdf,2,20260803222012
2026-07-31,FINAL,SR1,2026-09,96.275,96.2750,32287,266291 +,raw/wayback/calls_20260803222012.pdf,2,20260803222012
2026-07-31,FINAL,SR1,2026-10,96.175,96.1750 (,41850,163565 +,raw/wayback/calls_20260803222012.pdf,2,20260803222012
2026-07-31,FINAL,SR1,2026-11,96.105,96.1050 (,30684,129512 +,raw/wayback/calls_20260803222012.pdf,2,20260803222012
2026-07-31,FINAL,SR1,2026-12,96.005,96.0050 (,9272,103557 -,raw/wayback/calls_20260803222012.pdf,2,20260803222012
2026-07-31,FINAL,SR1,2027-01,95.965,95.9650 (,13941,97777 +,raw/wayback/calls_20260803222012.pdf,2,20260803222012
2026-07-31,FINAL,SR1,2027-02,95.925,95.9250 (,10318,49479 +,raw/wayback/calls_20260803222012.pdf,2,20260803222012
2026-07-31,FINAL,SR1,2027-03,95.885,95.8850 (,1436,11376 -,raw/wayback/calls_20260803222012.pdf,2,20260803222012
2026-07-31,FINAL,SR1,2027-04,95.84,95.8400 (,2398,23615 -,raw/wayback/calls_20260803222012.pdf,2,20260803222012
2026-07-31,FINAL,SR1,2027-05,95.805,95.8050 (,4060,22766 +,raw/wayback/calls_20260803222012.pdf,2,20260803222012
2026-07-31,FINAL,SR1,2027-06,95.79,95.7900 (,551,2909 -,raw/wayback/calls_20260803222012.pdf,2,20260803222012
2026-07-31,FINAL,SR1,2027-07,95.795,95.7950 (,389,5555 +,raw/wayback/calls_20260803222012.pdf,2,20260803222012
2026-07-31,FINAL,SR1,2027-08,95.8,95.8000 (,94,740 +,raw/wayback/calls_20260803222012.pdf,2,20260803222012
2026-07-31,FINAL,SR1,2027-09,95.8,95.8000 (,1,1 +,raw/wayback/calls_20260803222012.pdf,2,20260803222012
2026-07-31,FINAL,SR3,2026-05,96.36,96.3600 (,----,5446,raw/wayback/calls_20260803222012.pdf,2,20260803222012
2026-07-31,FINAL,SR3,2026-06,96.35,96.3500 (,66621,1301081 +,raw/wayback/calls_20260803222012.pdf,2,20260803222012
2026-07-31,FINAL,SR3,2026-07,96.285,96.2850 (,----,5551 +,raw/wayback/calls_20260803222012.pdf,2,20260803222012
2026-07-31,FINAL,SR3,2026-08,96.2075,96.2075 (,38,2376 -,raw/wayback/calls_20260803222012.pdf,2,20260803222012
2026-07-31,FINAL,SR3,2026-09,96.115,96.1150 (,555382,1410856 +,raw/wayback/calls_20260803222012.pdf,2,20260803222012
2026-07-31,FINAL,SR3,2026-10,96.04,96.0400 (,6,699 +,raw/wayback/calls_20260803222012.pdf,2,20260803222012
2026-07-31,FINAL,SR3,2026-11,95.98,95.9800 (,----,26,raw/wayback/calls_20260803222012.pdf,2,20260803222012
2026-07-31,FINAL,SR3,2026-12,95.92,95.9200 (,594677,1682422 +,raw/wayback/calls_20260803222012.pdf,2,20260803222012
2026-07-31,FINAL,SR3,2027-01,95.885,95.8850 (,----,578,raw/wayback/calls_20260803222012.pdf,2,20260803222012
2026-07-31,FINAL,SR3,2027-03,95.805,95.8050 (,392147,1064793 +,raw/wayback/calls_20260803222012.pdf,2,20260803222012
2026-07-31,FINAL,SR3,2027-06,95.775,95.7750 (,383732,1179088 +,raw/wayback/calls_20260803222012.pdf,2,20260803222012
2026-07-31,FINAL,SR3,2027-09,95.805,95.8050 (,286924,924785 +,raw/wayback/calls_20260803222012.pdf,2,20260803222012
2026-07-31,FINAL,SR3,2027-12,95.855,95.8550 (,327237,1283577 +,raw/wayback/calls_20260803222012.pdf,2,20260803222012
2026-07-31,FINAL,SR3,2028-03,95.885,95.8850 (,216992,722379 +,raw/wayback/calls_20260803222012.pdf,2,20260803222012
2026-07-31,FINAL,SR3,2028-06,95.895,95.8950 (,197822,648201 +,raw/wayback/calls_20260803222012.pdf,2,20260803222012
2026-07-31,FINAL,SR3,2028-09,95.89,95.8900 (,120210,499404 +,raw/wayback/calls_20260803222012.pdf,2,20260803222012
2026-07-31,FINAL,SR3,2028-12,95.885,95.8850 (,117868,398097 +,raw/wayback/calls_20260803222012.pdf,2,20260803222012
2026-07-31,FINAL,SR3,2029-03,95.875,95.8750 (,81869,357337 +,raw/wayback/calls_20260803222012.pdf,2,20260803222012
2026-07-31,FINAL,SR3,2029-06,95.865,95.8650 (,72988,323766 +,raw/wayback/calls_20260803222012.pdf,2,20260803222012
2026-07-31,FINAL,SR3,2029-09,95.855,95.8550 (,40641,220537 +,raw/wayback/calls_20260803222012.pdf,2,20260803222012
2026-07-31,FINAL,SR3,2029-12,95.84,95.8400 (,43173,206464 +,raw/wayback/calls_20260803222012.pdf,2,20260803222012
2026-07-31,FINAL,SR3,2030-03,95.82,95.8200 (,36924,165484 +,raw/wayback/calls_20260803222012.pdf,2,20260803222012
2026-07-31,FINAL,SR3,2030-06,95.795,95.7950 (,32654,151624 +,raw/wayback/calls_20260803222012.pdf,2,20260803222012
2026-07-31,FINAL,SR3,2030-09,95.765,95.7650 (,23707,125664 -,raw/wayback/calls_20260803222012.pdf,2,20260803222012
2026-07-31,FINAL,SR3,2030-12,95.73,95.7300 (,27487,115504 +,raw/wayback/calls_20260803222012.pdf,2,20260803222012
2026-07-31,FINAL,SR3,2031-03,95.695,95.6950 (,24580,64026 -,raw/wayback/calls_20260803222012.pdf,2,20260803222012
2026-07-31,FINAL,SR3,2031-06,95.66,95.6600 (,21572,31240 -,raw/wayback/calls_20260803222012.pdf,2,20260803222012
2026-07-31,FINAL,SR3,2031-09,95.625,95.6250 (,550,10068 -,raw/wayback/calls_20260803222012.pdf,2,20260803222012
2026-07-31,FINAL,SR3,2031-12,95.59,95.5900 (,476,2274 +,raw/wayback/calls_20260803222012.pdf,2,20260803222012
2026-07-31,FINAL,SR3,2032-03,95.555,95.5550 (,291,1806 +,raw/wayback/calls_20260803222012.pdf,2,20260803222012
2026-07-31,FINAL,SR3,2032-06,95.52,95.5200 (,172,510 +,raw/wayback/calls_20260803222012.pdf,2,20260803222012
2026-07-31,FINAL,SR3,2032-09,95.485,95.4850 (,5,78 +,raw/wayback/calls_20260803222012.pdf,2,20260803222012
2026-07-31,FINAL,SR3,2032-12,95.45,95.4500 (,3,52 +,raw/wayback/calls_20260803222012.pdf,2,20260803222012
2026-07-31,FINAL,SR3,2033-03,95.415,95.4150 (,----,6,raw/wayback/calls_20260803222012.pdf,2,20260803222012
2026-07-31,FINAL,SR3,2033-12,95.315,95.3150 (,----,2,raw/wayback/calls_20260803222012.pdf,2,20260803222012
2026-08-03,FINAL,SR1,2026-07,96.384,96.3840,----,331225,raw/wayback/calls_20260804222227.pdf,2,20260804222227
2026-08-03,FINAL,SR1,2026-08,96.3525,96.3525,78153,457796 +,raw/wayback/calls_20260804222227.pdf,2,20260804222227
2026-08-03,FINAL,SR1,2026-09,96.27,96.2700,15313,269304 +,raw/wayback/calls_20260804222227.pdf,2,20260804222227
2026-08-03,FINAL,SR1,2026-10,96.17,96.1700,19693,165181 +,raw/wayback/calls_20260804222227.pdf,2,20260804222227
2026-08-03,FINAL,SR1,2026-11,96.1,96.1000,16260,127419 -,raw/wayback/calls_20260804222227.pdf,2,20260804222227
2026-08-03,FINAL,SR1,2026-12,96.005,96.0050,8100,103993 +,raw/wayback/calls_20260804222227.pdf,2,20260804222227
2026-08-03,FINAL,SR1,2027-01,95.975,95.9750,11280,97178 -,raw/wayback/calls_20260804222227.pdf,2,20260804222227
2026-08-03,FINAL,SR1,2027-02,95.945,95.9450,10330,50626 +,raw/wayback/calls_20260804222227.pdf,2,20260804222227
2026-08-03,FINAL,SR1,2027-03,95.91,95.9100,2283,12032 +,raw/wayback/calls_20260804222227.pdf,2,20260804222227
2026-08-03,FINAL,SR1,2027-04,95.875,95.8750,5370,24503 +,raw/wayback/calls_20260804222227.pdf,2,20260804222227
2026-08-03,FINAL,SR1,2027-05,95.85,95.8500,3708,24330 +,raw/wayback/calls_20260804222227.pdf,2,20260804222227
2026-08-03,FINAL,SR1,2027-06,95.835,95.8350,688,3017 +,raw/wayback/calls_20260804222227.pdf,2,20260804222227
2026-08-03,FINAL,SR1,2027-07,95.835,95.8350,2231,4888 -,raw/wayback/calls_20260804222227.pdf,2,20260804222227
2026-08-03,FINAL,SR1,2027-08,95.84,95.8400,234,889 +,raw/wayback/calls_20260804222227.pdf,2,20260804222227
2026-08-03,FINAL,SR1,2027-09,95.845,95.8450,----,1,raw/wayback/calls_20260804222227.pdf,2,20260804222227
2026-08-03,FINAL,SR3,2026-05,96.3625,96.3625,129,5446,raw/wayback/calls_20260804222227.pdf,2,20260804222227
2026-08-03,FINAL,SR3,2026-06,96.3525,96.3525,33867,1289312 -,raw/wayback/calls_20260804222227.pdf,2,20260804222227
2026-08-03,FINAL,SR3,2026-07,96.285,96.2850,4,5568 +,raw/wayback/calls_20260804222227.pdf,2,20260804222227
2026-08-03,FINAL,SR3,2026-08,96.2075,96.2075,108,2353 -,raw/wayback/calls_20260804222227.pdf,2,20260804222227
2026-08-03,FINAL,SR3,2026-09,96.12,96.1200,343368,1413692 +,raw/wayback/calls_20260804222227.pdf,2,20260804222227
2026-08-03,FINAL,SR3,2026-10,96.04,96.0400,----,699,raw/wayback/calls_20260804222227.pdf,2,20260804222227
2026-08-03,FINAL,SR3,2026-11,95.98,95.9800,----,26,raw/wayback/calls_20260804222227.pdf,2,20260804222227
2026-08-03,FINAL,SR3,2026-12,95.94,95.9400,411019,1710605 +,raw/wayback/calls_20260804222227.pdf,2,20260804222227
2026-08-03,FINAL,SR3,2027-01,95.905,95.9050,200,578,raw/wayback/calls_20260804222227.pdf,2,20260804222227
2026-08-03,FINAL,SR3,2027-03,95.845,95.8450,310190,1075474 +,raw/wayback/calls_20260804222227.pdf,2,20260804222227
2026-08-03,FINAL,SR3,2027-06,95.82,95.8200,277077,1219117 +,raw/wayback/calls_20260804222227.pdf,2,20260804222227
2026-08-03,FINAL,SR3,2027-09,95.855,95.8550 (,186411,924366 -,raw/wayback/calls_20260804222227.pdf,2,20260804222227
2026-08-03,FINAL,SR3,2027-12,95.91,95.9100 (,232344,1308309 +,raw/wayback/calls_20260804222227.pdf,2,20260804222227
2026-08-03,FINAL,SR3,2028-03,95.945,95.9450 (,143489,729674 +,raw/wayback/calls_20260804222227.pdf,2,20260804222227
2026-08-03,FINAL,SR3,2028-06,95.955,95.9550 (,125244,649042 +,raw/wayback/calls_20260804222227.pdf,2,20260804222227
2026-08-03,FINAL,SR3,2028-09,95.95,95.9500 (,86176,499378 -,raw/wayback/calls_20260804222227.pdf,2,20260804222227
2026-08-03,FINAL,SR3,2028-12,95.945,95.9450 (,82476,400134 +,raw/wayback/calls_20260804222227.pdf,2,20260804222227
2026-08-03,FINAL,SR3,2029-03,95.94,95.9400 (,65656,354599 -,raw/wayback/calls_20260804222227.pdf,2,20260804222227
2026-08-03,FINAL,SR3,2029-06,95.93,95.9300 (,55908,327376 +,raw/wayback/calls_20260804222227.pdf,2,20260804222227
2026-08-03,FINAL,SR3,2029-09,95.92,95.9200 (,30131,219761 -,raw/wayback/calls_20260804222227.pdf,2,20260804222227
2026-08-03,FINAL,SR3,2029-12,95.905,95.9050 (,27795,208208 +,raw/wayback/calls_20260804222227.pdf,2,20260804222227
2026-08-03,FINAL,SR3,2030-03,95.885,95.8850 (,24453,164299 -,raw/wayback/calls_20260804222227.pdf,2,20260804222227
2026-08-03,FINAL,SR3,2030-06,95.86,95.8600 (,25691,151103 -,raw/wayback/calls_20260804222227.pdf,2,20260804222227
2026-08-03,FINAL,SR3,2030-09,95.83,95.8300 (,16734,124441 -,raw/wayback/calls_20260804222227.pdf,2,20260804222227
2026-08-03,FINAL,SR3,2030-12,95.8,95.8000 (,19095,115541 +,raw/wayback/calls_20260804222227.pdf,2,20260804222227
2026-08-03,FINAL,SR3,2031-03,95.765,95.7650 (,19506,64987 +,raw/wayback/calls_20260804222227.pdf,2,20260804222227
2026-08-03,FINAL,SR3,2031-06,95.725,95.7250 (,16685,31339 +,raw/wayback/calls_20260804222227.pdf,2,20260804222227
2026-08-03,FINAL,SR3,2031-09,95.69,95.6900 (,264,10047 -,raw/wayback/calls_20260804222227.pdf,2,20260804222227
2026-08-03,FINAL,SR3,2031-12,95.655,95.6550 (,50,2273 -,raw/wayback/calls_20260804222227.pdf,2,20260804222227
2026-08-03,FINAL,SR3,2032-03,95.62,95.6200 (,----,1806,raw/wayback/calls_20260804222227.pdf,2,20260804222227
2026-08-03,FINAL,SR3,2032-06,95.585,95.5850 (,10,520 +,raw/wayback/calls_20260804222227.pdf,2,20260804222227
2026-08-03,FINAL,SR3,2032-09,95.55,95.5500 (,----,78,raw/wayback/calls_20260804222227.pdf,2,20260804222227
2026-08-03,FINAL,SR3,2032-12,95.515,95.5150 (,1,51 -,raw/wayback/calls_20260804222227.pdf,2,20260804222227
2026-08-03,FINAL,SR3,2033-03,95.48,95.4800 (,----,6,raw/wayback/calls_20260804222227.pdf,2,20260804222227
2026-08-03,FINAL,SR3,2033-12,95.38,95.3800 (,1,2,raw/wayback/calls_20260804222227.pdf,2,20260804222227
2026-08-04,FINAL,SR1,2026-07,96.384,96.3840,----,-,raw/wayback/calls_20260805222342.pdf,2,20260805222342
2026-08-04,FINAL,SR1,2026-08,96.355,96.3550 (,37634,458591 +,raw/wayback/calls_20260805222342.pdf,2,20260805222342
2026-08-04,FINAL,SR1,2026-09,96.285,96.2850 (,41908,269293 -,raw/wayback/calls_20260805222342.pdf,2,20260805222342
2026-08-04,FINAL,SR1,2026-10,96.195,96.1950 (,35305,170512 +,raw/wayback/calls_20260805222342.pdf,2,20260805222342
2026-08-04,FINAL,SR1,2026-11,96.13,96.1300 (,21687,128277 +,raw/wayback/calls_20260805222342.pdf,2,20260805222342
2026-08-04,FINAL,SR1,2026-12,96.04,96.0400 (,6920,103554 -,raw/wayback/calls_20260805222342.pdf,2,20260805222342
2026-08-04,FINAL,SR1,2027-01,96.01,96.0100 (,19550,97035 -,raw/wayback/calls_20260805222342.pdf,2,20260805222342
2026-08-04,FINAL,SR1,2027-02,95.995,95.9950 (,10441,50215 -,raw/wayback/calls_20260805222342.pdf,2,20260805222342
2026-08-04,FINAL,SR1,2027-03,95.965,95.9650 (,2090,12411 +,raw/wayback/calls_20260805222342.pdf,2,20260805222342
2026-08-04,FINAL,SR1,2027-04,95.935,95.9350 (,2378,23847 -,raw/wayback/calls_20260805222342.pdf,2,20260805222342
2026-08-04,FINAL,SR1,2027-05,95.915,95.9150 (,3098,25591 +,raw/wayback/calls_20260805222342.pdf,2,20260805222342
2026-08-04,FINAL,SR1,2027-06,95.9,95.9000 (,436,2898 -,raw/wayback/calls_20260805222342.pdf,2,20260805222342
2026-08-04,FINAL,SR1,2027-07,95.9,95.9000 (,786,4950 +,raw/wayback/calls_20260805222342.pdf,2,20260805222342
2026-08-04,FINAL,SR1,2027-08,95.91,95.9100 (,1301,1440 +,raw/wayback/calls_20260805222342.pdf,2,20260805222342
2026-08-04,FINAL,SR1,2027-09,95.92,95.9200 (,122,120 +,raw/wayback/calls_20260805222342.pdf,2,20260805222342
2026-08-04,FINAL,SR3,2026-05,96.3625,96.3625 (,29,5446,raw/wayback/calls_20260805222342.pdf,2,20260805222342
2026-08-04,FINAL,SR3,2026-06,96.3525,96.3525 (,50183,1307606 +,raw/wayback/calls_20260805222342.pdf,2,20260805222342
2026-08-04,FINAL,SR3,2026-07,96.2875,96.2875 (,623,5318 -,raw/wayback/calls_20260805222342.pdf,2,20260805222342
2026-08-04,FINAL,SR3,2026-08,96.2175,96.2175 (,7,2353,raw/wayback/calls_20260805222342.pdf,2,20260805222342
2026-08-04,FINAL,SR3,2026-09,96.145,96.1450 (,352673,1430546 +,raw/wayback/calls_20260805222342.pdf,2,20260805222342
2026-08-04,FINAL,SR3,2026-10,96.065,96.0650 (,----,699,raw/wayback/calls_20260805222342.pdf,2,20260805222342
2026-08-04,FINAL,SR3,2026-11,96.015,96.0150 (,----,26,raw/wayback/calls_20260805222342.pdf,2,20260805222342
2026-08-04,FINAL,SR3,2026-12,95.985,95.9850 (,446516,1713870 +,raw/wayback/calls_20260805222342.pdf,2,20260805222342
2026-08-04,FINAL,SR3,2027-01,95.95,95.9500 (,----,578,raw/wayback/calls_20260805222342.pdf,2,20260805222342
2026-08-04,FINAL,SR3,2027-03,95.91,95.9100 (,320643,1072918 -,raw/wayback/calls_20260805222342.pdf,2,20260805222342
2026-08-04,FINAL,SR3,2027-06,95.895,95.8950 (,295024,1223141 +,raw/wayback/calls_20260805222342.pdf,2,20260805222342
2026-08-04,FINAL,SR3,2027-09,95.93,95.9300 (,224775,922126 -,raw/wayback/calls_20260805222342.pdf,2,20260805222342
2026-08-04,FINAL,SR3,2027-12,95.985,95.9850 (,239424,1323215 +,raw/wayback/calls_20260805222342.pdf,2,20260805222342
2026-08-04,FINAL,SR3,2028-03,96.02,96.0200 (,181743,745626 +,raw/wayback/calls_20260805222342.pdf,2,20260805222342
2026-08-04,FINAL,SR3,2028-06,96.03,96.0300 (,145634,656681 +,raw/wayback/calls_20260805222342.pdf,2,20260805222342
2026-08-04,FINAL,SR3,2028-09,96.025,96.0250 (,92543,499847 +,raw/wayback/calls_20260805222342.pdf,2,20260805222342
2026-08-04,FINAL,SR3,2028-12,96.02,96.0200 (,110573,410434 +,raw/wayback/calls_20260805222342.pdf,2,20260805222342
2026-08-04,FINAL,SR3,2029-03,96.01,96.0100 (,90912,359896 +,raw/wayback/calls_20260805222342.pdf,2,20260805222342
2026-08-04,FINAL,SR3,2029-06,96.0,96.0000 (,71277,324000 -,raw/wayback/calls_20260805222342.pdf,2,20260805222342
2026-08-04,FINAL,SR3,2029-09,95.99,95.9900 (,37292,223650 +,raw/wayback/calls_20260805222342.pdf,2,20260805222342
2026-08-04,FINAL,SR3,2029-12,95.97,95.9700 (,37813,207692 -,raw/wayback/calls_20260805222342.pdf,2,20260805222342
2026-08-04,FINAL,SR3,2030-03,95.95,95.9500 (,26028,163568 -,raw/wayback/calls_20260805222342.pdf,2,20260805222342
2026-08-04,FINAL,SR3,2030-06,95.925,95.9250 (,30913,151384 +,raw/wayback/calls_20260805222342.pdf,2,20260805222342
2026-08-04,FINAL,SR3,2030-09,95.895,95.8950 (,19240,124606 +,raw/wayback/calls_20260805222342.pdf,2,20260805222342
2026-08-04,FINAL,SR3,2030-12,95.86,95.8600 (,22360,115906 +,raw/wayback/calls_20260805222342.pdf,2,20260805222342
2026-08-04,FINAL,SR3,2031-03,95.825,95.8250 (,22207,65721 +,raw/wayback/calls_20260805222342.pdf,2,20260805222342
2026-08-04,FINAL,SR3,2031-06,95.785,95.7850 (,20819,32267 +,raw/wayback/calls_20260805222342.pdf,2,20260805222342
2026-08-04,FINAL,SR3,2031-09,95.75,95.7500 (,331,10084 +,raw/wayback/calls_20260805222342.pdf,2,20260805222342
2026-08-04,FINAL,SR3,2031-12,95.71,95.7100 (,346,2195 -,raw/wayback/calls_20260805222342.pdf,2,20260805222342
2026-08-04,FINAL,SR3,2032-03,95.67,95.6700 (,110,1785 -,raw/wayback/calls_20260805222342.pdf,2,20260805222342
2026-08-04,FINAL,SR3,2032-06,95.63,95.6300 (,268,658 +,raw/wayback/calls_20260805222342.pdf,2,20260805222342
2026-08-04,FINAL,SR3,2032-09,95.595,95.5950 (,1,79 +,raw/wayback/calls_20260805222342.pdf,2,20260805222342
2026-08-04,FINAL,SR3,2032-12,95.56,95.5600 (,----,51,raw/wayback/calls_20260805222342.pdf,2,20260805222342
2026-08-04,FINAL,SR3,2033-03,95.525,95.5250 (,----,6,raw/wayback/calls_20260805222342.pdf,2,20260805222342
2026-08-04,FINAL,SR3,2033-12,95.425,95.4250 (,----,2,raw/wayback/calls_20260805222342.pdf,2,20260805222342
2026-08-12,FINAL,SR1,2026-08,96.3625,96.3625,50737,448718 +,raw/wayback/calls_20260813215410.pdf,2,20260813215410
2026-08-12,FINAL,SR1,2026-09,96.315,96.3150,31997,282201 +,raw/wayback/calls_20260813215410.pdf,2,20260813215410
2026-08-12,FINAL,SR1,2026-10,96.24,96.2400,47478,178456 +,raw/wayback/calls_20260813215410.pdf,2,20260813215410
2026-08-12,FINAL,SR1,2026-11,96.18,96.1800 (,31955,134598 +,raw/wayback/calls_20260813215410.pdf,2,20260813215410
2026-08-12,FINAL,SR1,2026-12,96.09,96.0900 (,14535,109479 +,raw/wayback/calls_20260813215410.pdf,2,20260813215410
2026-08-12,FINAL,SR1,2027-01,96.055,96.0550 (,22843,100104 -,raw/wayback/calls_20260813215410.pdf,2,20260813215410
2026-08-12,FINAL,SR1,2027-02,96.03,96.0300 (,12889,50605 -,raw/wayback/calls_20260813215410.pdf,2,20260813215410
2026-08-12,FINAL,SR1,2027-03,96.0,96.0000 (,2561,14072 -,raw/wayback/calls_20260813215410.pdf,2,20260813215410
2026-08-12,FINAL,SR1,2027-04,95.97,95.9700 (,2289,25326 +,raw/wayback/calls_20260813215410.pdf,2,20260813215410
2026-08-12,FINAL,SR1,2027-05,95.945,95.9450 (,1326,26252 -,raw/wayback/calls_20260813215410.pdf,2,20260813215410
2026-08-12,FINAL,SR1,2027-06,95.925,95.9250 (,494,3315 +,raw/wayback/calls_20260813215410.pdf,2,20260813215410
2026-08-12,FINAL,SR1,2027-07,95.92,95.9200 (,368,5122 +,raw/wayback/calls_20260813215410.pdf,2,20260813215410
2026-08-12,FINAL,SR1,2027-08,95.92,95.9200 (,424,2050 +,raw/wayback/calls_20260813215410.pdf,2,20260813215410
2026-08-12,FINAL,SR1,2027-09,95.92,95.9200 (,----,120,raw/wayback/calls_20260813215410.pdf,2,20260813215410
2026-08-12,FINAL,SR3,2026-05,96.365,96.3650 (,----,5990,raw/wayback/calls_20260813215410.pdf,2,20260813215410
2026-08-12,FINAL,SR3,2026-06,96.355,96.3550 (,68594,1316520 +,raw/wayback/calls_20260813215410.pdf,2,20260813215410
2026-08-12,FINAL,SR3,2026-07,96.305,96.3050 (,238,6425 +,raw/wayback/calls_20260813215410.pdf,2,20260813215410
2026-08-12,FINAL,SR3,2026-08,96.2525,96.2525 (,7,2329 -,raw/wayback/calls_20260813215410.pdf,2,20260813215410
2026-08-12,FINAL,SR3,2026-09,96.19,96.1900 (,620597,1402860 +,raw/wayback/calls_20260813215410.pdf,2,20260813215410
2026-08-12,FINAL,SR3,2026-10,96.11,96.1100 (,365,1015 +,raw/wayback/calls_20260813215410.pdf,2,20260813215410
2026-08-12,FINAL,SR3,2026-11,96.06,96.0600 (,----,78,raw/wayback/calls_20260813215410.pdf,2,20260813215410
2026-08-12,FINAL,SR3,2026-12,96.03,96.0300 (,641363,1732680 -,raw/wayback/calls_20260813215410.pdf,2,20260813215410
2026-08-12,FINAL,SR3,2027-01,96.0,96.0000 (,----,578,raw/wayback/calls_20260813215410.pdf,2,20260813215410
2026-08-12,FINAL,SR3,2027-03,95.94,95.9400 (,371627,1077141 +,raw/wayback/calls_20260813215410.pdf,2,20260813215410
2026-08-12,FINAL,SR3,2027-06,95.9,95.9000 (,438037,1220869 +,raw/wayback/calls_20260813215410.pdf,2,20260813215410
2026-08-12,FINAL,SR3,2027-09,95.91,95.9100 (,273937,902164 -,raw/wayback/calls_20260813215410.pdf,2,20260813215410
2026-08-12,FINAL,SR3,2027-12,95.945,95.9450 (,370747,1362154 +,raw/wayback/calls_20260813215410.pdf,2,20260813215410
2026-08-12,FINAL,SR3,2028-03,95.97,95.9700 (,216749,716107 -,raw/wayback/calls_20260813215410.pdf,2,20260813215410
2026-08-12,FINAL,SR3,2028-06,95.975,95.9750 (,234933,713586 +,raw/wayback/calls_20260813215410.pdf,2,20260813215410
2026-08-12,FINAL,SR3,2028-09,95.965,95.9650 (,119442,505380 -,raw/wayback/calls_20260813215410.pdf,2,20260813215410
2026-08-12,FINAL,SR3,2028-12,95.95,95.9500 (,135259,420901 -,raw/wayback/calls_20260813215410.pdf,2,20260813215410
2026-08-12,FINAL,SR3,2029-03,95.935,95.9350 (,95671,354292 -,raw/wayback/calls_20260813215410.pdf,2,20260813215410
2026-08-12,FINAL,SR3,2029-06,95.925,95.9250 (,86805,333052 -,raw/wayback/calls_20260813215410.pdf,2,20260813215410
2026-08-12,FINAL,SR3,2029-09,95.915,95.9150 (,41143,229665 +,raw/wayback/calls_20260813215410.pdf,2,20260813215410
2026-08-12,FINAL,SR3,2029-12,95.9,95.9000 (,38610,214584 +,raw/wayback/calls_20260813215410.pdf,2,20260813215410
2026-08-12,FINAL,SR3,2030-03,95.88,95.8800 (,28721,167190 +,raw/wayback/calls_20260813215410.pdf,2,20260813215410
2026-08-12,FINAL,SR3,2030-06,95.855,95.8550 (,29071,152114 +,raw/wayback/calls_20260813215410.pdf,2,20260813215410
2026-08-12,FINAL,SR3,2030-09,95.83,95.8300 (,18739,123577 +,raw/wayback/calls_20260813215410.pdf,2,20260813215410
2026-08-12,FINAL,SR3,2030-12,95.8,95.8000 (,21823,116373 +,raw/wayback/calls_20260813215410.pdf,2,20260813215410
2026-08-12,FINAL,SR3,2031-03,95.765,95.7650 (,21145,70052 -,raw/wayback/calls_20260813215410.pdf,2,20260813215410
2026-08-12,FINAL,SR3,2031-06,95.725,95.7250 (,17461,33789 -,raw/wayback/calls_20260813215410.pdf,2,20260813215410
2026-08-12,FINAL,SR3,2031-09,95.69,95.6900 (,176,10448 +,raw/wayback/calls_20260813215410.pdf,2,20260813215410
2026-08-12,FINAL,SR3,2031-12,95.65,95.6500 (,396,2327 +,raw/wayback/calls_20260813215410.pdf,2,20260813215410
2026-08-12,FINAL,SR3,2032-03,95.61,95.6100 (,19,1746,raw/wayback/calls_20260813215410.pdf,2,20260813215410
2026-08-12,FINAL,SR3,2032-06,95.575,95.5750 (,5,596 +,raw/wayback/calls_20260813215410.pdf,2,20260813215410
2026-08-12,FINAL,SR3,2032-09,95.54,95.5400 (,----,83,raw/wayback/calls_20260813215410.pdf,2,20260813215410
2026-08-12,FINAL,SR3,2032-12,95.505,95.5050 (,----,51,raw/wayback/calls_20260813215410.pdf,2,20260813215410
2026-08-12,FINAL,SR3,2033-03,95.47,95.4700 (,----,6,raw/wayback/calls_20260813215410.pdf,2,20260813215410
2026-08-12,FINAL,SR3,2033-12,95.37,95.3700 (,----,2,raw/wayback/calls_20260813215410.pdf,2,20260813215410
2026-08-13,FINAL,SR1,2026-08,96.365,96.3650,68841,433381 -,raw/wayback/calls_20260814213900.pdf,2,20260814213900
2026-08-13,FINAL,SR1,2026-09,96.325,96.3250,51857,267031 -,raw/wayback/calls_20260814213900.pdf,2,20260814213900
2026-08-13,FINAL,SR1,2026-10,96.265,96.2650,90352,183106 +,raw/wayback/calls_20260814213900.pdf,2,20260814213900
2026-08-13,FINAL,SR1,2026-11,96.21,96.2100,53026,136003 +,raw/wayback/calls_20260814213900.pdf,2,20260814213900
2026-08-13,FINAL,SR1,2026-12,96.13,96.1300,18087,108254 -,raw/wayback/calls_20260814213900.pdf,2,20260814213900
2026-08-13,FINAL,SR1,2027-01,96.105,96.1050,40324,109307 +,raw/wayback/calls_20260814213900.pdf,2,20260814213900
2026-08-13,FINAL,SR1,2027-02,96.085,96.0850,21183,46066 -,raw/wayback/calls_20260814213900.pdf,2,20260814213900
2026-08-13,FINAL,SR1,2027-03,96.06,96.0600,6413,15859 +,raw/wayback/calls_20260814213900.pdf,2,20260814213900
2026-08-13,FINAL,SR1,2027-04,96.03,96.0300,7455,27228 +,raw/wayback/calls_20260814213900.pdf,2,20260814213900
2026-08-13,FINAL,SR1,2027-05,96.015,96.0150,4238,25393 -,raw/wayback/calls_20260814213900.pdf,2,20260814213900
2026-08-13,FINAL,SR1,2027-06,95.995,95.9950,55,3324 +,raw/wayback/calls_20260814213900.pdf,2,20260814213900
2026-08-13,FINAL,SR1,2027-07,95.99,95.9900,1336,5213 +,raw/wayback/calls_20260814213900.pdf,2,20260814213900
2026-08-13,FINAL,SR1,2027-08,95.99,95.9900,188,1931 -,raw/wayback/calls_20260814213900.pdf,2,20260814213900
2026-08-13,FINAL,SR1,2027-09,95.99,95.9900,23,120,raw/wayback/calls_20260814213900.pdf,2,20260814213900
2026-08-13,FINAL,SR1,2027-10,95.995,95.9950 (,25,25 +,raw/wayback/calls_20260814213900.pdf,2,20260814213900
2026-08-13,FINAL,SR3,2026-05,96.365,96.3650 (,263,6036 +,raw/wayback/calls_20260814213900.pdf,2,20260814213900
2026-08-13,FINAL,SR3,2026-06,96.355,96.3550 (,60253,1321988 +,raw/wayback/calls_20260814213900.pdf,2,20260814213900
2026-08-13,FINAL,SR3,2026-07,96.315,96.3150 (,237,6645 +,raw/wayback/calls_20260814213900.pdf,2,20260814213900
2026-08-13,FINAL,SR3,2026-08,96.2725,96.2725 (,417,2323 -,raw/wayback/calls_20260814213900.pdf,2,20260814213900
2026-08-13,FINAL,SR3,2026-09,96.215,96.2150 (,587765,1414737 +,raw/wayback/calls_20260814213900.pdf,2,20260814213900
2026-08-13,FINAL,SR3,2026-10,96.145,96.1450 (,----,1015,raw/wayback/calls_20260814213900.pdf,2,20260814213900
2026-08-13,FINAL,SR3,2026-11,96.105,96.1050 (,----,78,raw/wayback/calls_20260814213900.pdf,2,20260814213900
2026-08-13,FINAL,SR3,2026-12,96.075,96.0750 (,571201,1712993 -,raw/wayback/calls_20260814213900.pdf,2,20260814213900
2026-08-13,FINAL,SR3,2027-01,96.045,96.0450 (,15,593 +,raw/wayback/calls_20260814213900.pdf,2,20260814213900
2026-08-13,FINAL,SR3,2027-03,96.005,96.0050 (,370371,1075359 -,raw/wayback/calls_20260814213900.pdf,2,20260814213900
2026-08-13,FINAL,SR3,2027-06,95.975,95.9750 (,428192,1191862 -,raw/wayback/calls_20260814213900.pdf,2,20260814213900
2026-08-13,FINAL,SR3,2027-09,95.98,95.9800 (,264371,898716 -,raw/wayback/calls_20260814213900.pdf,2,20260814213900
2026-08-13,FINAL,SR3,2027-12,96.01,96.0100 (,301550,1347106 -,raw/wayback/calls_20260814213900.pdf,2,20260814213900
2026-08-13,FINAL,SR3,2028-03,96.03,96.0300 (,202188,725781 +,raw/wayback/calls_20260814213900.pdf,2,20260814213900
2026-08-13,FINAL,SR3,2028-06,96.03,96.0300 (,187901,722150 +,raw/wayback/calls_20260814213900.pdf,2,20260814213900
2026-08-13,FINAL,SR3,2028-09,96.02,96.0200 (,106045,509328 +,raw/wayback/calls_20260814213900.pdf,2,20260814213900
2026-08-13,FINAL,SR3,2028-12,96.005,96.0050 (,117925,419461 -,raw/wayback/calls_20260814213900.pdf,2,20260814213900
2026-08-13,FINAL,SR3,2029-03,95.99,95.9900 (,86382,352544 -,raw/wayback/calls_20260814213900.pdf,2,20260814213900
2026-08-13,FINAL,SR3,2029-06,95.98,95.9800 (,88160,330895 -,raw/wayback/calls_20260814213900.pdf,2,20260814213900
2026-08-13,FINAL,SR3,2029-09,95.965,95.9650 (,54030,234936 +,raw/wayback/calls_20260814213900.pdf,2,20260814213900
2026-08-13,FINAL,SR3,2029-12,95.95,95.9500 (,35863,215906 +,raw/wayback/calls_20260814213900.pdf,2,20260814213900
2026-08-13,FINAL,SR3,2030-03,95.93,95.9300 (,35213,169418 +,raw/wayback/calls_20260814213900.pdf,2,20260814213900
2026-08-13,FINAL,SR3,2030-06,95.905,95.9050 (,26625,153347 +,raw/wayback/calls_20260814213900.pdf,2,20260814213900
2026-08-13,FINAL,SR3,2030-09,95.88,95.8800 (,22142,127521 +,raw/wayback/calls_20260814213900.pdf,2,20260814213900
2026-08-13,FINAL,SR3,2030-12,95.85,95.8500 (,23644,119355 +,raw/wayback/calls_20260814213900.pdf,2,20260814213900
2026-08-13,FINAL,SR3,2031-03,95.815,95.8150 (,21946,71757 +,raw/wayback/calls_20260814213900.pdf,2,20260814213900
2026-08-13,FINAL,SR3,2031-06,95.775,95.7750 (,18185,35846 +,raw/wayback/calls_20260814213900.pdf,2,20260814213900
2026-08-13,FINAL,SR3,2031-09,95.74,95.7400 (,80,10435 -,raw/wayback/calls_20260814213900.pdf,2,20260814213900
2026-08-13,FINAL,SR3,2031-12,95.7,95.7000 (,152,2394 +,raw/wayback/calls_20260814213900.pdf,2,20260814213900
2026-08-13,FINAL,SR3,2032-03,95.66,95.6600 (,28,1774 +,raw/wayback/calls_20260814213900.pdf,2,20260814213900
2026-08-13,FINAL,SR3,2032-06,95.625,95.6250 (,47,640 +,raw/wayback/calls_20260814213900.pdf,2,20260814213900
2026-08-13,FINAL,SR3,2032-09,95.59,95.5900 (,----,83,raw/wayback/calls_20260814213900.pdf,2,20260814213900
2026-08-13,FINAL,SR3,2032-12,95.555,95.5550 (,----,51,raw/wayback/calls_20260814213900.pdf,2,20260814213900
2026-08-13,FINAL,SR3,2033-03,95.52,95.5200 (,----,6,raw/wayback/calls_20260814213900.pdf,2,20260814213900
2026-08-13,FINAL,SR3,2033-12,95.42,95.4200 (,----,2,raw/wayback/calls_20260814213900.pdf,2,20260814213900
2026-08-14,FINAL,SR1,2026-08,96.3625,96.3625,52327,422226 -,raw/wayback/calls_20260817214213.pdf,2,20260817214213
2026-08-14,FINAL,SR1,2026-09,96.325,96.3250,21211,264283 -,raw/wayback/calls_20260817214213.pdf,2,20260817214213
2026-08-14,FINAL,SR1,2026-10,96.265,96.2650,63620,188355 +,raw/wayback/calls_20260817214213.pdf,2,20260817214213
2026-08-14,FINAL,SR1,2026-11,96.215,96.2150,35496,138124 +,raw/wayback/calls_20260817214213.pdf,2,20260817214213
2026-08-14,FINAL,SR1,2026-12,96.13,96.1300,11967,108203 -,raw/wayback/calls_20260817214213.pdf,2,20260817214213
2026-08-14,FINAL,SR1,2027-01,96.095,96.0950 (,20365,110264 +,raw/wayback/calls_20260817214213.pdf,2,20260817214213
2026-08-14,FINAL,SR1,2027-02,96.07,96.0700 (,8147,46418 +,raw/wayback/calls_20260817214213.pdf,2,20260817214213
2026-08-14,FINAL,SR1,2027-03,96.045,96.0450 (,1806,15761 -,raw/wayback/calls_20260817214213.pdf,2,20260817214213
2026-08-14,FINAL,SR1,2027-04,96.015,96.0150 (,4132,25025 -,raw/wayback/calls_20260817214213.pdf,2,20260817214213
2026-08-14,FINAL,SR1,2027-05,95.99,95.9900 (,2099,24997 -,raw/wayback/calls_20260817214213.pdf,2,20260817214213
2026-08-14,FINAL,SR1,2027-06,95.965,95.9650 (,106,3353 +,raw/wayback/calls_20260817214213.pdf,2,20260817214213
2026-08-14,FINAL,SR1,2027-07,95.96,95.9600 (,421,5221 +,raw/wayback/calls_20260817214213.pdf,2,20260817214213
2026-08-14,FINAL,SR1,2027-08,95.96,95.9600 (,230,1953 +,raw/wayback/calls_20260817214213.pdf,2,20260817214213
2026-08-14,FINAL,SR1,2027-09,95.96,95.9600 (,----,120,raw/wayback/calls_20260817214213.pdf,2,20260817214213
2026-08-14,FINAL,SR1,2027-10,95.965,95.9650 (,8,29 +,raw/wayback/calls_20260817214213.pdf,2,20260817214213
2026-08-14,FINAL,SR3,2026-05,96.365,96.3650 (,2,6036,raw/wayback/calls_20260817214213.pdf,2,20260817214213
2026-08-14,FINAL,SR3,2026-06,96.355,96.3550 (,26104,1313571 -,raw/wayback/calls_20260817214213.pdf,2,20260817214213
2026-08-14,FINAL,SR3,2026-07,96.3175,96.3175 (,100,6728 +,raw/wayback/calls_20260817214213.pdf,2,20260817214213
2026-08-14,FINAL,SR3,2026-08,96.275,96.2750 (,55,2323,raw/wayback/calls_20260817214213.pdf,2,20260817214213
2026-08-14,FINAL,SR3,2026-09,96.215,96.2150 (,390580,1353699 -,raw/wayback/calls_20260817214213.pdf,2,20260817214213
2026-08-14,FINAL,SR3,2026-10,96.145,96.1450 (,100,1015,raw/wayback/calls_20260817214213.pdf,2,20260817214213
2026-08-14,FINAL,SR3,2026-11,96.105,96.1050 (,100,178 +,raw/wayback/calls_20260817214213.pdf,2,20260817214213
2026-08-14,FINAL,SR3,2026-12,96.065,96.0650 (,441465,1704711 -,raw/wayback/calls_20260817214213.pdf,2,20260817214213
2026-08-14,FINAL,SR3,2027-01,96.035,96.0350 (,----,593,raw/wayback/calls_20260817214213.pdf,2,20260817214213
2026-08-14,FINAL,SR3,2027-03,95.98,95.9800 (,309115,1073660 -,raw/wayback/calls_20260817214213.pdf,2,20260817214213
2026-08-14,FINAL,SR3,2027-06,95.945,95.9450 (,348354,1185056 -,raw/wayback/calls_20260817214213.pdf,2,20260817214213
2026-08-14,FINAL,SR3,2027-09,95.945,95.9450 (,250113,894816 -,raw/wayback/calls_20260817214213.pdf,2,20260817214213
2026-08-14,FINAL,SR3,2027-12,95.97,95.9700 (,258112,1344578 -,raw/wayback/calls_20260817214213.pdf,2,20260817214213
2026-08-14,FINAL,SR3,2028-03,95.985,95.9850 (,190609,727098 +,raw/wayback/calls_20260817214213.pdf,2,20260817214213
2026-08-14,FINAL,SR3,2028-06,95.985,95.9850 (,169872,722343 +,raw/wayback/calls_20260817214213.pdf,2,20260817214213
2026-08-14,FINAL,SR3,2028-09,95.97,95.9700 (,106406,515976 +,raw/wayback/calls_20260817214213.pdf,2,20260817214213
2026-08-14,FINAL,SR3,2028-12,95.955,95.9550 (,100856,425943 +,raw/wayback/calls_20260817214213.pdf,2,20260817214213
2026-08-14,FINAL,SR3,2029-03,95.935,95.9350 (,88158,355107 +,raw/wayback/calls_20260817214213.pdf,2,20260817214213
2026-08-14,FINAL,SR3,2029-06,95.92,95.9200 (,79000,335763 +,raw/wayback/calls_20260817214213.pdf,2,20260817214213
2026-08-14,FINAL,SR3,2029-09,95.905,95.9050 (,40058,229871 -,raw/wayback/calls_20260817214213.pdf,2,20260817214213
2026-08-14,FINAL,SR3,2029-12,95.89,95.8900 (,39702,221075 +,raw/wayback/calls_20260817214213.pdf,2,20260817214213
2026-08-14,FINAL,SR3,2030-03,95.87,95.8700 (,33848,167570 -,raw/wayback/calls_20260817214213.pdf,2,20260817214213
2026-08-14,FINAL,SR3,2030-06,95.845,95.8450 (,27493,155843 +,raw/wayback/calls_20260817214213.pdf,2,20260817214213
2026-08-14,FINAL,SR3,2030-09,95.815,95.8150 (,17070,128447 +,raw/wayback/calls_20260817214213.pdf,2,20260817214213
2026-08-14,FINAL,SR3,2030-12,95.785,95.7850 (,23696,122204 +,raw/wayback/calls_20260817214213.pdf,2,20260817214213
2026-08-14,FINAL,SR3,2031-03,95.75,95.7500 (,16062,71488 -,raw/wayback/calls_20260817214213.pdf,2,20260817214213
2026-08-14,FINAL,SR3,2031-06,95.71,95.7100 (,18938,36288 +,raw/wayback/calls_20260817214213.pdf,2,20260817214213
2026-08-14,FINAL,SR3,2031-09,95.67,95.6700 (,1034,10552 +,raw/wayback/calls_20260817214213.pdf,2,20260817214213
2026-08-14,FINAL,SR3,2031-12,95.63,95.6300 (,586,2362 -,raw/wayback/calls_20260817214213.pdf,2,20260817214213
2026-08-14,FINAL,SR3,2032-03,95.59,95.5900 (,201,1892 +,raw/wayback/calls_20260817214213.pdf,2,20260817214213
2026-08-14,FINAL,SR3,2032-06,95.555,95.5550 (,123,721 +,raw/wayback/calls_20260817214213.pdf,2,20260817214213
2026-08-14,FINAL,SR3,2032-09,95.52,95.5200 (,13,86 +,raw/wayback/calls_20260817214213.pdf,2,20260817214213
2026-08-14,FINAL,SR3,2032-12,95.485,95.4850 (,65,78 +,raw/wayback/calls_20260817214213.pdf,2,20260817214213
2026-08-14,FINAL,SR3,2033-03,95.45,95.4500 (,----,6,raw/wayback/calls_20260817214213.pdf,2,20260817214213
2026-08-14,FINAL,SR3,2033-12,95.35,95.3500 (,4,5 +,raw/wayback/calls_20260817214213.pdf,2,20260817214213
2026-08-17,FINAL,SR1,2026-08,96.365,96.3650,4010,424659 +,raw/wayback/calls_20260818213642.pdf,2,20260818213642
2026-08-17,FINAL,SR1,2026-09,96.32,96.3200,29582,282185 +,raw/wayback/calls_20260818213642.pdf,2,20260818213642
2026-08-17,FINAL,SR1,2026-10,96.255,96.2550,59432,200291 +,raw/wayback/calls_20260818213642.pdf,2,20260818213642
2026-08-17,FINAL,SR1,2026-11,96.205,96.2050,45612,148304 +,raw/wayback/calls_20260818213642.pdf,2,20260818213642
2026-08-17,FINAL,SR1,2026-12,96.125,96.1250,31409,117413 +,raw/wayback/calls_20260818213642.pdf,2,20260818213642
2026-08-17,FINAL,SR1,2027-01,96.09,96.0900 (,7397,111174 +,raw/wayback/calls_20260818213642.pdf,2,20260818213642
2026-08-17,FINAL,SR1,2027-02,96.065,96.0650 (,7186,47150 +,raw/wayback/calls_20260818213642.pdf,2,20260818213642
2026-08-17,FINAL,SR1,2027-03,96.03,96.0300 (,1043,16168 +,raw/wayback/calls_20260818213642.pdf,2,20260818213642
2026-08-17,FINAL,SR1,2027-04,96.0,96.0000 (,3016,26847 +,raw/wayback/calls_20260818213642.pdf,2,20260818213642
2026-08-17,FINAL,SR1,2027-05,95.975,95.9750 (,3593,24496 -,raw/wayback/calls_20260818213642.pdf,2,20260818213642
2026-08-17,FINAL,SR1,2027-06,95.955,95.9550 (,67,3389 +,raw/wayback/calls_20260818213642.pdf,2,20260818213642
2026-08-17,FINAL,SR1,2027-07,95.95,95.9500 (,262,5270 +,raw/wayback/calls_20260818213642.pdf,2,20260818213642
2026-08-17,FINAL,SR1,2027-08,95.95,95.9500 (,279,2022 +,raw/wayback/calls_20260818213642.pdf,2,20260818213642
2026-08-17,FINAL,SR1,2027-09,95.95,95.9500 (,----,120,raw/wayback/calls_20260818213642.pdf,2,20260818213642
2026-08-17,FINAL,SR1,2027-10,95.955,95.9550 (,40,49 +,raw/wayback/calls_20260818213642.pdf,2,20260818213642
2026-08-17,FINAL,SR1,2027-11,95.96,95.9600 (,20,10 +,raw/wayback/calls_20260818213642.pdf,2,20260818213642
2026-08-17,FINAL,SR3,2026-05,96.3625,96.3625 (,52,6081 +,raw/wayback/calls_20260818213642.pdf,2,20260818213642
2026-08-17,FINAL,SR3,2026-06,96.355,96.3550 (,14079,1309392 -,raw/wayback/calls_20260818213642.pdf,2,20260818213642
2026-08-17,FINAL,SR3,2026-07,96.3175,96.3175 (,153,6730 +,raw/wayback/calls_20260818213642.pdf,2,20260818213642
2026-08-17,FINAL,SR3,2026-08,96.27,96.2700 (,88,2350 +,raw/wayback/calls_20260818213642.pdf,2,20260818213642
2026-08-17,FINAL,SR3,2026-09,96.2075,96.2075 (,317394,1339200 -,raw/wayback/calls_20260818213642.pdf,2,20260818213642
2026-08-17,FINAL,SR3,2026-10,96.135,96.1350 (,101,959 -,raw/wayback/calls_20260818213642.pdf,2,20260818213642
2026-08-17,FINAL,SR3,2026-11,96.095,96.0950 (,1,178,raw/wayback/calls_20260818213642.pdf,2,20260818213642
2026-08-17,FINAL,SR3,2026-12,96.06,96.0600 (,267256,1692475 -,raw/wayback/calls_20260818213642.pdf,2,20260818213642
2026-08-17,FINAL,SR3,2027-01,96.03,96.0300 (,50,643 +,raw/wayback/calls_20260818213642.pdf,2,20260818213642
2026-08-17,FINAL,SR3,2027-03,95.975,95.9750 (,191234,1078999 +,raw/wayback/calls_20260818213642.pdf,2,20260818213642
2026-08-17,FINAL,SR3,2027-06,95.935,95.9350 (,185244,1185272 +,raw/wayback/calls_20260818213642.pdf,2,20260818213642
2026-08-17,FINAL,SR3,2027-09,95.94,95.9400 (,131762,891499 -,raw/wayback/calls_20260818213642.pdf,2,20260818213642
2026-08-17,FINAL,SR3,2027-12,95.965,95.9650 (,166690,1349414 +,raw/wayback/calls_20260818213642.pdf,2,20260818213642
2026-08-17,FINAL,SR3,2028-03,95.98,95.9800 (,114198,720225 -,raw/wayback/calls_20260818213642.pdf,2,20260818213642
2026-08-17,FINAL,SR3,2028-06,95.98,95.9800 (,103261,720849 -,raw/wayback/calls_20260818213642.pdf,2,20260818213642
2026-08-17,FINAL,SR3,2028-09,95.965,95.9650 (,64756,512209 -,raw/wayback/calls_20260818213642.pdf,2,20260818213642
2026-08-17,FINAL,SR3,2028-12,95.945,95.9450 (,66244,433442 +,raw/wayback/calls_20260818213642.pdf,2,20260818213642
2026-08-17,FINAL,SR3,2029-03,95.925,95.9250 (,58352,358695 +,raw/wayback/calls_20260818213642.pdf,2,20260818213642
2026-08-17,FINAL,SR3,2029-06,95.91,95.9100 (,46758,333075 -,raw/wayback/calls_20260818213642.pdf,2,20260818213642
2026-08-17,FINAL,SR3,2029-09,95.895,95.8950 (,26378,229030 -,raw/wayback/calls_20260818213642.pdf,2,20260818213642
2026-08-17,FINAL,SR3,2029-12,95.875,95.8750 (,22230,221612 +,raw/wayback/calls_20260818213642.pdf,2,20260818213642
2026-08-17,FINAL,SR3,2030-03,95.85,95.8500 (,18657,167721 +,raw/wayback/calls_20260818213642.pdf,2,20260818213642
2026-08-17,FINAL,SR3,2030-06,95.825,95.8250 (,18362,156555 +,raw/wayback/calls_20260818213642.pdf,2,20260818213642
2026-08-17,FINAL,SR3,2030-09,95.795,95.7950 (,13798,127741 -,raw/wayback/calls_20260818213642.pdf,2,20260818213642
2026-08-17,FINAL,SR3,2030-12,95.76,95.7600 (,16475,121094 -,raw/wayback/calls_20260818213642.pdf,2,20260818213642
2026-08-17,FINAL,SR3,2031-03,95.72,95.7200 (,13989,70647 -,raw/wayback/calls_20260818213642.pdf,2,20260818213642
2026-08-17,FINAL,SR3,2031-06,95.68,95.6800 (,9803,36214 -,raw/wayback/calls_20260818213642.pdf,2,20260818213642
2026-08-17,FINAL,SR3,2031-09,95.64,95.6400 (,376,10812 +,raw/wayback/calls_20260818213642.pdf,2,20260818213642
2026-08-17,FINAL,SR3,2031-12,95.6,95.6000 (,24,2370 +,raw/wayback/calls_20260818213642.pdf,2,20260818213642
2026-08-17,FINAL,SR3,2032-03,95.56,95.5600 (,----,1892,raw/wayback/calls_20260818213642.pdf,2,20260818213642
2026-08-17,FINAL,SR3,2032-06,95.525,95.5250 (,2,723 +,raw/wayback/calls_20260818213642.pdf,2,20260818213642
2026-08-17,FINAL,SR3,2032-09,95.49,95.4900 (,----,86,raw/wayback/calls_20260818213642.pdf,2,20260818213642
2026-08-17,FINAL,SR3,2032-12,95.455,95.4550 (,----,78,raw/wayback/calls_20260818213642.pdf,2,20260818213642
2026-08-17,FINAL,SR3,2033-03,95.42,95.4200 (,----,6,raw/wayback/calls_20260818213642.pdf,2,20260818213642
2026-08-17,FINAL,SR3,2033-12,95.32,95.3200 (,----,5,raw/wayback/calls_20260818213642.pdf,2,20260818213642
2026-08-18,FINAL,SR1,2026-08,96.365,96.3650,5256,440508 +,raw/wayback/calls_20260819213711.pdf,2,20260819213711
2026-08-18,FINAL,SR1,2026-09,96.325,96.3250,12807,278313 -,raw/wayback/calls_20260819213711.pdf,2,20260819213711
2026-08-18,FINAL,SR1,2026-10,96.255,96.2550,16428,201945 +,raw/wayback/calls_20260819213711.pdf,2,20260819213711
2026-08-18,FINAL,SR1,2026-11,96.205,96.2050,24151,149692 +,raw/wayback/calls_20260819213711.pdf,2,20260819213711
2026-08-18,FINAL,SR1,2026-12,96.125,96.1250,7996,120515 +,raw/wayback/calls_20260819213711.pdf,2,20260819213711
2026-08-18,FINAL,SR1,2027-01,96.095,96.0950 (,9880,111627 +,raw/wayback/calls_20260819213711.pdf,2,20260819213711
2026-08-18,FINAL,SR1,2027-02,96.065,96.0650 (,9900,49142 +,raw/wayback/calls_20260819213711.pdf,2,20260819213711
2026-08-18,FINAL,SR1,2027-03,96.035,96.0350 (,1870,17037 +,raw/wayback/calls_20260819213711.pdf,2,20260819213711
2026-08-18,FINAL,SR1,2027-04,96.005,96.0050 (,2214,27028 +,raw/wayback/calls_20260819213711.pdf,2,20260819213711
2026-08-18,FINAL,SR1,2027-05,95.985,95.9850 (,2377,24634 +,raw/wayback/calls_20260819213711.pdf,2,20260819213711
2026-08-18,FINAL,SR1,2027-06,95.96,95.9600 (,35,3403 +,raw/wayback/calls_20260819213711.pdf,2,20260819213711
2026-08-18,FINAL,SR1,2027-07,95.955,95.9550 (,866,5688 +,raw/wayback/calls_20260819213711.pdf,2,20260819213711
2026-08-18,FINAL,SR1,2027-08,95.955,95.9550 (,100,2044 +,raw/wayback/calls_20260819213711.pdf,2,20260819213711
2026-08-18,FINAL,SR1,2027-09,95.955,95.9550 (,2,120,raw/wayback/calls_20260819213711.pdf,2,20260819213711
2026-08-18,FINAL,SR1,2027-10,95.96,95.9600 (,60,49,raw/wayback/calls_20260819213711.pdf,2,20260819213711
2026-08-18,FINAL,SR1,2027-11,95.965,95.9650 (,----,10,raw/wayback/calls_20260819213711.pdf,2,20260819213711
2026-08-18,FINAL,SR3,2026-05,96.365,96.3650,----,6081,raw/wayback/calls_20260819213711.pdf,2,20260819213711
2026-08-18,FINAL,SR3,2026-06,96.3575,96.3575,9321,1356281 +,raw/wayback/calls_20260819213711.pdf,2,20260819213711
2026-08-18,FINAL,SR3,2026-07,96.3175,96.3175,199,6746 +,raw/wayback/calls_20260819213711.pdf,2,20260819213711
2026-08-18,FINAL,SR3,2026-08,96.27,96.2700,18,2350,raw/wayback/calls_20260819213711.pdf,2,20260819213711
2026-08-18,FINAL,SR3,2026-09,96.2125,96.2125,302116,1368816 +,raw/wayback/calls_20260819213711.pdf,2,20260819213711
2026-08-18,FINAL,SR3,2026-10,96.145,96.1450,502,1322 +,raw/wayback/calls_20260819213711.pdf,2,20260819213711
2026-08-18,FINAL,SR3,2026-11,96.105,96.1050,----,178,raw/wayback/calls_20260819213711.pdf,2,20260819213711
2026-08-18,FINAL,SR3,2026-12,96.065,96.0650,290198,1744057 +,raw/wayback/calls_20260819213711.pdf,2,20260819213711
2026-08-18,FINAL,SR3,2027-01,96.035,96.0350,----,643,raw/wayback/calls_20260819213711.pdf,2,20260819213711
2026-08-18,FINAL,SR3,2027-03,95.98,95.9800,198329,1111859 +,raw/wayback/calls_20260819213711.pdf,2,20260819213711
2026-08-18,FINAL,SR3,2027-06,95.945,95.9450,220021,1233665 +,raw/wayback/calls_20260819213711.pdf,2,20260819213711
2026-08-18,FINAL,SR3,2027-09,95.95,95.9500,149803,923844 +,raw/wayback/calls_20260819213711.pdf,2,20260819213711
2026-08-18,FINAL,SR3,2027-12,95.97,95.9700,186286,1367659 +,raw/wayback/calls_20260819213711.pdf,2,20260819213711
2026-08-18,FINAL,SR3,2028-03,95.985,95.9850,141863,722375 +,raw/wayback/calls_20260819213711.pdf,2,20260819213711
2026-08-18,FINAL,SR3,2028-06,95.985,95.9850,140357,728078 +,raw/wayback/calls_20260819213711.pdf,2,20260819213711
2026-08-18,FINAL,SR3,2028-09,95.97,95.9700,67996,525634 +,raw/wayback/calls_20260819213711.pdf,2,20260819213711
2026-08-18,FINAL,SR3,2028-12,95.955,95.9550,84410,447863 +,raw/wayback/calls_20260819213711.pdf,2,20260819213711
2026-08-18,FINAL,SR3,2029-03,95.94,95.9400,77164,383607 +,raw/wayback/calls_20260819213711.pdf,2,20260819213711
2026-08-18,FINAL,SR3,2029-06,95.925,95.9250,68982,341974 +,raw/wayback/calls_20260819213711.pdf,2,20260819213711
2026-08-18,FINAL,SR3,2029-09,95.905,95.9050 (,28698,229211 +,raw/wayback/calls_20260819213711.pdf,2,20260819213711
2026-08-18,FINAL,SR3,2029-12,95.885,95.8850 (,27462,221112 -,raw/wayback/calls_20260819213711.pdf,2,20260819213711
2026-08-18,FINAL,SR3,2030-03,95.865,95.8650 (,20338,169302 +,raw/wayback/calls_20260819213711.pdf,2,20260819213711
2026-08-18,FINAL,SR3,2030-06,95.84,95.8400 (,22833,154954 -,raw/wayback/calls_20260819213711.pdf,2,20260819213711
2026-08-18,FINAL,SR3,2030-09,95.81,95.8100 (,16958,134760 +,raw/wayback/calls_20260819213711.pdf,2,20260819213711
2026-08-18,FINAL,SR3,2030-12,95.775,95.7750 (,19157,122151 +,raw/wayback/calls_20260819213711.pdf,2,20260819213711
2026-08-18,FINAL,SR3,2031-03,95.735,95.7350 (,15222,70385 -,raw/wayback/calls_20260819213711.pdf,2,20260819213711
2026-08-18,FINAL,SR3,2031-06,95.695,95.6950 (,13725,39935 +,raw/wayback/calls_20260819213711.pdf,2,20260819213711
2026-08-18,FINAL,SR3,2031-09,95.655,95.6550 (,262,10970 +,raw/wayback/calls_20260819213711.pdf,2,20260819213711
2026-08-18,FINAL,SR3,2031-12,95.615,95.6150 (,105,2470 +,raw/wayback/calls_20260819213711.pdf,2,20260819213711
2026-08-18,FINAL,SR3,2032-03,95.575,95.5750 (,2,1892,raw/wayback/calls_20260819213711.pdf,2,20260819213711
2026-08-18,FINAL,SR3,2032-06,95.54,95.5400 (,11,730 +,raw/wayback/calls_20260819213711.pdf,2,20260819213711
2026-08-18,FINAL,SR3,2032-09,95.505,95.5050 (,----,86,raw/wayback/calls_20260819213711.pdf,2,20260819213711
2026-08-18,FINAL,SR3,2032-12,95.47,95.4700 (,----,78,raw/wayback/calls_20260819213711.pdf,2,20260819213711
2026-08-18,FINAL,SR3,2033-03,95.435,95.4350 (,----,6,raw/wayback/calls_20260819213711.pdf,2,20260819213711
2026-08-18,FINAL,SR3,2033-12,95.335,95.3350 (,----,5,raw/wayback/calls_20260819213711.pdf,2,20260819213711
2026-08-20,FINAL,SR1,2026-08,96.3625,96.3625,38141,425464 -,raw/wayback/calls_20260821213714.pdf,2,20260821213714
2026-08-20,FINAL,SR1,2026-09,96.32,96.3200,37988,280502 -,raw/wayback/calls_20260821213714.pdf,2,20260821213714
2026-08-20,FINAL,SR1,2026-10,96.255,96.2550,42171,199988 +,raw/wayback/calls_20260821213714.pdf,2,20260821213714
2026-08-20,FINAL,SR1,2026-11,96.21,96.2100,51324,154045 +,raw/wayback/calls_20260821213714.pdf,2,20260821213714
2026-08-20,FINAL,SR1,2026-12,96.13,96.1300,18177,127916 +,raw/wayback/calls_20260821213714.pdf,2,20260821213714
2026-08-20,FINAL,SR1,2027-01,96.105,96.1050,20267,117956 +,raw/wayback/calls_20260821213714.pdf,2,20260821213714
2026-08-20,FINAL,SR1,2027-02,96.075,96.0750,13494,53441 +,raw/wayback/calls_20260821213714.pdf,2,20260821213714
2026-08-20,FINAL,SR1,2027-03,96.045,96.0450,2730,20078 +,raw/wayback/calls_20260821213714.pdf,2,20260821213714
2026-08-20,FINAL,SR1,2027-04,96.015,96.0150,2531,24842 +,raw/wayback/calls_20260821213714.pdf,2,20260821213714
2026-08-20,FINAL,SR1,2027-05,95.99,95.9900,2109,23391 -,raw/wayback/calls_20260821213714.pdf,2,20260821213714
2026-08-20,FINAL,SR1,2027-06,95.965,95.9650,670,2949 -,raw/wayback/calls_20260821213714.pdf,2,20260821213714
2026-08-20,FINAL,SR1,2027-07,95.96,95.9600,617,5627 +,raw/wayback/calls_20260821213714.pdf,2,20260821213714
2026-08-20,FINAL,SR1,2027-08,95.95,95.9500,363,2036 -,raw/wayback/calls_20260821213714.pdf,2,20260821213714
2026-08-20,FINAL,SR1,2027-09,95.945,95.9450,----,120,raw/wayback/calls_20260821213714.pdf,2,20260821213714
2026-08-20,FINAL,SR1,2027-10,95.945,95.9450,----,226,raw/wayback/calls_20260821213714.pdf,2,20260821213714
2026-08-20,FINAL,SR1,2027-11,95.95,95.9500,----,10,raw/wayback/calls_20260821213714.pdf,2,20260821213714
2026-08-20,FINAL,SR3,2026-05,96.3641,96.3641,----,-,raw/wayback/calls_20260821213714.pdf,2,20260821213714
2026-08-20,FINAL,SR3,2026-06,96.355,96.3550,113924,1310645 -,raw/wayback/calls_20260821213714.pdf,2,20260821213714
2026-08-20,FINAL,SR3,2026-07,96.315,96.3150,5,7279 +,raw/wayback/calls_20260821213714.pdf,2,20260821213714
2026-08-20,FINAL,SR3,2026-08,96.2675,96.2675,1393,3337 +,raw/wayback/calls_20260821213714.pdf,2,20260821213714
2026-08-20,FINAL,SR3,2026-09,96.2125,96.2125,389932,1272851 -,raw/wayback/calls_20260821213714.pdf,2,20260821213714
2026-08-20,FINAL,SR3,2026-10,96.15,96.1500,3,1422,raw/wayback/calls_20260821213714.pdf,2,20260821213714
2026-08-20,FINAL,SR3,2026-11,96.11,96.1100,----,178,raw/wayback/calls_20260821213714.pdf,2,20260821213714
2026-08-20,FINAL,SR3,2026-12,96.07,96.0700,377724,1691819 +,raw/wayback/calls_20260821213714.pdf,2,20260821213714
2026-08-20,FINAL,SR3,2027-01,96.04,96.0400,----,643,raw/wayback/calls_20260821213714.pdf,2,20260821213714
2026-08-20,FINAL,SR3,2027-03,95.985,95.9850,314116,1079955 +,raw/wayback/calls_20260821213714.pdf,2,20260821213714
2026-08-20,FINAL,SR3,2027-06,95.94,95.9400,294474,1189647 +,raw/wayback/calls_20260821213714.pdf,2,20260821213714
2026-08-20,FINAL,SR3,2027-09,95.93,95.9300,246697,890588 -,raw/wayback/calls_20260821213714.pdf,2,20260821213714
2026-08-20,FINAL,SR3,2027-12,95.945,95.9450,288977,1378746 -,raw/wayback/calls_20260821213714.pdf,2,20260821213714
2026-08-20,FINAL,SR3,2028-03,95.955,95.9550,191431,696681 -,raw/wayback/calls_20260821213714.pdf,2,20260821213714
2026-08-20,FINAL,SR3,2028-06,95.955,95.9550 (,219237,714330 +,raw/wayback/calls_20260821213714.pdf,2,20260821213714
2026-08-20,FINAL,SR3,2028-09,95.945,95.9450 (,124917,521927 -,raw/wayback/calls_20260821213714.pdf,2,20260821213714
2026-08-20,FINAL,SR3,2028-12,95.93,95.9300 (,131079,446375 +,raw/wayback/calls_20260821213714.pdf,2,20260821213714
2026-08-20,FINAL,SR3,2029-03,95.91,95.9100 (,89381,368501 -,raw/wayback/calls_20260821213714.pdf,2,20260821213714
2026-08-20,FINAL,SR3,2029-06,95.895,95.8950 (,77162,342129 +,raw/wayback/calls_20260821213714.pdf,2,20260821213714
2026-08-20,FINAL,SR3,2029-09,95.88,95.8800 (,35264,233929 +,raw/wayback/calls_20260821213714.pdf,2,20260821213714
2026-08-20,FINAL,SR3,2029-12,95.865,95.8650 (,53217,224743 +,raw/wayback/calls_20260821213714.pdf,2,20260821213714
2026-08-20,FINAL,SR3,2030-03,95.845,95.8450 (,26549,171190 +,raw/wayback/calls_20260821213714.pdf,2,20260821213714
2026-08-20,FINAL,SR3,2030-06,95.82,95.8200 (,33198,159387 +,raw/wayback/calls_20260821213714.pdf,2,20260821213714
2026-08-20,FINAL,SR3,2030-09,95.79,95.7900 (,22184,130388 +,raw/wayback/calls_20260821213714.pdf,2,20260821213714
2026-08-20,FINAL,SR3,2030-12,95.76,95.7600 (,42443,120965 -,raw/wayback/calls_20260821213714.pdf,2,20260821213714
2026-08-20,FINAL,SR3,2031-03,95.725,95.7250 (,27425,73721 +,raw/wayback/calls_20260821213714.pdf,2,20260821213714
2026-08-20,FINAL,SR3,2031-06,95.69,95.6900 (,22875,40889 +,raw/wayback/calls_20260821213714.pdf,2,20260821213714
2026-08-20,FINAL,SR3,2031-09,95.65,95.6500 (,454,11325 +,raw/wayback/calls_20260821213714.pdf,2,20260821213714
2026-08-20,FINAL,SR3,2031-12,95.61,95.6100 (,270,2332 -,raw/wayback/calls_20260821213714.pdf,2,20260821213714
2026-08-20,FINAL,SR3,2032-03,95.57,95.5700 (,1,1936 -,raw/wayback/calls_20260821213714.pdf,2,20260821213714
2026-08-20,FINAL,SR3,2032-06,95.535,95.5350 (,1,804,raw/wayback/calls_20260821213714.pdf,2,20260821213714
2026-08-20,FINAL,SR3,2032-09,95.5,95.5000 (,----,104,raw/wayback/calls_20260821213714.pdf,2,20260821213714
2026-08-20,FINAL,SR3,2032-12,95.465,95.4650 (,4,96,raw/wayback/calls_20260821213714.pdf,2,20260821213714
2026-08-20,FINAL,SR3,2033-03,95.43,95.4300 (,----,6,raw/wayback/calls_20260821213714.pdf,2,20260821213714
2026-08-20,FINAL,SR3,2033-12,95.33,95.3300 (,----,11,raw/wayback/calls_20260821213714.pdf,2,20260821213714
2026-08-24,FINAL,SR1,2026-08,96.3575,96.3575,55011,422907 -,raw/wayback/calls_20260825230157.pdf,2,20260825230157
2026-08-24,FINAL,SR1,2026-09,96.31,96.3100,53652,280761 -,raw/wayback/calls_20260825230157.pdf,2,20260825230157
2026-08-24,FINAL,SR1,2026-10,96.24,96.2400,82343,233107 +,raw/wayback/calls_20260825230157.pdf,2,20260825230157
2026-08-24,FINAL,SR1,2026-11,96.18,96.1800,58137,181013 +,raw/wayback/calls_20260825230157.pdf,2,20260825230157
2026-08-24,FINAL,SR1,2026-12,96.085,96.0850,23717,136180 +,raw/wayback/calls_20260825230157.pdf,2,20260825230157
2026-08-24,FINAL,SR1,2027-01,96.055,96.0550,11764,117234 +,raw/wayback/calls_20260825230157.pdf,2,20260825230157
2026-08-24,FINAL,SR1,2027-02,96.025,96.0250,14844,58772 +,raw/wayback/calls_20260825230157.pdf,2,20260825230157
2026-08-24,FINAL,SR1,2027-03,95.99,95.9900,1459,19706 -,raw/wayback/calls_20260825230157.pdf,2,20260825230157
2026-08-24,FINAL,SR1,2027-04,95.955,95.9550,3355,24516 -,raw/wayback/calls_20260825230157.pdf,2,20260825230157
2026-08-24,FINAL,SR1,2027-05,95.93,95.9300,1697,22034 -,raw/wayback/calls_20260825230157.pdf,2,20260825230157
2026-08-24,FINAL,SR1,2027-06,95.9,95.9000,620,3281 +,raw/wayback/calls_20260825230157.pdf,2,20260825230157
2026-08-24,FINAL,SR1,2027-07,95.89,95.8900,483,5591 +,raw/wayback/calls_20260825230157.pdf,2,20260825230157
2026-08-24,FINAL,SR1,2027-08,95.885,95.8850,1026,2581 +,raw/wayback/calls_20260825230157.pdf,2,20260825230157
2026-08-24,FINAL,SR1,2027-09,95.88,95.8800,----,120,raw/wayback/calls_20260825230157.pdf,2,20260825230157
2026-08-24,FINAL,SR1,2027-10,95.885,95.8850,36,582 +,raw/wayback/calls_20260825230157.pdf,2,20260825230157
2026-08-24,FINAL,SR1,2027-11,95.89,95.8900,----,10,raw/wayback/calls_20260825230157.pdf,2,20260825230157
2026-08-24,FINAL,SR3,2026-06,96.3525,96.3525,14504,1314716 -,raw/wayback/calls_20260825230157.pdf,2,20260825230157
2026-08-24,FINAL,SR3,2026-07,96.3075,96.3075,103,7185 -,raw/wayback/calls_20260825230157.pdf,2,20260825230157
2026-08-24,FINAL,SR3,2026-08,96.2525,96.2525,3,3359 +,raw/wayback/calls_20260825230157.pdf,2,20260825230157
2026-08-24,FINAL,SR3,2026-09,96.1875,96.1875,427606,1249966 -,raw/wayback/calls_20260825230157.pdf,2,20260825230157
2026-08-24,FINAL,SR3,2026-10,96.115,96.1150,705,1838 +,raw/wayback/calls_20260825230157.pdf,2,20260825230157
2026-08-24,FINAL,SR3,2026-11,96.065,96.0650,10,188 +,raw/wayback/calls_20260825230157.pdf,2,20260825230157
2026-08-24,FINAL,SR3,2026-12,96.025,96.0250,364519,1708743 +,raw/wayback/calls_20260825230157.pdf,2,20260825230157
2026-08-24,FINAL,SR3,2027-01,95.99,95.9900,----,643,raw/wayback/calls_20260825230157.pdf,2,20260825230157
2026-08-24,FINAL,SR3,2027-03,95.92,95.9200,246713,1093170 +,raw/wayback/calls_20260825230157.pdf,2,20260825230157
2026-08-24,FINAL,SR3,2027-06,95.87,95.8700,255540,1188353 -,raw/wayback/calls_20260825230157.pdf,2,20260825230157
2026-08-24,FINAL,SR3,2027-09,95.87,95.8700,204355,908989 +,raw/wayback/calls_20260825230157.pdf,2,20260825230157
2026-08-24,FINAL,SR3,2027-12,95.9,95.9000,198685,1373170 +,raw/wayback/calls_20260825230157.pdf,2,20260825230157
2026-08-24,FINAL,SR3,2028-03,95.92,95.9200,180661,691852 -,raw/wayback/calls_20260825230157.pdf,2,20260825230157
2026-08-24,FINAL,SR3,2028-06,95.93,95.9300,257724,680590 -,raw/wayback/calls_20260825230157.pdf,2,20260825230157
2026-08-24,FINAL,SR3,2028-09,95.925,95.9250,106529,507955 -,raw/wayback/calls_20260825230157.pdf,2,20260825230157
2026-08-24,FINAL,SR3,2028-12,95.915,95.9150,103254,454934 +,raw/wayback/calls_20260825230157.pdf,2,20260825230157
2026-08-24,FINAL,SR3,2029-03,95.9,95.9000,77214,373612 -,raw/wayback/calls_20260825230157.pdf,2,20260825230157
2026-08-24,FINAL,SR3,2029-06,95.89,95.8900,86046,333913 -,raw/wayback/calls_20260825230157.pdf,2,20260825230157
2026-08-24,FINAL,SR3,2029-09,95.875,95.8750,38134,230031 -,raw/wayback/calls_20260825230157.pdf,2,20260825230157
2026-08-24,FINAL,SR3,2029-12,95.855,95.8550,43322,226899 +,raw/wayback/calls_20260825230157.pdf,2,20260825230157
2026-08-24,FINAL,SR3,2030-03,95.835,95.8350,29631,167407 -,raw/wayback/calls_20260825230157.pdf,2,20260825230157
2026-08-24,FINAL,SR3,2030-06,95.815,95.8150,31621,159237 +,raw/wayback/calls_20260825230157.pdf,2,20260825230157
2026-08-24,FINAL,SR3,2030-09,95.79,95.7900,25519,130207 +,raw/wayback/calls_20260825230157.pdf,2,20260825230157
2026-08-24,FINAL,SR3,2030-12,95.755,95.7550,50534,121054 +,raw/wayback/calls_20260825230157.pdf,2,20260825230157
2026-08-24,FINAL,SR3,2031-03,95.72,95.7200,21053,72420 +,raw/wayback/calls_20260825230157.pdf,2,20260825230157
2026-08-24,FINAL,SR3,2031-06,95.685,95.6850,18678,40345 +,raw/wayback/calls_20260825230157.pdf,2,20260825230157
2026-08-24,FINAL,SR3,2031-09,95.645,95.6450,762,11567 +,raw/wayback/calls_20260825230157.pdf,2,20260825230157
2026-08-24,FINAL,SR3,2031-12,95.605,95.6050,71,2633 -,raw/wayback/calls_20260825230157.pdf,2,20260825230157
2026-08-24,FINAL,SR3,2032-03,95.565,95.5650,8,1936,raw/wayback/calls_20260825230157.pdf,2,20260825230157
2026-08-24,FINAL,SR3,2032-06,95.53,95.5300 (,33,806 +,raw/wayback/calls_20260825230157.pdf,2,20260825230157
2026-08-24,FINAL,SR3,2032-09,95.495,95.4950 (,34,91 -,raw/wayback/calls_20260825230157.pdf,2,20260825230157
2026-08-24,FINAL,SR3,2032-12,95.46,95.4600 (,8,99 +,raw/wayback/calls_20260825230157.pdf,2,20260825230157
2026-08-24,FINAL,SR3,2033-03,95.425,95.4250 (,----,6,raw/wayback/calls_20260825230157.pdf,2,20260825230157
2026-08-24,FINAL,SR3,2033-12,95.325,95.3250 (,----,11,raw/wayback/calls_20260825230157.pdf,2,20260825230157
2026-08-25,FINAL,SR1,2026-08,96.3575,96.3575,32197,434760 +,raw/wayback/calls_20260827020702.pdf,2,20260827020702
2026-08-25,FINAL,SR1,2026-09,96.31,96.3100,37628,292794 +,raw/wayback/calls_20260827020702.pdf,2,20260827020702
2026-08-25,FINAL,SR1,2026-10,96.245,96.2450,54214,247121 +,raw/wayback/calls_20260827020702.pdf,2,20260827020702
2026-08-25,FINAL,SR1,2026-11,96.185,96.1850,56094,196040 +,raw/wayback/calls_20260827020702.pdf,2,20260827020702
2026-08-25,FINAL,SR1,2026-12,96.1,96.1000,35671,149825 +,raw/wayback/calls_20260827020702.pdf,2,20260827020702
2026-08-25,FINAL,SR1,2027-01,96.07,96.0700,24238,124246 +,raw/wayback/calls_20260827020702.pdf,2,20260827020702
2026-08-25,FINAL,SR1,2027-02,96.045,96.0450,16775,61697 +,raw/wayback/calls_20260827020702.pdf,2,20260827020702
2026-08-25,FINAL,SR1,2027-03,96.015,96.0150,2564,19895 +,raw/wayback/calls_20260827020702.pdf,2,20260827020702
2026-08-25,FINAL,SR1,2027-04,95.985,95.9850,3234,24363 -,raw/wayback/calls_20260827020702.pdf,2,20260827020702
2026-08-25,FINAL,SR1,2027-05,95.965,95.9650,1979,22025 -,raw/wayback/calls_20260827020702.pdf,2,20260827020702
2026-08-25,FINAL,SR1,2027-06,95.94,95.9400,1403,4111 +,raw/wayback/calls_20260827020702.pdf,2,20260827020702
2026-08-25,FINAL,SR1,2027-07,95.935,95.9350,538,5803 +,raw/wayback/calls_20260827020702.pdf,2,20260827020702
2026-08-25,FINAL,SR1,2027-08,95.935,95.9350,418,2426 -,raw/wayback/calls_20260827020702.pdf,2,20260827020702
2026-08-25,FINAL,SR1,2027-09,95.93,95.9300,----,120,raw/wayback/calls_20260827020702.pdf,2,20260827020702
2026-08-25,FINAL,SR1,2027-10,95.935,95.9350,----,582,raw/wayback/calls_20260827020702.pdf,2,20260827020702
2026-08-25,FINAL,SR1,2027-11,95.94,95.9400,----,10,raw/wayback/calls_20260827020702.pdf,2,20260827020702
2026-08-25,FINAL,SR3,2026-06,96.355,96.3550,25961,1317019 +,raw/wayback/calls_20260827020702.pdf,2,20260827020702
2026-08-25,FINAL,SR3,2026-07,96.31,96.3100,191,7376 +,raw/wayback/calls_20260827020702.pdf,2,20260827020702
2026-08-25,FINAL,SR3,2026-08,96.255,96.2550,668,3600 +,raw/wayback/calls_20260827020702.pdf,2,20260827020702
2026-08-25,FINAL,SR3,2026-09,96.195,96.1950,550531,1246513 -,raw/wayback/calls_20260827020702.pdf,2,20260827020702
2026-08-25,FINAL,SR3,2026-10,96.12,96.1200,116,1822 -,raw/wayback/calls_20260827020702.pdf,2,20260827020702
2026-08-25,FINAL,SR3,2026-11,96.07,96.0700,----,188,raw/wayback/calls_20260827020702.pdf,2,20260827020702
2026-08-25,FINAL,SR3,2026-12,96.04,96.0400,398141,1721663 +,raw/wayback/calls_20260827020702.pdf,2,20260827020702
2026-08-25,FINAL,SR3,2027-01,96.005,96.0050,----,643,raw/wayback/calls_20260827020702.pdf,2,20260827020702
2026-08-25,FINAL,SR3,2027-03,95.955,95.9550,298299,1092215 -,raw/wayback/calls_20260827020702.pdf,2,20260827020702
2026-08-25,FINAL,SR3,2027-06,95.915,95.9150,310155,1191516 +,raw/wayback/calls_20260827020702.pdf,2,20260827020702
2026-08-25,FINAL,SR3,2027-09,95.92,95.9200,252455,902336 -,raw/wayback/calls_20260827020702.pdf,2,20260827020702
2026-08-25,FINAL,SR3,2027-12,95.95,95.9500,292850,1357395 -,raw/wayback/calls_20260827020702.pdf,2,20260827020702
2026-08-25,FINAL,SR3,2028-03,95.975,95.9750,188662,693222 +,raw/wayback/calls_20260827020702.pdf,2,20260827020702
2026-08-25,FINAL,SR3,2028-06,95.985,95.9850,299099,663989 -,raw/wayback/calls_20260827020702.pdf,2,20260827020702
2026-08-25,FINAL,SR3,2028-09,95.985,95.9850,117542,503553 -,raw/wayback/calls_20260827020702.pdf,2,20260827020702
2026-08-25,FINAL,SR3,2028-12,95.975,95.9750,141185,444692 -,raw/wayback/calls_20260827020702.pdf,2,20260827020702
2026-08-25,FINAL,SR3,2029-03,95.965,95.9650 (,83129,372893 -,raw/wayback/calls_20260827020702.pdf,2,20260827020702
2026-08-25,FINAL,SR3,2029-06,95.955,95.9550 (,84237,333571 -,raw/wayback/calls_20260827020702.pdf,2,20260827020702
2026-08-25,FINAL,SR3,2029-09,95.94,95.9400 (,44384,225963 -,raw/wayback/calls_20260827020702.pdf,2,20260827020702
2026-08-25,FINAL,SR3,2029-12,95.92,95.9200 (,49772,234575 +,raw/wayback/calls_20260827020702.pdf,2,20260827020702
2026-08-25,FINAL,SR3,2030-03,95.9,95.9000 (,30601,165705 -,raw/wayback/calls_20260827020702.pdf,2,20260827020702
2026-08-25,FINAL,SR3,2030-06,95.88,95.8800 (,34137,160320 +,raw/wayback/calls_20260827020702.pdf,2,20260827020702
2026-08-25,FINAL,SR3,2030-09,95.855,95.8550 (,28433,131118 +,raw/wayback/calls_20260827020702.pdf,2,20260827020702
2026-08-25,FINAL,SR3,2030-12,95.82,95.8200 (,44914,125611 +,raw/wayback/calls_20260827020702.pdf,2,20260827020702
2026-08-25,FINAL,SR3,2031-03,95.785,95.7850 (,21982,73099 +,raw/wayback/calls_20260827020702.pdf,2,20260827020702
2026-08-25,FINAL,SR3,2031-06,95.75,95.7500 (,24226,49002 +,raw/wayback/calls_20260827020702.pdf,2,20260827020702
2026-08-25,FINAL,SR3,2031-09,95.71,95.7100 (,595,11566 -,raw/wayback/calls_20260827020702.pdf,2,20260827020702
2026-08-25,FINAL,SR3,2031-12,95.67,95.6700 (,123,2677 +,raw/wayback/calls_20260827020702.pdf,2,20260827020702
2026-08-25,FINAL,SR3,2032-03,95.63,95.6300 (,52,1988 +,raw/wayback/calls_20260827020702.pdf,2,20260827020702
2026-08-25,FINAL,SR3,2032-06,95.595,95.5950 (,62,868 +,raw/wayback/calls_20260827020702.pdf,2,20260827020702
2026-08-25,FINAL,SR3,2032-09,95.56,95.5600 (,3,91,raw/wayback/calls_20260827020702.pdf,2,20260827020702
2026-08-25,FINAL,SR3,2032-12,95.525,95.5250 (,----,99,raw/wayback/calls_20260827020702.pdf,2,20260827020702
2026-08-25,FINAL,SR3,2033-03,95.49,95.4900 (,----,6,raw/wayback/calls_20260827020702.pdf,2,20260827020702
2026-08-25,FINAL,SR3,2033-12,95.39,95.3900 (,----,11,raw/wayback/calls_20260827020702.pdf,2,20260827020702
2026-08-27,FINAL,SR1,2026-08,96.36,96.3600,5844,433060 +,raw/wayback/calls_20260829031841.pdf,2,20260829031841
2026-08-27,FINAL,SR1,2026-09,96.325,96.3250,66199,299168 -,raw/wayback/calls_20260829031841.pdf,2,20260829031841
2026-08-27,FINAL,SR1,2026-10,96.26,96.2600,93693,270974 +,raw/wayback/calls_20260829031841.pdf,2,20260829031841
2026-08-27,FINAL,SR1,2026-11,96.195,96.1950,65580,222412 +,raw/wayback/calls_20260829031841.pdf,2,20260829031841
2026-08-27,FINAL,SR1,2026-12,96.095,96.0950,35728,173101 +,raw/wayback/calls_20260829031841.pdf,2,20260829031841
2026-08-27,FINAL,SR1,2027-01,96.065,96.0650,28110,120515 +,raw/wayback/calls_20260829031841.pdf,2,20260829031841
2026-08-27,FINAL,SR1,2027-02,96.03,96.0300,10257,65318 +,raw/wayback/calls_20260829031841.pdf,2,20260829031841
2026-08-27,FINAL,SR1,2027-03,95.99,95.9900,1711,18143 -,raw/wayback/calls_20260829031841.pdf,2,20260829031841
2026-08-27,FINAL,SR1,2027-04,95.955,95.9550,1969,24446 +,raw/wayback/calls_20260829031841.pdf,2,20260829031841
2026-08-27,FINAL,SR1,2027-05,95.93,95.9300,2131,21594 -,raw/wayback/calls_20260829031841.pdf,2,20260829031841
2026-08-27,FINAL,SR1,2027-06,95.905,95.9050,922,3819 -,raw/wayback/calls_20260829031841.pdf,2,20260829031841
2026-08-27,FINAL,SR1,2027-07,95.895,95.8950,914,5773 -,raw/wayback/calls_20260829031841.pdf,2,20260829031841
2026-08-27,FINAL,SR1,2027-08,95.895,95.8950,292,2532 +,raw/wayback/calls_20260829031841.pdf,2,20260829031841
2026-08-27,FINAL,SR1,2027-09,95.89,95.8900,----,120,raw/wayback/calls_20260829031841.pdf,2,20260829031841
2026-08-27,FINAL,SR1,2027-10,95.89,95.8900,----,586,raw/wayback/calls_20260829031841.pdf,2,20260829031841
2026-08-27,FINAL,SR1,2027-11,95.895,95.8950,----,10,raw/wayback/calls_20260829031841.pdf,2,20260829031841
2026-08-27,FINAL,SR3,2026-06,96.3525,96.3525,56008,1326680 -,raw/wayback/calls_20260829031841.pdf,2,20260829031841
2026-08-27,FINAL,SR3,2026-07,96.3175,96.3175,12,8983 +,raw/wayback/calls_20260829031841.pdf,2,20260829031841
2026-08-27,FINAL,SR3,2026-08,96.265,96.2650,----,3617 +,raw/wayback/calls_20260829031841.pdf,2,20260829031841
2026-08-27,FINAL,SR3,2026-09,96.205,96.2050,487446,1284968 +,raw/wayback/calls_20260829031841.pdf,2,20260829031841
2026-08-27,FINAL,SR3,2026-10,96.125,96.1250 (,16,1726 +,raw/wayback/calls_20260829031841.pdf,2,20260829031841
2026-08-27,FINAL,SR3,2026-11,96.075,96.0750 (,----,188,raw/wayback/calls_20260829031841.pdf,2,20260829031841
2026-08-27,FINAL,SR3,2026-12,96.03,96.0300 (,319270,1739871 +,raw/wayback/calls_20260829031841.pdf,2,20260829031841
2026-08-27,FINAL,SR3,2027-01,95.995,95.9950 (,200,643,raw/wayback/calls_20260829031841.pdf,2,20260829031841
2026-08-27,FINAL,SR3,2027-02,95.965,95.9650 (,400,400 +,raw/wayback/calls_20260829031841.pdf,2,20260829031841
2026-08-27,FINAL,SR3,2027-03,95.925,95.9250 (,229994,1111143 +,raw/wayback/calls_20260829031841.pdf,2,20260829031841
2026-08-27,FINAL,SR3,2027-06,95.875,95.8750 (,238319,1202049 -,raw/wayback/calls_20260829031841.pdf,2,20260829031841
2026-08-27,FINAL,SR3,2027-09,95.875,95.8750 (,199243,895985 -,raw/wayback/calls_20260829031841.pdf,2,20260829031841
2026-08-27,FINAL,SR3,2027-12,95.905,95.9050 (,249104,1315368 -,raw/wayback/calls_20260829031841.pdf,2,20260829031841
2026-08-27,FINAL,SR3,2028-03,95.925,95.9250 (,155589,675003 -,raw/wayback/calls_20260829031841.pdf,2,20260829031841
2026-08-27,FINAL,SR3,2028-06,95.93,95.9300 (,241917,637566 -,raw/wayback/calls_20260829031841.pdf,2,20260829031841
2026-08-27,FINAL,SR3,2028-09,95.93,95.9300 (,93644,492224 +,raw/wayback/calls_20260829031841.pdf,2,20260829031841
2026-08-27,FINAL,SR3,2028-12,95.925,95.9250 (,104124,451737 -,raw/wayback/calls_20260829031841.pdf,2,20260829031841
2026-08-27,FINAL,SR3,2029-03,95.915,95.9150 (,74015,374701 +,raw/wayback/calls_20260829031841.pdf,2,20260829031841
2026-08-27,FINAL,SR3,2029-06,95.905,95.9050 (,75215,330964 -,raw/wayback/calls_20260829031841.pdf,2,20260829031841
2026-08-27,FINAL,SR3,2029-09,95.89,95.8900 (,42170,230696 +,raw/wayback/calls_20260829031841.pdf,2,20260829031841
2026-08-27,FINAL,SR3,2029-12,95.875,95.8750 (,32059,218987 +,raw/wayback/calls_20260829031841.pdf,2,20260829031841
2026-08-27,FINAL,SR3,2030-03,95.86,95.8600 (,31886,163321 -,raw/wayback/calls_20260829031841.pdf,2,20260829031841
2026-08-27,FINAL,SR3,2030-06,95.84,95.8400 (,30446,154253 +,raw/wayback/calls_20260829031841.pdf,2,20260829031841
2026-08-27,FINAL,SR3,2030-09,95.815,95.8150 (,27441,127980 -,raw/wayback/calls_20260829031841.pdf,2,20260829031841
2026-08-27,FINAL,SR3,2030-12,95.785,95.7850 (,34307,132003 +,raw/wayback/calls_20260829031841.pdf,2,20260829031841
2026-08-27,FINAL,SR3,2031-03,95.755,95.7550 (,23701,74386 +,raw/wayback/calls_20260829031841.pdf,2,20260829031841
2026-08-27,FINAL,SR3,2031-06,95.72,95.7200 (,23367,43491 +,raw/wayback/calls_20260829031841.pdf,2,20260829031841
2026-08-27,FINAL,SR3,2031-09,95.68,95.6800 (,358,11847 -,raw/wayback/calls_20260829031841.pdf,2,20260829031841
2026-08-27,FINAL,SR3,2031-12,95.64,95.6400 (,63,2861 +,raw/wayback/calls_20260829031841.pdf,2,20260829031841
2026-08-27,FINAL,SR3,2032-03,95.6,95.6000 (,----,1988,raw/wayback/calls_20260829031841.pdf,2,20260829031841
2026-08-27,FINAL,SR3,2032-06,95.565,95.5650 (,27,868,raw/wayback/calls_20260829031841.pdf,2,20260829031841
2026-08-27,FINAL,SR3,2032-09,95.53,95.5300 (,----,91,raw/wayback/calls_20260829031841.pdf,2,20260829031841
2026-08-27,FINAL,SR3,2032-12,95.495,95.4950 (,----,99,raw/wayback/calls_20260829031841.pdf,2,20260829031841
2026-08-27,FINAL,SR3,2033-03,95.46,95.4600 (,----,6,raw/wayback/calls_20260829031841.pdf,2,20260829031841
2026-08-27,FINAL,SR3,2033-12,95.36,95.3600 (,----,11,raw/wayback/calls_20260829031841.pdf,2,20260829031841
2026-08-28,FINAL,SR1,2026-08,96.36,96.3600,4655,433241 +,raw/wayback/calls_20260901004348.pdf,2,20260901004348
2026-08-28,FINAL,SR1,2026-09,96.3,96.3000,61714,307289 +,raw/wayback/calls_20260901004348.pdf,2,20260901004348
2026-08-28,FINAL,SR1,2026-10,96.205,96.2050,111801,272682 +,raw/wayback/calls_20260901004348.pdf,2,20260901004348
2026-08-28,FINAL,SR1,2026-11,96.13,96.1300,80199,211227 -,raw/wayback/calls_20260901004348.pdf,2,20260901004348
2026-08-28,FINAL,SR1,2026-12,96.0,96.0000,32705,151092 -,raw/wayback/calls_20260901004348.pdf,2,20260901004348
2026-08-28,FINAL,SR1,2027-01,95.95,95.9500 (,40422,119774 -,raw/wayback/calls_20260901004348.pdf,2,20260901004348
2026-08-28,FINAL,SR1,2027-02,95.905,95.9050 (,28022,66024 +,raw/wayback/calls_20260901004348.pdf,2,20260901004348
2026-08-28,FINAL,SR1,2027-03,95.86,95.8600 (,3994,18569 +,raw/wayback/calls_20260901004348.pdf,2,20260901004348
2026-08-28,FINAL,SR1,2027-04,95.815,95.8150 (,4230,24402 -,raw/wayback/calls_20260901004348.pdf,2,20260901004348
2026-08-28,FINAL,SR1,2027-05,95.78,95.7800 (,3502,21593 -,raw/wayback/calls_20260901004348.pdf,2,20260901004348
2026-08-28,FINAL,SR1,2027-06,95.755,95.7550 (,631,4032 +,raw/wayback/calls_20260901004348.pdf,2,20260901004348
2026-08-28,FINAL,SR1,2027-07,95.745,95.7450 (,418,5896 +,raw/wayback/calls_20260901004348.pdf,2,20260901004348
2026-08-28,FINAL,SR1,2027-08,95.745,95.7450 (,492,2496 -,raw/wayback/calls_20260901004348.pdf,2,20260901004348
2026-08-28,FINAL,SR1,2027-09,95.74,95.7400 (,37,121 +,raw/wayback/calls_20260901004348.pdf,2,20260901004348
2026-08-28,FINAL,SR1,2027-10,95.74,95.7400 (,1,586,raw/wayback/calls_20260901004348.pdf,2,20260901004348
2026-08-28,FINAL,SR1,2027-11,95.755,95.7550 (,----,10,raw/wayback/calls_20260901004348.pdf,2,20260901004348
2026-08-28,FINAL,SR3,2026-06,96.3525,96.3525 (,27353,1340956 +,raw/wayback/calls_20260901004348.pdf,2,20260901004348
2026-08-28,FINAL,SR3,2026-07,96.3,96.3000 (,82,8993 +,raw/wayback/calls_20260901004348.pdf,2,20260901004348
2026-08-28,FINAL,SR3,2026-08,96.23,96.2300 (,----,3600 -,raw/wayback/calls_20260901004348.pdf,2,20260901004348
2026-08-28,FINAL,SR3,2026-09,96.14,96.1400 (,895677,1270143 -,raw/wayback/calls_20260901004348.pdf,2,20260901004348
2026-08-28,FINAL,SR3,2026-10,96.045,96.0450 (,155,1727 +,raw/wayback/calls_20260901004348.pdf,2,20260901004348
2026-08-28,FINAL,SR3,2026-11,95.97,95.9700 (,95,283 +,raw/wayback/calls_20260901004348.pdf,2,20260901004348
2026-08-28,FINAL,SR3,2026-12,95.91,95.9100 (,956204,1757566 +,raw/wayback/calls_20260901004348.pdf,2,20260901004348
2026-08-28,FINAL,SR3,2027-01,95.86,95.8600 (,2,643,raw/wayback/calls_20260901004348.pdf,2,20260901004348
2026-08-28,FINAL,SR3,2027-02,95.82,95.8200 (,----,400,raw/wayback/calls_20260901004348.pdf,2,20260901004348
2026-08-28,FINAL,SR3,2027-03,95.775,95.7750 (,603224,1112953 +,raw/wayback/calls_20260901004348.pdf,2,20260901004348
2026-08-28,FINAL,SR3,2027-06,95.72,95.7200 (,593863,1199251 -,raw/wayback/calls_20260901004348.pdf,2,20260901004348
2026-08-28,FINAL,SR3,2027-09,95.73,95.7300 (,459519,908627 +,raw/wayback/calls_20260901004348.pdf,2,20260901004348
2026-08-28,FINAL,SR3,2027-12,95.775,95.7750 (,510033,1320469 +,raw/wayback/calls_20260901004348.pdf,2,20260901004348
2026-08-28,FINAL,SR3,2028-03,95.81,95.8100 (,335837,670899 -,raw/wayback/calls_20260901004348.pdf,2,20260901004348
2026-08-28,FINAL,SR3,2028-06,95.825,95.8250 (,362795,624526 -,raw/wayback/calls_20260901004348.pdf,2,20260901004348
2026-08-28,FINAL,SR3,2028-09,95.835,95.8350 (,180068,484558 -,raw/wayback/calls_20260901004348.pdf,2,20260901004348
2026-08-28,FINAL,SR3,2028-12,95.84,95.8400 (,168070,440396 -,raw/wayback/calls_20260901004348.pdf,2,20260901004348
2026-08-28,FINAL,SR3,2029-03,95.84,95.8400 (,116406,366000 -,raw/wayback/calls_20260901004348.pdf,2,20260901004348
2026-08-28,FINAL,SR3,2029-06,95.835,95.8350 (,107371,329986 -,raw/wayback/calls_20260901004348.pdf,2,20260901004348
2026-08-28,FINAL,SR3,2029-09,95.83,95.8300 (,53812,237809 +,raw/wayback/calls_20260901004348.pdf,2,20260901004348
2026-08-28,FINAL,SR3,2029-12,95.82,95.8200 (,55797,224705 +,raw/wayback/calls_20260901004348.pdf,2,20260901004348
2026-08-28,FINAL,SR3,2030-03,95.81,95.8100 (,41401,165073 +,raw/wayback/calls_20260901004348.pdf,2,20260901004348
2026-08-28,FINAL,SR3,2030-06,95.795,95.7950 (,46001,149797 -,raw/wayback/calls_20260901004348.pdf,2,20260901004348
2026-08-28,FINAL,SR3,2030-09,95.775,95.7750 (,31165,127236 -,raw/wayback/calls_20260901004348.pdf,2,20260901004348
2026-08-28,FINAL,SR3,2030-12,95.75,95.7500 (,40917,129930 -,raw/wayback/calls_20260901004348.pdf,2,20260901004348
2026-08-28,FINAL,SR3,2031-03,95.72,95.7200 (,36317,76015 +,raw/wayback/calls_20260901004348.pdf,2,20260901004348
2026-08-28,FINAL,SR3,2031-06,95.69,95.6900 (,29566,42834 -,raw/wayback/calls_20260901004348.pdf,2,20260901004348
2026-08-28,FINAL,SR3,2031-09,95.655,95.6550 (,662,11970 +,raw/wayback/calls_20260901004348.pdf,2,20260901004348
2026-08-28,FINAL,SR3,2031-12,95.62,95.6200 (,166,2714 -,raw/wayback/calls_20260901004348.pdf,2,20260901004348
2026-08-28,FINAL,SR3,2032-03,95.58,95.5800 (,10,1988,raw/wayback/calls_20260901004348.pdf,2,20260901004348
2026-08-28,FINAL,SR3,2032-06,95.545,95.5450 (,----,868,raw/wayback/calls_20260901004348.pdf,2,20260901004348
2026-08-28,FINAL,SR3,2032-09,95.51,95.5100 (,----,91,raw/wayback/calls_20260901004348.pdf,2,20260901004348
2026-08-28,FINAL,SR3,2032-12,95.475,95.4750 (,----,99,raw/wayback/calls_20260901004348.pdf,2,20260901004348
2026-08-28,FINAL,SR3,2033-03,95.44,95.4400 (,----,6,raw/wayback/calls_20260901004348.pdf,2,20260901004348
2026-08-28,FINAL,SR3,2033-12,95.34,95.3400 (,----,11,raw/wayback/calls_20260901004348.pdf,2,20260901004348
2026-08-31,FINAL,SR1,2026-08,96.36,96.3600,1900,433213 -,raw/wayback/calls_20260901231444.pdf,2,20260901231444
2026-08-31,FINAL,SR1,2026-09,96.2875,96.2875,37582,311999 +,raw/wayback/calls_20260901231444.pdf,2,20260901231444
2026-08-31,FINAL,SR1,2026-10,96.185,96.1850,48306,278437 +,raw/wayback/calls_20260901231444.pdf,2,20260901231444
2026-08-31,FINAL,SR1,2026-11,96.12,96.1200,42296,210615 -,raw/wayback/calls_20260901231444.pdf,2,20260901231444
2026-08-31,FINAL,SR1,2026-12,96.0,96.0000,15989,150524 -,raw/wayback/calls_20260901231444.pdf,2,20260901231444
2026-08-31,FINAL,SR1,2027-01,95.955,95.9550 (,15293,118941 -,raw/wayback/calls_20260901231444.pdf,2,20260901231444
2026-08-31,FINAL,SR1,2027-02,95.915,95.9150 (,14620,67894 +,raw/wayback/calls_20260901231444.pdf,2,20260901231444
2026-08-31,FINAL,SR1,2027-03,95.865,95.8650 (,3301,18916 +,raw/wayback/calls_20260901231444.pdf,2,20260901231444
2026-08-31,FINAL,SR1,2027-04,95.815,95.8150 (,2291,24497 +,raw/wayback/calls_20260901231444.pdf,2,20260901231444
2026-08-31,FINAL,SR1,2027-05,95.785,95.7850 (,2437,22121 +,raw/wayback/calls_20260901231444.pdf,2,20260901231444
2026-08-31,FINAL,SR1,2027-06,95.755,95.7550 (,651,4088 +,raw/wayback/calls_20260901231444.pdf,2,20260901231444
2026-08-31,FINAL,SR1,2027-07,95.745,95.7450 (,363,6010 +,raw/wayback/calls_20260901231444.pdf,2,20260901231444
2026-08-31,FINAL,SR1,2027-08,95.74,95.7400 (,246,2496,raw/wayback/calls_20260901231444.pdf,2,20260901231444
2026-08-31,FINAL,SR1,2027-09,95.735,95.7350 (,29,122 +,raw/wayback/calls_20260901231444.pdf,2,20260901231444
2026-08-31,FINAL,SR1,2027-10,95.74,95.7400 (,----,586,raw/wayback/calls_20260901231444.pdf,2,20260901231444
2026-08-31,FINAL,SR1,2027-11,95.755,95.7550 (,----,10,raw/wayback/calls_20260901231444.pdf,2,20260901231444
2026-08-31,FINAL,SR3,2026-06,96.355,96.3550 (,59169,1343413 +,raw/wayback/calls_20260901231444.pdf,2,20260901231444
2026-08-31,FINAL,SR3,2026-07,96.29,96.2900 (,6,8995 +,raw/wayback/calls_20260901231444.pdf,2,20260901231444
2026-08-31,FINAL,SR3,2026-08,96.215,96.2150 (,2,3600,raw/wayback/calls_20260901231444.pdf,2,20260901231444
2026-08-31,FINAL,SR3,2026-09,96.125,96.1250 (,555574,1294961 +,raw/wayback/calls_20260901231444.pdf,2,20260901231444
2026-08-31,FINAL,SR3,2026-10,96.03,96.0300 (,----,1727,raw/wayback/calls_20260901231444.pdf,2,20260901231444
2026-08-31,FINAL,SR3,2026-11,95.96,95.9600 (,1,283,raw/wayback/calls_20260901231444.pdf,2,20260901231444
2026-08-31,FINAL,SR3,2026-12,95.915,95.9150 (,507354,1736388 -,raw/wayback/calls_20260901231444.pdf,2,20260901231444
2026-08-31,FINAL,SR3,2027-01,95.865,95.8650 (,1,644 +,raw/wayback/calls_20260901231444.pdf,2,20260901231444
2026-08-31,FINAL,SR3,2027-02,95.825,95.8250 (,----,400,raw/wayback/calls_20260901231444.pdf,2,20260901231444
2026-08-31,FINAL,SR3,2027-03,95.785,95.7850 (,355402,1134279 +,raw/wayback/calls_20260901231444.pdf,2,20260901231444
2026-08-31,FINAL,SR3,2027-06,95.725,95.7250 (,310209,1197654 -,raw/wayback/calls_20260901231444.pdf,2,20260901231444
2026-08-31,FINAL,SR3,2027-09,95.725,95.7250 (,258719,907093 -,raw/wayback/calls_20260901231444.pdf,2,20260901231444
2026-08-31,FINAL,SR3,2027-12,95.765,95.7650 (,260434,1325115 +,raw/wayback/calls_20260901231444.pdf,2,20260901231444
2026-08-31,FINAL,SR3,2028-03,95.8,95.8000 (,169129,665492 -,raw/wayback/calls_20260901231444.pdf,2,20260901231444
2026-08-31,FINAL,SR3,2028-06,95.815,95.8150 (,172243,616403 -,raw/wayback/calls_20260901231444.pdf,2,20260901231444
2026-08-31,FINAL,SR3,2028-09,95.815,95.8150 (,96462,493778 +,raw/wayback/calls_20260901231444.pdf,2,20260901231444
2026-08-31,FINAL,SR3,2028-12,95.815,95.8150 (,104704,457151 +,raw/wayback/calls_20260901231444.pdf,2,20260901231444
2026-08-31,FINAL,SR3,2029-03,95.81,95.8100 (,69597,369448 +,raw/wayback/calls_20260901231444.pdf,2,20260901231444
2026-08-31,FINAL,SR3,2029-06,95.805,95.8050 (,69984,333474 +,raw/wayback/calls_20260901231444.pdf,2,20260901231444
2026-08-31,FINAL,SR3,2029-09,95.795,95.7950 (,49358,242354 +,raw/wayback/calls_20260901231444.pdf,2,20260901231444
2026-08-31,FINAL,SR3,2029-12,95.78,95.7800 (,36329,226947 +,raw/wayback/calls_20260901231444.pdf,2,20260901231444
2026-08-31,FINAL,SR3,2030-03,95.765,95.7650 (,32006,163319 -,raw/wayback/calls_20260901231444.pdf,2,20260901231444
2026-08-31,FINAL,SR3,2030-06,95.75,95.7500 (,31048,148216 -,raw/wayback/calls_20260901231444.pdf,2,20260901231444
2026-08-31,FINAL,SR3,2030-09,95.725,95.7250 (,23548,126192 -,raw/wayback/calls_20260901231444.pdf,2,20260901231444
2026-08-31,FINAL,SR3,2030-12,95.695,95.6950 (,26593,129884 -,raw/wayback/calls_20260901231444.pdf,2,20260901231444
2026-08-31,FINAL,SR3,2031-03,95.665,95.6650 (,25082,74487 -,raw/wayback/calls_20260901231444.pdf,2,20260901231444
2026-08-31,FINAL,SR3,2031-06,95.635,95.6350 (,24367,41444 -,raw/wayback/calls_20260901231444.pdf,2,20260901231444
2026-08-31,FINAL,SR3,2031-09,95.6,95.6000 (,313,12043 +,raw/wayback/calls_20260901231444.pdf,2,20260901231444
2026-08-31,FINAL,SR3,2031-12,95.565,95.5650 (,26,2720 +,raw/wayback/calls_20260901231444.pdf,2,20260901231444
2026-08-31,FINAL,SR3,2032-03,95.525,95.5250 (,11,1988,raw/wayback/calls_20260901231444.pdf,2,20260901231444
2026-08-31,FINAL,SR3,2032-06,95.49,95.4900 (,----,868,raw/wayback/calls_20260901231444.pdf,2,20260901231444
2026-08-31,FINAL,SR3,2032-09,95.455,95.4550 (,----,91,raw/wayback/calls_20260901231444.pdf,2,20260901231444
2026-08-31,FINAL,SR3,2032-12,95.42,95.4200 (,----,99,raw/wayback/calls_20260901231444.pdf,2,20260901231444
2026-08-31,FINAL,SR3,2033-03,95.385,95.3850 (,----,6,raw/wayback/calls_20260901231444.pdf,2,20260901231444
2026-08-31,FINAL,SR3,2033-12,95.285,95.2850 (,----,11,raw/wayback/calls_20260901231444.pdf,2,20260901231444
2026-09-01,FINAL,SR1,2026-08,96.359,96.3590,----,432845 -,raw/wayback/calls_20260902231421.pdf,2,20260902231421
2026-09-01,FINAL,SR1,2026-09,96.2825,96.2825,48603,310672 -,raw/wayback/calls_20260902231421.pdf,2,20260902231421
2026-09-01,FINAL,SR1,2026-10,96.175,96.1750,54462,282099 +,raw/wayback/calls_20260902231421.pdf,2,20260902231421
2026-09-01,FINAL,SR1,2026-11,96.105,96.1050,31597,213467 +,raw/wayback/calls_20260902231421.pdf,2,20260902231421
2026-09-01,FINAL,SR1,2026-12,95.985,95.9850 (,15909,151092 +,raw/wayback/calls_20260902231421.pdf,2,20260902231421
2026-09-01,FINAL,SR1,2027-01,95.935,95.9350 (,17226,116401 -,raw/wayback/calls_20260902231421.pdf,2,20260902231421
2026-09-01,FINAL,SR1,2027-02,95.89,95.8900 (,13137,66094 -,raw/wayback/calls_20260902231421.pdf,2,20260902231421
2026-09-01,FINAL,SR1,2027-03,95.84,95.8400 (,3058,19440 +,raw/wayback/calls_20260902231421.pdf,2,20260902231421
2026-09-01,FINAL,SR1,2027-04,95.79,95.7900 (,5051,25852 +,raw/wayback/calls_20260902231421.pdf,2,20260902231421
2026-09-01,FINAL,SR1,2027-05,95.755,95.7550 (,4134,22511 +,raw/wayback/calls_20260902231421.pdf,2,20260902231421
2026-09-01,FINAL,SR1,2027-06,95.72,95.7200 (,1684,5033 +,raw/wayback/calls_20260902231421.pdf,2,20260902231421
2026-09-01,FINAL,SR1,2027-07,95.705,95.7050 (,845,6057 +,raw/wayback/calls_20260902231421.pdf,2,20260902231421
2026-09-01,FINAL,SR1,2027-08,95.695,95.6950 (,537,2654 +,raw/wayback/calls_20260902231421.pdf,2,20260902231421
2026-09-01,FINAL,SR1,2027-09,95.69,95.6900 (,12,125 +,raw/wayback/calls_20260902231421.pdf,2,20260902231421
2026-09-01,FINAL,SR1,2027-10,95.69,95.6900 (,----,586,raw/wayback/calls_20260902231421.pdf,2,20260902231421
2026-09-01,FINAL,SR1,2027-11,95.7,95.7000 (,----,10,raw/wayback/calls_20260902231421.pdf,2,20260902231421
2026-09-01,FINAL,SR3,2026-06,96.3525,96.3525 (,29007,1364634 +,raw/wayback/calls_20260902231421.pdf,2,20260902231421
2026-09-01,FINAL,SR3,2026-07,96.2875,96.2875 (,71,9047 +,raw/wayback/calls_20260902231421.pdf,2,20260902231421
2026-09-01,FINAL,SR3,2026-08,96.21,96.2100 (,2,3600,raw/wayback/calls_20260902231421.pdf,2,20260902231421
2026-09-01,FINAL,SR3,2026-09,96.115,96.1150 (,431306,1300514 +,raw/wayback/calls_20260902231421.pdf,2,20260902231421
2026-09-01,FINAL,SR3,2026-10,96.02,96.0200 (,53,1763 +,raw/wayback/calls_20260902231421.pdf,2,20260902231421
2026-09-01,FINAL,SR3,2026-11,95.95,95.9500 (,----,283,raw/wayback/calls_20260902231421.pdf,2,20260902231421
2026-09-01,FINAL,SR3,2026-12,95.89,95.8900 (,521642,1750135 +,raw/wayback/calls_20260902231421.pdf,2,20260902231421
2026-09-01,FINAL,SR3,2027-01,95.84,95.8400 (,----,644,raw/wayback/calls_20260902231421.pdf,2,20260902231421
2026-09-01,FINAL,SR3,2027-02,95.8,95.8000 (,----,400,raw/wayback/calls_20260902231421.pdf,2,20260902231421
2026-09-01,FINAL,SR3,2027-03,95.75,95.7500 (,386182,1105301 -,raw/wayback/calls_20260902231421.pdf,2,20260902231421
2026-09-01,FINAL,SR3,2027-06,95.675,95.6750 (,344665,1179688 -,raw/wayback/calls_20260902231421.pdf,2,20260902231421
2026-09-01,FINAL,SR3,2027-09,95.665,95.6650 (,291274,910768 +,raw/wayback/calls_20260902231421.pdf,2,20260902231421
2026-09-01,FINAL,SR3,2027-12,95.7,95.7000 (,310721,1348146 +,raw/wayback/calls_20260902231421.pdf,2,20260902231421
2026-09-01,FINAL,SR3,2028-03,95.73,95.7300 (,218438,665782 +,raw/wayback/calls_20260902231421.pdf,2,20260902231421
2026-09-01,FINAL,SR3,2028-06,95.75,95.7500 (,184644,611137 -,raw/wayback/calls_20260902231421.pdf,2,20260902231421
2026-09-01,FINAL,SR3,2028-09,95.76,95.7600 (,130620,493094 -,raw/wayback/calls_20260902231421.pdf,2,20260902231421
2026-09-01,FINAL,SR3,2028-12,95.765,95.7650 (,123686,457872 +,raw/wayback/calls_20260902231421.pdf,2,20260902231421
2026-09-01,FINAL,SR3,2029-03,95.76,95.7600 (,91916,370228 +,raw/wayback/calls_20260902231421.pdf,2,20260902231421
2026-09-01,FINAL,SR3,2029-06,95.755,95.7550 (,82716,334464 +,raw/wayback/calls_20260902231421.pdf,2,20260902231421
2026-09-01,FINAL,SR3,2029-09,95.75,95.7500 (,41752,242998 +,raw/wayback/calls_20260902231421.pdf,2,20260902231421
2026-09-01,FINAL,SR3,2029-12,95.74,95.7400 (,43746,222374 -,raw/wayback/calls_20260902231421.pdf,2,20260902231421
2026-09-01,FINAL,SR3,2030-03,95.725,95.7250 (,32864,163525 +,raw/wayback/calls_20260902231421.pdf,2,20260902231421
2026-09-01,FINAL,SR3,2030-06,95.705,95.7050 (,29313,149349 +,raw/wayback/calls_20260902231421.pdf,2,20260902231421
2026-09-01,FINAL,SR3,2030-09,95.685,95.6850 (,23029,128554 +,raw/wayback/calls_20260902231421.pdf,2,20260902231421
2026-09-01,FINAL,SR3,2030-12,95.66,95.6600 (,27886,127363 -,raw/wayback/calls_20260902231421.pdf,2,20260902231421
2026-09-01,FINAL,SR3,2031-03,95.63,95.6300 (,23113,73816 -,raw/wayback/calls_20260902231421.pdf,2,20260902231421
2026-09-01,FINAL,SR3,2031-06,95.6,95.6000 (,20733,41549 +,raw/wayback/calls_20260902231421.pdf,2,20260902231421
2026-09-01,FINAL,SR3,2031-09,95.565,95.5650 (,1563,13092 +,raw/wayback/calls_20260902231421.pdf,2,20260902231421
2026-09-01,FINAL,SR3,2031-12,95.53,95.5300 (,606,2566 -,raw/wayback/calls_20260902231421.pdf,2,20260902231421
2026-09-01,FINAL,SR3,2032-03,95.49,95.4900 (,123,1950 -,raw/wayback/calls_20260902231421.pdf,2,20260902231421
2026-09-01,FINAL,SR3,2032-06,95.455,95.4550 (,22,846 -,raw/wayback/calls_20260902231421.pdf,2,20260902231421
2026-09-01,FINAL,SR3,2032-09,95.42,95.4200 (,----,91,raw/wayback/calls_20260902231421.pdf,2,20260902231421
2026-09-01,FINAL,SR3,2032-12,95.385,95.3850 (,----,99,raw/wayback/calls_20260902231421.pdf,2,20260902231421
2026-09-01,FINAL,SR3,2033-03,95.35,95.3500 (,----,6,raw/wayback/calls_20260902231421.pdf,2,20260902231421
2026-09-01,FINAL,SR3,2033-12,95.25,95.2500 (,----,11,raw/wayback/calls_20260902231421.pdf,2,20260902231421
2026-09-02,FINAL,SR1,2026-08,96.359,96.3590,----,-,raw/wayback/calls_20260903231512.pdf,2,20260903231512
2026-09-02,FINAL,SR1,2026-09,96.2875,96.2875,55292,304983 -,raw/wayback/calls_20260903231512.pdf,2,20260903231512
2026-09-02,FINAL,SR1,2026-10,96.185,96.1850,58046,289901 +,raw/wayback/calls_20260903231512.pdf,2,20260903231512
2026-09-02,FINAL,SR1,2026-11,96.12,96.1200,57930,215943 +,raw/wayback/calls_20260903231512.pdf,2,20260903231512
2026-09-02,FINAL,SR1,2026-12,95.995,95.9950,21312,152719 +,raw/wayback/calls_20260903231512.pdf,2,20260903231512
2026-09-02,FINAL,SR1,2027-01,95.945,95.9450 (,20584,116298 -,raw/wayback/calls_20260903231512.pdf,2,20260903231512
2026-09-02,FINAL,SR1,2027-02,95.905,95.9050 (,14663,68110 +,raw/wayback/calls_20260903231512.pdf,2,20260903231512
2026-09-02,FINAL,SR1,2027-03,95.855,95.8550 (,2091,19805 +,raw/wayback/calls_20260903231512.pdf,2,20260903231512
2026-09-02,FINAL,SR1,2027-04,95.805,95.8050 (,2458,26512 +,raw/wayback/calls_20260903231512.pdf,2,20260903231512
2026-09-02,FINAL,SR1,2027-05,95.77,95.7700 (,2496,22770 +,raw/wayback/calls_20260903231512.pdf,2,20260903231512
2026-09-02,FINAL,SR1,2027-06,95.735,95.7350 (,464,5140 +,raw/wayback/calls_20260903231512.pdf,2,20260903231512
2026-09-02,FINAL,SR1,2027-07,95.72,95.7200 (,268,6071 +,raw/wayback/calls_20260903231512.pdf,2,20260903231512
2026-09-02,FINAL,SR1,2027-08,95.705,95.7050 (,178,2642 -,raw/wayback/calls_20260903231512.pdf,2,20260903231512
2026-09-02,FINAL,SR1,2027-09,95.7,95.7000 (,----,125,raw/wayback/calls_20260903231512.pdf,2,20260903231512
2026-09-02,FINAL,SR1,2027-10,95.7,95.7000 (,----,586,raw/wayback/calls_20260903231512.pdf,2,20260903231512
2026-09-02,FINAL,SR1,2027-11,95.71,95.7100 (,----,10,raw/wayback/calls_20260903231512.pdf,2,20260903231512
2026-09-02,FINAL,SR3,2026-06,96.355,96.3550 (,34357,1346111 -,raw/wayback/calls_20260903231512.pdf,2,20260903231512
2026-09-02,FINAL,SR3,2026-07,96.29,96.2900 (,267,9121 +,raw/wayback/calls_20260903231512.pdf,2,20260903231512
2026-09-02,FINAL,SR3,2026-08,96.2125,96.2125 (,507,4066 +,raw/wayback/calls_20260903231512.pdf,2,20260903231512
2026-09-02,FINAL,SR3,2026-09,96.125,96.1250 (,575077,1332497 +,raw/wayback/calls_20260903231512.pdf,2,20260903231512
2026-09-02,FINAL,SR3,2026-10,96.03,96.0300 (,----,1763,raw/wayback/calls_20260903231512.pdf,2,20260903231512
2026-09-02,FINAL,SR3,2026-11,95.96,95.9600 (,4,286 +,raw/wayback/calls_20260903231512.pdf,2,20260903231512
2026-09-02,FINAL,SR3,2026-12,95.905,95.9050 (,430107,1751424 +,raw/wayback/calls_20260903231512.pdf,2,20260903231512
2026-09-02,FINAL,SR3,2027-01,95.855,95.8550 (,----,644,raw/wayback/calls_20260903231512.pdf,2,20260903231512
2026-09-02,FINAL,SR3,2027-02,95.815,95.8150 (,----,400,raw/wayback/calls_20260903231512.pdf,2,20260903231512
2026-09-02,FINAL,SR3,2027-03,95.765,95.7650 (,313017,1122662 +,raw/wayback/calls_20260903231512.pdf,2,20260903231512
2026-09-02,FINAL,SR3,2027-06,95.69,95.6900 (,257370,1194537 +,raw/wayback/calls_20260903231512.pdf,2,20260903231512
2026-09-02,FINAL,SR3,2027-09,95.68,95.6800 (,219019,909115 -,raw/wayback/calls_20260903231512.pdf,2,20260903231512
2026-09-02,FINAL,SR3,2027-12,95.715,95.7150 (,243171,1351680 +,raw/wayback/calls_20260903231512.pdf,2,20260903231512
2026-09-02,FINAL,SR3,2028-03,95.745,95.7450 (,163405,673186 +,raw/wayback/calls_20260903231512.pdf,2,20260903231512
2026-09-02,FINAL,SR3,2028-06,95.76,95.7600 (,157822,615150 +,raw/wayback/calls_20260903231512.pdf,2,20260903231512
2026-09-02,FINAL,SR3,2028-09,95.77,95.7700 (,104905,493402 +,raw/wayback/calls_20260903231512.pdf,2,20260903231512
2026-09-02,FINAL,SR3,2028-12,95.77,95.7700 (,97841,460072 +,raw/wayback/calls_20260903231512.pdf,2,20260903231512
2026-09-02,FINAL,SR3,2029-03,95.765,95.7650 (,73747,375097 +,raw/wayback/calls_20260903231512.pdf,2,20260903231512
2026-09-02,FINAL,SR3,2029-06,95.76,95.7600 (,65819,332484 -,raw/wayback/calls_20260903231512.pdf,2,20260903231512
2026-09-02,FINAL,SR3,2029-09,95.755,95.7550 (,44919,239156 -,raw/wayback/calls_20260903231512.pdf,2,20260903231512
2026-09-02,FINAL,SR3,2029-12,95.74,95.7400 (,40163,220665 -,raw/wayback/calls_20260903231512.pdf,2,20260903231512
2026-09-02,FINAL,SR3,2030-03,95.725,95.7250 (,27656,163537 +,raw/wayback/calls_20260903231512.pdf,2,20260903231512
2026-09-02,FINAL,SR3,2030-06,95.705,95.7050 (,26752,149017 -,raw/wayback/calls_20260903231512.pdf,2,20260903231512
2026-09-02,FINAL,SR3,2030-09,95.685,95.6850 (,22961,127276 -,raw/wayback/calls_20260903231512.pdf,2,20260903231512
2026-09-02,FINAL,SR3,2030-12,95.655,95.6550 (,23694,127328 -,raw/wayback/calls_20260903231512.pdf,2,20260903231512
2026-09-02,FINAL,SR3,2031-03,95.625,95.6250 (,17778,72672 -,raw/wayback/calls_20260903231512.pdf,2,20260903231512
2026-09-02,FINAL,SR3,2031-06,95.595,95.5950 (,19493,42305 +,raw/wayback/calls_20260903231512.pdf,2,20260903231512
2026-09-02,FINAL,SR3,2031-09,95.56,95.5600 (,630,13362 +,raw/wayback/calls_20260903231512.pdf,2,20260903231512
2026-09-02,FINAL,SR3,2031-12,95.525,95.5250 (,380,2643 +,raw/wayback/calls_20260903231512.pdf,2,20260903231512
2026-09-02,FINAL,SR3,2032-03,95.49,95.4900 (,299,1861 -,raw/wayback/calls_20260903231512.pdf,2,20260903231512
2026-09-02,FINAL,SR3,2032-06,95.455,95.4550 (,143,771 -,raw/wayback/calls_20260903231512.pdf,2,20260903231512
2026-09-02,FINAL,SR3,2032-09,95.42,95.4200 (,1,90 -,raw/wayback/calls_20260903231512.pdf,2,20260903231512
2026-09-02,FINAL,SR3,2032-12,95.385,95.3850 (,----,99,raw/wayback/calls_20260903231512.pdf,2,20260903231512
2026-09-02,FINAL,SR3,2033-03,95.35,95.3500 (,----,6,raw/wayback/calls_20260903231512.pdf,2,20260903231512
2026-09-02,FINAL,SR3,2033-12,95.25,95.2500 (,----,11,raw/wayback/calls_20260903231512.pdf,2,20260903231512
2026-09-03,FINAL,SR1,2026-09,96.305,96.3050,47385,299517 -,raw/wayback/calls_20260904230326.pdf,2,20260904230326
2026-09-03,FINAL,SR1,2026-10,96.22,96.2200,62259,291971 +,raw/wayback/calls_20260904230326.pdf,2,20260904230326
2026-09-03,FINAL,SR1,2026-11,96.155,96.1550,77984,201273 -,raw/wayback/calls_20260904230326.pdf,2,20260904230326
2026-09-03,FINAL,SR1,2026-12,96.045,96.0450,26142,152388 -,raw/wayback/calls_20260904230326.pdf,2,20260904230326
2026-09-03,FINAL,SR1,2027-01,96.005,96.0050,37172,125316 +,raw/wayback/calls_20260904230326.pdf,2,20260904230326
2026-09-03,FINAL,SR1,2027-02,95.97,95.9700,21449,69947 +,raw/wayback/calls_20260904230326.pdf,2,20260904230326
2026-09-03,FINAL,SR1,2027-03,95.92,95.9200,8225,20540 +,raw/wayback/calls_20260904230326.pdf,2,20260904230326
2026-09-03,FINAL,SR1,2027-04,95.87,95.8700,9168,29673 +,raw/wayback/calls_20260904230326.pdf,2,20260904230326
2026-09-03,FINAL,SR1,2027-05,95.835,95.8350,3084,22368 -,raw/wayback/calls_20260904230326.pdf,2,20260904230326
2026-09-03,FINAL,SR1,2027-06,95.795,95.7950,666,5162 +,raw/wayback/calls_20260904230326.pdf,2,20260904230326
2026-09-03,FINAL,SR1,2027-07,95.78,95.7800,511,5884 -,raw/wayback/calls_20260904230326.pdf,2,20260904230326
2026-09-03,FINAL,SR1,2027-08,95.765,95.7650,280,2670 +,raw/wayback/calls_20260904230326.pdf,2,20260904230326
2026-09-03,FINAL,SR1,2027-09,95.76,95.7600,----,125,raw/wayback/calls_20260904230326.pdf,2,20260904230326
2026-09-03,FINAL,SR1,2027-10,95.76,95.7600,----,586,raw/wayback/calls_20260904230326.pdf,2,20260904230326
2026-09-03,FINAL,SR1,2027-11,95.765,95.7650,----,10,raw/wayback/calls_20260904230326.pdf,2,20260904230326
2026-09-03,FINAL,SR3,2026-06,96.355,96.3550,49436,1346256 +,raw/wayback/calls_20260904230326.pdf,2,20260904230326
2026-09-03,FINAL,SR3,2026-07,96.3,96.3000,1,9121,raw/wayback/calls_20260904230326.pdf,2,20260904230326
2026-09-03,FINAL,SR3,2026-08,96.235,96.2350,208,3880 -,raw/wayback/calls_20260904230326.pdf,2,20260904230326
2026-09-03,FINAL,SR3,2026-09,96.165,96.1650,632997,1348233 +,raw/wayback/calls_20260904230326.pdf,2,20260904230326
2026-09-03,FINAL,SR3,2026-10,96.07,96.0700,----,1763,raw/wayback/calls_20260904230326.pdf,2,20260904230326
2026-09-03,FINAL,SR3,2026-11,96.01,96.0100,2,286,raw/wayback/calls_20260904230326.pdf,2,20260904230326
2026-09-03,FINAL,SR3,2026-12,95.965,95.9650,574969,1747144 -,raw/wayback/calls_20260904230326.pdf,2,20260904230326
2026-09-03,FINAL,SR3,2027-01,95.915,95.9150 (,100,650 +,raw/wayback/calls_20260904230326.pdf,2,20260904230326
2026-09-03,FINAL,SR3,2027-02,95.875,95.8750 (,----,400,raw/wayback/calls_20260904230326.pdf,2,20260904230326
2026-09-03,FINAL,SR3,2027-03,95.825,95.8250 (,410533,1131305 +,raw/wayback/calls_20260904230326.pdf,2,20260904230326
2026-09-03,FINAL,SR3,2027-06,95.75,95.7500 (,362901,1197713 +,raw/wayback/calls_20260904230326.pdf,2,20260904230326
2026-09-03,FINAL,SR3,2027-09,95.735,95.7350 (,312259,927368 +,raw/wayback/calls_20260904230326.pdf,2,20260904230326
2026-09-03,FINAL,SR3,2027-12,95.76,95.7600 (,331572,1371278 +,raw/wayback/calls_20260904230326.pdf,2,20260904230326
2026-09-03,FINAL,SR3,2028-03,95.785,95.7850 (,226903,674983 +,raw/wayback/calls_20260904230326.pdf,2,20260904230326
2026-09-03,FINAL,SR3,2028-06,95.8,95.8000 (,207553,617463 +,raw/wayback/calls_20260904230326.pdf,2,20260904230326
2026-09-03,FINAL,SR3,2028-09,95.805,95.8050 (,129079,491895 -,raw/wayback/calls_20260904230326.pdf,2,20260904230326
2026-09-03,FINAL,SR3,2028-12,95.8,95.8000 (,124738,462860 +,raw/wayback/calls_20260904230326.pdf,2,20260904230326
2026-09-03,FINAL,SR3,2029-03,95.795,95.7950 (,97903,380282 +,raw/wayback/calls_20260904230326.pdf,2,20260904230326
2026-09-03,FINAL,SR3,2029-06,95.785,95.7850 (,97704,335539 +,raw/wayback/calls_20260904230326.pdf,2,20260904230326
2026-09-03,FINAL,SR3,2029-09,95.775,95.7750 (,63052,245483 +,raw/wayback/calls_20260904230326.pdf,2,20260904230326
2026-09-03,FINAL,SR3,2029-12,95.76,95.7600 (,52865,223789 +,raw/wayback/calls_20260904230326.pdf,2,20260904230326
2026-09-03,FINAL,SR3,2030-03,95.745,95.7450 (,45597,167361 +,raw/wayback/calls_20260904230326.pdf,2,20260904230326
2026-09-03,FINAL,SR3,2030-06,95.725,95.7250 (,37669,152703 +,raw/wayback/calls_20260904230326.pdf,2,20260904230326
2026-09-03,FINAL,SR3,2030-09,95.7,95.7000 (,25792,127625 +,raw/wayback/calls_20260904230326.pdf,2,20260904230326
2026-09-03,FINAL,SR3,2030-12,95.67,95.6700 (,32406,128689 +,raw/wayback/calls_20260904230326.pdf,2,20260904230326
2026-09-03,FINAL,SR3,2031-03,95.64,95.6400 (,27261,73375 +,raw/wayback/calls_20260904230326.pdf,2,20260904230326
2026-09-03,FINAL,SR3,2031-06,95.61,95.6100 (,23270,42505 +,raw/wayback/calls_20260904230326.pdf,2,20260904230326
2026-09-03,FINAL,SR3,2031-09,95.575,95.5750 (,748,13189 -,raw/wayback/calls_20260904230326.pdf,2,20260904230326
2026-09-03,FINAL,SR3,2031-12,95.535,95.5350 (,390,2603 -,raw/wayback/calls_20260904230326.pdf,2,20260904230326
2026-09-03,FINAL,SR3,2032-03,95.5,95.5000 (,276,1762 -,raw/wayback/calls_20260904230326.pdf,2,20260904230326
2026-09-03,FINAL,SR3,2032-06,95.465,95.4650 (,86,759 -,raw/wayback/calls_20260904230326.pdf,2,20260904230326
2026-09-03,FINAL,SR3,2032-09,95.43,95.4300 (,21,99 +,raw/wayback/calls_20260904230326.pdf,2,20260904230326
2026-09-03,FINAL,SR3,2032-12,95.395,95.3950 (,3,99,raw/wayback/calls_20260904230326.pdf,2,20260904230326
2026-09-03,FINAL,SR3,2033-03,95.36,95.3600 (,----,6,raw/wayback/calls_20260904230326.pdf,2,20260904230326
2026-09-03,FINAL,SR3,2033-12,95.26,95.2600 (,----,11,raw/wayback/calls_20260904230326.pdf,2,20260904230326
2026-09-04,FINAL,SR1,2026-09,96.29,96.2900,59011,288532 -,raw/wayback/calls_20260908233221.pdf,2,20260908233221
2026-09-04,FINAL,SR1,2026-10,96.195,96.1950,90202,285496 -,raw/wayback/calls_20260908233221.pdf,2,20260908233221
2026-09-04,FINAL,SR1,2026-11,96.13,96.1300,56127,198615 -,raw/wayback/calls_20260908233221.pdf,2,20260908233221
2026-09-04,FINAL,SR1,2026-12,96.02,96.0200 (,20120,153324 +,raw/wayback/calls_20260908233221.pdf,2,20260908233221
2026-09-04,FINAL,SR1,2027-01,95.98,95.9800 (,21107,127297 +,raw/wayback/calls_20260908233221.pdf,2,20260908233221
2026-09-04,FINAL,SR1,2027-02,95.94,95.9400 (,19236,70070 +,raw/wayback/calls_20260908233221.pdf,2,20260908233221
2026-09-04,FINAL,SR1,2027-03,95.89,95.8900 (,3630,20017 -,raw/wayback/calls_20260908233221.pdf,2,20260908233221
2026-09-04,FINAL,SR1,2027-04,95.84,95.8400 (,3851,30537 +,raw/wayback/calls_20260908233221.pdf,2,20260908233221
2026-09-04,FINAL,SR1,2027-05,95.805,95.8050 (,2741,22078 -,raw/wayback/calls_20260908233221.pdf,2,20260908233221
2026-09-04,FINAL,SR1,2027-06,95.765,95.7650 (,1073,4956 -,raw/wayback/calls_20260908233221.pdf,2,20260908233221
2026-09-04,FINAL,SR1,2027-07,95.745,95.7450 (,732,6049 +,raw/wayback/calls_20260908233221.pdf,2,20260908233221
2026-09-04,FINAL,SR1,2027-08,95.735,95.7350 (,1068,3378 +,raw/wayback/calls_20260908233221.pdf,2,20260908233221
2026-09-04,FINAL,SR1,2027-09,95.725,95.7250 (,422,538 +,raw/wayback/calls_20260908233221.pdf,2,20260908233221
2026-09-04,FINAL,SR1,2027-10,95.72,95.7200 (,410,996 +,raw/wayback/calls_20260908233221.pdf,2,20260908233221
2026-09-04,FINAL,SR1,2027-11,95.725,95.7250 (,----,10,raw/wayback/calls_20260908233221.pdf,2,20260908233221
2026-09-04,FINAL,SR3,2026-06,96.3525,96.3525 (,31746,1334979 -,raw/wayback/calls_20260908233221.pdf,2,20260908233221
2026-09-04,FINAL,SR3,2026-07,96.295,96.2950 (,524,9640 +,raw/wayback/calls_20260908233221.pdf,2,20260908233221
2026-09-04,FINAL,SR3,2026-08,96.225,96.2250 (,2,3882 +,raw/wayback/calls_20260908233221.pdf,2,20260908233221
2026-09-04,FINAL,SR3,2026-09,96.14,96.1400 (,574650,1380530 +,raw/wayback/calls_20260908233221.pdf,2,20260908233221
2026-09-04,FINAL,SR3,2026-10,96.05,96.0500 (,----,1763,raw/wayback/calls_20260908233221.pdf,2,20260908233221
2026-09-04,FINAL,SR3,2026-11,95.99,95.9900 (,----,286,raw/wayback/calls_20260908233221.pdf,2,20260908233221
2026-09-04,FINAL,SR3,2026-12,95.94,95.9400 (,517745,1742114 -,raw/wayback/calls_20260908233221.pdf,2,20260908233221
2026-09-04,FINAL,SR3,2027-01,95.89,95.8900 (,----,650,raw/wayback/calls_20260908233221.pdf,2,20260908233221
2026-09-04,FINAL,SR3,2027-02,95.85,95.8500 (,----,400,raw/wayback/calls_20260908233221.pdf,2,20260908233221
2026-09-04,FINAL,SR3,2027-03,95.8,95.8000 (,411302,1124621 -,raw/wayback/calls_20260908233221.pdf,2,20260908233221
2026-09-04,FINAL,SR3,2027-06,95.715,95.7150 (,404691,1193205 -,raw/wayback/calls_20260908233221.pdf,2,20260908233221
2026-09-04,FINAL,SR3,2027-09,95.69,95.6900 (,322139,942442 +,raw/wayback/calls_20260908233221.pdf,2,20260908233221
2026-09-04,FINAL,SR3,2027-12,95.71,95.7100 (,287291,1386738 +,raw/wayback/calls_20260908233221.pdf,2,20260908233221
2026-09-04,FINAL,SR3,2028-03,95.73,95.7300 (,211857,683921 +,raw/wayback/calls_20260908233221.pdf,2,20260908233221
2026-09-04,FINAL,SR3,2028-06,95.745,95.7450 (,191616,607996 -,raw/wayback/calls_20260908233221.pdf,2,20260908233221
2026-09-04,FINAL,SR3,2028-09,95.755,95.7550 (,125952,498156 +,raw/wayback/calls_20260908233221.pdf,2,20260908233221
2026-09-04,FINAL,SR3,2028-12,95.755,95.7550 (,137398,462309 -,raw/wayback/calls_20260908233221.pdf,2,20260908233221
2026-09-04,FINAL,SR3,2029-03,95.75,95.7500 (,89055,384617 +,raw/wayback/calls_20260908233221.pdf,2,20260908233221
2026-09-04,FINAL,SR3,2029-06,95.745,95.7450 (,97436,333262 -,raw/wayback/calls_20260908233221.pdf,2,20260908233221
2026-09-04,FINAL,SR3,2029-09,95.74,95.7400 (,46363,250316 +,raw/wayback/calls_20260908233221.pdf,2,20260908233221
2026-09-04,FINAL,SR3,2029-12,95.73,95.7300 (,48269,223112 -,raw/wayback/calls_20260908233221.pdf,2,20260908233221
2026-09-04,FINAL,SR3,2030-03,95.715,95.7150 (,31475,169569 +,raw/wayback/calls_20260908233221.pdf,2,20260908233221
2026-09-04,FINAL,SR3,2030-06,95.7,95.7000 (,30699,153494 +,raw/wayback/calls_20260908233221.pdf,2,20260908233221
2026-09-04,FINAL,SR3,2030-09,95.68,95.6800 (,24820,128844 +,raw/wayback/calls_20260908233221.pdf,2,20260908233221
2026-09-04,FINAL,SR3,2030-12,95.655,95.6550 (,29458,125178 -,raw/wayback/calls_20260908233221.pdf,2,20260908233221
2026-09-04,FINAL,SR3,2031-03,95.63,95.6300 (,24350,74108 +,raw/wayback/calls_20260908233221.pdf,2,20260908233221
2026-09-04,FINAL,SR3,2031-06,95.6,95.6000 (,21333,42838 +,raw/wayback/calls_20260908233221.pdf,2,20260908233221
2026-09-04,FINAL,SR3,2031-09,95.565,95.5650 (,489,13359 +,raw/wayback/calls_20260908233221.pdf,2,20260908233221
2026-09-04,FINAL,SR3,2031-12,95.53,95.5300 (,381,2465 -,raw/wayback/calls_20260908233221.pdf,2,20260908233221
2026-09-04,FINAL,SR3,2032-03,95.5,95.5000 (,46,1707 -,raw/wayback/calls_20260908233221.pdf,2,20260908233221
2026-09-04,FINAL,SR3,2032-06,95.465,95.4650 (,32,758 -,raw/wayback/calls_20260908233221.pdf,2,20260908233221
2026-09-04,FINAL,SR3,2032-09,95.43,95.4300 (,----,99,raw/wayback/calls_20260908233221.pdf,2,20260908233221
2026-09-04,FINAL,SR3,2032-12,95.395,95.3950 (,----,99,raw/wayback/calls_20260908233221.pdf,2,20260908233221
2026-09-04,FINAL,SR3,2033-03,95.36,95.3600 (,----,6,raw/wayback/calls_20260908233221.pdf,2,20260908233221
2026-09-04,FINAL,SR3,2033-12,95.26,95.2600 (,----,11,raw/wayback/calls_20260908233221.pdf,2,20260908233221
2026-09-08,FINAL,SR1,2026-09,96.29,96.2900,29509,289322 +,raw/wayback/calls_20260909231610.pdf,2,20260909231610
2026-09-08,FINAL,SR1,2026-10,96.195,96.1950,30765,285633 +,raw/wayback/calls_20260909231610.pdf,2,20260909231610
2026-09-08,FINAL,SR1,2026-11,96.13,96.1300,27652,197699 -,raw/wayback/calls_20260909231610.pdf,2,20260909231610
2026-09-08,FINAL,SR1,2026-12,96.02,96.0200,7683,151926 -,raw/wayback/calls_20260909231610.pdf,2,20260909231610
2026-09-08,FINAL,SR1,2027-01,95.975,95.9750,14538,128604 +,raw/wayback/calls_20260909231610.pdf,2,20260909231610
2026-09-08,FINAL,SR1,2027-02,95.93,95.9300,10710,71356 +,raw/wayback/calls_20260909231610.pdf,2,20260909231610
2026-09-08,FINAL,SR1,2027-03,95.88,95.8800,8909,22119 +,raw/wayback/calls_20260909231610.pdf,2,20260909231610
2026-09-08,FINAL,SR1,2027-04,95.83,95.8300,5699,31981 +,raw/wayback/calls_20260909231610.pdf,2,20260909231610
2026-09-08,FINAL,SR1,2027-05,95.795,95.7950,4975,22578 +,raw/wayback/calls_20260909231610.pdf,2,20260909231610
2026-09-08,FINAL,SR1,2027-06,95.75,95.7500,1932,6145 +,raw/wayback/calls_20260909231610.pdf,2,20260909231610
2026-09-08,FINAL,SR1,2027-07,95.73,95.7300,8613,12735 +,raw/wayback/calls_20260909231610.pdf,2,20260909231610
2026-09-08,FINAL,SR1,2027-08,95.715,95.7150,2328,4395 +,raw/wayback/calls_20260909231610.pdf,2,20260909231610
2026-09-08,FINAL,SR1,2027-09,95.705,95.7050,131,659 +,raw/wayback/calls_20260909231610.pdf,2,20260909231610
2026-09-08,FINAL,SR1,2027-10,95.705,95.7050,255,1089 +,raw/wayback/calls_20260909231610.pdf,2,20260909231610
2026-09-08,FINAL,SR1,2027-11,95.705,95.7050,----,10,raw/wayback/calls_20260909231610.pdf,2,20260909231610
2026-09-08,FINAL,SR3,2026-06,96.35,96.3500,97072,1328556 -,raw/wayback/calls_20260909231610.pdf,2,20260909231610
2026-09-08,FINAL,SR3,2026-07,96.29,96.2900,153,9690 +,raw/wayback/calls_20260909231610.pdf,2,20260909231610
2026-09-08,FINAL,SR3,2026-08,96.22,96.2200,43,3921 +,raw/wayback/calls_20260909231610.pdf,2,20260909231610
2026-09-08,FINAL,SR3,2026-09,96.135,96.1350,454043,1394881 +,raw/wayback/calls_20260909231610.pdf,2,20260909231610
2026-09-08,FINAL,SR3,2026-10,96.045,96.0450,----,1763,raw/wayback/calls_20260909231610.pdf,2,20260909231610
2026-09-08,FINAL,SR3,2026-11,95.985,95.9850,----,286,raw/wayback/calls_20260909231610.pdf,2,20260909231610
2026-09-08,FINAL,SR3,2026-12,95.935,95.9350,347236,1748297 +,raw/wayback/calls_20260909231610.pdf,2,20260909231610
2026-09-08,FINAL,SR3,2027-01,95.885,95.8850,15,650,raw/wayback/calls_20260909231610.pdf,2,20260909231610
2026-09-08,FINAL,SR3,2027-02,95.84,95.8400,50,400,raw/wayback/calls_20260909231610.pdf,2,20260909231610
2026-09-08,FINAL,SR3,2027-03,95.79,95.7900,274530,1120543 -,raw/wayback/calls_20260909231610.pdf,2,20260909231610
2026-09-08,FINAL,SR3,2027-06,95.705,95.7050,292003,1182968 -,raw/wayback/calls_20260909231610.pdf,2,20260909231610
2026-09-08,FINAL,SR3,2027-09,95.675,95.6750,284488,945455 +,raw/wayback/calls_20260909231610.pdf,2,20260909231610
2026-09-08,FINAL,SR3,2027-12,95.685,95.6850,216036,1382309 -,raw/wayback/calls_20260909231610.pdf,2,20260909231610
2026-09-08,FINAL,SR3,2028-03,95.705,95.7050 (,170768,682973 -,raw/wayback/calls_20260909231610.pdf,2,20260909231610
2026-09-08,FINAL,SR3,2028-06,95.72,95.7200 (,171211,604730 -,raw/wayback/calls_20260909231610.pdf,2,20260909231610
2026-09-08,FINAL,SR3,2028-09,95.725,95.7250 (,130484,506361 +,raw/wayback/calls_20260909231610.pdf,2,20260909231610
2026-09-08,FINAL,SR3,2028-12,95.725,95.7250 (,115549,462540 +,raw/wayback/calls_20260909231610.pdf,2,20260909231610
2026-09-08,FINAL,SR3,2029-03,95.72,95.7200 (,88617,394341 +,raw/wayback/calls_20260909231610.pdf,2,20260909231610
2026-09-08,FINAL,SR3,2029-06,95.72,95.7200 (,100996,331029 -,raw/wayback/calls_20260909231610.pdf,2,20260909231610
2026-09-08,FINAL,SR3,2029-09,95.715,95.7150 (,56705,254602 +,raw/wayback/calls_20260909231610.pdf,2,20260909231610
2026-09-08,FINAL,SR3,2029-12,95.705,95.7050 (,54415,226183 +,raw/wayback/calls_20260909231610.pdf,2,20260909231610
2026-09-08,FINAL,SR3,2030-03,95.69,95.6900 (,41920,168386 -,raw/wayback/calls_20260909231610.pdf,2,20260909231610
2026-09-08,FINAL,SR3,2030-06,95.675,95.6750 (,40582,154009 +,raw/wayback/calls_20260909231610.pdf,2,20260909231610
2026-09-08,FINAL,SR3,2030-09,95.66,95.6600 (,28524,127989 -,raw/wayback/calls_20260909231610.pdf,2,20260909231610
2026-09-08,FINAL,SR3,2030-12,95.635,95.6350 (,34780,124534 -,raw/wayback/calls_20260909231610.pdf,2,20260909231610
2026-09-08,FINAL,SR3,2031-03,95.61,95.6100 (,26447,73946 -,raw/wayback/calls_20260909231610.pdf,2,20260909231610
2026-09-08,FINAL,SR3,2031-06,95.58,95.5800 (,26287,44550 +,raw/wayback/calls_20260909231610.pdf,2,20260909231610
2026-09-08,FINAL,SR3,2031-09,95.55,95.5500 (,102,13344 -,raw/wayback/calls_20260909231610.pdf,2,20260909231610
2026-09-08,FINAL,SR3,2031-12,95.515,95.5150 (,190,2466 +,raw/wayback/calls_20260909231610.pdf,2,20260909231610
2026-09-08,FINAL,SR3,2032-03,95.485,95.4850 (,20,1727 +,raw/wayback/calls_20260909231610.pdf,2,20260909231610
2026-09-08,FINAL,SR3,2032-06,95.45,95.4500 (,5,763 +,raw/wayback/calls_20260909231610.pdf,2,20260909231610
2026-09-08,FINAL,SR3,2032-09,95.415,95.4150 (,----,99,raw/wayback/calls_20260909231610.pdf,2,20260909231610
2026-09-08,FINAL,SR3,2032-12,95.38,95.3800 (,----,99,raw/wayback/calls_20260909231610.pdf,2,20260909231610
2026-09-08,FINAL,SR3,2033-03,95.345,95.3450 (,----,6,raw/wayback/calls_20260909231610.pdf,2,20260909231610
2026-09-08,FINAL,SR3,2033-12,95.245,95.2450 (,----,11,raw/wayback/calls_20260909231610.pdf,2,20260909231610
2026-09-11,FINAL,SR1,2026-09,96.255,96.2550,66820,271564 -,raw/wayback/calls_20260914235815.pdf,2,20260914235815
2026-09-11,FINAL,SR1,2026-10,96.115,96.1150,190240,311052 +,raw/wayback/calls_20260914235815.pdf,2,20260914235815
2026-09-11,FINAL,SR1,2026-11,96.005,96.0050,113692,203144 +,raw/wayback/calls_20260914235815.pdf,2,20260914235815
2026-09-11,FINAL,SR1,2026-12,95.87,95.8700,47062,149196 -,raw/wayback/calls_20260914235815.pdf,2,20260914235815
2026-09-11,FINAL,SR1,2027-01,95.82,95.8200,57796,135180 +,raw/wayback/calls_20260914235815.pdf,2,20260914235815
2026-09-11,FINAL,SR1,2027-02,95.75,95.7500,35375,77772 +,raw/wayback/calls_20260914235815.pdf,2,20260914235815
2026-09-11,FINAL,SR1,2027-03,95.675,95.6750,12867,23275 +,raw/wayback/calls_20260914235815.pdf,2,20260914235815
2026-09-11,FINAL,SR1,2027-04,95.6,95.6000,7684,34982 +,raw/wayback/calls_20260914235815.pdf,2,20260914235815
2026-09-11,FINAL,SR1,2027-05,95.53,95.5300,5500,23389 +,raw/wayback/calls_20260914235815.pdf,2,20260914235815
2026-09-11,FINAL,SR1,2027-06,95.47,95.4700,2399,11931 +,raw/wayback/calls_20260914235815.pdf,2,20260914235815
2026-09-11,FINAL,SR1,2027-07,95.445,95.4450,1165,12201 -,raw/wayback/calls_20260914235815.pdf,2,20260914235815
2026-09-11,FINAL,SR1,2027-08,95.42,95.4200,1182,4651 +,raw/wayback/calls_20260914235815.pdf,2,20260914235815
2026-09-11,FINAL,SR1,2027-09,95.405,95.4050,3,1730 +,raw/wayback/calls_20260914235815.pdf,2,20260914235815
2026-09-11,FINAL,SR1,2027-10,95.4,95.4000,----,1281,raw/wayback/calls_20260914235815.pdf,2,20260914235815
2026-09-11,FINAL,SR1,2027-11,95.4,95.4000,----,710,raw/wayback/calls_20260914235815.pdf,2,20260914235815
2026-09-11,FINAL,SR3,2026-06,96.3525,96.3525,49224,1340535 -,raw/wayback/calls_20260914235815.pdf,2,20260914235815
2026-09-11,FINAL,SR3,2026-07,96.27,96.2700,4,9705 +,raw/wayback/calls_20260914235815.pdf,2,20260914235815
2026-09-11,FINAL,SR3,2026-08,96.1625,96.1625,133,4335 +,raw/wayback/calls_20260914235815.pdf,2,20260914235815
2026-09-11,FINAL,SR3,2026-09,96.0325,96.0325,1221311,1304520 -,raw/wayback/calls_20260914235815.pdf,2,20260914235815
2026-09-11,FINAL,SR3,2026-10,95.92,95.9200,120,1766 +,raw/wayback/calls_20260914235815.pdf,2,20260914235815
2026-09-11,FINAL,SR3,2026-11,95.835,95.8350,50,466 +,raw/wayback/calls_20260914235815.pdf,2,20260914235815
2026-09-11,FINAL,SR3,2026-12,95.76,95.7600,1036651,1670349 -,raw/wayback/calls_20260914235815.pdf,2,20260914235815
2026-09-11,FINAL,SR3,2027-01,95.68,95.6800,----,650,raw/wayback/calls_20260914235815.pdf,2,20260914235815
2026-09-11,FINAL,SR3,2027-02,95.61,95.6100,----,400,raw/wayback/calls_20260914235815.pdf,2,20260914235815
2026-09-11,FINAL,SR3,2027-03,95.53,95.5300,741452,1133254 -,raw/wayback/calls_20260914235815.pdf,2,20260914235815
2026-09-11,FINAL,SR3,2027-06,95.4,95.4000,603578,1208289 +,raw/wayback/calls_20260914235815.pdf,2,20260914235815
2026-09-11,FINAL,SR3,2027-09,95.37,95.3700,602376,964462 +,raw/wayback/calls_20260914235815.pdf,2,20260914235815
2026-09-11,FINAL,SR3,2027-12,95.395,95.3950,552608,1392560 -,raw/wayback/calls_20260914235815.pdf,2,20260914235815
2026-09-11,FINAL,SR3,2028-03,95.425,95.4250 (,403522,694859 -,raw/wayback/calls_20260914235815.pdf,2,20260914235815
2026-09-11,FINAL,SR3,2028-06,95.455,95.4550 (,333635,577583 -,raw/wayback/calls_20260914235815.pdf,2,20260914235815
2026-09-11,FINAL,SR3,2028-09,95.475,95.4750 (,210575,566584 +,raw/wayback/calls_20260914235815.pdf,2,20260914235815
2026-09-11,FINAL,SR3,2028-12,95.495,95.4950 (,208539,473390 +,raw/wayback/calls_20260914235815.pdf,2,20260914235815
2026-09-11,FINAL,SR3,2029-03,95.51,95.5100 (,153532,397687 -,raw/wayback/calls_20260914235815.pdf,2,20260914235815
2026-09-11,FINAL,SR3,2029-06,95.52,95.5200 (,141319,347051 +,raw/wayback/calls_20260914235815.pdf,2,20260914235815
2026-09-11,FINAL,SR3,2029-09,95.525,95.5250 (,87683,251603 -,raw/wayback/calls_20260914235815.pdf,2,20260914235815
2026-09-11,FINAL,SR3,2029-12,95.525,95.5250 (,77904,228730 -,raw/wayback/calls_20260914235815.pdf,2,20260914235815
2026-09-11,FINAL,SR3,2030-03,95.525,95.5250 (,61154,167875 +,raw/wayback/calls_20260914235815.pdf,2,20260914235815
2026-09-11,FINAL,SR3,2030-06,95.515,95.5150 (,57095,153122 +,raw/wayback/calls_20260914235815.pdf,2,20260914235815
2026-09-11,FINAL,SR3,2030-09,95.505,95.5050 (,45765,123156 -,raw/wayback/calls_20260914235815.pdf,2,20260914235815
2026-09-11,FINAL,SR3,2030-12,95.485,95.4850 (,39342,123687 +,raw/wayback/calls_20260914235815.pdf,2,20260914235815
2026-09-11,FINAL,SR3,2031-03,95.465,95.4650 (,42330,73607 -,raw/wayback/calls_20260914235815.pdf,2,20260914235815
2026-09-11,FINAL,SR3,2031-06,95.445,95.4450 (,35679,47294 -,raw/wayback/calls_20260914235815.pdf,2,20260914235815
2026-09-11,FINAL,SR3,2031-09,95.42,95.4200 (,3692,14644 +,raw/wayback/calls_20260914235815.pdf,2,20260914235815
2026-09-11,FINAL,SR3,2031-12,95.39,95.3900 (,386,2340 +,raw/wayback/calls_20260914235815.pdf,2,20260914235815
2026-09-11,FINAL,SR3,2032-03,95.365,95.3650 (,416,1684 +,raw/wayback/calls_20260914235815.pdf,2,20260914235815
2026-09-11,FINAL,SR3,2032-06,95.335,95.3350 (,309,831 +,raw/wayback/calls_20260914235815.pdf,2,20260914235815
2026-09-11,FINAL,SR3,2032-09,95.305,95.3050 (,14,97 -,raw/wayback/calls_20260914235815.pdf,2,20260914235815
2026-09-11,FINAL,SR3,2032-12,95.275,95.2750 (,----,99,raw/wayback/calls_20260914235815.pdf,2,20260914235815
2026-09-11,FINAL,SR3,2033-03,95.25,95.2500 (,----,6,raw/wayback/calls_20260914235815.pdf,2,20260914235815
2026-09-11,FINAL,SR3,2033-12,95.15,95.1500 (,----,11,raw/wayback/calls_20260914235815.pdf,2,20260914235815
2026-09-14,FINAL,SR1,2026-09,96.25,96.2500,43227,277883 +,raw/wayback/calls_20260915234310.pdf,2,20260915234310
2026-09-14,FINAL,SR1,2026-10,96.1,96.1000,74051,313467 +,raw/wayback/calls_20260915234310.pdf,2,20260915234310
2026-09-14,FINAL,SR1,2026-11,95.995,95.9950,64803,210670 +,raw/wayback/calls_20260915234310.pdf,2,20260915234310
2026-09-14,FINAL,SR1,2026-12,95.86,95.8600,32769,147577 -,raw/wayback/calls_20260915234310.pdf,2,20260915234310
2026-09-14,FINAL,SR1,2027-01,95.81,95.8100,31128,135553 +,raw/wayback/calls_20260915234310.pdf,2,20260915234310
2026-09-14,FINAL,SR1,2027-02,95.745,95.7450,23700,78977 +,raw/wayback/calls_20260915234310.pdf,2,20260915234310
2026-09-14,FINAL,SR1,2027-03,95.675,95.6750,8319,23288 +,raw/wayback/calls_20260915234310.pdf,2,20260915234310
2026-09-14,FINAL,SR1,2027-04,95.605,95.6050,8087,35572 +,raw/wayback/calls_20260915234310.pdf,2,20260915234310
2026-09-14,FINAL,SR1,2027-05,95.545,95.5450,6687,25635 +,raw/wayback/calls_20260915234310.pdf,2,20260915234310
2026-09-14,FINAL,SR1,2027-06,95.49,95.4900,1740,12177 +,raw/wayback/calls_20260915234310.pdf,2,20260915234310
2026-09-14,FINAL,SR1,2027-07,95.465,95.4650,1574,12500 +,raw/wayback/calls_20260915234310.pdf,2,20260915234310
2026-09-14,FINAL,SR1,2027-08,95.44,95.4400,941,4861 +,raw/wayback/calls_20260915234310.pdf,2,20260915234310
2026-09-14,FINAL,SR1,2027-09,95.42,95.4200,2025,3742 +,raw/wayback/calls_20260915234310.pdf,2,20260915234310
2026-09-14,FINAL,SR1,2027-10,95.42,95.4200,----,1281,raw/wayback/calls_20260915234310.pdf,2,20260915234310
2026-09-14,FINAL,SR1,2027-11,95.415,95.4150,----,710,raw/wayback/calls_20260915234310.pdf,2,20260915234310
2026-09-14,FINAL,SR3,2026-06,96.3525,96.3525,23492,1341164 +,raw/wayback/calls_20260915234310.pdf,2,20260915234310
2026-09-14,FINAL,SR3,2026-07,96.265,96.2650,206,9692 -,raw/wayback/calls_20260915234310.pdf,2,20260915234310
2026-09-14,FINAL,SR3,2026-08,96.155,96.1550,52,4335,raw/wayback/calls_20260915234310.pdf,2,20260915234310
2026-09-14,FINAL,SR3,2026-09,96.025,96.0250,656364,1322497 +,raw/wayback/calls_20260915234310.pdf,2,20260915234310
2026-09-14,FINAL,SR3,2026-10,95.91,95.9100,69,1829 +,raw/wayback/calls_20260915234310.pdf,2,20260915234310
2026-09-14,FINAL,SR3,2026-11,95.825,95.8250,----,466,raw/wayback/calls_20260915234310.pdf,2,20260915234310
2026-09-14,FINAL,SR3,2026-12,95.755,95.7550,712313,1673904 +,raw/wayback/calls_20260915234310.pdf,2,20260915234310
2026-09-14,FINAL,SR3,2027-01,95.675,95.6750,57,679 +,raw/wayback/calls_20260915234310.pdf,2,20260915234310
2026-09-14,FINAL,SR3,2027-02,95.61,95.6100,39,400,raw/wayback/calls_20260915234310.pdf,2,20260915234310
2026-09-14,FINAL,SR3,2027-03,95.545,95.5450,520249,1123726 -,raw/wayback/calls_20260915234310.pdf,2,20260915234310
2026-09-14,FINAL,SR3,2027-06,95.42,95.4200,538225,1229976 +,raw/wayback/calls_20260915234310.pdf,2,20260915234310
2026-09-14,FINAL,SR3,2027-09,95.38,95.3800,405227,957816 -,raw/wayback/calls_20260915234310.pdf,2,20260915234310
2026-09-14,FINAL,SR3,2027-12,95.405,95.4050,425143,1405710 +,raw/wayback/calls_20260915234310.pdf,2,20260915234310
2026-09-14,FINAL,SR3,2028-03,95.435,95.4350,266987,700167 +,raw/wayback/calls_20260915234310.pdf,2,20260915234310
2026-09-14,FINAL,SR3,2028-06,95.46,95.4600,251813,588245 +,raw/wayback/calls_20260915234310.pdf,2,20260915234310
2026-09-14,FINAL,SR3,2028-09,95.475,95.4750,214864,568358 +,raw/wayback/calls_20260915234310.pdf,2,20260915234310
2026-09-14,FINAL,SR3,2028-12,95.49,95.4900,160836,470342 -,raw/wayback/calls_20260915234310.pdf,2,20260915234310
2026-09-14,FINAL,SR3,2029-03,95.495,95.4950,120615,394616 -,raw/wayback/calls_20260915234310.pdf,2,20260915234310
2026-09-14,FINAL,SR3,2029-06,95.505,95.5050 (,132894,346597 -,raw/wayback/calls_20260915234310.pdf,2,20260915234310
2026-09-14,FINAL,SR3,2029-09,95.51,95.5100 (,149188,266036 +,raw/wayback/calls_20260915234310.pdf,2,20260915234310
2026-09-14,FINAL,SR3,2029-12,95.515,95.5150 (,85336,234497 +,raw/wayback/calls_20260915234310.pdf,2,20260915234310
2026-09-14,FINAL,SR3,2030-03,95.515,95.5150 (,68493,177327 +,raw/wayback/calls_20260915234310.pdf,2,20260915234310
2026-09-14,FINAL,SR3,2030-06,95.51,95.5100 (,44980,152255 -,raw/wayback/calls_20260915234310.pdf,2,20260915234310
2026-09-14,FINAL,SR3,2030-09,95.5,95.5000 (,38747,124070 +,raw/wayback/calls_20260915234310.pdf,2,20260915234310
2026-09-14,FINAL,SR3,2030-12,95.485,95.4850 (,30064,121457 -,raw/wayback/calls_20260915234310.pdf,2,20260915234310
2026-09-14,FINAL,SR3,2031-03,95.47,95.4700 (,33575,74445 +,raw/wayback/calls_20260915234310.pdf,2,20260915234310
2026-09-14,FINAL,SR3,2031-06,95.45,95.4500 (,31080,49107 +,raw/wayback/calls_20260915234310.pdf,2,20260915234310
2026-09-14,FINAL,SR3,2031-09,95.425,95.4250 (,21461,16536 +,raw/wayback/calls_20260915234310.pdf,2,20260915234310
2026-09-14,FINAL,SR3,2031-12,95.4,95.4000 (,803,2591 +,raw/wayback/calls_20260915234310.pdf,2,20260915234310
2026-09-14,FINAL,SR3,2032-03,95.375,95.3750 (,129,1732 +,raw/wayback/calls_20260915234310.pdf,2,20260915234310
2026-09-14,FINAL,SR3,2032-06,95.345,95.3450 (,74,831,raw/wayback/calls_20260915234310.pdf,2,20260915234310
2026-09-14,FINAL,SR3,2032-09,95.315,95.3150 (,----,97,raw/wayback/calls_20260915234310.pdf,2,20260915234310
2026-09-14,FINAL,SR3,2032-12,95.29,95.2900 (,----,99,raw/wayback/calls_20260915234310.pdf,2,20260915234310
2026-09-14,FINAL,SR3,2033-03,95.265,95.2650 (,----,6,raw/wayback/calls_20260915234310.pdf,2,20260915234310
2026-09-14,FINAL,SR3,2033-06,95.235,95.2350 (,1,1 +,raw/wayback/calls_20260915234310.pdf,2,20260915234310
2026-09-14,FINAL,SR3,2033-12,95.165,95.1650 (,----,11,raw/wayback/calls_20260915234310.pdf,2,20260915234310
2026-09-15,FINAL,SR1,2026-09,96.2525,96.2525,74410,275656 -,raw/wayback/calls_20260917000443.pdf,2,20260917000443
2026-09-15,FINAL,SR1,2026-10,96.105,96.1050,64287,308703 -,raw/wayback/calls_20260917000443.pdf,2,20260917000443
2026-09-15,FINAL,SR1,2026-11,95.995,95.9950,68808,214396 +,raw/wayback/calls_20260917000443.pdf,2,20260917000443
2026-09-15,FINAL,SR1,2026-12,95.855,95.8550,25877,149199 +,raw/wayback/calls_20260917000443.pdf,2,20260917000443
2026-09-15,FINAL,SR1,2027-01,95.805,95.8050,22087,132863 -,raw/wayback/calls_20260917000443.pdf,2,20260917000443
2026-09-15,FINAL,SR1,2027-02,95.74,95.7400,19364,78442 -,raw/wayback/calls_20260917000443.pdf,2,20260917000443
2026-09-15,FINAL,SR1,2027-03,95.665,95.6650,4436,23687 +,raw/wayback/calls_20260917000443.pdf,2,20260917000443
2026-09-15,FINAL,SR1,2027-04,95.59,95.5900,3325,35426 -,raw/wayback/calls_20260917000443.pdf,2,20260917000443
2026-09-15,FINAL,SR1,2027-05,95.525,95.5250,4814,25983 +,raw/wayback/calls_20260917000443.pdf,2,20260917000443
2026-09-15,FINAL,SR1,2027-06,95.465,95.4650,2597,13438 +,raw/wayback/calls_20260917000443.pdf,2,20260917000443
2026-09-15,FINAL,SR1,2027-07,95.435,95.4350,2048,12540 +,raw/wayback/calls_20260917000443.pdf,2,20260917000443
2026-09-15,FINAL,SR1,2027-08,95.405,95.4050,452,5131 +,raw/wayback/calls_20260917000443.pdf,2,20260917000443
2026-09-15,FINAL,SR1,2027-09,95.39,95.3900,49,3762 +,raw/wayback/calls_20260917000443.pdf,2,20260917000443
2026-09-15,FINAL,SR1,2027-10,95.385,95.3850,3,1284 +,raw/wayback/calls_20260917000443.pdf,2,20260917000443
2026-09-15,FINAL,SR1,2027-11,95.38,95.3800,----,710,raw/wayback/calls_20260917000443.pdf,2,20260917000443
2026-09-15,FINAL,SR3,2026-06,96.3525,96.3525,11338,1328928 -,raw/wayback/calls_20260917000443.pdf,2,20260917000443
2026-09-15,FINAL,SR3,2026-07,96.265,96.2650 (,7,9691 -,raw/wayback/calls_20260917000443.pdf,2,20260917000443
2026-09-15,FINAL,SR3,2026-08,96.1525,96.1525 (,3,4335,raw/wayback/calls_20260917000443.pdf,2,20260917000443
2026-09-15,FINAL,SR3,2026-09,96.02,96.0200 (,342622,1319566 -,raw/wayback/calls_20260917000443.pdf,2,20260917000443
2026-09-15,FINAL,SR3,2026-10,95.9025,95.9025 (,15,1844 +,raw/wayback/calls_20260917000443.pdf,2,20260917000443
2026-09-15,FINAL,SR3,2026-11,95.8175,95.8175 (,----,466,raw/wayback/calls_20260917000443.pdf,2,20260917000443
2026-09-15,FINAL,SR3,2026-12,95.745,95.7450 (,498579,1656075 -,raw/wayback/calls_20260917000443.pdf,2,20260917000443
2026-09-15,FINAL,SR3,2027-01,95.665,95.6650 (,----,679,raw/wayback/calls_20260917000443.pdf,2,20260917000443
2026-09-15,FINAL,SR3,2027-02,95.6,95.6000 (,14,400,raw/wayback/calls_20260917000443.pdf,2,20260917000443
2026-09-15,FINAL,SR3,2027-03,95.525,95.5250 (,354528,1133386 +,raw/wayback/calls_20260917000443.pdf,2,20260917000443
2026-09-15,FINAL,SR3,2027-06,95.395,95.3950 (,334722,1232048 +,raw/wayback/calls_20260917000443.pdf,2,20260917000443
2026-09-15,FINAL,SR3,2027-09,95.355,95.3550 (,326508,944073 -,raw/wayback/calls_20260917000443.pdf,2,20260917000443
2026-09-15,FINAL,SR3,2027-12,95.37,95.3700 (,348626,1412980 +,raw/wayback/calls_20260917000443.pdf,2,20260917000443
2026-09-15,FINAL,SR3,2028-03,95.4,95.4000 (,228395,692769 -,raw/wayback/calls_20260917000443.pdf,2,20260917000443
2026-09-15,FINAL,SR3,2028-06,95.42,95.4200 (,204512,566901 -,raw/wayback/calls_20260917000443.pdf,2,20260917000443
2026-09-15,FINAL,SR3,2028-09,95.435,95.4350 (,194966,573077 +,raw/wayback/calls_20260917000443.pdf,2,20260917000443
2026-09-15,FINAL,SR3,2028-12,95.45,95.4500 (,159492,481528 +,raw/wayback/calls_20260917000443.pdf,2,20260917000443
2026-09-15,FINAL,SR3,2029-03,95.46,95.4600 (,126087,391082 -,raw/wayback/calls_20260917000443.pdf,2,20260917000443
2026-09-15,FINAL,SR3,2029-06,95.465,95.4650 (,118439,354570 +,raw/wayback/calls_20260917000443.pdf,2,20260917000443
2026-09-15,FINAL,SR3,2029-09,95.47,95.4700 (,115140,275939 +,raw/wayback/calls_20260917000443.pdf,2,20260917000443
2026-09-15,FINAL,SR3,2029-12,95.475,95.4750 (,58959,244476 +,raw/wayback/calls_20260917000443.pdf,2,20260917000443
2026-09-15,FINAL,SR3,2030-03,95.475,95.4750 (,39042,179284 +,raw/wayback/calls_20260917000443.pdf,2,20260917000443
2026-09-15,FINAL,SR3,2030-06,95.47,95.4700 (,33657,150433 -,raw/wayback/calls_20260917000443.pdf,2,20260917000443
2026-09-15,FINAL,SR3,2030-09,95.46,95.4600 (,29094,124549 +,raw/wayback/calls_20260917000443.pdf,2,20260917000443
2026-09-15,FINAL,SR3,2030-12,95.445,95.4450 (,25373,120075 -,raw/wayback/calls_20260917000443.pdf,2,20260917000443
2026-09-15,FINAL,SR3,2031-03,95.425,95.4250 (,24596,75876 +,raw/wayback/calls_20260917000443.pdf,2,20260917000443
2026-09-15,FINAL,SR3,2031-06,95.405,95.4050 (,21189,49521 +,raw/wayback/calls_20260917000443.pdf,2,20260917000443
2026-09-15,FINAL,SR3,2031-09,95.38,95.3800 (,16985,18961 +,raw/wayback/calls_20260917000443.pdf,2,20260917000443
2026-09-15,FINAL,SR3,2031-12,95.355,95.3550 (,437,2784 +,raw/wayback/calls_20260917000443.pdf,2,20260917000443
2026-09-15,FINAL,SR3,2032-03,95.33,95.3300 (,90,1726 -,raw/wayback/calls_20260917000443.pdf,2,20260917000443
2026-09-15,FINAL,SR3,2032-06,95.3,95.3000 (,9,824 -,raw/wayback/calls_20260917000443.pdf,2,20260917000443
2026-09-15,FINAL,SR3,2032-09,95.27,95.2700 (,----,97,raw/wayback/calls_20260917000443.pdf,2,20260917000443
2026-09-15,FINAL,SR3,2032-12,95.245,95.2450 (,----,99,raw/wayback/calls_20260917000443.pdf,2,20260917000443
2026-09-15,FINAL,SR3,2033-03,95.22,95.2200 (,----,6,raw/wayback/calls_20260917000443.pdf,2,20260917000443
2026-09-15,FINAL,SR3,2033-06,95.19,95.1900 (,----,1,raw/wayback/calls_20260917000443.pdf,2,20260917000443
2026-09-15,FINAL,SR3,2033-12,95.125,95.1250 (,----,11,raw/wayback/calls_20260917000443.pdf,2,20260917000443
2026-09-24,FINAL,SR1,2026-09,96.25,96.2500,42579,294120 +,raw/wayback/calls_20260926000441.pdf,2,20260926000441
2026-09-24,FINAL,SR1,2026-10,96.09,96.0900,54968,267959 -,raw/wayback/calls_20260926000441.pdf,2,20260926000441
2026-09-24,FINAL,SR1,2026-11,95.93,95.9300,64205,226894 +,raw/wayback/calls_20260926000441.pdf,2,20260926000441
2026-09-24,FINAL,SR1,2026-12,95.77,95.7700,25707,167620 +,raw/wayback/calls_20260926000441.pdf,2,20260926000441
2026-09-24,FINAL,SR1,2027-01,95.7,95.7000,30937,140050 +,raw/wayback/calls_20260926000441.pdf,2,20260926000441
2026-09-24,FINAL,SR1,2027-02,95.605,95.6050,19392,78416 +,raw/wayback/calls_20260926000441.pdf,2,20260926000441
2026-09-24,FINAL,SR1,2027-03,95.52,95.5200,3815,31919 -,raw/wayback/calls_20260926000441.pdf,2,20260926000441
2026-09-24,FINAL,SR1,2027-04,95.42,95.4200,6099,40359 +,raw/wayback/calls_20260926000441.pdf,2,20260926000441
2026-09-24,FINAL,SR1,2027-05,95.33,95.3300,9206,35795 +,raw/wayback/calls_20260926000441.pdf,2,20260926000441
2026-09-24,FINAL,SR1,2027-06,95.25,95.2500,684,14862 +,raw/wayback/calls_20260926000441.pdf,2,20260926000441
2026-09-24,FINAL,SR1,2027-07,95.215,95.2150,1259,20066 +,raw/wayback/calls_20260926000441.pdf,2,20260926000441
2026-09-24,FINAL,SR1,2027-08,95.18,95.1800,635,9208 +,raw/wayback/calls_20260926000441.pdf,2,20260926000441
2026-09-24,FINAL,SR1,2027-09,95.16,95.1600,86,3523 +,raw/wayback/calls_20260926000441.pdf,2,20260926000441
2026-09-24,FINAL,SR1,2027-10,95.145,95.1450,454,1684 -,raw/wayback/calls_20260926000441.pdf,2,20260926000441
2026-09-24,FINAL,SR1,2027-11,95.14,95.1400,----,713,raw/wayback/calls_20260926000441.pdf,2,20260926000441
2026-09-24,FINAL,SR3,2026-07,96.2575,96.2575,178,10394 +,raw/wayback/calls_20260926000441.pdf,2,20260926000441
2026-09-24,FINAL,SR3,2026-08,96.1325,96.1325,190,5025 +,raw/wayback/calls_20260926000441.pdf,2,20260926000441
2026-09-24,FINAL,SR3,2026-09,95.985,95.9850,162876,1335557 +,raw/wayback/calls_20260926000441.pdf,2,20260926000441
2026-09-24,FINAL,SR3,2026-10,95.8275,95.8275,112,2659 +,raw/wayback/calls_20260926000441.pdf,2,20260926000441
2026-09-24,FINAL,SR3,2026-11,95.72,95.7200,----,1263,raw/wayback/calls_20260926000441.pdf,2,20260926000441
2026-09-24,FINAL,SR3,2026-12,95.63,95.6300,652232,1667494 +,raw/wayback/calls_20260926000441.pdf,2,20260926000441
2026-09-24,FINAL,SR3,2027-01,95.525,95.5250,----,851,raw/wayback/calls_20260926000441.pdf,2,20260926000441
2026-09-24,FINAL,SR3,2027-02,95.44,95.4400,----,450,raw/wayback/calls_20260926000441.pdf,2,20260926000441
2026-09-24,FINAL,SR3,2027-03,95.34,95.3400,492305,1187919 -,raw/wayback/calls_20260926000441.pdf,2,20260926000441
2026-09-24,FINAL,SR3,2027-06,95.175,95.1750,517375,1236403 -,raw/wayback/calls_20260926000441.pdf,2,20260926000441
2026-09-24,FINAL,SR3,2027-09,95.125,95.1250,460333,971509 +,raw/wayback/calls_20260926000441.pdf,2,20260926000441
2026-09-24,FINAL,SR3,2027-12,95.135,95.1350,560365,1429883 -,raw/wayback/calls_20260926000441.pdf,2,20260926000441
2026-09-24,FINAL,SR3,2028-03,95.16,95.1600,391102,729791 +,raw/wayback/calls_20260926000441.pdf,2,20260926000441
2026-09-24,FINAL,SR3,2028-06,95.185,95.1850,341874,566129 -,raw/wayback/calls_20260926000441.pdf,2,20260926000441
2026-09-24,FINAL,SR3,2028-09,95.215,95.2150,332920,588590 -,raw/wayback/calls_20260926000441.pdf,2,20260926000441
2026-09-24,FINAL,SR3,2028-12,95.245,95.2450,281037,471006 -,raw/wayback/calls_20260926000441.pdf,2,20260926000441
2026-09-24,FINAL,SR3,2029-03,95.27,95.2700,187663,365538 +,raw/wayback/calls_20260926000441.pdf,2,20260926000441
2026-09-24,FINAL,SR3,2029-06,95.29,95.2900,157850,363462 -,raw/wayback/calls_20260926000441.pdf,2,20260926000441
2026-09-24,FINAL,SR3,2029-09,95.305,95.3050,151938,298869 +,raw/wayback/calls_20260926000441.pdf,2,20260926000441
2026-09-24,FINAL,SR3,2029-12,95.315,95.3150,107125,256800 +,raw/wayback/calls_20260926000441.pdf,2,20260926000441
2026-09-24,FINAL,SR3,2030-03,95.32,95.3200,79522,173862 -,raw/wayback/calls_20260926000441.pdf,2,20260926000441
2026-09-24,FINAL,SR3,2030-06,95.32,95.3200,61477,159582 -,raw/wayback/calls_20260926000441.pdf,2,20260926000441
2026-09-24,FINAL,SR3,2030-09,95.315,95.3150,61789,130344 +,raw/wayback/calls_20260926000441.pdf,2,20260926000441
2026-09-24,FINAL,SR3,2030-12,95.3,95.3000,41509,121009 +,raw/wayback/calls_20260926000441.pdf,2,20260926000441
2026-09-24,FINAL,SR3,2031-03,95.28,95.2800,45552,79443 +,raw/wayback/calls_20260926000441.pdf,2,20260926000441
2026-09-24,FINAL,SR3,2031-06,95.26,95.2600,43831,61178 +,raw/wayback/calls_20260926000441.pdf,2,20260926000441
2026-09-24,FINAL,SR3,2031-09,95.235,95.2350,35253,29277 -,raw/wayback/calls_20260926000441.pdf,2,20260926000441
2026-09-24,FINAL,SR3,2031-12,95.215,95.2150,1423,3837 +,raw/wayback/calls_20260926000441.pdf,2,20260926000441
2026-09-24,FINAL,SR3,2032-03,95.19,95.1900,382,1894 +,raw/wayback/calls_20260926000441.pdf,2,20260926000441
2026-09-24,FINAL,SR3,2032-06,95.17,95.1700,626,896 +,raw/wayback/calls_20260926000441.pdf,2,20260926000441
2026-09-24,FINAL,SR3,2032-09,95.145,95.1450,22,106,raw/wayback/calls_20260926000441.pdf,2,20260926000441
2026-09-24,FINAL,SR3,2032-12,95.12,95.1200,----,100,raw/wayback/calls_20260926000441.pdf,2,20260926000441
2026-09-24,FINAL,SR3,2033-03,95.1,95.1000,----,6,raw/wayback/calls_20260926000441.pdf,2,20260926000441
2026-09-24,FINAL,SR3,2033-06,95.075,95.0750,----,1,raw/wayback/calls_20260926000441.pdf,2,20260926000441
2026-09-24,FINAL,SR3,2033-12,95.025,95.0250,----,11,raw/wayback/calls_20260926000441.pdf,2,20260926000441
