source_file,source_page,product,contract_label,block,reported_volume,parsed_volume,reported_open_interest,parsed_open_interest,volume_matches,open_interest_matches
raw/midcurves/midcurve54_20260326120553.pdf,1,S0,APR26,1,7850.0,7850.0,475422.0,475422.0,True,True
raw/midcurves/midcurve54_20260326120553.pdf,1,S0,MAY26,2,2000.0,2000.0,240135.0,240135.0,True,True
raw/midcurves/midcurve54_20260326120553.pdf,1,S0,JUN26,3,14050.0,14050.0,738157.0,738157.0,True,True
raw/midcurves/midcurve54_20260326120553.pdf,2,S0,JUL26,4,4500.0,4500.0,137334.0,137334.0,True,True
raw/midcurves/midcurve54_20260326120553.pdf,2,S0,AUG26,5,0.0,0,22362.0,22362.0,True,True
raw/midcurves/midcurve54_20260326120553.pdf,2,S0,SEP26,6,18700.0,18700.0,341865.0,341865.0,True,True
raw/midcurves/midcurve54_20260326120553.pdf,2,S0,DEC26,7,6350.0,6350.0,271344.0,271344.0,True,True
raw/midcurves/midcurve54_20260326120553.pdf,2,S0,MAR27,8,1250.0,1250.0,2200.0,2200.0,True,True
raw/midcurves/midcurve54_20260326120553.pdf,2,S0W,MAR26,9,8828.0,8828.0,15548.0,15548.0,True,True
raw/midcurves/midcurve54_20260326120553.pdf,2,S0W,APR26,10,0.0,0,2000.0,2000.0,True,True
raw/midcurves/midcurve54_20260326120553.pdf,3,S2,APR26,11,3560.0,3560.0,112455.0,112455.0,True,True
raw/midcurves/midcurve54_20260326120553.pdf,3,S2,MAY26,12,3000.0,3000.0,116636.0,116636.0,True,True
raw/midcurves/midcurve54_20260326120553.pdf,3,S2,JUN26,13,5000.0,5000.0,423274.0,423274.0,True,True
raw/midcurves/midcurve54_20260326120553.pdf,3,S2,JUL26,14,0.0,0,58134.0,58134.0,True,True
raw/midcurves/midcurve54_20260326120553.pdf,3,S2,AUG26,15,0.0,0,30374.0,30374.0,True,True
raw/midcurves/midcurve54_20260326120553.pdf,3,S2,SEP26,16,3000.0,3000.0,81471.0,81471.0,True,True
raw/midcurves/midcurve54_20260326120553.pdf,4,S2,DEC26,17,250.0,250.0,94899.0,94899.0,True,True
raw/midcurves/midcurve54_20260326120553.pdf,4,S2,MAR27,18,0.0,0,450.0,450.0,True,True
raw/midcurves/midcurve54_20260326120553.pdf,4,S3,APR26,19,0.0,0,31762.0,31762.0,True,True
raw/midcurves/midcurve54_20260326120553.pdf,4,S3,MAY26,20,0.0,0,21855.0,21855.0,True,True
raw/midcurves/midcurve54_20260326120553.pdf,4,S3,JUN26,21,0.0,0,76790.0,76790.0,True,True
raw/midcurves/midcurve54_20260326120553.pdf,4,S3,JUL26,22,0.0,0,13222.0,13222.0,True,True
raw/midcurves/midcurve54_20260326120553.pdf,4,S3,AUG26,23,0.0,0,968.0,968.0,True,True
raw/midcurves/midcurve54_20260326120553.pdf,4,S3,SEP26,24,0.0,0,74845.0,74845.0,True,True
raw/midcurves/midcurve54_20260326120553.pdf,4,S3,DEC26,25,0.0,0,36843.0,36843.0,True,True
raw/midcurves/midcurve54_20260327115652.pdf,1,S0,APR26,1,10525.0,10525.0,517422.0,517422.0,True,True
raw/midcurves/midcurve54_20260327115652.pdf,1,S0,MAY26,2,6250.0,6250.0,235831.0,235831.0,True,True
raw/midcurves/midcurve54_20260327115652.pdf,1,S0,JUN26,3,21625.0,21625.0,723540.0,723540.0,True,True
raw/midcurves/midcurve54_20260327115652.pdf,2,S0,JUL26,4,4600.0,4600.0,142024.0,142024.0,True,True
raw/midcurves/midcurve54_20260327115652.pdf,2,S0,AUG26,5,14000.0,14000.0,14362.0,14362.0,True,True
raw/midcurves/midcurve54_20260327115652.pdf,2,S0,SEP26,6,3650.0,3650.0,343784.0,343784.0,True,True
raw/midcurves/midcurve54_20260327115652.pdf,2,S0,DEC26,7,0.0,0,272357.0,272357.0,True,True
raw/midcurves/midcurve54_20260327115652.pdf,2,S0,MAR27,8,780.0,780.0,3451.0,3451.0,True,True
raw/midcurves/midcurve54_20260327115652.pdf,2,S0W,MAR26,9,500.0,500.0,13864.0,13864.0,True,True
raw/midcurves/midcurve54_20260327115652.pdf,2,S0W,APR26,10,0.0,0,2000.0,2000.0,True,True
raw/midcurves/midcurve54_20260327115652.pdf,3,S2,APR26,11,2000.0,2000.0,114346.0,114346.0,True,True
raw/midcurves/midcurve54_20260327115652.pdf,3,S2,MAY26,12,700.0,700.0,117155.0,117155.0,True,True
raw/midcurves/midcurve54_20260327115652.pdf,3,S2,JUN26,13,0.0,0,418425.0,418425.0,True,True
raw/midcurves/midcurve54_20260327115652.pdf,3,S2,JUL26,14,0.0,0,58134.0,58134.0,True,True
raw/midcurves/midcurve54_20260327115652.pdf,3,S2,AUG26,15,0.0,0,30374.0,30374.0,True,True
raw/midcurves/midcurve54_20260327115652.pdf,3,S2,SEP26,16,2000.0,2000.0,85672.0,85672.0,True,True
raw/midcurves/midcurve54_20260327115652.pdf,4,S2,DEC26,17,3350.0,3350.0,130815.0,130815.0,True,True
raw/midcurves/midcurve54_20260327115652.pdf,4,S2,MAR27,18,0.0,0,700.0,700.0,True,True
raw/midcurves/midcurve54_20260327115652.pdf,4,S3,APR26,19,0.0,0,32073.0,32073.0,True,True
raw/midcurves/midcurve54_20260327115652.pdf,4,S3,MAY26,20,0.0,0,21855.0,21855.0,True,True
raw/midcurves/midcurve54_20260327115652.pdf,4,S3,JUN26,21,500.0,500.0,76376.0,76376.0,True,True
raw/midcurves/midcurve54_20260327115652.pdf,4,S3,JUL26,22,0.0,0,13222.0,13222.0,True,True
raw/midcurves/midcurve54_20260327115652.pdf,4,S3,AUG26,23,0.0,0,968.0,968.0,True,True
raw/midcurves/midcurve54_20260327115652.pdf,4,S3,SEP26,24,0.0,0,74845.0,74845.0,True,True
raw/midcurves/midcurve54_20260327115652.pdf,5,S3,DEC26,25,0.0,0,36843.0,36843.0,True,True
raw/midcurves/midcurve54_20260330121007.pdf,1,S0,APR26,1,9250.0,9250.0,521138.0,521138.0,True,True
raw/midcurves/midcurve54_20260330121007.pdf,1,S0,MAY26,2,10.0,10.0,236717.0,236717.0,True,True
raw/midcurves/midcurve54_20260330121007.pdf,1,S0,JUN26,3,24250.0,24250.0,711376.0,711376.0,True,True
raw/midcurves/midcurve54_20260330121007.pdf,2,S0,JUL26,4,5500.0,5500.0,147410.0,147410.0,True,True
raw/midcurves/midcurve54_20260330121007.pdf,2,S0,AUG26,5,0.0,0,14362.0,14362.0,True,True
raw/midcurves/midcurve54_20260330121007.pdf,2,S0,SEP26,6,4075.0,4075.0,345534.0,345534.0,True,True
raw/midcurves/midcurve54_20260330121007.pdf,2,S0,DEC26,7,0.0,0,273857.0,273857.0,True,True
raw/midcurves/midcurve54_20260330121007.pdf,2,S0,MAR27,8,0.0,0,4216.0,4216.0,True,True
raw/midcurves/midcurve54_20260330121007.pdf,2,S0W,MAR26,9,0.0,0,0.0,0,True,True
raw/midcurves/midcurve54_20260330121007.pdf,2,S0W,APR26,10,0.0,0,2000.0,2000.0,True,True
raw/midcurves/midcurve54_20260330121007.pdf,3,S2,APR26,11,4000.0,4000.0,120392.0,120392.0,True,True
raw/midcurves/midcurve54_20260330121007.pdf,3,S2,MAY26,12,2000.0,2000.0,118394.0,118394.0,True,True
raw/midcurves/midcurve54_20260330121007.pdf,3,S2,JUN26,13,0.0,0,418169.0,418169.0,True,True
raw/midcurves/midcurve54_20260330121007.pdf,3,S2,JUL26,14,0.0,0,58134.0,58134.0,True,True
raw/midcurves/midcurve54_20260330121007.pdf,3,S2,AUG26,15,0.0,0,30374.0,30374.0,True,True
raw/midcurves/midcurve54_20260330121007.pdf,4,S2,SEP26,16,600.0,600.0,85357.0,85357.0,True,True
raw/midcurves/midcurve54_20260330121007.pdf,4,S2,DEC26,17,1500.0,1500.0,94590.0,94590.0,True,True
raw/midcurves/midcurve54_20260330121007.pdf,4,S2,MAR27,18,0.0,0,700.0,700.0,True,True
raw/midcurves/midcurve54_20260330121007.pdf,4,S3,APR26,19,0.0,0,32252.0,32252.0,True,True
raw/midcurves/midcurve54_20260330121007.pdf,4,S3,MAY26,20,0.0,0,21855.0,21855.0,True,True
raw/midcurves/midcurve54_20260330121007.pdf,4,S3,JUN26,21,0.0,0,76376.0,76376.0,True,True
raw/midcurves/midcurve54_20260330121007.pdf,4,S3,JUL26,22,0.0,0,13222.0,13222.0,True,True
raw/midcurves/midcurve54_20260330121007.pdf,4,S3,AUG26,23,0.0,0,968.0,968.0,True,True
raw/midcurves/midcurve54_20260330121007.pdf,4,S3,SEP26,24,0.0,0,74845.0,74845.0,True,True
raw/midcurves/midcurve54_20260330121007.pdf,5,S3,DEC26,25,0.0,0,36843.0,36843.0,True,True
raw/midcurves/midcurve54_20260331215110.pdf,1,S0,APR26,1,113550.0,113550.0,473963.0,473963.0,True,True
raw/midcurves/midcurve54_20260331215110.pdf,1,S0,MAY26,2,2250.0,2250.0,239141.0,239141.0,True,True
raw/midcurves/midcurve54_20260331215110.pdf,1,S0,JUN26,3,3500.0,3500.0,713311.0,713311.0,True,True
raw/midcurves/midcurve54_20260331215110.pdf,2,S0,JUL26,4,24000.0,24000.0,161708.0,161708.0,True,True
raw/midcurves/midcurve54_20260331215110.pdf,2,S0,AUG26,5,250.0,250.0,15366.0,15366.0,True,True
raw/midcurves/midcurve54_20260331215110.pdf,2,S0,SEP26,6,1000.0,1000.0,346328.0,346328.0,True,True
raw/midcurves/midcurve54_20260331215110.pdf,2,S0,DEC26,7,0.0,0,273879.0,273879.0,True,True
raw/midcurves/midcurve54_20260331215110.pdf,2,S0,MAR27,8,0.0,0,4217.0,4217.0,True,True
raw/midcurves/midcurve54_20260331215110.pdf,2,S0W,MAR26,9,0.0,0,0.0,0,True,True
raw/midcurves/midcurve54_20260331215110.pdf,3,S0W,APR26,10,0.0,0,2400.0,2400.0,True,True
raw/midcurves/midcurve54_20260331215110.pdf,3,S2,APR26,11,1000.0,1000.0,120459.0,120459.0,True,True
raw/midcurves/midcurve54_20260331215110.pdf,3,S2,MAY26,12,2500.0,2500.0,116823.0,116823.0,True,True
raw/midcurves/midcurve54_20260331215110.pdf,3,S2,JUN26,13,0.0,0,418502.0,418502.0,True,True
raw/midcurves/midcurve54_20260331215110.pdf,3,S2,JUL26,14,0.0,0,58305.0,58305.0,True,True
raw/midcurves/midcurve54_20260331215110.pdf,3,S2,AUG26,15,0.0,0,30374.0,30374.0,True,True
raw/midcurves/midcurve54_20260331215110.pdf,4,S2,SEP26,16,600.0,600.0,85275.0,85275.0,True,True
raw/midcurves/midcurve54_20260331215110.pdf,4,S2,DEC26,17,0.0,0,94590.0,94590.0,True,True
raw/midcurves/midcurve54_20260331215110.pdf,4,S2,MAR27,18,400.0,400.0,700.0,700.0,True,True
raw/midcurves/midcurve54_20260331215110.pdf,4,S3,APR26,19,0.0,0,32460.0,32460.0,True,True
raw/midcurves/midcurve54_20260331215110.pdf,4,S3,MAY26,20,0.0,0,21855.0,21855.0,True,True
raw/midcurves/midcurve54_20260331215110.pdf,4,S3,JUN26,21,0.0,0,76074.0,76074.0,True,True
raw/midcurves/midcurve54_20260331215110.pdf,4,S3,JUL26,22,0.0,0,13222.0,13222.0,True,True
raw/midcurves/midcurve54_20260331215110.pdf,4,S3,AUG26,23,0.0,0,968.0,968.0,True,True
raw/midcurves/midcurve54_20260331215110.pdf,5,S3,SEP26,24,0.0,0,74845.0,74845.0,True,True
raw/midcurves/midcurve54_20260331215110.pdf,5,S3,DEC26,25,0.0,0,36843.0,36843.0,True,True
raw/midcurves/midcurve54_20260331215110.pdf,5,S4,APR26,26,0.0,0,3.0,3.0,True,True
raw/midcurves/midcurve54_20260401215339.pdf,1,S0,APR26,1,22550.0,22550.0,470113.0,470113.0,True,True
raw/midcurves/midcurve54_20260401215339.pdf,1,S0,MAY26,2,4500.0,4500.0,239766.0,239766.0,True,True
raw/midcurves/midcurve54_20260401215339.pdf,1,S0,JUN26,3,16675.0,16675.0,717689.0,717689.0,True,True
raw/midcurves/midcurve54_20260401215339.pdf,2,S0,JUL26,4,0.0,0,162870.0,162870.0,True,True
raw/midcurves/midcurve54_20260401215339.pdf,2,S0,AUG26,5,0.0,0,15366.0,15366.0,True,True
raw/midcurves/midcurve54_20260401215339.pdf,2,S0,SEP26,6,11002.0,11002.0,352697.0,352697.0,True,True
raw/midcurves/midcurve54_20260401215339.pdf,2,S0,DEC26,7,12100.0,12100.0,277081.0,277081.0,True,True
raw/midcurves/midcurve54_20260401215339.pdf,2,S0,MAR27,8,1400.0,1400.0,5017.0,5017.0,True,True
raw/midcurves/midcurve54_20260401215339.pdf,3,S0W,APR26,9,0.0,0,2500.0,2500.0,True,True
raw/midcurves/midcurve54_20260401215339.pdf,3,S2,APR26,10,5000.0,5000.0,119466.0,119466.0,True,True
raw/midcurves/midcurve54_20260401215339.pdf,3,S2,MAY26,11,1500.0,1500.0,115509.0,115509.0,True,True
raw/midcurves/midcurve54_20260401215339.pdf,3,S2,JUN26,12,1500.0,1500.0,418645.0,418645.0,True,True
raw/midcurves/midcurve54_20260401215339.pdf,3,S2,JUL26,13,0.0,0,58305.0,58305.0,True,True
raw/midcurves/midcurve54_20260401215339.pdf,3,S2,AUG26,14,0.0,0,30374.0,30374.0,True,True
raw/midcurves/midcurve54_20260401215339.pdf,4,S2,SEP26,15,0.0,0,85175.0,85175.0,True,True
raw/midcurves/midcurve54_20260401215339.pdf,4,S2,DEC26,16,300.0,300.0,94590.0,94590.0,True,True
raw/midcurves/midcurve54_20260401215339.pdf,4,S2,MAR27,17,500.0,500.0,1200.0,1200.0,True,True
raw/midcurves/midcurve54_20260401215339.pdf,4,S3,APR26,18,0.0,0,32460.0,32460.0,True,True
raw/midcurves/midcurve54_20260401215339.pdf,4,S3,MAY26,19,0.0,0,21855.0,21855.0,True,True
raw/midcurves/midcurve54_20260401215339.pdf,4,S3,JUN26,20,0.0,0,77074.0,77074.0,True,True
raw/midcurves/midcurve54_20260401215339.pdf,4,S3,JUL26,21,0.0,0,13222.0,13222.0,True,True
raw/midcurves/midcurve54_20260401215339.pdf,4,S3,AUG26,22,0.0,0,1068.0,1068.0,True,True
raw/midcurves/midcurve54_20260401215339.pdf,5,S3,SEP26,23,1601.0,1601.0,75812.0,75812.0,True,True
raw/midcurves/midcurve54_20260401215339.pdf,5,S3,DEC26,24,0.0,0,36843.0,36843.0,True,True
raw/midcurves/midcurve54_20260401215339.pdf,5,S4,APR26,25,0.0,0,3.0,3.0,True,True
raw/midcurves/midcurve54_20260401215339.pdf,5,S4,JUN27,26,0.0,0,0.0,0,True,True
raw/midcurves/midcurve54_20260402215010.pdf,1,S0,APR26,1,36350.0,36350.0,476351.0,476351.0,True,True
raw/midcurves/midcurve54_20260402215010.pdf,1,S0,MAY26,2,1000.0,1000.0,241758.0,241758.0,True,True
raw/midcurves/midcurve54_20260402215010.pdf,1,S0,JUN26,3,2450.0,2450.0,717357.0,717357.0,True,True
raw/midcurves/midcurve54_20260402215010.pdf,2,S0,JUL26,4,10250.0,10250.0,165835.0,165835.0,True,True
raw/midcurves/midcurve54_20260402215010.pdf,2,S0,AUG26,5,0.0,0,15366.0,15366.0,True,True
raw/midcurves/midcurve54_20260402215010.pdf,2,S0,SEP26,6,15550.0,15550.0,360613.0,360613.0,True,True
raw/midcurves/midcurve54_20260402215010.pdf,2,S0,DEC26,7,9600.0,9600.0,288332.0,288332.0,True,True
raw/midcurves/midcurve54_20260402215010.pdf,2,S0,MAR27,8,0.0,0,4710.0,4710.0,True,True
raw/midcurves/midcurve54_20260402215010.pdf,3,S0W,APR26,9,800.0,800.0,2900.0,2900.0,True,True
raw/midcurves/midcurve54_20260402215010.pdf,3,S2,APR26,10,0.0,0,124472.0,124472.0,True,True
raw/midcurves/midcurve54_20260402215010.pdf,3,S2,MAY26,11,0.0,0,115759.0,115759.0,True,True
raw/midcurves/midcurve54_20260402215010.pdf,3,S2,JUN26,12,10000.0,10000.0,413971.0,413971.0,True,True
raw/midcurves/midcurve54_20260402215010.pdf,3,S2,JUL26,13,1000.0,1000.0,60701.0,60701.0,True,True
raw/midcurves/midcurve54_20260402215010.pdf,3,S2,AUG26,14,0.0,0,30374.0,30374.0,True,True
raw/midcurves/midcurve54_20260402215010.pdf,4,S2,SEP26,15,0.0,0,85175.0,85175.0,True,True
raw/midcurves/midcurve54_20260402215010.pdf,4,S2,DEC26,16,1375.0,1375.0,94590.0,94590.0,True,True
raw/midcurves/midcurve54_20260402215010.pdf,4,S2,MAR27,17,0.0,0,1335.0,1335.0,True,True
raw/midcurves/midcurve54_20260402215010.pdf,4,S3,APR26,18,0.0,0,32460.0,32460.0,True,True
raw/midcurves/midcurve54_20260402215010.pdf,4,S3,MAY26,19,0.0,0,21855.0,21855.0,True,True
raw/midcurves/midcurve54_20260402215010.pdf,4,S3,JUN26,20,0.0,0,77074.0,77074.0,True,True
raw/midcurves/midcurve54_20260402215010.pdf,4,S3,JUL26,21,0.0,0,13222.0,13222.0,True,True
raw/midcurves/midcurve54_20260402215010.pdf,4,S3,AUG26,22,0.0,0,1068.0,1068.0,True,True
raw/midcurves/midcurve54_20260402215010.pdf,5,S3,SEP26,23,0.0,0,75211.0,75211.0,True,True
raw/midcurves/midcurve54_20260402215010.pdf,5,S3,DEC26,24,0.0,0,36843.0,36843.0,True,True
raw/midcurves/midcurve54_20260402215010.pdf,5,S4,APR26,25,0.0,0,3.0,3.0,True,True
raw/midcurves/midcurve54_20260402215010.pdf,5,S4,JUN27,26,0.0,0,0.0,0,True,True
raw/midcurves/midcurve54_20260403214500.pdf,1,S0,APR26,1,15850.0,15850.0,483888.0,483888.0,True,True
raw/midcurves/midcurve54_20260403214500.pdf,1,S0,MAY26,2,750.0,750.0,242567.0,242567.0,True,True
raw/midcurves/midcurve54_20260403214500.pdf,2,S0,JUN26,3,9233.0,9233.0,718057.0,718057.0,True,True
raw/midcurves/midcurve54_20260403214500.pdf,2,S0,JUL26,4,10750.0,10750.0,168374.0,168374.0,True,True
raw/midcurves/midcurve54_20260403214500.pdf,2,S0,AUG26,5,0.0,0,14616.0,14616.0,True,True
raw/midcurves/midcurve54_20260403214500.pdf,2,S0,SEP26,6,7420.0,7420.0,361450.0,361450.0,True,True
raw/midcurves/midcurve54_20260403214500.pdf,2,S0,DEC26,7,2700.0,2700.0,289533.0,289533.0,True,True
raw/midcurves/midcurve54_20260403214500.pdf,2,S0,MAR27,8,0.0,0,4710.0,4710.0,True,True
raw/midcurves/midcurve54_20260403214500.pdf,3,S0W,APR26,9,0.0,0,2900.0,2900.0,True,True
raw/midcurves/midcurve54_20260403214500.pdf,3,S2,APR26,10,1050.0,1050.0,123862.0,123862.0,True,True
raw/midcurves/midcurve54_20260403214500.pdf,3,S2,MAY26,11,2000.0,2000.0,117509.0,117509.0,True,True
raw/midcurves/midcurve54_20260403214500.pdf,3,S2,JUN26,12,2500.0,2500.0,411469.0,411469.0,True,True
raw/midcurves/midcurve54_20260403214500.pdf,3,S2,JUL26,13,750.0,750.0,61451.0,61451.0,True,True
raw/midcurves/midcurve54_20260403214500.pdf,3,S2,AUG26,14,0.0,0,30374.0,30374.0,True,True
raw/midcurves/midcurve54_20260403214500.pdf,4,S2,SEP26,15,250.0,250.0,84945.0,84945.0,True,True
raw/midcurves/midcurve54_20260403214500.pdf,4,S2,DEC26,16,0.0,0,94590.0,94590.0,True,True
raw/midcurves/midcurve54_20260403214500.pdf,4,S2,MAR27,17,0.0,0,1503.0,1503.0,True,True
raw/midcurves/midcurve54_20260403214500.pdf,4,S3,APR26,18,0.0,0,32460.0,32460.0,True,True
raw/midcurves/midcurve54_20260403214500.pdf,4,S3,MAY26,19,0.0,0,21855.0,21855.0,True,True
raw/midcurves/midcurve54_20260403214500.pdf,4,S3,JUN26,20,0.0,0,77074.0,77074.0,True,True
raw/midcurves/midcurve54_20260403214500.pdf,4,S3,JUL26,21,0.0,0,13222.0,13222.0,True,True
raw/midcurves/midcurve54_20260403214500.pdf,4,S3,AUG26,22,0.0,0,1068.0,1068.0,True,True
raw/midcurves/midcurve54_20260403214500.pdf,5,S3,SEP26,23,0.0,0,75211.0,75211.0,True,True
raw/midcurves/midcurve54_20260403214500.pdf,5,S3,DEC26,24,0.0,0,36843.0,36843.0,True,True
raw/midcurves/midcurve54_20260403214500.pdf,5,S4,APR26,25,0.0,0,3.0,3.0,True,True
raw/midcurves/midcurve54_20260406214931.pdf,1,S0,APR26,1,11000.0,11000.0,481421.0,481421.0,True,True
raw/midcurves/midcurve54_20260406214931.pdf,1,S0,MAY26,2,21552.0,21552.0,248869.0,248869.0,True,True
raw/midcurves/midcurve54_20260406214931.pdf,2,S0,JUN26,3,1000.0,1000.0,719057.0,719057.0,True,True
raw/midcurves/midcurve54_20260406214931.pdf,2,S0,JUL26,4,10000.0,10000.0,176692.0,176692.0,True,True
raw/midcurves/midcurve54_20260406214931.pdf,2,S0,AUG26,5,0.0,0,14616.0,14616.0,True,True
raw/midcurves/midcurve54_20260406214931.pdf,2,S0,SEP26,6,1150.0,1150.0,386126.0,386126.0,True,True
raw/midcurves/midcurve54_20260406214931.pdf,2,S0,DEC26,7,1000.0,1000.0,290033.0,290033.0,True,True
raw/midcurves/midcurve54_20260406214931.pdf,2,S0,MAR27,8,0.0,0,4710.0,4710.0,True,True
raw/midcurves/midcurve54_20260406214931.pdf,3,S0W,APR26,9,0.0,0,100.0,100.0,True,True
raw/midcurves/midcurve54_20260406214931.pdf,3,S2,APR26,10,0.0,0,124362.0,124362.0,True,True
raw/midcurves/midcurve54_20260406214931.pdf,3,S2,MAY26,11,0.0,0,117509.0,117509.0,True,True
raw/midcurves/midcurve54_20260406214931.pdf,3,S2,JUN26,12,0.0,0,411469.0,411469.0,True,True
raw/midcurves/midcurve54_20260406214931.pdf,3,S2,JUL26,13,4000.0,4000.0,65451.0,65451.0,True,True
raw/midcurves/midcurve54_20260406214931.pdf,3,S2,AUG26,14,0.0,0,30374.0,30374.0,True,True
raw/midcurves/midcurve54_20260406214931.pdf,4,S2,SEP26,15,0.0,0,84845.0,84845.0,True,True
raw/midcurves/midcurve54_20260406214931.pdf,4,S2,DEC26,16,0.0,0,94590.0,94590.0,True,True
raw/midcurves/midcurve54_20260406214931.pdf,4,S2,MAR27,17,0.0,0,1503.0,1503.0,True,True
raw/midcurves/midcurve54_20260406214931.pdf,4,S3,APR26,18,0.0,0,32460.0,32460.0,True,True
raw/midcurves/midcurve54_20260406214931.pdf,4,S3,MAY26,19,0.0,0,21855.0,21855.0,True,True
raw/midcurves/midcurve54_20260406214931.pdf,4,S3,JUN26,20,0.0,0,77074.0,77074.0,True,True
raw/midcurves/midcurve54_20260406214931.pdf,4,S3,JUL26,21,0.0,0,13222.0,13222.0,True,True
raw/midcurves/midcurve54_20260406214931.pdf,4,S3,AUG26,22,0.0,0,1068.0,1068.0,True,True
raw/midcurves/midcurve54_20260406214931.pdf,5,S3,SEP26,23,0.0,0,75213.0,75213.0,True,True
raw/midcurves/midcurve54_20260406214931.pdf,5,S3,DEC26,24,0.0,0,36843.0,36843.0,True,True
raw/midcurves/midcurve54_20260406214931.pdf,5,S4,APR26,25,0.0,0,3.0,3.0,True,True
raw/midcurves/midcurve54_20260407215418.pdf,1,S0,APR26,1,8100.0,8100.0,477452.0,477452.0,True,True
raw/midcurves/midcurve54_20260407215418.pdf,1,S0,MAY26,2,775.0,775.0,251310.0,251310.0,True,True
raw/midcurves/midcurve54_20260407215418.pdf,2,S0,JUN26,3,4500.0,4500.0,720963.0,720963.0,True,True
raw/midcurves/midcurve54_20260407215418.pdf,2,S0,JUL26,4,12250.0,12250.0,179570.0,179570.0,True,True
raw/midcurves/midcurve54_20260407215418.pdf,2,S0,AUG26,5,0.0,0,14616.0,14616.0,True,True
raw/midcurves/midcurve54_20260407215418.pdf,2,S0,SEP26,6,14250.0,14250.0,374719.0,374719.0,True,True
raw/midcurves/midcurve54_20260407215418.pdf,2,S0,DEC26,7,5500.0,5500.0,294283.0,294283.0,True,True
raw/midcurves/midcurve54_20260407215418.pdf,2,S0,MAR27,8,1550.0,1550.0,6260.0,6260.0,True,True
raw/midcurves/midcurve54_20260407215418.pdf,3,S0W,APR26,9,0.0,0,100.0,100.0,True,True
raw/midcurves/midcurve54_20260407215418.pdf,3,S2,APR26,10,250.0,250.0,124112.0,124112.0,True,True
raw/midcurves/midcurve54_20260407215418.pdf,3,S2,MAY26,11,0.0,0,117349.0,117349.0,True,True
raw/midcurves/midcurve54_20260407215418.pdf,3,S2,JUN26,12,0.0,0,410969.0,410969.0,True,True
raw/midcurves/midcurve54_20260407215418.pdf,3,S2,JUL26,13,0.0,0,65451.0,65451.0,True,True
raw/midcurves/midcurve54_20260407215418.pdf,3,S2,AUG26,14,0.0,0,30374.0,30374.0,True,True
raw/midcurves/midcurve54_20260407215418.pdf,4,S2,SEP26,15,2500.0,2500.0,86145.0,86145.0,True,True
raw/midcurves/midcurve54_20260407215418.pdf,4,S2,DEC26,16,0.0,0,94590.0,94590.0,True,True
raw/midcurves/midcurve54_20260407215418.pdf,4,S2,MAR27,17,300.0,300.0,1803.0,1803.0,True,True
raw/midcurves/midcurve54_20260407215418.pdf,4,S3,APR26,18,0.0,0,32460.0,32460.0,True,True
raw/midcurves/midcurve54_20260407215418.pdf,4,S3,MAY26,19,0.0,0,21855.0,21855.0,True,True
raw/midcurves/midcurve54_20260407215418.pdf,4,S3,JUN26,20,0.0,0,77074.0,77074.0,True,True
raw/midcurves/midcurve54_20260407215418.pdf,4,S3,JUL26,21,0.0,0,13179.0,13179.0,True,True
raw/midcurves/midcurve54_20260407215418.pdf,4,S3,AUG26,22,0.0,0,1068.0,1068.0,True,True
raw/midcurves/midcurve54_20260407215418.pdf,5,S3,SEP26,23,0.0,0,75213.0,75213.0,True,True
raw/midcurves/midcurve54_20260407215418.pdf,5,S3,DEC26,24,0.0,0,36843.0,36843.0,True,True
raw/midcurves/midcurve54_20260407215418.pdf,5,S4,APR26,25,0.0,0,3.0,3.0,True,True
raw/midcurves/midcurve54_20260408215314.pdf,1,S0,APR26,1,40500.0,40500.0,442728.0,442728.0,True,True
raw/midcurves/midcurve54_20260408215314.pdf,1,S0,MAY26,2,2000.0,2000.0,253174.0,253174.0,True,True
raw/midcurves/midcurve54_20260408215314.pdf,2,S0,JUN26,3,21250.0,21250.0,728597.0,728597.0,True,True
raw/midcurves/midcurve54_20260408215314.pdf,2,S0,JUL26,4,0.0,0,179262.0,179262.0,True,True
raw/midcurves/midcurve54_20260408215314.pdf,2,S0,AUG26,5,0.0,0,14616.0,14616.0,True,True
raw/midcurves/midcurve54_20260408215314.pdf,2,S0,SEP26,6,0.0,0,374397.0,374397.0,True,True
raw/midcurves/midcurve54_20260408215314.pdf,2,S0,DEC26,7,250.0,250.0,293971.0,293971.0,True,True
raw/midcurves/midcurve54_20260408215314.pdf,2,S0,MAR27,8,0.0,0,8625.0,8625.0,True,True
raw/midcurves/midcurve54_20260408215314.pdf,3,S0W,APR26,9,0.0,0,100.0,100.0,True,True
raw/midcurves/midcurve54_20260408215314.pdf,3,S2,APR26,10,24800.0,24800.0,132282.0,132282.0,True,True
raw/midcurves/midcurve54_20260408215314.pdf,3,S2,MAY26,11,750.0,750.0,117449.0,117449.0,True,True
raw/midcurves/midcurve54_20260408215314.pdf,3,S2,JUN26,12,1750.0,1750.0,404395.0,404395.0,True,True
raw/midcurves/midcurve54_20260408215314.pdf,3,S2,JUL26,13,0.0,0,65451.0,65451.0,True,True
raw/midcurves/midcurve54_20260408215314.pdf,3,S2,AUG26,14,0.0,0,30374.0,30374.0,True,True
raw/midcurves/midcurve54_20260408215314.pdf,4,S2,SEP26,15,0.0,0,85990.0,85990.0,True,True
raw/midcurves/midcurve54_20260408215314.pdf,4,S2,DEC26,16,0.0,0,94590.0,94590.0,True,True
raw/midcurves/midcurve54_20260408215314.pdf,4,S2,MAR27,17,0.0,0,3003.0,3003.0,True,True
raw/midcurves/midcurve54_20260408215314.pdf,4,S3,APR26,18,0.0,0,32460.0,32460.0,True,True
raw/midcurves/midcurve54_20260408215314.pdf,4,S3,MAY26,19,0.0,0,21855.0,21855.0,True,True
raw/midcurves/midcurve54_20260408215314.pdf,4,S3,JUN26,20,2000.0,2000.0,78224.0,78224.0,True,True
raw/midcurves/midcurve54_20260408215314.pdf,4,S3,JUL26,21,0.0,0,13179.0,13179.0,True,True
raw/midcurves/midcurve54_20260408215314.pdf,4,S3,AUG26,22,0.0,0,1068.0,1068.0,True,True
raw/midcurves/midcurve54_20260408215314.pdf,5,S3,SEP26,23,2000.0,2000.0,76130.0,76130.0,True,True
raw/midcurves/midcurve54_20260408215314.pdf,5,S3,DEC26,24,0.0,0,36843.0,36843.0,True,True
raw/midcurves/midcurve54_20260408215314.pdf,5,S4,APR26,25,0.0,0,3.0,3.0,True,True
raw/midcurves/midcurve54_20260409215656.pdf,1,S0,APR26,1,5400.0,5400.0,446880.0,446880.0,True,True
raw/midcurves/midcurve54_20260409215656.pdf,1,S0,MAY26,2,2750.0,2750.0,252129.0,252129.0,True,True
raw/midcurves/midcurve54_20260409215656.pdf,2,S0,JUN26,3,26400.0,26400.0,734147.0,734147.0,True,True
raw/midcurves/midcurve54_20260409215656.pdf,2,S0,JUL26,4,4000.0,4000.0,175762.0,175762.0,True,True
raw/midcurves/midcurve54_20260409215656.pdf,2,S0,AUG26,5,10000.0,10000.0,24616.0,24616.0,True,True
raw/midcurves/midcurve54_20260409215656.pdf,2,S0,SEP26,6,5150.0,5150.0,375896.0,375896.0,True,True
raw/midcurves/midcurve54_20260409215656.pdf,2,S0,DEC26,7,12050.0,12050.0,292685.0,292685.0,True,True
raw/midcurves/midcurve54_20260409215656.pdf,2,S0,MAR27,8,1000.0,1000.0,9572.0,9572.0,True,True
raw/midcurves/midcurve54_20260409215656.pdf,3,S0W,APR26,9,0.0,0,100.0,100.0,True,True
raw/midcurves/midcurve54_20260409215656.pdf,3,S2,APR26,10,0.0,0,132531.0,132531.0,True,True
raw/midcurves/midcurve54_20260409215656.pdf,3,S2,MAY26,11,0.0,0,118364.0,118364.0,True,True
raw/midcurves/midcurve54_20260409215656.pdf,3,S2,JUN26,12,0.0,0,404260.0,404260.0,True,True
raw/midcurves/midcurve54_20260409215656.pdf,3,S2,JUL26,13,0.0,0,65451.0,65451.0,True,True
raw/midcurves/midcurve54_20260409215656.pdf,3,S2,AUG26,14,0.0,0,30378.0,30378.0,True,True
raw/midcurves/midcurve54_20260409215656.pdf,4,S2,SEP26,15,0.0,0,84939.0,84939.0,True,True
raw/midcurves/midcurve54_20260409215656.pdf,4,S2,DEC26,16,0.0,0,94590.0,94590.0,True,True
raw/midcurves/midcurve54_20260409215656.pdf,4,S2,MAR27,17,0.0,0,3003.0,3003.0,True,True
raw/midcurves/midcurve54_20260409215656.pdf,4,S3,APR26,18,0.0,0,32460.0,32460.0,True,True
raw/midcurves/midcurve54_20260409215656.pdf,4,S3,MAY26,19,0.0,0,21834.0,21834.0,True,True
raw/midcurves/midcurve54_20260409215656.pdf,4,S3,JUN26,20,0.0,0,78224.0,78224.0,True,True
raw/midcurves/midcurve54_20260409215656.pdf,4,S3,JUL26,21,0.0,0,13179.0,13179.0,True,True
raw/midcurves/midcurve54_20260409215656.pdf,4,S3,AUG26,22,0.0,0,1068.0,1068.0,True,True
raw/midcurves/midcurve54_20260409215656.pdf,5,S3,SEP26,23,0.0,0,76130.0,76130.0,True,True
raw/midcurves/midcurve54_20260409215656.pdf,5,S3,DEC26,24,500.0,500.0,37143.0,37143.0,True,True
raw/midcurves/midcurve54_20260409215656.pdf,5,S4,APR26,25,0.0,0,3.0,3.0,True,True
raw/midcurves/midcurve54_20260410215107.pdf,1,S0,APR26,1,33700.0,33700.0,429895.0,429895.0,True,True
raw/midcurves/midcurve54_20260410215107.pdf,1,S0,MAY26,2,1250.0,1250.0,254592.0,254592.0,True,True
raw/midcurves/midcurve54_20260410215107.pdf,2,S0,JUN26,3,4000.0,4000.0,733524.0,733524.0,True,True
raw/midcurves/midcurve54_20260410215107.pdf,2,S0,JUL26,4,2000.0,2000.0,175302.0,175302.0,True,True
raw/midcurves/midcurve54_20260410215107.pdf,2,S0,AUG26,5,0.0,0,24661.0,24661.0,True,True
raw/midcurves/midcurve54_20260410215107.pdf,2,S0,SEP26,6,1300.0,1300.0,377426.0,377426.0,True,True
raw/midcurves/midcurve54_20260410215107.pdf,2,S0,DEC26,7,1333.0,1333.0,292752.0,292752.0,True,True
raw/midcurves/midcurve54_20260410215107.pdf,2,S0,MAR27,8,1900.0,1900.0,10972.0,10972.0,True,True
raw/midcurves/midcurve54_20260410215107.pdf,3,S0W,APR26,9,0.0,0,100.0,100.0,True,True
raw/midcurves/midcurve54_20260410215107.pdf,3,S2,APR26,10,200.0,200.0,132257.0,132257.0,True,True
raw/midcurves/midcurve54_20260410215107.pdf,3,S2,MAY26,11,0.0,0,118143.0,118143.0,True,True
raw/midcurves/midcurve54_20260410215107.pdf,3,S2,JUN26,12,0.0,0,404260.0,404260.0,True,True
raw/midcurves/midcurve54_20260410215107.pdf,3,S2,JUL26,13,0.0,0,65451.0,65451.0,True,True
raw/midcurves/midcurve54_20260410215107.pdf,3,S2,AUG26,14,0.0,0,30378.0,30378.0,True,True
raw/midcurves/midcurve54_20260410215107.pdf,4,S2,SEP26,15,0.0,0,87177.0,87177.0,True,True
raw/midcurves/midcurve54_20260410215107.pdf,4,S2,DEC26,16,1725.0,1725.0,95755.0,95755.0,True,True
raw/midcurves/midcurve54_20260410215107.pdf,4,S2,MAR27,17,1000.0,1000.0,4003.0,4003.0,True,True
raw/midcurves/midcurve54_20260410215107.pdf,4,S3,APR26,18,0.0,0,32215.0,32215.0,True,True
raw/midcurves/midcurve54_20260410215107.pdf,4,S3,MAY26,19,0.0,0,21834.0,21834.0,True,True
raw/midcurves/midcurve54_20260410215107.pdf,4,S3,JUN26,20,0.0,0,78224.0,78224.0,True,True
raw/midcurves/midcurve54_20260410215107.pdf,4,S3,JUL26,21,0.0,0,13280.0,13280.0,True,True
raw/midcurves/midcurve54_20260410215107.pdf,4,S3,AUG26,22,0.0,0,1068.0,1068.0,True,True
raw/midcurves/midcurve54_20260410215107.pdf,5,S3,SEP26,23,100.0,100.0,76130.0,76130.0,True,True
raw/midcurves/midcurve54_20260410215107.pdf,5,S3,DEC26,24,1250.0,1250.0,37093.0,37093.0,True,True
raw/midcurves/midcurve54_20260410215107.pdf,5,S4,APR26,25,0.0,0,3.0,3.0,True,True
raw/midcurves/midcurve54_20260413220005.pdf,1,S0,APR26,1,5135.0,5135.0,0.0,0,True,True
raw/midcurves/midcurve54_20260413220005.pdf,1,S0,MAY26,2,15381.0,15381.0,261899.0,261899.0,True,True
raw/midcurves/midcurve54_20260413220005.pdf,2,S0,JUN26,3,2250.0,2250.0,727313.0,727313.0,True,True
raw/midcurves/midcurve54_20260413220005.pdf,2,S0,JUL26,4,5100.0,5100.0,171402.0,171402.0,True,True
raw/midcurves/midcurve54_20260413220005.pdf,2,S0,AUG26,5,0.0,0,24661.0,24661.0,True,True
raw/midcurves/midcurve54_20260413220005.pdf,2,S0,SEP26,6,2700.0,2700.0,379461.0,379461.0,True,True
raw/midcurves/midcurve54_20260413220005.pdf,2,S0,DEC26,7,2500.0,2500.0,294832.0,294832.0,True,True
raw/midcurves/midcurve54_20260413220005.pdf,3,S0,MAR27,8,0.0,0,10972.0,10972.0,True,True
raw/midcurves/midcurve54_20260413220005.pdf,3,S0W,APR26,9,250.0,250.0,1050.0,1050.0,True,True
raw/midcurves/midcurve54_20260413220005.pdf,3,S2,APR26,10,50.0,50.0,0.0,0,True,True
raw/midcurves/midcurve54_20260413220005.pdf,3,S2,MAY26,11,0.0,0,117217.0,117217.0,True,True
raw/midcurves/midcurve54_20260413220005.pdf,3,S2,JUN26,12,3000.0,3000.0,404010.0,404010.0,True,True
raw/midcurves/midcurve54_20260413220005.pdf,3,S2,JUL26,13,100.0,100.0,65451.0,65451.0,True,True
raw/midcurves/midcurve54_20260413220005.pdf,4,S2,AUG26,14,0.0,0,30380.0,30380.0,True,True
raw/midcurves/midcurve54_20260413220005.pdf,4,S2,SEP26,15,9250.0,9250.0,83877.0,83877.0,True,True
raw/midcurves/midcurve54_20260413220005.pdf,4,S2,DEC26,16,2500.0,2500.0,97205.0,97205.0,True,True
raw/midcurves/midcurve54_20260413220005.pdf,4,S2,MAR27,17,0.0,0,4003.0,4003.0,True,True
raw/midcurves/midcurve54_20260413220005.pdf,4,S3,APR26,18,0.0,0,0.0,0,True,True
raw/midcurves/midcurve54_20260413220005.pdf,4,S3,MAY26,19,0.0,0,21834.0,21834.0,True,True
raw/midcurves/midcurve54_20260413220005.pdf,4,S3,JUN26,20,0.0,0,78224.0,78224.0,True,True
raw/midcurves/midcurve54_20260413220005.pdf,4,S3,JUL26,21,0.0,0,13424.0,13424.0,True,True
raw/midcurves/midcurve54_20260413220005.pdf,5,S3,AUG26,22,0.0,0,1068.0,1068.0,True,True
raw/midcurves/midcurve54_20260413220005.pdf,5,S3,SEP26,23,0.0,0,76130.0,76130.0,True,True
raw/midcurves/midcurve54_20260413220005.pdf,5,S3,DEC26,24,0.0,0,37093.0,37093.0,True,True
raw/midcurves/midcurve54_20260413220005.pdf,5,S4,APR26,25,0.0,0,0.0,0,True,True
raw/midcurves/midcurve54_20260414220452.pdf,1,S0,APR26,1,0.0,0,0.0,0,True,True
raw/midcurves/midcurve54_20260414220452.pdf,1,S0,MAY26,2,8058.0,8058.0,264565.0,264565.0,True,True
raw/midcurves/midcurve54_20260414220452.pdf,1,S0,JUN26,3,1558.0,1558.0,727020.0,727020.0,True,True
raw/midcurves/midcurve54_20260414220452.pdf,2,S0,JUL26,4,47200.0,47200.0,204385.0,204385.0,True,True
raw/midcurves/midcurve54_20260414220452.pdf,2,S0,AUG26,5,0.0,0,24711.0,24711.0,True,True
raw/midcurves/midcurve54_20260414220452.pdf,2,S0,SEP26,6,3250.0,3250.0,380470.0,380470.0,True,True
raw/midcurves/midcurve54_20260414220452.pdf,2,S0,DEC26,7,1250.0,1250.0,295432.0,295432.0,True,True
raw/midcurves/midcurve54_20260414220452.pdf,2,S0,MAR27,8,0.0,0,10972.0,10972.0,True,True
raw/midcurves/midcurve54_20260414220452.pdf,3,S0W,APR26,9,0.0,0,1050.0,1050.0,True,True
raw/midcurves/midcurve54_20260414220452.pdf,3,S2,APR26,10,0.0,0,0.0,0,True,True
raw/midcurves/midcurve54_20260414220452.pdf,3,S2,MAY26,11,0.0,0,118028.0,118028.0,True,True
raw/midcurves/midcurve54_20260414220452.pdf,3,S2,JUN26,12,0.0,0,405877.0,405877.0,True,True
raw/midcurves/midcurve54_20260414220452.pdf,3,S2,JUL26,13,20000.0,20000.0,52454.0,52454.0,True,True
raw/midcurves/midcurve54_20260414220452.pdf,3,S2,AUG26,14,0.0,0,30382.0,30382.0,True,True
raw/midcurves/midcurve54_20260414220452.pdf,4,S2,SEP26,15,0.0,0,83881.0,83881.0,True,True
raw/midcurves/midcurve54_20260414220452.pdf,4,S2,DEC26,16,0.0,0,97205.0,97205.0,True,True
raw/midcurves/midcurve54_20260414220452.pdf,4,S2,MAR27,17,0.0,0,4003.0,4003.0,True,True
raw/midcurves/midcurve54_20260414220452.pdf,4,S3,APR26,18,0.0,0,0.0,0,True,True
raw/midcurves/midcurve54_20260414220452.pdf,4,S3,MAY26,19,0.0,0,22006.0,22006.0,True,True
raw/midcurves/midcurve54_20260414220452.pdf,4,S3,JUN26,20,0.0,0,78224.0,78224.0,True,True
raw/midcurves/midcurve54_20260414220452.pdf,4,S3,JUL26,21,0.0,0,13424.0,13424.0,True,True
raw/midcurves/midcurve54_20260414220452.pdf,4,S3,AUG26,22,0.0,0,1068.0,1068.0,True,True
raw/midcurves/midcurve54_20260414220452.pdf,5,S3,SEP26,23,0.0,0,76130.0,76130.0,True,True
raw/midcurves/midcurve54_20260414220452.pdf,5,S3,DEC26,24,0.0,0,37093.0,37093.0,True,True
raw/midcurves/midcurve54_20260414220452.pdf,5,S3,MAR27,25,15000.0,15000.0,15000.0,15000.0,True,True
raw/midcurves/midcurve54_20260415220415.pdf,1,S0,MAY26,1,7000.0,7000.0,266260.0,266260.0,True,True
raw/midcurves/midcurve54_20260415220415.pdf,1,S0,JUN26,2,14587.0,14587.0,722930.0,722930.0,True,True
raw/midcurves/midcurve54_20260415220415.pdf,2,S0,JUL26,3,8800.0,8800.0,202603.0,202603.0,True,True
raw/midcurves/midcurve54_20260415220415.pdf,2,S0,AUG26,4,0.0,0,24849.0,24849.0,True,True
raw/midcurves/midcurve54_20260415220415.pdf,2,S0,SEP26,5,8450.0,8450.0,384722.0,384722.0,True,True
raw/midcurves/midcurve54_20260415220415.pdf,2,S0,DEC26,6,12200.0,12200.0,306332.0,306332.0,True,True
raw/midcurves/midcurve54_20260415220415.pdf,2,S0,MAR27,7,0.0,0,10972.0,10972.0,True,True
raw/midcurves/midcurve54_20260415220415.pdf,2,S0W,APR26,8,0.0,0,1050.0,1050.0,True,True
raw/midcurves/midcurve54_20260415220415.pdf,3,S2,MAY26,9,518.0,518.0,118078.0,118078.0,True,True
raw/midcurves/midcurve54_20260415220415.pdf,3,S2,JUN26,10,5250.0,5250.0,415257.0,415257.0,True,True
raw/midcurves/midcurve54_20260415220415.pdf,3,S2,JUL26,11,0.0,0,52454.0,52454.0,True,True
raw/midcurves/midcurve54_20260415220415.pdf,3,S2,AUG26,12,0.0,0,30382.0,30382.0,True,True
raw/midcurves/midcurve54_20260415220415.pdf,3,S2,SEP26,13,450.0,450.0,83881.0,83881.0,True,True
raw/midcurves/midcurve54_20260415220415.pdf,3,S2,DEC26,14,0.0,0,97205.0,97205.0,True,True
raw/midcurves/midcurve54_20260415220415.pdf,4,S2,MAR27,15,0.0,0,4265.0,4265.0,True,True
raw/midcurves/midcurve54_20260415220415.pdf,4,S3,MAY26,16,0.0,0,22217.0,22217.0,True,True
raw/midcurves/midcurve54_20260415220415.pdf,4,S3,JUN26,17,0.0,0,78224.0,78224.0,True,True
raw/midcurves/midcurve54_20260415220415.pdf,4,S3,JUL26,18,0.0,0,13424.0,13424.0,True,True
raw/midcurves/midcurve54_20260415220415.pdf,4,S3,AUG26,19,0.0,0,1068.0,1068.0,True,True
raw/midcurves/midcurve54_20260415220415.pdf,4,S3,SEP26,20,0.0,0,76130.0,76130.0,True,True
raw/midcurves/midcurve54_20260415220415.pdf,4,S3,DEC26,21,0.0,0,41256.0,41256.0,True,True
raw/midcurves/midcurve54_20260415220415.pdf,4,S3,MAR27,22,0.0,0,15000.0,15000.0,True,True
raw/midcurves/midcurve54_20260416215507.pdf,1,S0,MAY26,1,25752.0,25752.0,277522.0,277522.0,True,True
raw/midcurves/midcurve54_20260416215507.pdf,1,S0,JUN26,2,50000.0,50000.0,752720.0,752720.0,True,True
raw/midcurves/midcurve54_20260416215507.pdf,2,S0,JUL26,3,15000.0,15000.0,216031.0,216031.0,True,True
raw/midcurves/midcurve54_20260416215507.pdf,2,S0,AUG26,4,0.0,0,24949.0,24949.0,True,True
raw/midcurves/midcurve54_20260416215507.pdf,2,S0,SEP26,5,1750.0,1750.0,385214.0,385214.0,True,True
raw/midcurves/midcurve54_20260416215507.pdf,2,S0,DEC26,6,12000.0,12000.0,305482.0,305482.0,True,True
raw/midcurves/midcurve54_20260416215507.pdf,2,S0,MAR27,7,0.0,0,10972.0,10972.0,True,True
raw/midcurves/midcurve54_20260416215507.pdf,2,S0W,APR26,8,0.0,0,1050.0,1050.0,True,True
raw/midcurves/midcurve54_20260416215507.pdf,3,S2,MAY26,9,0.0,0,118111.0,118111.0,True,True
raw/midcurves/midcurve54_20260416215507.pdf,3,S2,JUN26,10,45000.0,45000.0,396399.0,396399.0,True,True
raw/midcurves/midcurve54_20260416215507.pdf,3,S2,JUL26,11,0.0,0,52474.0,52474.0,True,True
raw/midcurves/midcurve54_20260416215507.pdf,3,S2,AUG26,12,0.0,0,30382.0,30382.0,True,True
raw/midcurves/midcurve54_20260416215507.pdf,3,S2,SEP26,13,100.0,100.0,83981.0,83981.0,True,True
raw/midcurves/midcurve54_20260416215507.pdf,3,S2,DEC26,14,0.0,0,97205.0,97205.0,True,True
raw/midcurves/midcurve54_20260416215507.pdf,4,S2,MAR27,15,0.0,0,4041.0,4041.0,True,True
raw/midcurves/midcurve54_20260416215507.pdf,4,S3,MAY26,16,0.0,0,22437.0,22437.0,True,True
raw/midcurves/midcurve54_20260416215507.pdf,4,S3,JUN26,17,5000.0,5000.0,80455.0,80455.0,True,True
raw/midcurves/midcurve54_20260416215507.pdf,4,S3,JUL26,18,0.0,0,13424.0,13424.0,True,True
raw/midcurves/midcurve54_20260416215507.pdf,4,S3,AUG26,19,0.0,0,1068.0,1068.0,True,True
raw/midcurves/midcurve54_20260416215507.pdf,4,S3,SEP26,20,50.0,50.0,76130.0,76130.0,True,True
raw/midcurves/midcurve54_20260416215507.pdf,4,S3,DEC26,21,0.0,0,41256.0,41256.0,True,True
raw/midcurves/midcurve54_20260416215507.pdf,4,S3,MAR27,22,0.0,0,15000.0,15000.0,True,True
raw/midcurves/midcurve54_20260417215328.pdf,1,S0,MAY26,1,26876.0,26876.0,272863.0,272863.0,True,True
raw/midcurves/midcurve54_20260417215328.pdf,1,S0,JUN26,2,17550.0,17550.0,757059.0,757059.0,True,True
raw/midcurves/midcurve54_20260417215328.pdf,2,S0,JUL26,3,6000.0,6000.0,220400.0,220400.0,True,True
raw/midcurves/midcurve54_20260417215328.pdf,2,S0,AUG26,4,0.0,0,24970.0,24970.0,True,True
raw/midcurves/midcurve54_20260417215328.pdf,2,S0,SEP26,5,1000.0,1000.0,385216.0,385216.0,True,True
raw/midcurves/midcurve54_20260417215328.pdf,2,S0,OCT26,6,0.0,0,1.0,1.0,True,True
raw/midcurves/midcurve54_20260417215328.pdf,2,S0,DEC26,7,2224.0,2224.0,307119.0,307119.0,True,True
raw/midcurves/midcurve54_20260417215328.pdf,2,S0,MAR27,8,0.0,0,10972.0,10972.0,True,True
raw/midcurves/midcurve54_20260417215328.pdf,2,S0,JUN27,9,0.0,0,1.0,1.0,True,True
raw/midcurves/midcurve54_20260417215328.pdf,2,S0W,APR26,10,0.0,0,1050.0,1050.0,True,True
raw/midcurves/midcurve54_20260417215328.pdf,3,S2,MAY26,11,0.0,0,118029.0,118029.0,True,True
raw/midcurves/midcurve54_20260417215328.pdf,3,S2,JUN26,12,14000.0,14000.0,397348.0,397348.0,True,True
raw/midcurves/midcurve54_20260417215328.pdf,3,S2,JUL26,13,0.0,0,52474.0,52474.0,True,True
raw/midcurves/midcurve54_20260417215328.pdf,3,S2,AUG26,14,0.0,0,30401.0,30401.0,True,True
raw/midcurves/midcurve54_20260417215328.pdf,3,S2,SEP26,15,0.0,0,84001.0,84001.0,True,True
raw/midcurves/midcurve54_20260417215328.pdf,3,S2,OCT26,16,0.0,0,1.0,1.0,True,True
raw/midcurves/midcurve54_20260417215328.pdf,4,S2,DEC26,17,2000.0,2000.0,96616.0,96616.0,True,True
raw/midcurves/midcurve54_20260417215328.pdf,4,S2,MAR27,18,0.0,0,4041.0,4041.0,True,True
raw/midcurves/midcurve54_20260417215328.pdf,4,S2,JUN27,19,0.0,0,1.0,1.0,True,True
raw/midcurves/midcurve54_20260417215328.pdf,4,S3,MAY26,20,500.0,500.0,22575.0,22575.0,True,True
raw/midcurves/midcurve54_20260417215328.pdf,4,S3,JUN26,21,500.0,500.0,80107.0,80107.0,True,True
raw/midcurves/midcurve54_20260417215328.pdf,4,S3,JUL26,22,0.0,0,13447.0,13447.0,True,True
raw/midcurves/midcurve54_20260417215328.pdf,4,S3,AUG26,23,0.0,0,1068.0,1068.0,True,True
raw/midcurves/midcurve54_20260417215328.pdf,4,S3,SEP26,24,0.0,0,76018.0,76018.0,True,True
raw/midcurves/midcurve54_20260417215328.pdf,4,S3,DEC26,25,0.0,0,41256.0,41256.0,True,True
raw/midcurves/midcurve54_20260417215328.pdf,5,S3,MAR27,26,15000.0,15000.0,30205.0,30205.0,True,True
raw/midcurves/midcurve54_20260423215642.pdf,1,S0,MAY26,1,6247.0,6247.0,297752.0,297752.0,True,True
raw/midcurves/midcurve54_20260423215642.pdf,1,S0,JUN26,2,16950.0,16950.0,745084.0,745084.0,True,True
raw/midcurves/midcurve54_20260423215642.pdf,2,S0,JUL26,3,0.0,0,235995.0,235995.0,True,True
raw/midcurves/midcurve54_20260423215642.pdf,2,S0,AUG26,4,500.0,500.0,27348.0,27348.0,True,True
raw/midcurves/midcurve54_20260423215642.pdf,2,S0,SEP26,5,2250.0,2250.0,393370.0,393370.0,True,True
raw/midcurves/midcurve54_20260423215642.pdf,2,S0,OCT26,6,0.0,0,1.0,1.0,True,True
raw/midcurves/midcurve54_20260423215642.pdf,2,S0,DEC26,7,6600.0,6600.0,282014.0,282014.0,True,True
raw/midcurves/midcurve54_20260423215642.pdf,2,S0,MAR27,8,0.0,0,10720.0,10720.0,True,True
raw/midcurves/midcurve54_20260423215642.pdf,2,S0,JUN27,9,0.0,0,2.0,2.0,True,True
raw/midcurves/midcurve54_20260423215642.pdf,2,S0W,APR26,10,0.0,0,800.0,800.0,True,True
raw/midcurves/midcurve54_20260423215642.pdf,2,S0W,MAY26,11,0.0,0,400.0,400.0,True,True
raw/midcurves/midcurve54_20260423215642.pdf,3,S2,MAY26,12,718.0,718.0,116579.0,116579.0,True,True
raw/midcurves/midcurve54_20260423215642.pdf,3,S2,JUN26,13,32000.0,32000.0,409971.0,409971.0,True,True
raw/midcurves/midcurve54_20260423215642.pdf,3,S2,JUL26,14,1000.0,1000.0,53363.0,53363.0,True,True
raw/midcurves/midcurve54_20260423215642.pdf,3,S2,AUG26,15,0.0,0,30422.0,30422.0,True,True
raw/midcurves/midcurve54_20260423215642.pdf,3,S2,SEP26,16,2100.0,2100.0,83981.0,83981.0,True,True
raw/midcurves/midcurve54_20260423215642.pdf,3,S2,OCT26,17,0.0,0,1501.0,1501.0,True,True
raw/midcurves/midcurve54_20260423215642.pdf,4,S2,DEC26,18,0.0,0,96366.0,96366.0,True,True
raw/midcurves/midcurve54_20260423215642.pdf,4,S2,MAR27,19,0.0,0,4712.0,4712.0,True,True
raw/midcurves/midcurve54_20260423215642.pdf,4,S2,JUN27,20,0.0,0,9.0,9.0,True,True
raw/midcurves/midcurve54_20260423215642.pdf,4,S3,MAY26,21,0.0,0,23649.0,23649.0,True,True
raw/midcurves/midcurve54_20260423215642.pdf,4,S3,JUN26,22,0.0,0,79850.0,79850.0,True,True
raw/midcurves/midcurve54_20260423215642.pdf,4,S3,JUL26,23,0.0,0,14476.0,14476.0,True,True
raw/midcurves/midcurve54_20260423215642.pdf,4,S3,AUG26,24,0.0,0,1615.0,1615.0,True,True
raw/midcurves/midcurve54_20260423215642.pdf,4,S3,SEP26,25,0.0,0,76262.0,76262.0,True,True
raw/midcurves/midcurve54_20260423215642.pdf,5,S3,DEC26,26,2000.0,2000.0,45705.0,45705.0,True,True
raw/midcurves/midcurve54_20260423215642.pdf,5,S3,MAR27,27,0.0,0,30205.0,30205.0,True,True
raw/midcurves/midcurve54_20260424221709.pdf,1,S0,MAY26,1,8350.0,8350.0,292964.0,292964.0,True,True
raw/midcurves/midcurve54_20260424221709.pdf,1,S0,JUN26,2,10750.0,10750.0,743347.0,743347.0,True,True
raw/midcurves/midcurve54_20260424221709.pdf,2,S0,JUL26,3,4600.0,4600.0,237647.0,237647.0,True,True
raw/midcurves/midcurve54_20260424221709.pdf,2,S0,AUG26,4,0.0,0,27948.0,27948.0,True,True
raw/midcurves/midcurve54_20260424221709.pdf,2,S0,SEP26,5,18000.0,18000.0,402667.0,402667.0,True,True
raw/midcurves/midcurve54_20260424221709.pdf,2,S0,OCT26,6,0.0,0,1.0,1.0,True,True
raw/midcurves/midcurve54_20260424221709.pdf,2,S0,DEC26,7,1000.0,1000.0,281852.0,281852.0,True,True
raw/midcurves/midcurve54_20260424221709.pdf,2,S0,MAR27,8,0.0,0,10976.0,10976.0,True,True
raw/midcurves/midcurve54_20260424221709.pdf,2,S0,JUN27,9,0.0,0,2.0,2.0,True,True
raw/midcurves/midcurve54_20260424221709.pdf,2,S0W,APR26,10,0.0,0,800.0,800.0,True,True
raw/midcurves/midcurve54_20260424221709.pdf,2,S0W,MAY26,11,0.0,0,400.0,400.0,True,True
raw/midcurves/midcurve54_20260424221709.pdf,3,S2,MAY26,12,0.0,0,116757.0,116757.0,True,True
raw/midcurves/midcurve54_20260424221709.pdf,3,S2,JUN26,13,0.0,0,410441.0,410441.0,True,True
raw/midcurves/midcurve54_20260424221709.pdf,3,S2,JUL26,14,0.0,0,53363.0,53363.0,True,True
raw/midcurves/midcurve54_20260424221709.pdf,3,S2,AUG26,15,0.0,0,30872.0,30872.0,True,True
raw/midcurves/midcurve54_20260424221709.pdf,3,S2,SEP26,16,900.0,900.0,83933.0,83933.0,True,True
raw/midcurves/midcurve54_20260424221709.pdf,3,S2,OCT26,17,0.0,0,1501.0,1501.0,True,True
raw/midcurves/midcurve54_20260424221709.pdf,4,S2,DEC26,18,500.0,500.0,96366.0,96366.0,True,True
raw/midcurves/midcurve54_20260424221709.pdf,4,S2,MAR27,19,0.0,0,4712.0,4712.0,True,True
raw/midcurves/midcurve54_20260424221709.pdf,4,S2,JUN27,20,0.0,0,9.0,9.0,True,True
raw/midcurves/midcurve54_20260424221709.pdf,4,S3,MAY26,21,0.0,0,23649.0,23649.0,True,True
raw/midcurves/midcurve54_20260424221709.pdf,4,S3,JUN26,22,3000.0,3000.0,81705.0,81705.0,True,True
raw/midcurves/midcurve54_20260424221709.pdf,4,S3,JUL26,23,0.0,0,14476.0,14476.0,True,True
raw/midcurves/midcurve54_20260424221709.pdf,4,S3,AUG26,24,0.0,0,1615.0,1615.0,True,True
raw/midcurves/midcurve54_20260424221709.pdf,4,S3,SEP26,25,500.0,500.0,76762.0,76762.0,True,True
raw/midcurves/midcurve54_20260424221709.pdf,5,S3,DEC26,26,100.0,100.0,45605.0,45605.0,True,True
raw/midcurves/midcurve54_20260424221709.pdf,5,S3,MAR27,27,0.0,0,30671.0,30671.0,True,True
raw/midcurves/midcurve54_20260427220729.pdf,1,S0,MAY26,1,18527.0,18527.0,290895.0,290895.0,True,True
raw/midcurves/midcurve54_20260427220729.pdf,1,S0,JUN26,2,22402.0,22402.0,736911.0,736911.0,True,True
raw/midcurves/midcurve54_20260427220729.pdf,2,S0,JUL26,3,46750.0,46750.0,283561.0,283561.0,True,True
raw/midcurves/midcurve54_20260427220729.pdf,2,S0,AUG26,4,0.0,0,28008.0,28008.0,True,True
raw/midcurves/midcurve54_20260427220729.pdf,2,S0,SEP26,5,19000.0,19000.0,413492.0,413492.0,True,True
raw/midcurves/midcurve54_20260427220729.pdf,2,S0,OCT26,6,1000.0,1000.0,1001.0,1001.0,True,True
raw/midcurves/midcurve54_20260427220729.pdf,2,S0,DEC26,7,13200.0,13200.0,279849.0,279849.0,True,True
raw/midcurves/midcurve54_20260427220729.pdf,2,S0,MAR27,8,0.0,0,10976.0,10976.0,True,True
raw/midcurves/midcurve54_20260427220729.pdf,2,S0,JUN27,9,0.0,0,2.0,2.0,True,True
raw/midcurves/midcurve54_20260427220729.pdf,2,S0W,APR26,10,0.0,0,0.0,0,True,True
raw/midcurves/midcurve54_20260427220729.pdf,2,S0W,MAY26,11,0.0,0,400.0,400.0,True,True
raw/midcurves/midcurve54_20260427220729.pdf,3,S2,MAY26,12,1268.0,1268.0,116800.0,116800.0,True,True
raw/midcurves/midcurve54_20260427220729.pdf,3,S2,JUN26,13,0.0,0,409923.0,409923.0,True,True
raw/midcurves/midcurve54_20260427220729.pdf,3,S2,JUL26,14,0.0,0,53363.0,53363.0,True,True
raw/midcurves/midcurve54_20260427220729.pdf,3,S2,AUG26,15,0.0,0,30872.0,30872.0,True,True
raw/midcurves/midcurve54_20260427220729.pdf,3,S2,SEP26,16,0.0,0,83933.0,83933.0,True,True
raw/midcurves/midcurve54_20260427220729.pdf,3,S2,OCT26,17,0.0,0,1501.0,1501.0,True,True
raw/midcurves/midcurve54_20260427220729.pdf,4,S2,DEC26,18,0.0,0,96366.0,96366.0,True,True
raw/midcurves/midcurve54_20260427220729.pdf,4,S2,MAR27,19,0.0,0,4712.0,4712.0,True,True
raw/midcurves/midcurve54_20260427220729.pdf,4,S2,JUN27,20,0.0,0,9.0,9.0,True,True
raw/midcurves/midcurve54_20260427220729.pdf,4,S3,MAY26,21,311.0,311.0,23800.0,23800.0,True,True
raw/midcurves/midcurve54_20260427220729.pdf,4,S3,JUN26,22,250.0,250.0,81955.0,81955.0,True,True
raw/midcurves/midcurve54_20260427220729.pdf,4,S3,JUL26,23,0.0,0,14476.0,14476.0,True,True
raw/midcurves/midcurve54_20260427220729.pdf,4,S3,AUG26,24,0.0,0,1615.0,1615.0,True,True
raw/midcurves/midcurve54_20260427220729.pdf,4,S3,SEP26,25,1650.0,1650.0,78455.0,78455.0,True,True
raw/midcurves/midcurve54_20260427220729.pdf,5,S3,DEC26,26,1650.0,1650.0,43484.0,43484.0,True,True
raw/midcurves/midcurve54_20260427220729.pdf,5,S3,MAR27,27,0.0,0,30671.0,30671.0,True,True
raw/midcurves/midcurve54_20260428221043.pdf,1,S0,MAY26,1,0.0,0,313236.0,313236.0,True,True
raw/midcurves/midcurve54_20260428221043.pdf,1,S0,JUN26,2,6450.0,6450.0,737759.0,737759.0,True,True
raw/midcurves/midcurve54_20260428221043.pdf,2,S0,JUL26,3,0.0,0,283565.0,283565.0,True,True
raw/midcurves/midcurve54_20260428221043.pdf,2,S0,AUG26,4,6000.0,6000.0,33258.0,33258.0,True,True
raw/midcurves/midcurve54_20260428221043.pdf,2,S0,SEP26,5,4500.0,4500.0,415128.0,415128.0,True,True
raw/midcurves/midcurve54_20260428221043.pdf,2,S0,OCT26,6,0.0,0,3001.0,3001.0,True,True
raw/midcurves/midcurve54_20260428221043.pdf,2,S0,DEC26,7,0.0,0,279470.0,279470.0,True,True
raw/midcurves/midcurve54_20260428221043.pdf,2,S0,MAR27,8,0.0,0,10976.0,10976.0,True,True
raw/midcurves/midcurve54_20260428221043.pdf,2,S0,JUN27,9,0.0,0,2.0,2.0,True,True
raw/midcurves/midcurve54_20260428221043.pdf,2,S0W,APR26,10,0.0,0,0.0,0,True,True
raw/midcurves/midcurve54_20260428221043.pdf,2,S0W,MAY26,11,0.0,0,400.0,400.0,True,True
raw/midcurves/midcurve54_20260428221043.pdf,3,S2,MAY26,12,518.0,518.0,117025.0,117025.0,True,True
raw/midcurves/midcurve54_20260428221043.pdf,3,S2,JUN26,13,17920.0,17920.0,410535.0,410535.0,True,True
raw/midcurves/midcurve54_20260428221043.pdf,3,S2,JUL26,14,1650.0,1650.0,55170.0,55170.0,True,True
raw/midcurves/midcurve54_20260428221043.pdf,3,S2,AUG26,15,0.0,0,30872.0,30872.0,True,True
raw/midcurves/midcurve54_20260428221043.pdf,3,S2,SEP26,16,0.0,0,83593.0,83593.0,True,True
raw/midcurves/midcurve54_20260428221043.pdf,3,S2,OCT26,17,0.0,0,1501.0,1501.0,True,True
raw/midcurves/midcurve54_20260428221043.pdf,4,S2,DEC26,18,0.0,0,96646.0,96646.0,True,True
raw/midcurves/midcurve54_20260428221043.pdf,4,S2,MAR27,19,0.0,0,4712.0,4712.0,True,True
raw/midcurves/midcurve54_20260428221043.pdf,4,S2,JUN27,20,0.0,0,9.0,9.0,True,True
raw/midcurves/midcurve54_20260428221043.pdf,4,S3,MAY26,21,311.0,311.0,24111.0,24111.0,True,True
raw/midcurves/midcurve54_20260428221043.pdf,4,S3,JUN26,22,0.0,0,81955.0,81955.0,True,True
raw/midcurves/midcurve54_20260428221043.pdf,4,S3,JUL26,23,0.0,0,14476.0,14476.0,True,True
raw/midcurves/midcurve54_20260428221043.pdf,4,S3,AUG26,24,0.0,0,1615.0,1615.0,True,True
raw/midcurves/midcurve54_20260428221043.pdf,4,S3,SEP26,25,0.0,0,78405.0,78405.0,True,True
raw/midcurves/midcurve54_20260428221043.pdf,5,S3,DEC26,26,0.0,0,43484.0,43484.0,True,True
raw/midcurves/midcurve54_20260428221043.pdf,5,S3,MAR27,27,0.0,0,30671.0,30671.0,True,True
raw/midcurves/midcurve54_20260429221318.pdf,1,S0,MAY26,1,3500.0,3500.0,317936.0,317936.0,True,True
raw/midcurves/midcurve54_20260429221318.pdf,1,S0,JUN26,2,69130.0,69130.0,782953.0,782953.0,True,True
raw/midcurves/midcurve54_20260429221318.pdf,2,S0,JUL26,3,3000.0,3000.0,281903.0,281903.0,True,True
raw/midcurves/midcurve54_20260429221318.pdf,2,S0,AUG26,4,0.0,0,33298.0,33298.0,True,True
raw/midcurves/midcurve54_20260429221318.pdf,2,S0,SEP26,5,56515.0,56515.0,458308.0,458308.0,True,True
raw/midcurves/midcurve54_20260429221318.pdf,2,S0,OCT26,6,11400.0,11400.0,14402.0,14402.0,True,True
raw/midcurves/midcurve54_20260429221318.pdf,2,S0,DEC26,7,3350.0,3350.0,278154.0,278154.0,True,True
raw/midcurves/midcurve54_20260429221318.pdf,2,S0,MAR27,8,0.0,0,11476.0,11476.0,True,True
raw/midcurves/midcurve54_20260429221318.pdf,2,S0,JUN27,9,0.0,0,2.0,2.0,True,True
raw/midcurves/midcurve54_20260429221318.pdf,2,S0W,MAY26,10,0.0,0,400.0,400.0,True,True
raw/midcurves/midcurve54_20260429221318.pdf,3,S2,MAY26,11,6000.0,6000.0,118618.0,118618.0,True,True
raw/midcurves/midcurve54_20260429221318.pdf,3,S2,JUN26,12,2000.0,2000.0,408909.0,408909.0,True,True
raw/midcurves/midcurve54_20260429221318.pdf,3,S2,JUL26,13,0.0,0,55625.0,55625.0,True,True
raw/midcurves/midcurve54_20260429221318.pdf,3,S2,AUG26,14,0.0,0,30872.0,30872.0,True,True
raw/midcurves/midcurve54_20260429221318.pdf,3,S2,SEP26,15,0.0,0,83546.0,83546.0,True,True
raw/midcurves/midcurve54_20260429221318.pdf,3,S2,OCT26,16,0.0,0,1501.0,1501.0,True,True
raw/midcurves/midcurve54_20260429221318.pdf,4,S2,DEC26,17,500.0,500.0,96396.0,96396.0,True,True
raw/midcurves/midcurve54_20260429221318.pdf,4,S2,MAR27,18,0.0,0,5466.0,5466.0,True,True
raw/midcurves/midcurve54_20260429221318.pdf,4,S2,JUN27,19,0.0,0,9.0,9.0,True,True
raw/midcurves/midcurve54_20260429221318.pdf,4,S3,MAY26,20,311.0,311.0,24422.0,24422.0,True,True
raw/midcurves/midcurve54_20260429221318.pdf,4,S3,JUN26,21,0.0,0,81955.0,81955.0,True,True
raw/midcurves/midcurve54_20260429221318.pdf,4,S3,JUL26,22,0.0,0,14476.0,14476.0,True,True
raw/midcurves/midcurve54_20260429221318.pdf,4,S3,AUG26,23,0.0,0,1615.0,1615.0,True,True
raw/midcurves/midcurve54_20260429221318.pdf,4,S3,SEP26,24,0.0,0,78405.0,78405.0,True,True
raw/midcurves/midcurve54_20260429221318.pdf,5,S3,DEC26,25,0.0,0,43484.0,43484.0,True,True
raw/midcurves/midcurve54_20260429221318.pdf,5,S3,MAR27,26,0.0,0,30671.0,30671.0,True,True
raw/midcurves/midcurve54_20260430220938.pdf,1,S0,MAY26,1,26748.0,26748.0,326798.0,326798.0,True,True
raw/midcurves/midcurve54_20260430220938.pdf,1,S0,JUN26,2,110768.0,110768.0,877263.0,877263.0,True,True
raw/midcurves/midcurve54_20260430220938.pdf,2,S0,JUL26,3,5000.0,5000.0,289040.0,289040.0,True,True
raw/midcurves/midcurve54_20260430220938.pdf,2,S0,AUG26,4,10000.0,10000.0,37923.0,37923.0,True,True
raw/midcurves/midcurve54_20260430220938.pdf,2,S0,SEP26,5,17500.0,17500.0,452575.0,452575.0,True,True
raw/midcurves/midcurve54_20260430220938.pdf,2,S0,OCT26,6,4000.0,4000.0,13927.0,13927.0,True,True
raw/midcurves/midcurve54_20260430220938.pdf,2,S0,DEC26,7,2300.0,2300.0,278187.0,278187.0,True,True
raw/midcurves/midcurve54_20260430220938.pdf,2,S0,MAR27,8,0.0,0,11476.0,11476.0,True,True
raw/midcurves/midcurve54_20260430220938.pdf,2,S0,JUN27,9,0.0,0,2.0,2.0,True,True
raw/midcurves/midcurve54_20260430220938.pdf,2,S0W,MAY26,10,0.0,0,400.0,400.0,True,True
raw/midcurves/midcurve54_20260430220938.pdf,3,S2,MAY26,11,6700.0,6700.0,113967.0,113967.0,True,True
raw/midcurves/midcurve54_20260430220938.pdf,3,S2,JUN26,12,10268.0,10268.0,421511.0,421511.0,True,True
raw/midcurves/midcurve54_20260430220938.pdf,3,S2,JUL26,13,0.0,0,55625.0,55625.0,True,True
raw/midcurves/midcurve54_20260430220938.pdf,3,S2,AUG26,14,0.0,0,30872.0,30872.0,True,True
raw/midcurves/midcurve54_20260430220938.pdf,3,S2,SEP26,15,4000.0,4000.0,86048.0,86048.0,True,True
raw/midcurves/midcurve54_20260430220938.pdf,3,S2,OCT26,16,0.0,0,1501.0,1501.0,True,True
raw/midcurves/midcurve54_20260430220938.pdf,4,S2,DEC26,17,0.0,0,96657.0,96657.0,True,True
raw/midcurves/midcurve54_20260430220938.pdf,4,S2,MAR27,18,0.0,0,5466.0,5466.0,True,True
raw/midcurves/midcurve54_20260430220938.pdf,4,S2,JUN27,19,0.0,0,9.0,9.0,True,True
raw/midcurves/midcurve54_20260430220938.pdf,4,S3,MAY26,20,0.0,0,24425.0,24425.0,True,True
raw/midcurves/midcurve54_20260430220938.pdf,4,S3,JUN26,21,0.0,0,80326.0,80326.0,True,True
raw/midcurves/midcurve54_20260430220938.pdf,4,S3,JUL26,22,0.0,0,14534.0,14534.0,True,True
raw/midcurves/midcurve54_20260430220938.pdf,4,S3,AUG26,23,0.0,0,1615.0,1615.0,True,True
raw/midcurves/midcurve54_20260430220938.pdf,4,S3,SEP26,24,0.0,0,79305.0,79305.0,True,True
raw/midcurves/midcurve54_20260430220938.pdf,5,S3,DEC26,25,0.0,0,43484.0,43484.0,True,True
raw/midcurves/midcurve54_20260430220938.pdf,5,S3,MAR27,26,0.0,0,30671.0,30671.0,True,True
raw/midcurves/midcurve54_20260501220903.pdf,1,S0,MAY26,1,23900.0,23900.0,317369.0,317369.0,True,True
raw/midcurves/midcurve54_20260501220903.pdf,1,S0,JUN26,2,28500.0,28500.0,896622.0,896622.0,True,True
raw/midcurves/midcurve54_20260501220903.pdf,2,S0,JUL26,3,0.0,0,392429.0,392429.0,True,True
raw/midcurves/midcurve54_20260501220903.pdf,2,S0,AUG26,4,0.0,0,37933.0,37933.0,True,True
raw/midcurves/midcurve54_20260501220903.pdf,2,S0,SEP26,5,83500.0,83500.0,524769.0,524769.0,True,True
raw/midcurves/midcurve54_20260501220903.pdf,2,S0,OCT26,6,38000.0,38000.0,49671.0,49671.0,True,True
raw/midcurves/midcurve54_20260501220903.pdf,2,S0,DEC26,7,750.0,750.0,279610.0,279610.0,True,True
raw/midcurves/midcurve54_20260501220903.pdf,2,S0,MAR27,8,0.0,0,11496.0,11496.0,True,True
raw/midcurves/midcurve54_20260501220903.pdf,2,S0,JUN27,9,0.0,0,2.0,2.0,True,True
raw/midcurves/midcurve54_20260501220903.pdf,3,S0W,MAY26,10,0.0,0,400.0,400.0,True,True
raw/midcurves/midcurve54_20260501220903.pdf,3,S2,MAY26,11,3750.0,3750.0,115677.0,115677.0,True,True
raw/midcurves/midcurve54_20260501220903.pdf,3,S2,JUN26,12,4000.0,4000.0,419757.0,419757.0,True,True
raw/midcurves/midcurve54_20260501220903.pdf,3,S2,JUL26,13,100.0,100.0,55725.0,55725.0,True,True
raw/midcurves/midcurve54_20260501220903.pdf,3,S2,AUG26,14,0.0,0,30872.0,30872.0,True,True
raw/midcurves/midcurve54_20260501220903.pdf,3,S2,SEP26,15,0.0,0,86048.0,86048.0,True,True
raw/midcurves/midcurve54_20260501220903.pdf,4,S2,OCT26,16,0.0,0,1501.0,1501.0,True,True
raw/midcurves/midcurve54_20260501220903.pdf,4,S2,DEC26,17,1000.0,1000.0,97657.0,97657.0,True,True
raw/midcurves/midcurve54_20260501220903.pdf,4,S2,MAR27,18,750.0,750.0,6016.0,6016.0,True,True
raw/midcurves/midcurve54_20260501220903.pdf,4,S2,JUN27,19,0.0,0,9.0,9.0,True,True
raw/midcurves/midcurve54_20260501220903.pdf,4,S3,MAY26,20,0.0,0,24525.0,24525.0,True,True
raw/midcurves/midcurve54_20260501220903.pdf,4,S3,JUN26,21,0.0,0,80326.0,80326.0,True,True
raw/midcurves/midcurve54_20260501220903.pdf,4,S3,JUL26,22,0.0,0,14534.0,14534.0,True,True
raw/midcurves/midcurve54_20260501220903.pdf,4,S3,AUG26,23,0.0,0,1615.0,1615.0,True,True
raw/midcurves/midcurve54_20260501220903.pdf,4,S3,SEP26,24,32000.0,32000.0,106957.0,106957.0,True,True
raw/midcurves/midcurve54_20260501220903.pdf,5,S3,DEC26,25,0.0,0,43484.0,43484.0,True,True
raw/midcurves/midcurve54_20260501220903.pdf,5,S3,MAR27,26,0.0,0,30671.0,30671.0,True,True
raw/midcurves/midcurve54_20260504221542.pdf,1,S0,MAY26,1,24770.0,24770.0,326806.0,326806.0,True,True
raw/midcurves/midcurve54_20260504221542.pdf,1,S0,JUN26,2,21900.0,21900.0,902022.0,902022.0,True,True
raw/midcurves/midcurve54_20260504221542.pdf,2,S0,JUL26,3,4250.0,4250.0,396055.0,396055.0,True,True
raw/midcurves/midcurve54_20260504221542.pdf,2,S0,AUG26,4,0.0,0,37933.0,37933.0,True,True
raw/midcurves/midcurve54_20260504221542.pdf,2,S0,SEP26,5,10050.0,10050.0,524653.0,524653.0,True,True
raw/midcurves/midcurve54_20260504221542.pdf,2,S0,OCT26,6,20000.0,20000.0,69671.0,69671.0,True,True
raw/midcurves/midcurve54_20260504221542.pdf,2,S0,DEC26,7,2900.0,2900.0,280285.0,280285.0,True,True
raw/midcurves/midcurve54_20260504221542.pdf,2,S0,MAR27,8,0.0,0,11496.0,11496.0,True,True
raw/midcurves/midcurve54_20260504221542.pdf,2,S0,JUN27,9,0.0,0,2.0,2.0,True,True
raw/midcurves/midcurve54_20260504221542.pdf,3,S0W,MAY26,10,0.0,0,0.0,0,True,True
raw/midcurves/midcurve54_20260504221542.pdf,3,S2,MAY26,11,1700.0,1700.0,114239.0,114239.0,True,True
raw/midcurves/midcurve54_20260504221542.pdf,3,S2,JUN26,12,2000.0,2000.0,421357.0,421357.0,True,True
raw/midcurves/midcurve54_20260504221542.pdf,3,S2,JUL26,13,0.0,0,55400.0,55400.0,True,True
raw/midcurves/midcurve54_20260504221542.pdf,3,S2,AUG26,14,0.0,0,30872.0,30872.0,True,True
raw/midcurves/midcurve54_20260504221542.pdf,4,S2,SEP26,15,0.0,0,88048.0,88048.0,True,True
raw/midcurves/midcurve54_20260504221542.pdf,4,S2,OCT26,16,0.0,0,1501.0,1501.0,True,True
raw/midcurves/midcurve54_20260504221542.pdf,4,S2,DEC26,17,2000.0,2000.0,98807.0,98807.0,True,True
raw/midcurves/midcurve54_20260504221542.pdf,4,S2,MAR27,18,0.0,0,6016.0,6016.0,True,True
raw/midcurves/midcurve54_20260504221542.pdf,4,S2,JUN27,19,0.0,0,9.0,9.0,True,True
raw/midcurves/midcurve54_20260504221542.pdf,4,S3,MAY26,20,800.0,800.0,24112.0,24112.0,True,True
raw/midcurves/midcurve54_20260504221542.pdf,4,S3,JUN26,21,311.0,311.0,80326.0,80326.0,True,True
raw/midcurves/midcurve54_20260504221542.pdf,4,S3,JUL26,22,0.0,0,14534.0,14534.0,True,True
raw/midcurves/midcurve54_20260504221542.pdf,4,S3,AUG26,23,0.0,0,1615.0,1615.0,True,True
raw/midcurves/midcurve54_20260504221542.pdf,4,S3,SEP26,24,4000.0,4000.0,110157.0,110157.0,True,True
raw/midcurves/midcurve54_20260504221542.pdf,5,S3,DEC26,25,0.0,0,43484.0,43484.0,True,True
raw/midcurves/midcurve54_20260504221542.pdf,5,S3,MAR27,26,0.0,0,31561.0,31561.0,True,True
raw/midcurves/midcurve54_20260505221727.pdf,1,S0,MAY26,1,1650.0,1650.0,331058.0,331058.0,True,True
raw/midcurves/midcurve54_20260505221727.pdf,1,S0,JUN26,2,37150.0,37150.0,908175.0,908175.0,True,True
raw/midcurves/midcurve54_20260505221727.pdf,2,S0,JUL26,3,16200.0,16200.0,397322.0,397322.0,True,True
raw/midcurves/midcurve54_20260505221727.pdf,2,S0,AUG26,4,0.0,0,37941.0,37941.0,True,True
raw/midcurves/midcurve54_20260505221727.pdf,2,S0,SEP26,5,35000.0,35000.0,539107.0,539107.0,True,True
raw/midcurves/midcurve54_20260505221727.pdf,2,S0,OCT26,6,20000.0,20000.0,89671.0,89671.0,True,True
raw/midcurves/midcurve54_20260505221727.pdf,2,S0,DEC26,7,2250.0,2250.0,280990.0,280990.0,True,True
raw/midcurves/midcurve54_20260505221727.pdf,2,S0,MAR27,8,600.0,600.0,12156.0,12156.0,True,True
raw/midcurves/midcurve54_20260505221727.pdf,2,S0,JUN27,9,0.0,0,2.0,2.0,True,True
raw/midcurves/midcurve54_20260505221727.pdf,3,S0W,MAY26,10,0.0,0,0.0,0,True,True
raw/midcurves/midcurve54_20260505221727.pdf,3,S2,MAY26,11,5500.0,5500.0,115815.0,115815.0,True,True
raw/midcurves/midcurve54_20260505221727.pdf,3,S2,JUN26,12,7500.0,7500.0,423591.0,423591.0,True,True
raw/midcurves/midcurve54_20260505221727.pdf,3,S2,JUL26,13,3650.0,3650.0,59299.0,59299.0,True,True
raw/midcurves/midcurve54_20260505221727.pdf,3,S2,AUG26,14,0.0,0,30872.0,30872.0,True,True
raw/midcurves/midcurve54_20260505221727.pdf,4,S2,SEP26,15,900.0,900.0,87398.0,87398.0,True,True
raw/midcurves/midcurve54_20260505221727.pdf,4,S2,OCT26,16,0.0,0,1501.0,1501.0,True,True
raw/midcurves/midcurve54_20260505221727.pdf,4,S2,DEC26,17,1200.0,1200.0,99157.0,99157.0,True,True
raw/midcurves/midcurve54_20260505221727.pdf,4,S2,MAR27,18,0.0,0,6016.0,6016.0,True,True
raw/midcurves/midcurve54_20260505221727.pdf,4,S2,JUN27,19,0.0,0,9.0,9.0,True,True
raw/midcurves/midcurve54_20260505221727.pdf,4,S3,MAY26,20,0.0,0,24842.0,24842.0,True,True
raw/midcurves/midcurve54_20260505221727.pdf,4,S3,JUN26,21,312.0,312.0,80478.0,80478.0,True,True
raw/midcurves/midcurve54_20260505221727.pdf,4,S3,JUL26,22,0.0,0,14534.0,14534.0,True,True
raw/midcurves/midcurve54_20260505221727.pdf,4,S3,AUG26,23,0.0,0,1615.0,1615.0,True,True
raw/midcurves/midcurve54_20260505221727.pdf,5,S3,SEP26,24,19000.0,19000.0,123964.0,123964.0,True,True
raw/midcurves/midcurve54_20260505221727.pdf,5,S3,DEC26,25,2500.0,2500.0,44915.0,44915.0,True,True
raw/midcurves/midcurve54_20260505221727.pdf,5,S3,MAR27,26,0.0,0,31811.0,31811.0,True,True
raw/midcurves/midcurve54_20260507221302.pdf,1,S0,MAY26,1,20150.0,20150.0,363262.0,363262.0,True,True
raw/midcurves/midcurve54_20260507221302.pdf,1,S0,JUN26,2,0.0,0,899184.0,899184.0,True,True
raw/midcurves/midcurve54_20260507221302.pdf,2,S0,JUL26,3,106000.0,106000.0,341657.0,341657.0,True,True
raw/midcurves/midcurve54_20260507221302.pdf,2,S0,AUG26,4,0.0,0,37254.0,37254.0,True,True
raw/midcurves/midcurve54_20260507221302.pdf,2,S0,SEP26,5,9400.0,9400.0,547003.0,547003.0,True,True
raw/midcurves/midcurve54_20260507221302.pdf,2,S0,OCT26,6,42000.0,42000.0,133771.0,133771.0,True,True
raw/midcurves/midcurve54_20260507221302.pdf,2,S0,DEC26,7,12250.0,12250.0,288597.0,288597.0,True,True
raw/midcurves/midcurve54_20260507221302.pdf,2,S0,MAR27,8,0.0,0,13004.0,13004.0,True,True
raw/midcurves/midcurve54_20260507221302.pdf,3,S0,JUN27,9,0.0,0,2.0,2.0,True,True
raw/midcurves/midcurve54_20260507221302.pdf,3,S2,MAY26,10,0.0,0,114509.0,114509.0,True,True
raw/midcurves/midcurve54_20260507221302.pdf,3,S2,JUN26,11,2000.0,2000.0,413097.0,413097.0,True,True
raw/midcurves/midcurve54_20260507221302.pdf,3,S2,JUL26,12,0.0,0,59766.0,59766.0,True,True
raw/midcurves/midcurve54_20260507221302.pdf,3,S2,AUG26,13,0.0,0,30847.0,30847.0,True,True
raw/midcurves/midcurve54_20260507221302.pdf,3,S2,SEP26,14,0.0,0,88446.0,88446.0,True,True
raw/midcurves/midcurve54_20260507221302.pdf,4,S2,OCT26,15,0.0,0,1501.0,1501.0,True,True
raw/midcurves/midcurve54_20260507221302.pdf,4,S2,DEC26,16,250.0,250.0,98907.0,98907.0,True,True
raw/midcurves/midcurve54_20260507221302.pdf,4,S2,MAR27,17,0.0,0,6016.0,6016.0,True,True
raw/midcurves/midcurve54_20260507221302.pdf,4,S2,JUN27,18,0.0,0,9.0,9.0,True,True
raw/midcurves/midcurve54_20260507221302.pdf,4,S3,MAY26,19,0.0,0,24842.0,24842.0,True,True
raw/midcurves/midcurve54_20260507221302.pdf,4,S3,JUN26,20,0.0,0,80478.0,80478.0,True,True
raw/midcurves/midcurve54_20260507221302.pdf,4,S3,JUL26,21,0.0,0,14534.0,14534.0,True,True
raw/midcurves/midcurve54_20260507221302.pdf,4,S3,AUG26,22,0.0,0,1615.0,1615.0,True,True
raw/midcurves/midcurve54_20260507221302.pdf,4,S3,SEP26,23,9000.0,9000.0,126616.0,126616.0,True,True
raw/midcurves/midcurve54_20260507221302.pdf,5,S3,DEC26,24,1000.0,1000.0,45715.0,45715.0,True,True
raw/midcurves/midcurve54_20260507221302.pdf,5,S3,MAR27,25,0.0,0,32261.0,32261.0,True,True
raw/midcurves/midcurve54_20260508221240.pdf,1,S0,MAY26,1,27140.0,27140.0,369736.0,369736.0,True,True
raw/midcurves/midcurve54_20260508221240.pdf,1,S0,JUN26,2,9250.0,9250.0,904070.0,904070.0,True,True
raw/midcurves/midcurve54_20260508221240.pdf,2,S0,JUL26,3,3500.0,3500.0,344354.0,344354.0,True,True
raw/midcurves/midcurve54_20260508221240.pdf,2,S0,AUG26,4,10000.0,10000.0,33194.0,33194.0,True,True
raw/midcurves/midcurve54_20260508221240.pdf,2,S0,SEP26,5,31500.0,31500.0,575587.0,575587.0,True,True
raw/midcurves/midcurve54_20260508221240.pdf,2,S0,OCT26,6,20000.0,20000.0,153770.0,153770.0,True,True
raw/midcurves/midcurve54_20260508221240.pdf,2,S0,DEC26,7,2450.0,2450.0,291181.0,291181.0,True,True
raw/midcurves/midcurve54_20260508221240.pdf,2,S0,MAR27,8,3500.0,3500.0,17261.0,17261.0,True,True
raw/midcurves/midcurve54_20260508221240.pdf,3,S0,JUN27,9,0.0,0,2.0,2.0,True,True
raw/midcurves/midcurve54_20260508221240.pdf,3,S2,MAY26,10,5000.0,5000.0,111918.0,111918.0,True,True
raw/midcurves/midcurve54_20260508221240.pdf,3,S2,JUN26,11,5000.0,5000.0,409501.0,409501.0,True,True
raw/midcurves/midcurve54_20260508221240.pdf,3,S2,JUL26,12,6300.0,6300.0,56766.0,56766.0,True,True
raw/midcurves/midcurve54_20260508221240.pdf,3,S2,AUG26,13,0.0,0,30847.0,30847.0,True,True
raw/midcurves/midcurve54_20260508221240.pdf,3,S2,SEP26,14,0.0,0,88615.0,88615.0,True,True
raw/midcurves/midcurve54_20260508221240.pdf,4,S2,OCT26,15,0.0,0,1501.0,1501.0,True,True
raw/midcurves/midcurve54_20260508221240.pdf,4,S2,DEC26,16,4950.0,4950.0,101583.0,101583.0,True,True
raw/midcurves/midcurve54_20260508221240.pdf,4,S2,MAR27,17,0.0,0,6016.0,6016.0,True,True
raw/midcurves/midcurve54_20260508221240.pdf,4,S2,JUN27,18,0.0,0,9.0,9.0,True,True
raw/midcurves/midcurve54_20260508221240.pdf,4,S3,MAY26,19,0.0,0,24842.0,24842.0,True,True
raw/midcurves/midcurve54_20260508221240.pdf,4,S3,JUN26,20,0.0,0,80478.0,80478.0,True,True
raw/midcurves/midcurve54_20260508221240.pdf,4,S3,JUL26,21,0.0,0,14534.0,14534.0,True,True
raw/midcurves/midcurve54_20260508221240.pdf,4,S3,AUG26,22,0.0,0,1615.0,1615.0,True,True
raw/midcurves/midcurve54_20260508221240.pdf,4,S3,SEP26,23,1000.0,1000.0,127116.0,127116.0,True,True
raw/midcurves/midcurve54_20260508221240.pdf,5,S3,DEC26,24,0.0,0,45715.0,45715.0,True,True
raw/midcurves/midcurve54_20260508221240.pdf,5,S3,MAR27,25,0.0,0,33089.0,33089.0,True,True
raw/midcurves/midcurve54_20260511222039.pdf,1,S0,MAY26,1,2900.0,2900.0,371264.0,371264.0,True,True
raw/midcurves/midcurve54_20260511222039.pdf,1,S0,JUN26,2,23900.0,23900.0,905348.0,905348.0,True,True
raw/midcurves/midcurve54_20260511222039.pdf,2,S0,JUL26,3,10600.0,10600.0,353854.0,353854.0,True,True
raw/midcurves/midcurve54_20260511222039.pdf,2,S0,AUG26,4,0.0,0,33194.0,33194.0,True,True
raw/midcurves/midcurve54_20260511222039.pdf,2,S0,SEP26,5,32600.0,32600.0,601828.0,601828.0,True,True
raw/midcurves/midcurve54_20260511222039.pdf,2,S0,OCT26,6,40000.0,40000.0,195769.0,195769.0,True,True
raw/midcurves/midcurve54_20260511222039.pdf,2,S0,DEC26,7,50000.0,50000.0,330492.0,330492.0,True,True
raw/midcurves/midcurve54_20260511222039.pdf,2,S0,MAR27,8,0.0,0,17261.0,17261.0,True,True
raw/midcurves/midcurve54_20260511222039.pdf,3,S0,JUN27,9,0.0,0,2.0,2.0,True,True
raw/midcurves/midcurve54_20260511222039.pdf,3,S0W,MAY26,10,0.0,0,25.0,25.0,True,True
raw/midcurves/midcurve54_20260511222039.pdf,3,S2,MAY26,11,5000.0,5000.0,111201.0,111201.0,True,True
raw/midcurves/midcurve54_20260511222039.pdf,3,S2,JUN26,12,0.0,0,409501.0,409501.0,True,True
raw/midcurves/midcurve54_20260511222039.pdf,3,S2,JUL26,13,900.0,900.0,56266.0,56266.0,True,True
raw/midcurves/midcurve54_20260511222039.pdf,3,S2,AUG26,14,0.0,0,30847.0,30847.0,True,True
raw/midcurves/midcurve54_20260511222039.pdf,4,S2,SEP26,15,750.0,750.0,89634.0,89634.0,True,True
raw/midcurves/midcurve54_20260511222039.pdf,4,S2,OCT26,16,0.0,0,1501.0,1501.0,True,True
raw/midcurves/midcurve54_20260511222039.pdf,4,S2,DEC26,17,0.0,0,101583.0,101583.0,True,True
raw/midcurves/midcurve54_20260511222039.pdf,4,S2,MAR27,18,500.0,500.0,6216.0,6216.0,True,True
raw/midcurves/midcurve54_20260511222039.pdf,4,S2,JUN27,19,0.0,0,9.0,9.0,True,True
raw/midcurves/midcurve54_20260511222039.pdf,4,S3,MAY26,20,0.0,0,24842.0,24842.0,True,True
raw/midcurves/midcurve54_20260511222039.pdf,4,S3,JUN26,21,0.0,0,80478.0,80478.0,True,True
raw/midcurves/midcurve54_20260511222039.pdf,4,S3,JUL26,22,0.0,0,15061.0,15061.0,True,True
raw/midcurves/midcurve54_20260511222039.pdf,4,S3,AUG26,23,0.0,0,1923.0,1923.0,True,True
raw/midcurves/midcurve54_20260511222039.pdf,5,S3,SEP26,24,3800.0,3800.0,130256.0,130256.0,True,True
raw/midcurves/midcurve54_20260511222039.pdf,5,S3,DEC26,25,1000.0,1000.0,46065.0,46065.0,True,True
raw/midcurves/midcurve54_20260511222039.pdf,5,S3,MAR27,26,0.0,0,33089.0,33089.0,True,True
raw/midcurves/midcurve54_20260513222228.pdf,1,S0,MAY26,1,17400.0,17400.0,360097.0,360097.0,True,True
raw/midcurves/midcurve54_20260513222228.pdf,1,S0,JUN26,2,66850.0,66850.0,894143.0,894143.0,True,True
raw/midcurves/midcurve54_20260513222228.pdf,2,S0,JUL26,3,5000.0,5000.0,355964.0,355964.0,True,True
raw/midcurves/midcurve54_20260513222228.pdf,2,S0,AUG26,4,22400.0,22400.0,56288.0,56288.0,True,True
raw/midcurves/midcurve54_20260513222228.pdf,2,S0,SEP26,5,7900.0,7900.0,628023.0,628023.0,True,True
raw/midcurves/midcurve54_20260513222228.pdf,2,S0,OCT26,6,250.0,250.0,236269.0,236269.0,True,True
raw/midcurves/midcurve54_20260513222228.pdf,2,S0,DEC26,7,45000.0,45000.0,366916.0,366916.0,True,True
raw/midcurves/midcurve54_20260513222228.pdf,2,S0,MAR27,8,2000.0,2000.0,19195.0,19195.0,True,True
raw/midcurves/midcurve54_20260513222228.pdf,3,S0,JUN27,9,0.0,0,2.0,2.0,True,True
raw/midcurves/midcurve54_20260513222228.pdf,3,S0W,MAY26,10,0.0,0,25.0,25.0,True,True
raw/midcurves/midcurve54_20260513222228.pdf,3,S2,MAY26,11,5000.0,5000.0,108324.0,108324.0,True,True
raw/midcurves/midcurve54_20260513222228.pdf,3,S2,JUN26,12,27840.0,27840.0,445223.0,445223.0,True,True
raw/midcurves/midcurve54_20260513222228.pdf,3,S2,JUL26,13,0.0,0,58166.0,58166.0,True,True
raw/midcurves/midcurve54_20260513222228.pdf,3,S2,AUG26,14,0.0,0,30847.0,30847.0,True,True
raw/midcurves/midcurve54_20260513222228.pdf,4,S2,SEP26,15,0.0,0,91533.0,91533.0,True,True
raw/midcurves/midcurve54_20260513222228.pdf,4,S2,OCT26,16,0.0,0,1501.0,1501.0,True,True
raw/midcurves/midcurve54_20260513222228.pdf,4,S2,DEC26,17,1125.0,1125.0,103357.0,103357.0,True,True
raw/midcurves/midcurve54_20260513222228.pdf,4,S2,MAR27,18,0.0,0,6216.0,6216.0,True,True
raw/midcurves/midcurve54_20260513222228.pdf,4,S2,JUN27,19,0.0,0,9.0,9.0,True,True
raw/midcurves/midcurve54_20260513222228.pdf,4,S3,MAY26,20,0.0,0,23951.0,23951.0,True,True
raw/midcurves/midcurve54_20260513222228.pdf,4,S3,JUN26,21,0.0,0,80388.0,80388.0,True,True
raw/midcurves/midcurve54_20260513222228.pdf,4,S3,JUL26,22,0.0,0,15300.0,15300.0,True,True
raw/midcurves/midcurve54_20260513222228.pdf,4,S3,AUG26,23,0.0,0,2018.0,2018.0,True,True
raw/midcurves/midcurve54_20260513222228.pdf,5,S3,SEP26,24,1300.0,1300.0,133595.0,133595.0,True,True
raw/midcurves/midcurve54_20260513222228.pdf,5,S3,DEC26,25,0.0,0,46065.0,46065.0,True,True
raw/midcurves/midcurve54_20260513222228.pdf,5,S3,MAR27,26,0.0,0,33089.0,33089.0,True,True
raw/midcurves/midcurve54_20260514222339.pdf,1,S0,MAY26,1,13777.0,13777.0,330087.0,330087.0,True,True
raw/midcurves/midcurve54_20260514222339.pdf,1,S0,JUN26,2,17727.0,17727.0,887626.0,887626.0,True,True
raw/midcurves/midcurve54_20260514222339.pdf,2,S0,JUL26,3,2600.0,2600.0,531465.0,531465.0,True,True
raw/midcurves/midcurve54_20260514222339.pdf,2,S0,AUG26,4,8000.0,8000.0,62835.0,62835.0,True,True
raw/midcurves/midcurve54_20260514222339.pdf,2,S0,SEP26,5,8000.0,8000.0,653559.0,653559.0,True,True
raw/midcurves/midcurve54_20260514222339.pdf,2,S0,OCT26,6,7000.0,7000.0,237039.0,237039.0,True,True
raw/midcurves/midcurve54_20260514222339.pdf,2,S0,DEC26,7,25100.0,25100.0,384964.0,384964.0,True,True
raw/midcurves/midcurve54_20260514222339.pdf,3,S0,MAR27,8,0.0,0,19215.0,19215.0,True,True
raw/midcurves/midcurve54_20260514222339.pdf,3,S0,JUN27,9,0.0,0,3002.0,3002.0,True,True
raw/midcurves/midcurve54_20260514222339.pdf,3,S0W,MAY26,10,0.0,0,25.0,25.0,True,True
raw/midcurves/midcurve54_20260514222339.pdf,3,S2,MAY26,11,4000.0,4000.0,102303.0,102303.0,True,True
raw/midcurves/midcurve54_20260514222339.pdf,3,S2,JUN26,12,9500.0,9500.0,439648.0,439648.0,True,True
raw/midcurves/midcurve54_20260514222339.pdf,3,S2,JUL26,13,0.0,0,58166.0,58166.0,True,True
raw/midcurves/midcurve54_20260514222339.pdf,3,S2,AUG26,14,1250.0,1250.0,31869.0,31869.0,True,True
raw/midcurves/midcurve54_20260514222339.pdf,4,S2,SEP26,15,1500.0,1500.0,93758.0,93758.0,True,True
raw/midcurves/midcurve54_20260514222339.pdf,4,S2,OCT26,16,0.0,0,1501.0,1501.0,True,True
raw/midcurves/midcurve54_20260514222339.pdf,4,S2,DEC26,17,1000.0,1000.0,103857.0,103857.0,True,True
raw/midcurves/midcurve54_20260514222339.pdf,4,S2,MAR27,18,0.0,0,6216.0,6216.0,True,True
raw/midcurves/midcurve54_20260514222339.pdf,4,S2,JUN27,19,0.0,0,9.0,9.0,True,True
raw/midcurves/midcurve54_20260514222339.pdf,4,S3,MAY26,20,0.0,0,23660.0,23660.0,True,True
raw/midcurves/midcurve54_20260514222339.pdf,4,S3,JUN26,21,10000.0,10000.0,84868.0,84868.0,True,True
raw/midcurves/midcurve54_20260514222339.pdf,4,S3,JUL26,22,0.0,0,15376.0,15376.0,True,True
raw/midcurves/midcurve54_20260514222339.pdf,4,S3,AUG26,23,0.0,0,2018.0,2018.0,True,True
raw/midcurves/midcurve54_20260514222339.pdf,5,S3,SEP26,24,500.0,500.0,134095.0,134095.0,True,True
raw/midcurves/midcurve54_20260514222339.pdf,5,S3,DEC26,25,9500.0,9500.0,56948.0,56948.0,True,True
raw/midcurves/midcurve54_20260514222339.pdf,5,S3,MAR27,26,0.0,0,33089.0,33089.0,True,True
raw/midcurves/midcurve54_20260515221528.pdf,1,S0,MAY26,1,15400.0,15400.0,310077.0,310077.0,True,True
raw/midcurves/midcurve54_20260515221528.pdf,1,S0,JUN26,2,5450.0,5450.0,898591.0,898591.0,True,True
raw/midcurves/midcurve54_20260515221528.pdf,2,S0,JUL26,3,500.0,500.0,532859.0,532859.0,True,True
raw/midcurves/midcurve54_20260515221528.pdf,2,S0,AUG26,4,650.0,650.0,70772.0,70772.0,True,True
raw/midcurves/midcurve54_20260515221528.pdf,2,S0,SEP26,5,66850.0,66850.0,710649.0,710649.0,True,True
raw/midcurves/midcurve54_20260515221528.pdf,2,S0,OCT26,6,0.0,0,237059.0,237059.0,True,True
raw/midcurves/midcurve54_20260515221528.pdf,2,S0,DEC26,7,17500.0,17500.0,400327.0,400327.0,True,True
raw/midcurves/midcurve54_20260515221528.pdf,3,S0,MAR27,8,2000.0,2000.0,21215.0,21215.0,True,True
raw/midcurves/midcurve54_20260515221528.pdf,3,S0,JUN27,9,0.0,0,3002.0,3002.0,True,True
raw/midcurves/midcurve54_20260515221528.pdf,3,S0W,MAY26,10,0.0,0,25.0,25.0,True,True
raw/midcurves/midcurve54_20260515221528.pdf,3,S2,MAY26,11,0.0,0,102328.0,102328.0,True,True
raw/midcurves/midcurve54_20260515221528.pdf,3,S2,JUN26,12,0.0,0,441582.0,441582.0,True,True
raw/midcurves/midcurve54_20260515221528.pdf,3,S2,JUL26,13,0.0,0,58166.0,58166.0,True,True
raw/midcurves/midcurve54_20260515221528.pdf,3,S2,AUG26,14,0.0,0,31869.0,31869.0,True,True
raw/midcurves/midcurve54_20260515221528.pdf,4,S2,SEP26,15,0.0,0,94058.0,94058.0,True,True
raw/midcurves/midcurve54_20260515221528.pdf,4,S2,OCT26,16,12250.0,12250.0,13501.0,13501.0,True,True
raw/midcurves/midcurve54_20260515221528.pdf,4,S2,DEC26,17,0.0,0,103857.0,103857.0,True,True
raw/midcurves/midcurve54_20260515221528.pdf,4,S2,MAR27,18,0.0,0,6216.0,6216.0,True,True
raw/midcurves/midcurve54_20260515221528.pdf,4,S2,JUN27,19,0.0,0,9.0,9.0,True,True
raw/midcurves/midcurve54_20260515221528.pdf,4,S3,MAY26,20,150.0,150.0,22310.0,22310.0,True,True
raw/midcurves/midcurve54_20260515221528.pdf,4,S3,JUN26,21,0.0,0,84868.0,84868.0,True,True
raw/midcurves/midcurve54_20260515221528.pdf,4,S3,JUL26,22,0.0,0,15376.0,15376.0,True,True
raw/midcurves/midcurve54_20260515221528.pdf,5,S3,AUG26,23,500.0,500.0,2518.0,2518.0,True,True
raw/midcurves/midcurve54_20260515221528.pdf,5,S3,SEP26,24,500.0,500.0,134345.0,134345.0,True,True
raw/midcurves/midcurve54_20260515221528.pdf,5,S3,DEC26,25,0.0,0,56948.0,56948.0,True,True
raw/midcurves/midcurve54_20260515221528.pdf,5,S3,MAR27,26,0.0,0,33089.0,33089.0,True,True
raw/midcurves/midcurve54_20260518221653.pdf,1,S0,MAY26,1,12670.0,12670.0,0.0,0,True,True
raw/midcurves/midcurve54_20260518221653.pdf,1,S0,JUN26,2,34935.0,34935.0,906367.0,906367.0,True,True
raw/midcurves/midcurve54_20260518221653.pdf,2,S0,JUL26,3,43400.0,43400.0,547869.0,547869.0,True,True
raw/midcurves/midcurve54_20260518221653.pdf,2,S0,AUG26,4,500.0,500.0,77009.0,77009.0,True,True
raw/midcurves/midcurve54_20260518221653.pdf,2,S0,SEP26,5,56550.0,56550.0,727101.0,727101.0,True,True
raw/midcurves/midcurve54_20260518221653.pdf,2,S0,OCT26,6,14000.0,14000.0,248053.0,248053.0,True,True
raw/midcurves/midcurve54_20260518221653.pdf,2,S0,DEC26,7,11375.0,11375.0,410114.0,410114.0,True,True
raw/midcurves/midcurve54_20260518221653.pdf,3,S0,MAR27,8,0.0,0,22075.0,22075.0,True,True
raw/midcurves/midcurve54_20260518221653.pdf,3,S0,JUN27,9,0.0,0,3002.0,3002.0,True,True
raw/midcurves/midcurve54_20260518221653.pdf,3,S0W,MAY26,10,0.0,0,50.0,50.0,True,True
raw/midcurves/midcurve54_20260518221653.pdf,3,S2,MAY26,11,0.0,0,0.0,0,True,True
raw/midcurves/midcurve54_20260518221653.pdf,3,S2,JUN26,12,36670.0,36670.0,463764.0,463764.0,True,True
raw/midcurves/midcurve54_20260518221653.pdf,3,S2,JUL26,13,2000.0,2000.0,60535.0,60535.0,True,True
raw/midcurves/midcurve54_20260518221653.pdf,3,S2,AUG26,14,1000.0,1000.0,32127.0,32127.0,True,True
raw/midcurves/midcurve54_20260518221653.pdf,4,S2,SEP26,15,33250.0,33250.0,115834.0,115834.0,True,True
raw/midcurves/midcurve54_20260518221653.pdf,4,S2,OCT26,16,0.0,0,14321.0,14321.0,True,True
raw/midcurves/midcurve54_20260518221653.pdf,4,S2,DEC26,17,2350.0,2350.0,104465.0,104465.0,True,True
raw/midcurves/midcurve54_20260518221653.pdf,4,S2,MAR27,18,0.0,0,6966.0,6966.0,True,True
raw/midcurves/midcurve54_20260518221653.pdf,4,S2,JUN27,19,0.0,0,9.0,9.0,True,True
raw/midcurves/midcurve54_20260518221653.pdf,4,S3,MAY26,20,5278.0,5278.0,0.0,0,True,True
raw/midcurves/midcurve54_20260518221653.pdf,4,S3,JUN26,21,249.0,249.0,84918.0,84918.0,True,True
raw/midcurves/midcurve54_20260518221653.pdf,5,S3,JUL26,22,150.0,150.0,15526.0,15526.0,True,True
raw/midcurves/midcurve54_20260518221653.pdf,5,S3,AUG26,23,0.0,0,3265.0,3265.0,True,True
raw/midcurves/midcurve54_20260518221653.pdf,5,S3,SEP26,24,12500.0,12500.0,142400.0,142400.0,True,True
raw/midcurves/midcurve54_20260518221653.pdf,5,S3,OCT26,25,0.0,0,202.0,202.0,True,True
raw/midcurves/midcurve54_20260518221653.pdf,5,S3,DEC26,26,750.0,750.0,56137.0,56137.0,True,True
raw/midcurves/midcurve54_20260518221653.pdf,5,S3,MAR27,27,0.0,0,33089.0,33089.0,True,True
raw/midcurves/midcurve54_20260519223226.pdf,1,S0,MAY26,1,0.0,0,0.0,0,True,True
raw/midcurves/midcurve54_20260519223226.pdf,1,S0,JUN26,2,67496.0,67496.0,876100.0,876100.0,True,True
raw/midcurves/midcurve54_20260519223226.pdf,1,S0,JUL26,3,1200.0,1200.0,514036.0,514036.0,True,True
raw/midcurves/midcurve54_20260519223226.pdf,2,S0,AUG26,4,0.0,0,77169.0,77169.0,True,True
raw/midcurves/midcurve54_20260519223226.pdf,2,S0,SEP26,5,43400.0,43400.0,694346.0,694346.0,True,True
raw/midcurves/midcurve54_20260519223226.pdf,2,S0,OCT26,6,0.0,0,248053.0,248053.0,True,True
raw/midcurves/midcurve54_20260519223226.pdf,2,S0,NOV26,7,5000.0,5000.0,5000.0,5000.0,True,True
raw/midcurves/midcurve54_20260519223226.pdf,2,S0,DEC26,8,2200.0,2200.0,410564.0,410564.0,True,True
raw/midcurves/midcurve54_20260519223226.pdf,3,S0,MAR27,9,0.0,0,22075.0,22075.0,True,True
raw/midcurves/midcurve54_20260519223226.pdf,3,S0,JUN27,10,0.0,0,3002.0,3002.0,True,True
raw/midcurves/midcurve54_20260519223226.pdf,3,S0W,MAY26,11,100.0,100.0,155.0,155.0,True,True
raw/midcurves/midcurve54_20260519223226.pdf,3,S2,MAY26,12,0.0,0,0.0,0,True,True
raw/midcurves/midcurve54_20260519223226.pdf,3,S2,JUN26,13,9604.0,9604.0,462224.0,462224.0,True,True
raw/midcurves/midcurve54_20260519223226.pdf,3,S2,JUL26,14,0.0,0,60544.0,60544.0,True,True
raw/midcurves/midcurve54_20260519223226.pdf,3,S2,AUG26,15,0.0,0,32127.0,32127.0,True,True
raw/midcurves/midcurve54_20260519223226.pdf,4,S2,SEP26,16,20600.0,20600.0,132421.0,132421.0,True,True
raw/midcurves/midcurve54_20260519223226.pdf,4,S2,OCT26,17,0.0,0,14321.0,14321.0,True,True
raw/midcurves/midcurve54_20260519223226.pdf,4,S2,DEC26,18,200.0,200.0,104318.0,104318.0,True,True
raw/midcurves/midcurve54_20260519223226.pdf,4,S2,MAR27,19,0.0,0,6966.0,6966.0,True,True
raw/midcurves/midcurve54_20260519223226.pdf,4,S2,JUN27,20,0.0,0,9.0,9.0,True,True
raw/midcurves/midcurve54_20260519223226.pdf,4,S3,MAY26,21,0.0,0,0.0,0,True,True
raw/midcurves/midcurve54_20260519223226.pdf,4,S3,JUN26,22,4217.0,4217.0,81850.0,81850.0,True,True
raw/midcurves/midcurve54_20260519223226.pdf,5,S3,JUL26,23,0.0,0,15835.0,15835.0,True,True
raw/midcurves/midcurve54_20260519223226.pdf,5,S3,AUG26,24,0.0,0,3265.0,3265.0,True,True
raw/midcurves/midcurve54_20260519223226.pdf,5,S3,SEP26,25,8000.0,8000.0,146053.0,146053.0,True,True
raw/midcurves/midcurve54_20260519223226.pdf,5,S3,OCT26,26,0.0,0,369.0,369.0,True,True
raw/midcurves/midcurve54_20260519223226.pdf,5,S3,DEC26,27,450.0,450.0,56137.0,56137.0,True,True
raw/midcurves/midcurve54_20260519223226.pdf,5,S3,MAR27,28,0.0,0,33089.0,33089.0,True,True
raw/midcurves/midcurve54_20260520223841.pdf,1,S0,JUN26,1,21300.0,21300.0,865304.0,865304.0,True,True
raw/midcurves/midcurve54_20260520223841.pdf,1,S0,JUL26,2,40750.0,40750.0,502099.0,502099.0,True,True
raw/midcurves/midcurve54_20260520223841.pdf,1,S0,AUG26,3,0.0,0,77169.0,77169.0,True,True
raw/midcurves/midcurve54_20260520223841.pdf,2,S0,SEP26,4,57600.0,57600.0,662225.0,662225.0,True,True
raw/midcurves/midcurve54_20260520223841.pdf,2,S0,OCT26,5,14000.0,14000.0,262853.0,262853.0,True,True
raw/midcurves/midcurve54_20260520223841.pdf,2,S0,NOV26,6,20000.0,20000.0,25000.0,25000.0,True,True
raw/midcurves/midcurve54_20260520223841.pdf,2,S0,DEC26,7,20700.0,20700.0,397514.0,397514.0,True,True
raw/midcurves/midcurve54_20260520223841.pdf,2,S0,MAR27,8,0.0,0,38007.0,38007.0,True,True
raw/midcurves/midcurve54_20260520223841.pdf,2,S0,JUN27,9,1250.0,1250.0,2002.0,2002.0,True,True
raw/midcurves/midcurve54_20260520223841.pdf,3,S0W,MAY26,10,0.0,0,155.0,155.0,True,True
raw/midcurves/midcurve54_20260520223841.pdf,3,S2,JUN26,11,14000.0,14000.0,468826.0,468826.0,True,True
raw/midcurves/midcurve54_20260520223841.pdf,3,S2,JUL26,12,5000.0,5000.0,65677.0,65677.0,True,True
raw/midcurves/midcurve54_20260520223841.pdf,3,S2,AUG26,13,0.0,0,32127.0,32127.0,True,True
raw/midcurves/midcurve54_20260520223841.pdf,3,S2,SEP26,14,12000.0,12000.0,141854.0,141854.0,True,True
raw/midcurves/midcurve54_20260520223841.pdf,4,S2,OCT26,15,0.0,0,14386.0,14386.0,True,True
raw/midcurves/midcurve54_20260520223841.pdf,4,S2,DEC26,16,12450.0,12450.0,115757.0,115757.0,True,True
raw/midcurves/midcurve54_20260520223841.pdf,4,S2,MAR27,17,0.0,0,8250.0,8250.0,True,True
raw/midcurves/midcurve54_20260520223841.pdf,4,S2,JUN27,18,0.0,0,9.0,9.0,True,True
raw/midcurves/midcurve54_20260520223841.pdf,4,S3,JUN26,19,0.0,0,81949.0,81949.0,True,True
raw/midcurves/midcurve54_20260520223841.pdf,4,S3,JUL26,20,2000.0,2000.0,17706.0,17706.0,True,True
raw/midcurves/midcurve54_20260520223841.pdf,4,S3,AUG26,21,0.0,0,3265.0,3265.0,True,True
raw/midcurves/midcurve54_20260520223841.pdf,4,S3,SEP26,22,0.0,0,146053.0,146053.0,True,True
raw/midcurves/midcurve54_20260520223841.pdf,5,S3,OCT26,23,0.0,0,1075.0,1075.0,True,True
raw/midcurves/midcurve54_20260520223841.pdf,5,S3,DEC26,24,7050.0,7050.0,55887.0,55887.0,True,True
raw/midcurves/midcurve54_20260520223841.pdf,5,S3,MAR27,25,500.0,500.0,34336.0,34336.0,True,True
raw/midcurves/midcurve54_20260521223258.pdf,1,S0,JUN26,1,24100.0,24100.0,858053.0,858053.0,True,True
raw/midcurves/midcurve54_20260521223258.pdf,1,S0,JUL26,2,31000.0,31000.0,481664.0,481664.0,True,True
raw/midcurves/midcurve54_20260521223258.pdf,2,S0,AUG26,3,4000.0,4000.0,75639.0,75639.0,True,True
raw/midcurves/midcurve54_20260521223258.pdf,2,S0,SEP26,4,21000.0,21000.0,657631.0,657631.0,True,True
raw/midcurves/midcurve54_20260521223258.pdf,2,S0,OCT26,5,2000.0,2000.0,262353.0,262353.0,True,True
raw/midcurves/midcurve54_20260521223258.pdf,2,S0,NOV26,6,12500.0,12500.0,37500.0,37500.0,True,True
raw/midcurves/midcurve54_20260521223258.pdf,2,S0,DEC26,7,38900.0,38900.0,391689.0,391689.0,True,True
raw/midcurves/midcurve54_20260521223258.pdf,2,S0,MAR27,8,0.0,0,38007.0,38007.0,True,True
raw/midcurves/midcurve54_20260521223258.pdf,2,S0,JUN27,9,0.0,0,2002.0,2002.0,True,True
raw/midcurves/midcurve54_20260521223258.pdf,3,S0W,MAY26,10,0.0,0,155.0,155.0,True,True
raw/midcurves/midcurve54_20260521223258.pdf,3,S2,JUN26,11,34820.0,34820.0,460536.0,460536.0,True,True
raw/midcurves/midcurve54_20260521223258.pdf,3,S2,JUL26,12,0.0,0,65691.0,65691.0,True,True
raw/midcurves/midcurve54_20260521223258.pdf,3,S2,AUG26,13,0.0,0,32147.0,32147.0,True,True
raw/midcurves/midcurve54_20260521223258.pdf,3,S2,SEP26,14,9750.0,9750.0,149404.0,149404.0,True,True
raw/midcurves/midcurve54_20260521223258.pdf,4,S2,OCT26,15,0.0,0,14386.0,14386.0,True,True
raw/midcurves/midcurve54_20260521223258.pdf,4,S2,DEC26,16,4500.0,4500.0,114045.0,114045.0,True,True
raw/midcurves/midcurve54_20260521223258.pdf,4,S2,MAR27,17,2000.0,2000.0,10550.0,10550.0,True,True
raw/midcurves/midcurve54_20260521223258.pdf,4,S2,JUN27,18,0.0,0,9.0,9.0,True,True
raw/midcurves/midcurve54_20260521223258.pdf,4,S3,JUN26,19,800.0,800.0,82556.0,82556.0,True,True
raw/midcurves/midcurve54_20260521223258.pdf,4,S3,JUL26,20,0.0,0,17706.0,17706.0,True,True
raw/midcurves/midcurve54_20260521223258.pdf,4,S3,AUG26,21,0.0,0,3265.0,3265.0,True,True
raw/midcurves/midcurve54_20260521223258.pdf,4,S3,SEP26,22,0.0,0,146053.0,146053.0,True,True
raw/midcurves/midcurve54_20260521223258.pdf,5,S3,OCT26,23,0.0,0,1075.0,1075.0,True,True
raw/midcurves/midcurve54_20260521223258.pdf,5,S3,DEC26,24,0.0,0,55947.0,55947.0,True,True
raw/midcurves/midcurve54_20260521223258.pdf,5,S3,MAR27,25,0.0,0,34336.0,34336.0,True,True
raw/midcurves/midcurve54_20260522222914.pdf,1,S0,JUN26,1,31395.0,31395.0,864553.0,864553.0,True,True
raw/midcurves/midcurve54_20260522222914.pdf,1,S0,JUL26,2,12750.0,12750.0,484940.0,484940.0,True,True
raw/midcurves/midcurve54_20260522222914.pdf,2,S0,AUG26,3,200.0,200.0,76739.0,76739.0,True,True
raw/midcurves/midcurve54_20260522222914.pdf,2,S0,SEP26,4,21000.0,21000.0,668467.0,668467.0,True,True
raw/midcurves/midcurve54_20260522222914.pdf,2,S0,OCT26,5,3000.0,3000.0,260859.0,260859.0,True,True
raw/midcurves/midcurve54_20260522222914.pdf,2,S0,NOV26,6,10000.0,10000.0,47500.0,47500.0,True,True
raw/midcurves/midcurve54_20260522222914.pdf,2,S0,DEC26,7,1900.0,1900.0,391839.0,391839.0,True,True
raw/midcurves/midcurve54_20260522222914.pdf,2,S0,MAR27,8,0.0,0,39307.0,39307.0,True,True
raw/midcurves/midcurve54_20260522222914.pdf,2,S0,JUN27,9,5500.0,5500.0,5102.0,5102.0,True,True
raw/midcurves/midcurve54_20260522222914.pdf,3,S0W,MAY26,10,0.0,0,155.0,155.0,True,True
raw/midcurves/midcurve54_20260522222914.pdf,3,S2,JUN26,11,2839.0,2839.0,467635.0,467635.0,True,True
raw/midcurves/midcurve54_20260522222914.pdf,3,S2,JUL26,12,500.0,500.0,66193.0,66193.0,True,True
raw/midcurves/midcurve54_20260522222914.pdf,3,S2,AUG26,13,0.0,0,32147.0,32147.0,True,True
raw/midcurves/midcurve54_20260522222914.pdf,3,S2,SEP26,14,8500.0,8500.0,154404.0,154404.0,True,True
raw/midcurves/midcurve54_20260522222914.pdf,4,S2,OCT26,15,0.0,0,14386.0,14386.0,True,True
raw/midcurves/midcurve54_20260522222914.pdf,4,S2,DEC26,16,0.0,0,114066.0,114066.0,True,True
raw/midcurves/midcurve54_20260522222914.pdf,4,S2,MAR27,17,0.0,0,10550.0,10550.0,True,True
raw/midcurves/midcurve54_20260522222914.pdf,4,S2,JUN27,18,0.0,0,9.0,9.0,True,True
raw/midcurves/midcurve54_20260522222914.pdf,4,S3,JUN26,19,652.0,652.0,82128.0,82128.0,True,True
raw/midcurves/midcurve54_20260522222914.pdf,4,S3,JUL26,20,0.0,0,17706.0,17706.0,True,True
raw/midcurves/midcurve54_20260522222914.pdf,4,S3,AUG26,21,0.0,0,3265.0,3265.0,True,True
raw/midcurves/midcurve54_20260522222914.pdf,4,S3,SEP26,22,1700.0,1700.0,146053.0,146053.0,True,True
raw/midcurves/midcurve54_20260522222914.pdf,5,S3,OCT26,23,0.0,0,1924.0,1924.0,True,True
raw/midcurves/midcurve54_20260522222914.pdf,5,S3,DEC26,24,0.0,0,55947.0,55947.0,True,True
raw/midcurves/midcurve54_20260522222914.pdf,5,S3,MAR27,25,0.0,0,34336.0,34336.0,True,True
raw/midcurves/midcurve54_20260526224631.pdf,1,S0,JUN26,1,12597.0,12597.0,859442.0,859442.0,True,True
raw/midcurves/midcurve54_20260526224631.pdf,1,S0,JUL26,2,4250.0,4250.0,487988.0,487988.0,True,True
raw/midcurves/midcurve54_20260526224631.pdf,2,S0,AUG26,3,0.0,0,76739.0,76739.0,True,True
raw/midcurves/midcurve54_20260526224631.pdf,2,S0,SEP26,4,6204.0,6204.0,672429.0,672429.0,True,True
raw/midcurves/midcurve54_20260526224631.pdf,2,S0,OCT26,5,20000.0,20000.0,246743.0,246743.0,True,True
raw/midcurves/midcurve54_20260526224631.pdf,2,S0,NOV26,6,0.0,0,47500.0,47500.0,True,True
raw/midcurves/midcurve54_20260526224631.pdf,2,S0,DEC26,7,14600.0,14600.0,391608.0,391608.0,True,True
raw/midcurves/midcurve54_20260526224631.pdf,2,S0,MAR27,8,0.0,0,39307.0,39307.0,True,True
raw/midcurves/midcurve54_20260526224631.pdf,3,S0,JUN27,9,2000.0,2000.0,7102.0,7102.0,True,True
raw/midcurves/midcurve54_20260526224631.pdf,3,S0W,MAY26,10,0.0,0,10.0,10.0,True,True
raw/midcurves/midcurve54_20260526224631.pdf,3,S2,JUN26,11,7614.0,7614.0,471229.0,471229.0,True,True
raw/midcurves/midcurve54_20260526224631.pdf,3,S2,JUL26,12,500.0,500.0,66093.0,66093.0,True,True
raw/midcurves/midcurve54_20260526224631.pdf,3,S2,AUG26,13,0.0,0,32147.0,32147.0,True,True
raw/midcurves/midcurve54_20260526224631.pdf,4,S2,SEP26,14,13100.0,13100.0,165054.0,165054.0,True,True
raw/midcurves/midcurve54_20260526224631.pdf,4,S2,OCT26,15,0.0,0,15344.0,15344.0,True,True
raw/midcurves/midcurve54_20260526224631.pdf,4,S2,DEC26,16,1000.0,1000.0,114304.0,114304.0,True,True
raw/midcurves/midcurve54_20260526224631.pdf,4,S2,MAR27,17,0.0,0,10550.0,10550.0,True,True
raw/midcurves/midcurve54_20260526224631.pdf,4,S2,JUN27,18,0.0,0,9.0,9.0,True,True
raw/midcurves/midcurve54_20260526224631.pdf,4,S3,JUN26,19,256.0,256.0,82384.0,82384.0,True,True
raw/midcurves/midcurve54_20260526224631.pdf,4,S3,JUL26,20,0.0,0,17706.0,17706.0,True,True
raw/midcurves/midcurve54_20260526224631.pdf,4,S3,AUG26,21,0.0,0,3265.0,3265.0,True,True
raw/midcurves/midcurve54_20260526224631.pdf,5,S3,SEP26,22,1850.0,1850.0,146653.0,146653.0,True,True
raw/midcurves/midcurve54_20260526224631.pdf,5,S3,OCT26,23,0.0,0,1983.0,1983.0,True,True
raw/midcurves/midcurve54_20260526224631.pdf,5,S3,DEC26,24,500.0,500.0,55447.0,55447.0,True,True
raw/midcurves/midcurve54_20260526224631.pdf,5,S3,MAR27,25,0.0,0,34471.0,34471.0,True,True
raw/midcurves/midcurve54_20260527224311.pdf,1,S0,JUN26,1,27998.0,27998.0,848980.0,848980.0,True,True
raw/midcurves/midcurve54_20260527224311.pdf,1,S0,JUL26,2,75250.0,75250.0,427382.0,427382.0,True,True
raw/midcurves/midcurve54_20260527224311.pdf,2,S0,AUG26,3,8000.0,8000.0,85549.0,85549.0,True,True
raw/midcurves/midcurve54_20260527224311.pdf,2,S0,SEP26,4,8000.0,8000.0,669562.0,669562.0,True,True
raw/midcurves/midcurve54_20260527224311.pdf,2,S0,OCT26,5,0.0,0,246743.0,246743.0,True,True
raw/midcurves/midcurve54_20260527224311.pdf,2,S0,NOV26,6,0.0,0,47500.0,47500.0,True,True
raw/midcurves/midcurve54_20260527224311.pdf,2,S0,DEC26,7,240.0,240.0,392408.0,392408.0,True,True
raw/midcurves/midcurve54_20260527224311.pdf,2,S0,MAR27,8,0.0,0,39307.0,39307.0,True,True
raw/midcurves/midcurve54_20260527224311.pdf,3,S0,JUN27,9,0.0,0,7102.0,7102.0,True,True
raw/midcurves/midcurve54_20260527224311.pdf,3,S0W,MAY26,10,0.0,0,10.0,10.0,True,True
raw/midcurves/midcurve54_20260527224311.pdf,3,S2,JUN26,11,1783.0,1783.0,470733.0,470733.0,True,True
raw/midcurves/midcurve54_20260527224311.pdf,3,S2,JUL26,12,0.0,0,66096.0,66096.0,True,True
raw/midcurves/midcurve54_20260527224311.pdf,3,S2,AUG26,13,0.0,0,32147.0,32147.0,True,True
raw/midcurves/midcurve54_20260527224311.pdf,4,S2,SEP26,14,20900.0,20900.0,182643.0,182643.0,True,True
raw/midcurves/midcurve54_20260527224311.pdf,4,S2,OCT26,15,0.0,0,15344.0,15344.0,True,True
raw/midcurves/midcurve54_20260527224311.pdf,4,S2,DEC26,16,2200.0,2200.0,116204.0,116204.0,True,True
raw/midcurves/midcurve54_20260527224311.pdf,4,S2,MAR27,17,0.0,0,10550.0,10550.0,True,True
raw/midcurves/midcurve54_20260527224311.pdf,4,S2,JUN27,18,0.0,0,9.0,9.0,True,True
raw/midcurves/midcurve54_20260527224311.pdf,4,S3,JUN26,19,312.0,312.0,83008.0,83008.0,True,True
raw/midcurves/midcurve54_20260527224311.pdf,4,S3,JUL26,20,0.0,0,20582.0,20582.0,True,True
raw/midcurves/midcurve54_20260527224311.pdf,4,S3,AUG26,21,0.0,0,3265.0,3265.0,True,True
raw/midcurves/midcurve54_20260527224311.pdf,5,S3,SEP26,22,0.0,0,146653.0,146653.0,True,True
raw/midcurves/midcurve54_20260527224311.pdf,5,S3,OCT26,23,0.0,0,1983.0,1983.0,True,True
raw/midcurves/midcurve54_20260527224311.pdf,5,S3,DEC26,24,0.0,0,55447.0,55447.0,True,True
raw/midcurves/midcurve54_20260527224311.pdf,5,S3,MAR27,25,0.0,0,34471.0,34471.0,True,True
raw/midcurves/midcurve54_20260528225521.pdf,1,S0,JUN26,1,14705.0,14705.0,846100.0,846100.0,True,True
raw/midcurves/midcurve54_20260528225521.pdf,1,S0,JUL26,2,2200.0,2200.0,424908.0,424908.0,True,True
raw/midcurves/midcurve54_20260528225521.pdf,2,S0,AUG26,3,500.0,500.0,87766.0,87766.0,True,True
raw/midcurves/midcurve54_20260528225521.pdf,2,S0,SEP26,4,10000.0,10000.0,670087.0,670087.0,True,True
raw/midcurves/midcurve54_20260528225521.pdf,2,S0,OCT26,5,0.0,0,248743.0,248743.0,True,True
raw/midcurves/midcurve54_20260528225521.pdf,2,S0,NOV26,6,0.0,0,47500.0,47500.0,True,True
raw/midcurves/midcurve54_20260528225521.pdf,2,S0,DEC26,7,6000.0,6000.0,398425.0,398425.0,True,True
raw/midcurves/midcurve54_20260528225521.pdf,2,S0,MAR27,8,0.0,0,39307.0,39307.0,True,True
raw/midcurves/midcurve54_20260528225521.pdf,3,S0,JUN27,9,0.0,0,7102.0,7102.0,True,True
raw/midcurves/midcurve54_20260528225521.pdf,3,S0W,MAY26,10,0.0,0,10.0,10.0,True,True
raw/midcurves/midcurve54_20260528225521.pdf,3,S2,JUN26,11,4122.0,4122.0,468246.0,468246.0,True,True
raw/midcurves/midcurve54_20260528225521.pdf,3,S2,JUL26,12,250.0,250.0,66346.0,66346.0,True,True
raw/midcurves/midcurve54_20260528225521.pdf,3,S2,AUG26,13,0.0,0,32147.0,32147.0,True,True
raw/midcurves/midcurve54_20260528225521.pdf,3,S2,SEP26,14,7550.0,7550.0,189717.0,189717.0,True,True
raw/midcurves/midcurve54_20260528225521.pdf,4,S2,OCT26,15,0.0,0,15344.0,15344.0,True,True
raw/midcurves/midcurve54_20260528225521.pdf,4,S2,DEC26,16,0.0,0,117439.0,117439.0,True,True
raw/midcurves/midcurve54_20260528225521.pdf,4,S2,MAR27,17,0.0,0,10550.0,10550.0,True,True
raw/midcurves/midcurve54_20260528225521.pdf,4,S2,JUN27,18,0.0,0,9.0,9.0,True,True
raw/midcurves/midcurve54_20260528225521.pdf,4,S3,JUN26,19,312.0,312.0,80571.0,80571.0,True,True
raw/midcurves/midcurve54_20260528225521.pdf,4,S3,JUL26,20,0.0,0,20582.0,20582.0,True,True
raw/midcurves/midcurve54_20260528225521.pdf,4,S3,AUG26,21,0.0,0,3436.0,3436.0,True,True
raw/midcurves/midcurve54_20260528225521.pdf,5,S3,SEP26,22,100.0,100.0,146299.0,146299.0,True,True
raw/midcurves/midcurve54_20260528225521.pdf,5,S3,OCT26,23,0.0,0,2349.0,2349.0,True,True
raw/midcurves/midcurve54_20260528225521.pdf,5,S3,DEC26,24,0.0,0,55447.0,55447.0,True,True
raw/midcurves/midcurve54_20260528225521.pdf,5,S3,MAR27,25,0.0,0,34471.0,34471.0,True,True
raw/midcurves/midcurve54_20260601231511.pdf,1,S0,JUN26,1,34250.0,34250.0,836567.0,836567.0,True,True
raw/midcurves/midcurve54_20260601231511.pdf,1,S0,JUL26,2,1405.0,1405.0,400974.0,400974.0,True,True
raw/midcurves/midcurve54_20260601231511.pdf,2,S0,AUG26,3,4600.0,4600.0,91868.0,91868.0,True,True
raw/midcurves/midcurve54_20260601231511.pdf,2,S0,SEP26,4,7000.0,7000.0,696493.0,696493.0,True,True
raw/midcurves/midcurve54_20260601231511.pdf,2,S0,OCT26,5,2000.0,2000.0,251743.0,251743.0,True,True
raw/midcurves/midcurve54_20260601231511.pdf,2,S0,NOV26,6,0.0,0,47500.0,47500.0,True,True
raw/midcurves/midcurve54_20260601231511.pdf,2,S0,DEC26,7,6200.0,6200.0,399588.0,399588.0,True,True
raw/midcurves/midcurve54_20260601231511.pdf,2,S0,MAR27,8,0.0,0,39484.0,39484.0,True,True
raw/midcurves/midcurve54_20260601231511.pdf,3,S0,JUN27,9,0.0,0,7302.0,7302.0,True,True
raw/midcurves/midcurve54_20260601231511.pdf,3,S0W,MAY26,10,0.0,0,0.0,0,True,True
raw/midcurves/midcurve54_20260601231511.pdf,3,S0W,JUN26,11,0.0,0,40.0,40.0,True,True
raw/midcurves/midcurve54_20260601231511.pdf,3,S2,JUN26,12,500.0,500.0,466391.0,466391.0,True,True
raw/midcurves/midcurve54_20260601231511.pdf,3,S2,JUL26,13,508.0,508.0,67338.0,67338.0,True,True
raw/midcurves/midcurve54_20260601231511.pdf,3,S2,AUG26,14,0.0,0,32167.0,32167.0,True,True
raw/midcurves/midcurve54_20260601231511.pdf,4,S2,SEP26,15,0.0,0,194069.0,194069.0,True,True
raw/midcurves/midcurve54_20260601231511.pdf,4,S2,OCT26,16,0.0,0,15344.0,15344.0,True,True
raw/midcurves/midcurve54_20260601231511.pdf,4,S2,DEC26,17,10000.0,10000.0,124540.0,124540.0,True,True
raw/midcurves/midcurve54_20260601231511.pdf,4,S2,MAR27,18,0.0,0,10550.0,10550.0,True,True
raw/midcurves/midcurve54_20260601231511.pdf,4,S2,JUN27,19,0.0,0,9.0,9.0,True,True
raw/midcurves/midcurve54_20260601231511.pdf,4,S3,JUN26,20,0.0,0,82239.0,82239.0,True,True
raw/midcurves/midcurve54_20260601231511.pdf,4,S3,JUL26,21,312.0,312.0,21179.0,21179.0,True,True
raw/midcurves/midcurve54_20260601231511.pdf,4,S3,AUG26,22,0.0,0,3436.0,3436.0,True,True
raw/midcurves/midcurve54_20260601231511.pdf,5,S3,SEP26,23,3000.0,3000.0,143299.0,143299.0,True,True
raw/midcurves/midcurve54_20260601231511.pdf,5,S3,OCT26,24,0.0,0,2646.0,2646.0,True,True
raw/midcurves/midcurve54_20260601231511.pdf,5,S3,DEC26,25,0.0,0,55447.0,55447.0,True,True
raw/midcurves/midcurve54_20260601231511.pdf,5,S3,MAR27,26,0.0,0,34471.0,34471.0,True,True
raw/midcurves/midcurve54_20260602231427.pdf,1,S0,JUN26,1,10700.0,10700.0,838891.0,838891.0,True,True
raw/midcurves/midcurve54_20260602231427.pdf,1,S0,JUL26,2,15124.0,15124.0,397752.0,397752.0,True,True
raw/midcurves/midcurve54_20260602231427.pdf,2,S0,AUG26,3,7950.0,7950.0,96860.0,96860.0,True,True
raw/midcurves/midcurve54_20260602231427.pdf,2,S0,SEP26,4,12430.0,12430.0,695082.0,695082.0,True,True
raw/midcurves/midcurve54_20260602231427.pdf,2,S0,OCT26,5,0.0,0,251843.0,251843.0,True,True
raw/midcurves/midcurve54_20260602231427.pdf,2,S0,NOV26,6,0.0,0,47500.0,47500.0,True,True
raw/midcurves/midcurve54_20260602231427.pdf,2,S0,DEC26,7,2500.0,2500.0,401010.0,401010.0,True,True
raw/midcurves/midcurve54_20260602231427.pdf,2,S0,MAR27,8,12940.0,12940.0,52393.0,52393.0,True,True
raw/midcurves/midcurve54_20260602231427.pdf,3,S0,JUN27,9,0.0,0,7302.0,7302.0,True,True
raw/midcurves/midcurve54_20260602231427.pdf,3,S0W,JUN26,10,0.0,0,40.0,40.0,True,True
raw/midcurves/midcurve54_20260602231427.pdf,3,S2,JUN26,11,3800.0,3800.0,464491.0,464491.0,True,True
raw/midcurves/midcurve54_20260602231427.pdf,3,S2,JUL26,12,520.0,520.0,67733.0,67733.0,True,True
raw/midcurves/midcurve54_20260602231427.pdf,3,S2,AUG26,13,0.0,0,32246.0,32246.0,True,True
raw/midcurves/midcurve54_20260602231427.pdf,4,S2,SEP26,14,2180.0,2180.0,196859.0,196859.0,True,True
raw/midcurves/midcurve54_20260602231427.pdf,4,S2,OCT26,15,0.0,0,15344.0,15344.0,True,True
raw/midcurves/midcurve54_20260602231427.pdf,4,S2,DEC26,16,0.0,0,124570.0,124570.0,True,True
raw/midcurves/midcurve54_20260602231427.pdf,4,S2,MAR27,17,0.0,0,10550.0,10550.0,True,True
raw/midcurves/midcurve54_20260602231427.pdf,4,S2,JUN27,18,0.0,0,9.0,9.0,True,True
raw/midcurves/midcurve54_20260602231427.pdf,4,S3,JUN26,19,0.0,0,82739.0,82739.0,True,True
raw/midcurves/midcurve54_20260602231427.pdf,4,S3,JUL26,20,272.0,272.0,21176.0,21176.0,True,True
raw/midcurves/midcurve54_20260602231427.pdf,4,S3,AUG26,21,0.0,0,3694.0,3694.0,True,True
raw/midcurves/midcurve54_20260602231427.pdf,5,S3,SEP26,22,600.0,600.0,143749.0,143749.0,True,True
raw/midcurves/midcurve54_20260602231427.pdf,5,S3,OCT26,23,0.0,0,2646.0,2646.0,True,True
raw/midcurves/midcurve54_20260602231427.pdf,5,S3,DEC26,24,0.0,0,55447.0,55447.0,True,True
raw/midcurves/midcurve54_20260602231427.pdf,5,S3,MAR27,25,0.0,0,34471.0,34471.0,True,True
raw/midcurves/midcurve54_20260603231841.pdf,1,S0,JUN26,1,0.0,0,838882.0,838882.0,True,True
raw/midcurves/midcurve54_20260603231841.pdf,1,S0,JUL26,2,10095.0,10095.0,394504.0,394504.0,True,True
raw/midcurves/midcurve54_20260603231841.pdf,2,S0,AUG26,3,0.0,0,99478.0,99478.0,True,True
raw/midcurves/midcurve54_20260603231841.pdf,2,S0,SEP26,4,2350.0,2350.0,697825.0,697825.0,True,True
raw/midcurves/midcurve54_20260603231841.pdf,2,S0,OCT26,5,0.0,0,251893.0,251893.0,True,True
raw/midcurves/midcurve54_20260603231841.pdf,2,S0,NOV26,6,0.0,0,47500.0,47500.0,True,True
raw/midcurves/midcurve54_20260603231841.pdf,2,S0,DEC26,7,10950.0,10950.0,398741.0,398741.0,True,True
raw/midcurves/midcurve54_20260603231841.pdf,2,S0,MAR27,8,3250.0,3250.0,55746.0,55746.0,True,True
raw/midcurves/midcurve54_20260603231841.pdf,3,S0,JUN27,9,0.0,0,7302.0,7302.0,True,True
raw/midcurves/midcurve54_20260603231841.pdf,3,S0W,JUN26,10,0.0,0,40.0,40.0,True,True
raw/midcurves/midcurve54_20260603231841.pdf,3,S2,JUN26,11,0.0,0,461912.0,461912.0,True,True
raw/midcurves/midcurve54_20260603231841.pdf,3,S2,JUL26,12,520.0,520.0,68253.0,68253.0,True,True
raw/midcurves/midcurve54_20260603231841.pdf,3,S2,AUG26,13,0.0,0,32246.0,32246.0,True,True
raw/midcurves/midcurve54_20260603231841.pdf,4,S2,SEP26,14,1500.0,1500.0,198009.0,198009.0,True,True
raw/midcurves/midcurve54_20260603231841.pdf,4,S2,OCT26,15,0.0,0,15344.0,15344.0,True,True
raw/midcurves/midcurve54_20260603231841.pdf,4,S2,NOV26,16,0.0,0,24.0,24.0,True,True
raw/midcurves/midcurve54_20260603231841.pdf,4,S2,DEC26,17,1500.0,1500.0,125095.0,125095.0,True,True
raw/midcurves/midcurve54_20260603231841.pdf,4,S2,MAR27,18,0.0,0,10550.0,10550.0,True,True
raw/midcurves/midcurve54_20260603231841.pdf,4,S2,JUN27,19,0.0,0,9.0,9.0,True,True
raw/midcurves/midcurve54_20260603231841.pdf,4,S3,JUN26,20,4000.0,4000.0,83991.0,83991.0,True,True
raw/midcurves/midcurve54_20260603231841.pdf,4,S3,JUL26,21,0.0,0,21284.0,21284.0,True,True
raw/midcurves/midcurve54_20260603231841.pdf,4,S3,AUG26,22,0.0,0,3798.0,3798.0,True,True
raw/midcurves/midcurve54_20260603231841.pdf,5,S3,SEP26,23,2750.0,2750.0,145549.0,145549.0,True,True
raw/midcurves/midcurve54_20260603231841.pdf,5,S3,OCT26,24,0.0,0,2646.0,2646.0,True,True
raw/midcurves/midcurve54_20260603231841.pdf,5,S3,DEC26,25,1500.0,1500.0,56612.0,56612.0,True,True
raw/midcurves/midcurve54_20260603231841.pdf,5,S3,MAR27,26,0.0,0,34471.0,34471.0,True,True
raw/midcurves/midcurve54_20260604223328.pdf,1,S0,JUN26,1,17700.0,17700.0,834385.0,834385.0,True,True
raw/midcurves/midcurve54_20260604223328.pdf,1,S0,JUL26,2,4017.0,4017.0,395441.0,395441.0,True,True
raw/midcurves/midcurve54_20260604223328.pdf,2,S0,AUG26,3,0.0,0,99478.0,99478.0,True,True
raw/midcurves/midcurve54_20260604223328.pdf,2,S0,SEP26,4,47000.0,47000.0,720878.0,720878.0,True,True
raw/midcurves/midcurve54_20260604223328.pdf,2,S0,OCT26,5,8000.0,8000.0,263898.0,263898.0,True,True
raw/midcurves/midcurve54_20260604223328.pdf,2,S0,NOV26,6,0.0,0,47500.0,47500.0,True,True
raw/midcurves/midcurve54_20260604223328.pdf,2,S0,DEC26,7,18000.0,18000.0,406043.0,406043.0,True,True
raw/midcurves/midcurve54_20260604223328.pdf,3,S0,MAR27,8,0.0,0,55746.0,55746.0,True,True
raw/midcurves/midcurve54_20260604223328.pdf,3,S0,JUN27,9,0.0,0,7304.0,7304.0,True,True
raw/midcurves/midcurve54_20260604223328.pdf,3,S0W,JUN26,10,0.0,0,40.0,40.0,True,True
raw/midcurves/midcurve54_20260604223328.pdf,3,S2,JUN26,11,13500.0,13500.0,453719.0,453719.0,True,True
raw/midcurves/midcurve54_20260604223328.pdf,3,S2,JUL26,12,520.0,520.0,68773.0,68773.0,True,True
raw/midcurves/midcurve54_20260604223328.pdf,3,S2,AUG26,13,0.0,0,32246.0,32246.0,True,True
raw/midcurves/midcurve54_20260604223328.pdf,4,S2,SEP26,14,0.0,0,197609.0,197609.0,True,True
raw/midcurves/midcurve54_20260604223328.pdf,4,S2,OCT26,15,0.0,0,15344.0,15344.0,True,True
raw/midcurves/midcurve54_20260604223328.pdf,4,S2,NOV26,16,0.0,0,24.0,24.0,True,True
raw/midcurves/midcurve54_20260604223328.pdf,4,S2,DEC26,17,1000.0,1000.0,124643.0,124643.0,True,True
raw/midcurves/midcurve54_20260604223328.pdf,4,S2,MAR27,18,0.0,0,10550.0,10550.0,True,True
raw/midcurves/midcurve54_20260604223328.pdf,4,S2,JUN27,19,0.0,0,9.0,9.0,True,True
raw/midcurves/midcurve54_20260604223328.pdf,4,S3,JUN26,20,0.0,0,83991.0,83991.0,True,True
raw/midcurves/midcurve54_20260604223328.pdf,4,S3,JUL26,21,0.0,0,21284.0,21284.0,True,True
raw/midcurves/midcurve54_20260604223328.pdf,4,S3,AUG26,22,0.0,0,3798.0,3798.0,True,True
raw/midcurves/midcurve54_20260604223328.pdf,5,S3,SEP26,23,0.0,0,145549.0,145549.0,True,True
raw/midcurves/midcurve54_20260604223328.pdf,5,S3,OCT26,24,0.0,0,2646.0,2646.0,True,True
raw/midcurves/midcurve54_20260604223328.pdf,5,S3,DEC26,25,0.0,0,56612.0,56612.0,True,True
raw/midcurves/midcurve54_20260604223328.pdf,5,S3,MAR27,26,1000.0,1000.0,35471.0,35471.0,True,True
raw/midcurves/midcurve54_20260605222727.pdf,1,S0,JUN26,1,72200.0,72200.0,857096.0,857096.0,True,True
raw/midcurves/midcurve54_20260605222727.pdf,1,S0,JUL26,2,2500.0,2500.0,397829.0,397829.0,True,True
raw/midcurves/midcurve54_20260605222727.pdf,2,S0,AUG26,3,600.0,600.0,103677.0,103677.0,True,True
raw/midcurves/midcurve54_20260605222727.pdf,2,S0,SEP26,4,41100.0,41100.0,752681.0,752681.0,True,True
raw/midcurves/midcurve54_20260605222727.pdf,2,S0,OCT26,5,9750.0,9750.0,273272.0,273272.0,True,True
raw/midcurves/midcurve54_20260605222727.pdf,2,S0,NOV26,6,0.0,0,47500.0,47500.0,True,True
raw/midcurves/midcurve54_20260605222727.pdf,2,S0,DEC26,7,14250.0,14250.0,408366.0,408366.0,True,True
raw/midcurves/midcurve54_20260605222727.pdf,3,S0,MAR27,8,3500.0,3500.0,57739.0,57739.0,True,True
raw/midcurves/midcurve54_20260605222727.pdf,3,S0,JUN27,9,0.0,0,7304.0,7304.0,True,True
raw/midcurves/midcurve54_20260605222727.pdf,3,S0W,JUN26,10,0.0,0,40.0,40.0,True,True
raw/midcurves/midcurve54_20260605222727.pdf,3,S2,JUN26,11,2800.0,2800.0,450445.0,450445.0,True,True
raw/midcurves/midcurve54_20260605222727.pdf,3,S2,JUL26,12,0.0,0,68772.0,68772.0,True,True
raw/midcurves/midcurve54_20260605222727.pdf,3,S2,AUG26,13,0.0,0,32246.0,32246.0,True,True
raw/midcurves/midcurve54_20260605222727.pdf,4,S2,SEP26,14,1000.0,1000.0,198209.0,198209.0,True,True
raw/midcurves/midcurve54_20260605222727.pdf,4,S2,OCT26,15,0.0,0,15344.0,15344.0,True,True
raw/midcurves/midcurve54_20260605222727.pdf,4,S2,NOV26,16,0.0,0,24.0,24.0,True,True
raw/midcurves/midcurve54_20260605222727.pdf,4,S2,DEC26,17,2625.0,2625.0,122988.0,122988.0,True,True
raw/midcurves/midcurve54_20260605222727.pdf,4,S2,MAR27,18,0.0,0,10550.0,10550.0,True,True
raw/midcurves/midcurve54_20260605222727.pdf,4,S2,JUN27,19,0.0,0,9.0,9.0,True,True
raw/midcurves/midcurve54_20260605222727.pdf,4,S3,JUN26,20,0.0,0,83991.0,83991.0,True,True
raw/midcurves/midcurve54_20260605222727.pdf,4,S3,JUL26,21,8000.0,8000.0,29075.0,29075.0,True,True
raw/midcurves/midcurve54_20260605222727.pdf,4,S3,AUG26,22,0.0,0,3798.0,3798.0,True,True
raw/midcurves/midcurve54_20260605222727.pdf,5,S3,SEP26,23,2625.0,2625.0,147999.0,147999.0,True,True
raw/midcurves/midcurve54_20260605222727.pdf,5,S3,OCT26,24,0.0,0,2646.0,2646.0,True,True
raw/midcurves/midcurve54_20260605222727.pdf,5,S3,DEC26,25,2000.0,2000.0,58612.0,58612.0,True,True
raw/midcurves/midcurve54_20260605222727.pdf,5,S3,MAR27,26,1000.0,1000.0,36471.0,36471.0,True,True
raw/midcurves/midcurve54_20260608224359.pdf,1,S0,JUN26,1,24425.0,24425.0,848601.0,848601.0,True,True
raw/midcurves/midcurve54_20260608224359.pdf,1,S0,JUL26,2,23492.0,23492.0,409469.0,409469.0,True,True
raw/midcurves/midcurve54_20260608224359.pdf,2,S0,AUG26,3,100.0,100.0,106876.0,106876.0,True,True
raw/midcurves/midcurve54_20260608224359.pdf,2,S0,SEP26,4,67400.0,67400.0,783709.0,783709.0,True,True
raw/midcurves/midcurve54_20260608224359.pdf,2,S0,OCT26,5,40250.0,40250.0,309241.0,309241.0,True,True
raw/midcurves/midcurve54_20260608224359.pdf,2,S0,NOV26,6,0.0,0,47500.0,47500.0,True,True
raw/midcurves/midcurve54_20260608224359.pdf,2,S0,DEC26,7,23450.0,23450.0,426412.0,426412.0,True,True
raw/midcurves/midcurve54_20260608224359.pdf,3,S0,MAR27,8,0.0,0,60541.0,60541.0,True,True
raw/midcurves/midcurve54_20260608224359.pdf,3,S0,JUN27,9,0.0,0,7304.0,7304.0,True,True
raw/midcurves/midcurve54_20260608224359.pdf,3,S0W,JUN26,10,0.0,0,0.0,0,True,True
raw/midcurves/midcurve54_20260608224359.pdf,3,S2,JUN26,11,9186.0,9186.0,438410.0,438410.0,True,True
raw/midcurves/midcurve54_20260608224359.pdf,3,S2,JUL26,12,435.0,435.0,69554.0,69554.0,True,True
raw/midcurves/midcurve54_20260608224359.pdf,3,S2,AUG26,13,0.0,0,32251.0,32251.0,True,True
raw/midcurves/midcurve54_20260608224359.pdf,4,S2,SEP26,14,16050.0,16050.0,214347.0,214347.0,True,True
raw/midcurves/midcurve54_20260608224359.pdf,4,S2,OCT26,15,0.0,0,15344.0,15344.0,True,True
raw/midcurves/midcurve54_20260608224359.pdf,4,S2,NOV26,16,0.0,0,24.0,24.0,True,True
raw/midcurves/midcurve54_20260608224359.pdf,4,S2,DEC26,17,0.0,0,120046.0,120046.0,True,True
raw/midcurves/midcurve54_20260608224359.pdf,4,S2,MAR27,18,0.0,0,10623.0,10623.0,True,True
raw/midcurves/midcurve54_20260608224359.pdf,4,S2,JUN27,19,0.0,0,9.0,9.0,True,True
raw/midcurves/midcurve54_20260608224359.pdf,4,S3,JUN26,20,0.0,0,82485.0,82485.0,True,True
raw/midcurves/midcurve54_20260608224359.pdf,4,S3,JUL26,21,0.0,0,29174.0,29174.0,True,True
raw/midcurves/midcurve54_20260608224359.pdf,5,S3,AUG26,22,0.0,0,3798.0,3798.0,True,True
raw/midcurves/midcurve54_20260608224359.pdf,5,S3,SEP26,23,2000.0,2000.0,147999.0,147999.0,True,True
raw/midcurves/midcurve54_20260608224359.pdf,5,S3,OCT26,24,0.0,0,2646.0,2646.0,True,True
raw/midcurves/midcurve54_20260608224359.pdf,5,S3,DEC26,25,1500.0,1500.0,60261.0,60261.0,True,True
raw/midcurves/midcurve54_20260608224359.pdf,5,S3,MAR27,26,0.0,0,36471.0,36471.0,True,True
raw/midcurves/midcurve54_20260609223716.pdf,1,S0,JUN26,1,9500.0,9500.0,832705.0,832705.0,True,True
raw/midcurves/midcurve54_20260609223716.pdf,1,S0,JUL26,2,0.0,0,409896.0,409896.0,True,True
raw/midcurves/midcurve54_20260609223716.pdf,2,S0,AUG26,3,9000.0,9000.0,111792.0,111792.0,True,True
raw/midcurves/midcurve54_20260609223716.pdf,2,S0,SEP26,4,17950.0,17950.0,782208.0,782208.0,True,True
raw/midcurves/midcurve54_20260609223716.pdf,2,S0,OCT26,5,0.0,0,308864.0,308864.0,True,True
raw/midcurves/midcurve54_20260609223716.pdf,2,S0,NOV26,6,100.0,100.0,47700.0,47700.0,True,True
raw/midcurves/midcurve54_20260609223716.pdf,2,S0,DEC26,7,18000.0,18000.0,427888.0,427888.0,True,True
raw/midcurves/midcurve54_20260609223716.pdf,3,S0,MAR27,8,100.0,100.0,59423.0,59423.0,True,True
raw/midcurves/midcurve54_20260609223716.pdf,3,S0,JUN27,9,0.0,0,7304.0,7304.0,True,True
raw/midcurves/midcurve54_20260609223716.pdf,3,S0W,JUN26,10,0.0,0,0.0,0,True,True
raw/midcurves/midcurve54_20260609223716.pdf,3,S2,JUN26,11,9000.0,9000.0,415408.0,415408.0,True,True
raw/midcurves/midcurve54_20260609223716.pdf,3,S2,JUL26,12,7748.0,7748.0,75897.0,75897.0,True,True
raw/midcurves/midcurve54_20260609223716.pdf,3,S2,AUG26,13,0.0,0,32258.0,32258.0,True,True
raw/midcurves/midcurve54_20260609223716.pdf,4,S2,SEP26,14,500.0,500.0,214153.0,214153.0,True,True
raw/midcurves/midcurve54_20260609223716.pdf,4,S2,OCT26,15,0.0,0,15344.0,15344.0,True,True
raw/midcurves/midcurve54_20260609223716.pdf,4,S2,NOV26,16,0.0,0,24.0,24.0,True,True
raw/midcurves/midcurve54_20260609223716.pdf,4,S2,DEC26,17,0.0,0,124143.0,124143.0,True,True
raw/midcurves/midcurve54_20260609223716.pdf,4,S2,MAR27,18,0.0,0,10550.0,10550.0,True,True
raw/midcurves/midcurve54_20260609223716.pdf,4,S2,JUN27,19,0.0,0,9.0,9.0,True,True
raw/midcurves/midcurve54_20260609223716.pdf,4,S3,JUN26,20,2000.0,2000.0,80985.0,80985.0,True,True
raw/midcurves/midcurve54_20260609223716.pdf,4,S3,JUL26,21,0.0,0,29174.0,29174.0,True,True
raw/midcurves/midcurve54_20260609223716.pdf,5,S3,AUG26,22,0.0,0,3798.0,3798.0,True,True
raw/midcurves/midcurve54_20260609223716.pdf,5,S3,SEP26,23,2500.0,2500.0,146024.0,146024.0,True,True
raw/midcurves/midcurve54_20260609223716.pdf,5,S3,OCT26,24,0.0,0,2646.0,2646.0,True,True
raw/midcurves/midcurve54_20260609223716.pdf,5,S3,DEC26,25,0.0,0,60261.0,60261.0,True,True
raw/midcurves/midcurve54_20260609223716.pdf,5,S3,MAR27,26,1000.0,1000.0,37921.0,37921.0,True,True
raw/midcurves/midcurve54_20260612001548.pdf,1,S0,JUN26,1,28022.0,28022.0,786313.0,786313.0,True,True
raw/midcurves/midcurve54_20260612001548.pdf,1,S0,JUL26,2,13389.0,13389.0,417638.0,417638.0,True,True
raw/midcurves/midcurve54_20260612001548.pdf,2,S0,AUG26,3,0.0,0,111028.0,111028.0,True,True
raw/midcurves/midcurve54_20260612001548.pdf,2,S0,SEP26,4,51270.0,51270.0,790975.0,790975.0,True,True
raw/midcurves/midcurve54_20260612001548.pdf,2,S0,OCT26,5,0.0,0,308864.0,308864.0,True,True
raw/midcurves/midcurve54_20260612001548.pdf,2,S0,NOV26,6,0.0,0,47700.0,47700.0,True,True
raw/midcurves/midcurve54_20260612001548.pdf,2,S0,DEC26,7,11200.0,11200.0,425421.0,425421.0,True,True
raw/midcurves/midcurve54_20260612001548.pdf,3,S0,MAR27,8,0.0,0,59423.0,59423.0,True,True
raw/midcurves/midcurve54_20260612001548.pdf,3,S0,JUN27,9,0.0,0,7304.0,7304.0,True,True
raw/midcurves/midcurve54_20260612001548.pdf,3,S0W,JUN26,10,0.0,0,1050.0,1050.0,True,True
raw/midcurves/midcurve54_20260612001548.pdf,3,S2,JUN26,11,17368.0,17368.0,387650.0,387650.0,True,True
raw/midcurves/midcurve54_20260612001548.pdf,3,S2,JUL26,12,294.0,294.0,76796.0,76796.0,True,True
raw/midcurves/midcurve54_20260612001548.pdf,3,S2,AUG26,13,0.0,0,32381.0,32381.0,True,True
raw/midcurves/midcurve54_20260612001548.pdf,4,S2,SEP26,14,1000.0,1000.0,219269.0,219269.0,True,True
raw/midcurves/midcurve54_20260612001548.pdf,4,S2,OCT26,15,0.0,0,15844.0,15844.0,True,True
raw/midcurves/midcurve54_20260612001548.pdf,4,S2,NOV26,16,1250.0,1250.0,1274.0,1274.0,True,True
raw/midcurves/midcurve54_20260612001548.pdf,4,S2,DEC26,17,1500.0,1500.0,124176.0,124176.0,True,True
raw/midcurves/midcurve54_20260612001548.pdf,4,S2,MAR27,18,1250.0,1250.0,11800.0,11800.0,True,True
raw/midcurves/midcurve54_20260612001548.pdf,4,S2,JUN27,19,0.0,0,9.0,9.0,True,True
raw/midcurves/midcurve54_20260612001548.pdf,4,S3,JUN26,20,400.0,400.0,76058.0,76058.0,True,True
raw/midcurves/midcurve54_20260612001548.pdf,4,S3,JUL26,21,0.0,0,29174.0,29174.0,True,True
raw/midcurves/midcurve54_20260612001548.pdf,5,S3,AUG26,22,0.0,0,4299.0,4299.0,True,True
raw/midcurves/midcurve54_20260612001548.pdf,5,S3,SEP26,23,22750.0,22750.0,127243.0,127243.0,True,True
raw/midcurves/midcurve54_20260612001548.pdf,5,S3,OCT26,24,0.0,0,2646.0,2646.0,True,True
raw/midcurves/midcurve54_20260612001548.pdf,5,S3,DEC26,25,3000.0,3000.0,60871.0,60871.0,True,True
raw/midcurves/midcurve54_20260612001548.pdf,5,S3,MAR27,26,0.0,0,37923.0,37923.0,True,True
raw/midcurves/midcurve54_20260616230628.pdf,1,S0,JUN26,1,0.0,0,0.0,0,True,True
raw/midcurves/midcurve54_20260616230628.pdf,1,S0,JUL26,2,15494.0,15494.0,420035.0,420035.0,True,True
raw/midcurves/midcurve54_20260616230628.pdf,1,S0,AUG26,3,2550.0,2550.0,120960.0,120960.0,True,True
raw/midcurves/midcurve54_20260616230628.pdf,2,S0,SEP26,4,5750.0,5750.0,797885.0,797885.0,True,True
raw/midcurves/midcurve54_20260616230628.pdf,2,S0,OCT26,5,0.0,0,308860.0,308860.0,True,True
raw/midcurves/midcurve54_20260616230628.pdf,2,S0,NOV26,6,0.0,0,44300.0,44300.0,True,True
raw/midcurves/midcurve54_20260616230628.pdf,2,S0,DEC26,7,20050.0,20050.0,445256.0,445256.0,True,True
raw/midcurves/midcurve54_20260616230628.pdf,2,S0,MAR27,8,1250.0,1250.0,60773.0,60773.0,True,True
raw/midcurves/midcurve54_20260616230628.pdf,2,S0,JUN27,9,0.0,0,7404.0,7404.0,True,True
raw/midcurves/midcurve54_20260616230628.pdf,3,S0W,JUN26,10,1000.0,1000.0,1650.0,1650.0,True,True
raw/midcurves/midcurve54_20260616230628.pdf,3,S2,JUN26,11,0.0,0,0.0,0,True,True
raw/midcurves/midcurve54_20260616230628.pdf,3,S2,JUL26,12,2347.0,2347.0,76811.0,76811.0,True,True
raw/midcurves/midcurve54_20260616230628.pdf,3,S2,AUG26,13,200.0,200.0,32791.0,32791.0,True,True
raw/midcurves/midcurve54_20260616230628.pdf,3,S2,SEP26,14,0.0,0,219844.0,219844.0,True,True
raw/midcurves/midcurve54_20260616230628.pdf,3,S2,OCT26,15,0.0,0,16010.0,16010.0,True,True
raw/midcurves/midcurve54_20260616230628.pdf,4,S2,NOV26,16,0.0,0,1266.0,1266.0,True,True
raw/midcurves/midcurve54_20260616230628.pdf,4,S2,DEC26,17,6000.0,6000.0,139282.0,139282.0,True,True
raw/midcurves/midcurve54_20260616230628.pdf,4,S2,MAR27,18,0.0,0,11900.0,11900.0,True,True
raw/midcurves/midcurve54_20260616230628.pdf,4,S2,JUN27,19,0.0,0,9.0,9.0,True,True
raw/midcurves/midcurve54_20260616230628.pdf,4,S3,JUN26,20,0.0,0,0.0,0,True,True
raw/midcurves/midcurve54_20260616230628.pdf,4,S3,JUL26,21,312.0,312.0,29472.0,29472.0,True,True
raw/midcurves/midcurve54_20260616230628.pdf,4,S3,AUG26,22,0.0,0,4299.0,4299.0,True,True
raw/midcurves/midcurve54_20260616230628.pdf,4,S3,SEP26,23,0.0,0,125831.0,125831.0,True,True
raw/midcurves/midcurve54_20260616230628.pdf,5,S3,OCT26,24,0.0,0,2696.0,2696.0,True,True
raw/midcurves/midcurve54_20260616230628.pdf,5,S3,DEC26,25,250.0,250.0,61483.0,61483.0,True,True
raw/midcurves/midcurve54_20260616230628.pdf,5,S3,MAR27,26,0.0,0,37923.0,37923.0,True,True
raw/midcurves/midcurve54_20260618230926.pdf,1,S0,JUL26,1,4100.0,4100.0,471318.0,471318.0,True,True
raw/midcurves/midcurve54_20260618230926.pdf,1,S0,AUG26,2,2550.0,2550.0,137160.0,137160.0,True,True
raw/midcurves/midcurve54_20260618230926.pdf,1,S0,SEP26,3,6000.0,6000.0,859367.0,859367.0,True,True
raw/midcurves/midcurve54_20260618230926.pdf,2,S0,OCT26,4,1500.0,1500.0,314814.0,314814.0,True,True
raw/midcurves/midcurve54_20260618230926.pdf,2,S0,NOV26,5,16900.0,16900.0,21592.0,21592.0,True,True
raw/midcurves/midcurve54_20260618230926.pdf,2,S0,DEC26,6,26500.0,26500.0,457836.0,457836.0,True,True
raw/midcurves/midcurve54_20260618230926.pdf,2,S0,MAR27,7,0.0,0,62273.0,62273.0,True,True
raw/midcurves/midcurve54_20260618230926.pdf,2,S0,JUN27,8,0.0,0,11057.0,11057.0,True,True
raw/midcurves/midcurve54_20260618230926.pdf,2,S0W,JUN26,9,0.0,0,5945.0,5945.0,True,True
raw/midcurves/midcurve54_20260618230926.pdf,3,S2,JUL26,10,495.0,495.0,77460.0,77460.0,True,True
raw/midcurves/midcurve54_20260618230926.pdf,3,S2,AUG26,11,0.0,0,33735.0,33735.0,True,True
raw/midcurves/midcurve54_20260618230926.pdf,3,S2,SEP26,12,0.0,0,221357.0,221357.0,True,True
raw/midcurves/midcurve54_20260618230926.pdf,3,S2,OCT26,13,0.0,0,16067.0,16067.0,True,True
raw/midcurves/midcurve54_20260618230926.pdf,3,S2,NOV26,14,0.0,0,1266.0,1266.0,True,True
raw/midcurves/midcurve54_20260618230926.pdf,3,S2,DEC26,15,8750.0,8750.0,143848.0,143848.0,True,True
raw/midcurves/midcurve54_20260618230926.pdf,4,S2,MAR27,16,0.0,0,12648.0,12648.0,True,True
raw/midcurves/midcurve54_20260618230926.pdf,4,S2,JUN27,17,1350.0,1350.0,1359.0,1359.0,True,True
raw/midcurves/midcurve54_20260618230926.pdf,4,S3,JUL26,18,0.0,0,29983.0,29983.0,True,True
raw/midcurves/midcurve54_20260618230926.pdf,4,S3,AUG26,19,0.0,0,4699.0,4699.0,True,True
raw/midcurves/midcurve54_20260618230926.pdf,4,S3,SEP26,20,0.0,0,125329.0,125329.0,True,True
raw/midcurves/midcurve54_20260618230926.pdf,4,S3,OCT26,21,0.0,0,2696.0,2696.0,True,True
raw/midcurves/midcurve54_20260618230926.pdf,4,S3,NOV26,22,0.0,0,100.0,100.0,True,True
raw/midcurves/midcurve54_20260618230926.pdf,4,S3,DEC26,23,0.0,0,62002.0,62002.0,True,True
raw/midcurves/midcurve54_20260618230926.pdf,4,S3,MAR27,24,0.0,0,37923.0,37923.0,True,True
raw/midcurves/midcurve54_20260618230926.pdf,5,S3,JUN27,25,0.0,0,30.0,30.0,True,True
raw/midcurves/midcurve54_20260619222114.pdf,1,S0,JUL26,1,55786.0,55786.0,436828.0,436828.0,True,True
raw/midcurves/midcurve54_20260619222114.pdf,1,S0,AUG26,2,17400.0,17400.0,122164.0,122164.0,True,True
raw/midcurves/midcurve54_20260619222114.pdf,1,S0,SEP26,3,28900.0,28900.0,883712.0,883712.0,True,True
raw/midcurves/midcurve54_20260619222114.pdf,2,S0,OCT26,4,24500.0,24500.0,338048.0,338048.0,True,True
raw/midcurves/midcurve54_20260619222114.pdf,2,S0,NOV26,5,0.0,0,21592.0,21592.0,True,True
raw/midcurves/midcurve54_20260619222114.pdf,2,S0,DEC26,6,36454.0,36454.0,448959.0,448959.0,True,True
raw/midcurves/midcurve54_20260619222114.pdf,2,S0,MAR27,7,1000.0,1000.0,64197.0,64197.0,True,True
raw/midcurves/midcurve54_20260619222114.pdf,2,S0,JUN27,8,8000.0,8000.0,19057.0,19057.0,True,True
raw/midcurves/midcurve54_20260619222114.pdf,2,S0W,JUN26,9,0.0,0,805.0,805.0,True,True
raw/midcurves/midcurve54_20260619222114.pdf,3,S2,JUL26,10,514.0,514.0,77801.0,77801.0,True,True
raw/midcurves/midcurve54_20260619222114.pdf,3,S2,AUG26,11,0.0,0,33735.0,33735.0,True,True
raw/midcurves/midcurve54_20260619222114.pdf,3,S2,SEP26,12,3200.0,3200.0,222212.0,222212.0,True,True
raw/midcurves/midcurve54_20260619222114.pdf,3,S2,OCT26,13,0.0,0,16067.0,16067.0,True,True
raw/midcurves/midcurve54_20260619222114.pdf,3,S2,NOV26,14,0.0,0,1258.0,1258.0,True,True
raw/midcurves/midcurve54_20260619222114.pdf,3,S2,DEC26,15,1000.0,1000.0,144037.0,144037.0,True,True
raw/midcurves/midcurve54_20260619222114.pdf,4,S2,MAR27,16,0.0,0,12648.0,12648.0,True,True
raw/midcurves/midcurve54_20260619222114.pdf,4,S2,JUN27,17,1250.0,1250.0,2959.0,2959.0,True,True
raw/midcurves/midcurve54_20260619222114.pdf,4,S3,JUL26,18,1247.0,1247.0,29730.0,29730.0,True,True
raw/midcurves/midcurve54_20260619222114.pdf,4,S3,AUG26,19,0.0,0,4699.0,4699.0,True,True
raw/midcurves/midcurve54_20260619222114.pdf,4,S3,SEP26,20,4800.0,4800.0,121805.0,121805.0,True,True
raw/midcurves/midcurve54_20260619222114.pdf,4,S3,OCT26,21,0.0,0,2696.0,2696.0,True,True
raw/midcurves/midcurve54_20260619222114.pdf,4,S3,NOV26,22,0.0,0,350.0,350.0,True,True
raw/midcurves/midcurve54_20260619222114.pdf,4,S3,DEC26,23,0.0,0,62002.0,62002.0,True,True
raw/midcurves/midcurve54_20260619222114.pdf,4,S3,MAR27,24,0.0,0,38607.0,38607.0,True,True
raw/midcurves/midcurve54_20260619222114.pdf,5,S3,JUN27,25,0.0,0,30.0,30.0,True,True
raw/midcurves/midcurve54_20260623222625.pdf,1,S0,JUL26,1,8739.0,8739.0,435109.0,435109.0,True,True
raw/midcurves/midcurve54_20260623222625.pdf,1,S0,AUG26,2,1300.0,1300.0,126640.0,126640.0,True,True
raw/midcurves/midcurve54_20260623222625.pdf,1,S0,SEP26,3,13000.0,13000.0,877865.0,877865.0,True,True
raw/midcurves/midcurve54_20260623222625.pdf,2,S0,OCT26,4,3000.0,3000.0,332564.0,332564.0,True,True
raw/midcurves/midcurve54_20260623222625.pdf,2,S0,NOV26,5,0.0,0,21592.0,21592.0,True,True
raw/midcurves/midcurve54_20260623222625.pdf,2,S0,DEC26,6,5000.0,5000.0,451239.0,451239.0,True,True
raw/midcurves/midcurve54_20260623222625.pdf,2,S0,MAR27,7,0.0,0,64788.0,64788.0,True,True
raw/midcurves/midcurve54_20260623222625.pdf,2,S0,JUN27,8,0.0,0,19057.0,19057.0,True,True
raw/midcurves/midcurve54_20260623222625.pdf,2,S0W,JUN26,9,0.0,0,705.0,705.0,True,True
raw/midcurves/midcurve54_20260623222625.pdf,3,S2,JUL26,10,0.0,0,77863.0,77863.0,True,True
raw/midcurves/midcurve54_20260623222625.pdf,3,S2,AUG26,11,0.0,0,34249.0,34249.0,True,True
raw/midcurves/midcurve54_20260623222625.pdf,3,S2,SEP26,12,0.0,0,221932.0,221932.0,True,True
raw/midcurves/midcurve54_20260623222625.pdf,3,S2,OCT26,13,4500.0,4500.0,19613.0,19613.0,True,True
raw/midcurves/midcurve54_20260623222625.pdf,3,S2,NOV26,14,0.0,0,1258.0,1258.0,True,True
raw/midcurves/midcurve54_20260623222625.pdf,4,S2,DEC26,15,2500.0,2500.0,147493.0,147493.0,True,True
raw/midcurves/midcurve54_20260623222625.pdf,4,S2,MAR27,16,0.0,0,12648.0,12648.0,True,True
raw/midcurves/midcurve54_20260623222625.pdf,4,S2,JUN27,17,350.0,350.0,2959.0,2959.0,True,True
raw/midcurves/midcurve54_20260623222625.pdf,4,S3,JUL26,18,0.0,0,29730.0,29730.0,True,True
raw/midcurves/midcurve54_20260623222625.pdf,4,S3,AUG26,19,0.0,0,4799.0,4799.0,True,True
raw/midcurves/midcurve54_20260623222625.pdf,4,S3,SEP26,20,2000.0,2000.0,123479.0,123479.0,True,True
raw/midcurves/midcurve54_20260623222625.pdf,4,S3,OCT26,21,0.0,0,2696.0,2696.0,True,True
raw/midcurves/midcurve54_20260623222625.pdf,4,S3,NOV26,22,0.0,0,350.0,350.0,True,True
raw/midcurves/midcurve54_20260623222625.pdf,4,S3,DEC26,23,1000.0,1000.0,59983.0,59983.0,True,True
raw/midcurves/midcurve54_20260623222625.pdf,5,S3,MAR27,24,0.0,0,38607.0,38607.0,True,True
raw/midcurves/midcurve54_20260623222625.pdf,5,S3,JUN27,25,0.0,0,30.0,30.0,True,True
raw/midcurves/midcurve54_20260624222843.pdf,1,S0,JUL26,1,11246.0,11246.0,440169.0,440169.0,True,True
raw/midcurves/midcurve54_20260624222843.pdf,1,S0,AUG26,2,6000.0,6000.0,135319.0,135319.0,True,True
raw/midcurves/midcurve54_20260624222843.pdf,1,S0,SEP26,3,22500.0,22500.0,852715.0,852715.0,True,True
raw/midcurves/midcurve54_20260624222843.pdf,2,S0,OCT26,4,6000.0,6000.0,338589.0,338589.0,True,True
raw/midcurves/midcurve54_20260624222843.pdf,2,S0,NOV26,5,0.0,0,21592.0,21592.0,True,True
raw/midcurves/midcurve54_20260624222843.pdf,2,S0,DEC26,6,6900.0,6900.0,458825.0,458825.0,True,True
raw/midcurves/midcurve54_20260624222843.pdf,2,S0,MAR27,7,0.0,0,64788.0,64788.0,True,True
raw/midcurves/midcurve54_20260624222843.pdf,2,S0,JUN27,8,0.0,0,19057.0,19057.0,True,True
raw/midcurves/midcurve54_20260624222843.pdf,2,S0W,JUN26,9,0.0,0,705.0,705.0,True,True
raw/midcurves/midcurve54_20260624222843.pdf,3,S2,JUL26,10,250.0,250.0,77665.0,77665.0,True,True
raw/midcurves/midcurve54_20260624222843.pdf,3,S2,AUG26,11,0.0,0,34250.0,34250.0,True,True
raw/midcurves/midcurve54_20260624222843.pdf,3,S2,SEP26,12,300.0,300.0,221782.0,221782.0,True,True
raw/midcurves/midcurve54_20260624222843.pdf,3,S2,OCT26,13,0.0,0,19613.0,19613.0,True,True
raw/midcurves/midcurve54_20260624222843.pdf,3,S2,NOV26,14,0.0,0,1258.0,1258.0,True,True
raw/midcurves/midcurve54_20260624222843.pdf,3,S2,DEC26,15,3550.0,3550.0,148843.0,148843.0,True,True
raw/midcurves/midcurve54_20260624222843.pdf,4,S2,MAR27,16,500.0,500.0,12698.0,12698.0,True,True
raw/midcurves/midcurve54_20260624222843.pdf,4,S2,JUN27,17,0.0,0,2959.0,2959.0,True,True
raw/midcurves/midcurve54_20260624222843.pdf,4,S3,JUL26,18,0.0,0,29730.0,29730.0,True,True
raw/midcurves/midcurve54_20260624222843.pdf,4,S3,AUG26,19,0.0,0,4799.0,4799.0,True,True
raw/midcurves/midcurve54_20260624222843.pdf,4,S3,SEP26,20,0.0,0,123479.0,123479.0,True,True
raw/midcurves/midcurve54_20260624222843.pdf,4,S3,OCT26,21,0.0,0,2696.0,2696.0,True,True
raw/midcurves/midcurve54_20260624222843.pdf,4,S3,NOV26,22,0.0,0,350.0,350.0,True,True
raw/midcurves/midcurve54_20260624222843.pdf,4,S3,DEC26,23,1000.0,1000.0,60483.0,60483.0,True,True
raw/midcurves/midcurve54_20260624222843.pdf,4,S3,MAR27,24,0.0,0,38607.0,38607.0,True,True
raw/midcurves/midcurve54_20260624222843.pdf,5,S3,JUN27,25,0.0,0,30.0,30.0,True,True
raw/midcurves/midcurve54_20260625223620.pdf,1,S0,JUL26,1,629.0,629.0,440035.0,440035.0,True,True
raw/midcurves/midcurve54_20260625223620.pdf,1,S0,AUG26,2,1750.0,1750.0,136829.0,136829.0,True,True
raw/midcurves/midcurve54_20260625223620.pdf,1,S0,SEP26,3,29850.0,29850.0,841251.0,841251.0,True,True
raw/midcurves/midcurve54_20260625223620.pdf,2,S0,OCT26,4,60000.0,60000.0,324908.0,324908.0,True,True
raw/midcurves/midcurve54_20260625223620.pdf,2,S0,NOV26,5,0.0,0,21592.0,21592.0,True,True
raw/midcurves/midcurve54_20260625223620.pdf,2,S0,DEC26,6,47650.0,47650.0,495416.0,495416.0,True,True
raw/midcurves/midcurve54_20260625223620.pdf,2,S0,MAR27,7,4000.0,4000.0,65563.0,65563.0,True,True
raw/midcurves/midcurve54_20260625223620.pdf,2,S0,JUN27,8,0.0,0,19057.0,19057.0,True,True
raw/midcurves/midcurve54_20260625223620.pdf,2,S0W,JUN26,9,0.0,0,706.0,706.0,True,True
raw/midcurves/midcurve54_20260625223620.pdf,3,S2,JUL26,10,150.0,150.0,77990.0,77990.0,True,True
raw/midcurves/midcurve54_20260625223620.pdf,3,S2,AUG26,11,0.0,0,34150.0,34150.0,True,True
raw/midcurves/midcurve54_20260625223620.pdf,3,S2,SEP26,12,8400.0,8400.0,228871.0,228871.0,True,True
raw/midcurves/midcurve54_20260625223620.pdf,3,S2,OCT26,13,0.0,0,19613.0,19613.0,True,True
raw/midcurves/midcurve54_20260625223620.pdf,3,S2,NOV26,14,0.0,0,1258.0,1258.0,True,True
raw/midcurves/midcurve54_20260625223620.pdf,3,S2,DEC26,15,32600.0,32600.0,177626.0,177626.0,True,True
raw/midcurves/midcurve54_20260625223620.pdf,4,S2,MAR27,16,0.0,0,13598.0,13598.0,True,True
raw/midcurves/midcurve54_20260625223620.pdf,4,S2,JUN27,17,5000.0,5000.0,7959.0,7959.0,True,True
raw/midcurves/midcurve54_20260625223620.pdf,4,S3,JUL26,18,0.0,0,29730.0,29730.0,True,True
raw/midcurves/midcurve54_20260625223620.pdf,4,S3,AUG26,19,200.0,200.0,4999.0,4999.0,True,True
raw/midcurves/midcurve54_20260625223620.pdf,4,S3,SEP26,20,0.0,0,124479.0,124479.0,True,True
raw/midcurves/midcurve54_20260625223620.pdf,4,S3,OCT26,21,0.0,0,2696.0,2696.0,True,True
raw/midcurves/midcurve54_20260625223620.pdf,4,S3,NOV26,22,0.0,0,350.0,350.0,True,True
raw/midcurves/midcurve54_20260625223620.pdf,4,S3,DEC26,23,250.0,250.0,60370.0,60370.0,True,True
raw/midcurves/midcurve54_20260625223620.pdf,5,S3,MAR27,24,0.0,0,38607.0,38607.0,True,True
raw/midcurves/midcurve54_20260625223620.pdf,5,S3,JUN27,25,0.0,0,30.0,30.0,True,True
raw/midcurves/midcurve54_20260626223248.pdf,1,S0,JUL26,1,2450.0,2450.0,440178.0,440178.0,True,True
raw/midcurves/midcurve54_20260626223248.pdf,1,S0,AUG26,2,8100.0,8100.0,137096.0,137096.0,True,True
raw/midcurves/midcurve54_20260626223248.pdf,1,S0,SEP26,3,3500.0,3500.0,815332.0,815332.0,True,True
raw/midcurves/midcurve54_20260626223248.pdf,2,S0,OCT26,4,46500.0,46500.0,303145.0,303145.0,True,True
raw/midcurves/midcurve54_20260626223248.pdf,2,S0,NOV26,5,0.0,0,21592.0,21592.0,True,True
raw/midcurves/midcurve54_20260626223248.pdf,2,S0,DEC26,6,5900.0,5900.0,499789.0,499789.0,True,True
raw/midcurves/midcurve54_20260626223248.pdf,2,S0,MAR27,7,500.0,500.0,66556.0,66556.0,True,True
raw/midcurves/midcurve54_20260626223248.pdf,2,S0,JUN27,8,0.0,0,19107.0,19107.0,True,True
raw/midcurves/midcurve54_20260626223248.pdf,2,S0W,JUN26,9,0.0,0,706.0,706.0,True,True
raw/midcurves/midcurve54_20260626223248.pdf,3,S2,JUL26,10,0.0,0,78901.0,78901.0,True,True
raw/midcurves/midcurve54_20260626223248.pdf,3,S2,AUG26,11,0.0,0,34250.0,34250.0,True,True
raw/midcurves/midcurve54_20260626223248.pdf,3,S2,SEP26,12,0.0,0,228881.0,228881.0,True,True
raw/midcurves/midcurve54_20260626223248.pdf,3,S2,OCT26,13,0.0,0,19613.0,19613.0,True,True
raw/midcurves/midcurve54_20260626223248.pdf,3,S2,NOV26,14,0.0,0,1258.0,1258.0,True,True
raw/midcurves/midcurve54_20260626223248.pdf,3,S2,DEC26,15,9250.0,9250.0,171508.0,171508.0,True,True
raw/midcurves/midcurve54_20260626223248.pdf,4,S2,MAR27,16,0.0,0,13348.0,13348.0,True,True
raw/midcurves/midcurve54_20260626223248.pdf,4,S2,JUN27,17,0.0,0,7959.0,7959.0,True,True
raw/midcurves/midcurve54_20260626223248.pdf,4,S3,JUL26,18,0.0,0,29732.0,29732.0,True,True
raw/midcurves/midcurve54_20260626223248.pdf,4,S3,AUG26,19,750.0,750.0,5749.0,5749.0,True,True
raw/midcurves/midcurve54_20260626223248.pdf,4,S3,SEP26,20,400.0,400.0,124479.0,124479.0,True,True
raw/midcurves/midcurve54_20260626223248.pdf,4,S3,OCT26,21,0.0,0,2696.0,2696.0,True,True
raw/midcurves/midcurve54_20260626223248.pdf,4,S3,NOV26,22,0.0,0,486.0,486.0,True,True
raw/midcurves/midcurve54_20260626223248.pdf,4,S3,DEC26,23,200.0,200.0,60570.0,60570.0,True,True
raw/midcurves/midcurve54_20260626223248.pdf,5,S3,MAR27,24,0.0,0,38607.0,38607.0,True,True
raw/midcurves/midcurve54_20260626223248.pdf,5,S3,JUN27,25,0.0,0,30.0,30.0,True,True
raw/midcurves/midcurve54_20260629222425.pdf,1,S0,JUL26,1,14890.0,14890.0,432852.0,432852.0,True,True
raw/midcurves/midcurve54_20260629222425.pdf,1,S0,AUG26,2,0.0,0,137096.0,137096.0,True,True
raw/midcurves/midcurve54_20260629222425.pdf,2,S0,SEP26,3,6900.0,6900.0,813745.0,813745.0,True,True
raw/midcurves/midcurve54_20260629222425.pdf,2,S0,OCT26,4,0.0,0,303179.0,303179.0,True,True
raw/midcurves/midcurve54_20260629222425.pdf,2,S0,NOV26,5,0.0,0,21593.0,21593.0,True,True
raw/midcurves/midcurve54_20260629222425.pdf,2,S0,DEC26,6,7500.0,7500.0,496999.0,496999.0,True,True
raw/midcurves/midcurve54_20260629222425.pdf,2,S0,MAR27,7,0.0,0,66556.0,66556.0,True,True
raw/midcurves/midcurve54_20260629222425.pdf,2,S0,JUN27,8,0.0,0,19107.0,19107.0,True,True
raw/midcurves/midcurve54_20260629222425.pdf,2,S0W,JUN26,9,0.0,0,0.0,0,True,True
raw/midcurves/midcurve54_20260629222425.pdf,2,S0W,JUL26,10,0.0,0,10.0,10.0,True,True
raw/midcurves/midcurve54_20260629222425.pdf,3,S2,JUL26,11,0.0,0,78657.0,78657.0,True,True
raw/midcurves/midcurve54_20260629222425.pdf,3,S2,AUG26,12,0.0,0,34250.0,34250.0,True,True
raw/midcurves/midcurve54_20260629222425.pdf,3,S2,SEP26,13,2550.0,2550.0,230035.0,230035.0,True,True
raw/midcurves/midcurve54_20260629222425.pdf,3,S2,OCT26,14,0.0,0,19613.0,19613.0,True,True
raw/midcurves/midcurve54_20260629222425.pdf,3,S2,NOV26,15,0.0,0,1258.0,1258.0,True,True
raw/midcurves/midcurve54_20260629222425.pdf,4,S2,DEC26,16,12000.0,12000.0,176008.0,176008.0,True,True
raw/midcurves/midcurve54_20260629222425.pdf,4,S2,MAR27,17,100.0,100.0,13448.0,13448.0,True,True
raw/midcurves/midcurve54_20260629222425.pdf,4,S2,JUN27,18,6000.0,6000.0,13456.0,13456.0,True,True
raw/midcurves/midcurve54_20260629222425.pdf,4,S3,JUL26,19,0.0,0,29737.0,29737.0,True,True
raw/midcurves/midcurve54_20260629222425.pdf,4,S3,AUG26,20,0.0,0,5749.0,5749.0,True,True
raw/midcurves/midcurve54_20260629222425.pdf,4,S3,SEP26,21,0.0,0,124479.0,124479.0,True,True
raw/midcurves/midcurve54_20260629222425.pdf,4,S3,OCT26,22,0.0,0,2696.0,2696.0,True,True
raw/midcurves/midcurve54_20260629222425.pdf,4,S3,NOV26,23,0.0,0,594.0,594.0,True,True
raw/midcurves/midcurve54_20260629222425.pdf,4,S3,DEC26,24,450.0,450.0,60839.0,60839.0,True,True
raw/midcurves/midcurve54_20260629222425.pdf,5,S3,MAR27,25,500.0,500.0,38707.0,38707.0,True,True
raw/midcurves/midcurve54_20260629222425.pdf,5,S3,JUN27,26,0.0,0,30.0,30.0,True,True
raw/midcurves/midcurve54_20260630223111.pdf,1,S0,JUL26,1,2000.0,2000.0,437855.0,437855.0,True,True
raw/midcurves/midcurve54_20260630223111.pdf,1,S0,AUG26,2,5250.0,5250.0,141521.0,141521.0,True,True
raw/midcurves/midcurve54_20260630223111.pdf,2,S0,SEP26,3,2550.0,2550.0,813264.0,813264.0,True,True
raw/midcurves/midcurve54_20260630223111.pdf,2,S0,OCT26,4,0.0,0,303176.0,303176.0,True,True
raw/midcurves/midcurve54_20260630223111.pdf,2,S0,NOV26,5,0.0,0,21592.0,21592.0,True,True
raw/midcurves/midcurve54_20260630223111.pdf,2,S0,DEC26,6,2100.0,2100.0,497563.0,497563.0,True,True
raw/midcurves/midcurve54_20260630223111.pdf,2,S0,MAR27,7,3850.0,3850.0,69363.0,69363.0,True,True
raw/midcurves/midcurve54_20260630223111.pdf,2,S0,JUN27,8,0.0,0,19107.0,19107.0,True,True
raw/midcurves/midcurve54_20260630223111.pdf,2,S0W,JUL26,9,2250.0,2250.0,2260.0,2260.0,True,True
raw/midcurves/midcurve54_20260630223111.pdf,3,S2,JUL26,10,0.0,0,79057.0,79057.0,True,True
raw/midcurves/midcurve54_20260630223111.pdf,3,S2,AUG26,11,0.0,0,35375.0,35375.0,True,True
raw/midcurves/midcurve54_20260630223111.pdf,3,S2,SEP26,12,0.0,0,230010.0,230010.0,True,True
raw/midcurves/midcurve54_20260630223111.pdf,3,S2,OCT26,13,0.0,0,19613.0,19613.0,True,True
raw/midcurves/midcurve54_20260630223111.pdf,3,S2,NOV26,14,0.0,0,1258.0,1258.0,True,True
raw/midcurves/midcurve54_20260630223111.pdf,4,S2,DEC26,15,500.0,500.0,176008.0,176008.0,True,True
raw/midcurves/midcurve54_20260630223111.pdf,4,S2,MAR27,16,500.0,500.0,13198.0,13198.0,True,True
raw/midcurves/midcurve54_20260630223111.pdf,4,S2,JUN27,17,0.0,0,13456.0,13456.0,True,True
raw/midcurves/midcurve54_20260630223111.pdf,4,S3,JUL26,18,0.0,0,29737.0,29737.0,True,True
raw/midcurves/midcurve54_20260630223111.pdf,4,S3,AUG26,19,0.0,0,6112.0,6112.0,True,True
raw/midcurves/midcurve54_20260630223111.pdf,4,S3,SEP26,20,400.0,400.0,124479.0,124479.0,True,True
raw/midcurves/midcurve54_20260630223111.pdf,4,S3,OCT26,21,0.0,0,2696.0,2696.0,True,True
raw/midcurves/midcurve54_20260630223111.pdf,4,S3,NOV26,22,0.0,0,594.0,594.0,True,True
raw/midcurves/midcurve54_20260630223111.pdf,4,S3,DEC26,23,1350.0,1350.0,61339.0,61339.0,True,True
raw/midcurves/midcurve54_20260630223111.pdf,5,S3,MAR27,24,1350.0,1350.0,40057.0,40057.0,True,True
raw/midcurves/midcurve54_20260630223111.pdf,5,S3,JUN27,25,0.0,0,30.0,30.0,True,True
raw/midcurves/midcurve54_20260701223143.pdf,1,S0,JUL26,1,2150.0,2150.0,430914.0,430914.0,True,True
raw/midcurves/midcurve54_20260701223143.pdf,1,S0,AUG26,2,6400.0,6400.0,144472.0,144472.0,True,True
raw/midcurves/midcurve54_20260701223143.pdf,2,S0,SEP26,3,17650.0,17650.0,799846.0,799846.0,True,True
raw/midcurves/midcurve54_20260701223143.pdf,2,S0,OCT26,4,0.0,0,303251.0,303251.0,True,True
raw/midcurves/midcurve54_20260701223143.pdf,2,S0,NOV26,5,0.0,0,21592.0,21592.0,True,True
raw/midcurves/midcurve54_20260701223143.pdf,2,S0,DEC26,6,12950.0,12950.0,494563.0,494563.0,True,True
raw/midcurves/midcurve54_20260701223143.pdf,2,S0,MAR27,7,500.0,500.0,70113.0,70113.0,True,True
raw/midcurves/midcurve54_20260701223143.pdf,2,S0,JUN27,8,0.0,0,19107.0,19107.0,True,True
raw/midcurves/midcurve54_20260701223143.pdf,2,S0W,JUL26,9,1000.0,1000.0,3260.0,3260.0,True,True
raw/midcurves/midcurve54_20260701223143.pdf,3,S2,JUL26,10,0.0,0,79057.0,79057.0,True,True
raw/midcurves/midcurve54_20260701223143.pdf,3,S2,AUG26,11,5100.0,5100.0,39675.0,39675.0,True,True
raw/midcurves/midcurve54_20260701223143.pdf,3,S2,SEP26,12,13100.0,13100.0,237497.0,237497.0,True,True
raw/midcurves/midcurve54_20260701223143.pdf,3,S2,OCT26,13,0.0,0,19613.0,19613.0,True,True
raw/midcurves/midcurve54_20260701223143.pdf,3,S2,NOV26,14,0.0,0,1257.0,1257.0,True,True
raw/midcurves/midcurve54_20260701223143.pdf,4,S2,DEC26,15,1000.0,1000.0,175808.0,175808.0,True,True
raw/midcurves/midcurve54_20260701223143.pdf,4,S2,MAR27,16,0.0,0,13198.0,13198.0,True,True
raw/midcurves/midcurve54_20260701223143.pdf,4,S2,JUN27,17,0.0,0,13456.0,13456.0,True,True
raw/midcurves/midcurve54_20260701223143.pdf,4,S3,JUL26,18,0.0,0,29737.0,29737.0,True,True
raw/midcurves/midcurve54_20260701223143.pdf,4,S3,AUG26,19,312.0,312.0,6424.0,6424.0,True,True
raw/midcurves/midcurve54_20260701223143.pdf,4,S3,SEP26,20,0.0,0,124479.0,124479.0,True,True
raw/midcurves/midcurve54_20260701223143.pdf,4,S3,OCT26,21,0.0,0,2696.0,2696.0,True,True
raw/midcurves/midcurve54_20260701223143.pdf,4,S3,NOV26,22,0.0,0,594.0,594.0,True,True
raw/midcurves/midcurve54_20260701223143.pdf,4,S3,DEC26,23,3000.0,3000.0,61474.0,61474.0,True,True
raw/midcurves/midcurve54_20260701223143.pdf,5,S3,MAR27,24,0.0,0,40057.0,40057.0,True,True
raw/midcurves/midcurve54_20260701223143.pdf,5,S3,JUN27,25,0.0,0,30.0,30.0,True,True
raw/midcurves/midcurve54_20260702222626.pdf,1,S0,JUL26,1,50650.0,50650.0,442800.0,442800.0,True,True
raw/midcurves/midcurve54_20260702222626.pdf,1,S0,AUG26,2,10760.0,10760.0,141253.0,141253.0,True,True
raw/midcurves/midcurve54_20260702222626.pdf,2,S0,SEP26,3,57900.0,57900.0,786915.0,786915.0,True,True
raw/midcurves/midcurve54_20260702222626.pdf,2,S0,OCT26,4,2000.0,2000.0,304426.0,304426.0,True,True
raw/midcurves/midcurve54_20260702222626.pdf,2,S0,NOV26,5,0.0,0,21600.0,21600.0,True,True
raw/midcurves/midcurve54_20260702222626.pdf,2,S0,DEC26,6,5000.0,5000.0,500663.0,500663.0,True,True
raw/midcurves/midcurve54_20260702222626.pdf,2,S0,MAR27,7,0.0,0,70113.0,70113.0,True,True
raw/midcurves/midcurve54_20260702222626.pdf,2,S0,JUN27,8,0.0,0,19407.0,19407.0,True,True
raw/midcurves/midcurve54_20260702222626.pdf,2,S0W,JUL26,9,0.0,0,4250.0,4250.0,True,True
raw/midcurves/midcurve54_20260702222626.pdf,3,S2,JUL26,10,27980.0,27980.0,104696.0,104696.0,True,True
raw/midcurves/midcurve54_20260702222626.pdf,3,S2,AUG26,11,8650.0,8650.0,48215.0,48215.0,True,True
raw/midcurves/midcurve54_20260702222626.pdf,3,S2,SEP26,12,19885.0,19885.0,246707.0,246707.0,True,True
raw/midcurves/midcurve54_20260702222626.pdf,3,S2,OCT26,13,0.0,0,19613.0,19613.0,True,True
raw/midcurves/midcurve54_20260702222626.pdf,3,S2,NOV26,14,0.0,0,1757.0,1757.0,True,True
raw/midcurves/midcurve54_20260702222626.pdf,4,S2,DEC26,15,250.0,250.0,175858.0,175858.0,True,True
raw/midcurves/midcurve54_20260702222626.pdf,4,S2,MAR27,16,0.0,0,13198.0,13198.0,True,True
raw/midcurves/midcurve54_20260702222626.pdf,4,S2,JUN27,17,0.0,0,13456.0,13456.0,True,True
raw/midcurves/midcurve54_20260702222626.pdf,4,S3,JUL26,18,2500.0,2500.0,31696.0,31696.0,True,True
raw/midcurves/midcurve54_20260702222626.pdf,4,S3,AUG26,19,2312.0,2312.0,8416.0,8416.0,True,True
raw/midcurves/midcurve54_20260702222626.pdf,4,S3,SEP26,20,17500.0,17500.0,119150.0,119150.0,True,True
raw/midcurves/midcurve54_20260702222626.pdf,4,S3,OCT26,21,0.0,0,2696.0,2696.0,True,True
raw/midcurves/midcurve54_20260702222626.pdf,4,S3,NOV26,22,0.0,0,594.0,594.0,True,True
raw/midcurves/midcurve54_20260702222626.pdf,4,S3,DEC26,23,0.0,0,61474.0,61474.0,True,True
raw/midcurves/midcurve54_20260702222626.pdf,5,S3,MAR27,24,0.0,0,40057.0,40057.0,True,True
raw/midcurves/midcurve54_20260702222626.pdf,5,S3,JUN27,25,0.0,0,30.0,30.0,True,True
raw/midcurves/midcurve54_20260706223212.pdf,1,S0,JUL26,1,25052.0,25052.0,435716.0,435716.0,True,True
raw/midcurves/midcurve54_20260706223212.pdf,1,S0,AUG26,2,6400.0,6400.0,139967.0,139967.0,True,True
raw/midcurves/midcurve54_20260706223212.pdf,2,S0,SEP26,3,11000.0,11000.0,784304.0,784304.0,True,True
raw/midcurves/midcurve54_20260706223212.pdf,2,S0,OCT26,4,2000.0,2000.0,305311.0,305311.0,True,True
raw/midcurves/midcurve54_20260706223212.pdf,2,S0,NOV26,5,0.0,0,21602.0,21602.0,True,True
raw/midcurves/midcurve54_20260706223212.pdf,2,S0,DEC26,6,0.0,0,500663.0,500663.0,True,True
raw/midcurves/midcurve54_20260706223212.pdf,2,S0,MAR27,7,4000.0,4000.0,72954.0,72954.0,True,True
raw/midcurves/midcurve54_20260706223212.pdf,2,S0,JUN27,8,2500.0,2500.0,21807.0,21807.0,True,True
raw/midcurves/midcurve54_20260706223212.pdf,2,S0W,JUL26,9,0.0,0,10.0,10.0,True,True
raw/midcurves/midcurve54_20260706223212.pdf,3,S2,JUL26,10,0.0,0,99821.0,99821.0,True,True
raw/midcurves/midcurve54_20260706223212.pdf,3,S2,AUG26,11,0.0,0,48215.0,48215.0,True,True
raw/midcurves/midcurve54_20260706223212.pdf,3,S2,SEP26,12,7750.0,7750.0,252628.0,252628.0,True,True
raw/midcurves/midcurve54_20260706223212.pdf,3,S2,OCT26,13,0.0,0,19613.0,19613.0,True,True
raw/midcurves/midcurve54_20260706223212.pdf,3,S2,NOV26,14,0.0,0,1757.0,1757.0,True,True
raw/midcurves/midcurve54_20260706223212.pdf,4,S2,DEC26,15,500.0,500.0,175784.0,175784.0,True,True
raw/midcurves/midcurve54_20260706223212.pdf,4,S2,MAR27,16,0.0,0,13198.0,13198.0,True,True
raw/midcurves/midcurve54_20260706223212.pdf,4,S2,JUN27,17,0.0,0,13456.0,13456.0,True,True
raw/midcurves/midcurve54_20260706223212.pdf,4,S3,JUL26,18,0.0,0,31696.0,31696.0,True,True
raw/midcurves/midcurve54_20260706223212.pdf,4,S3,AUG26,19,312.0,312.0,8838.0,8838.0,True,True
raw/midcurves/midcurve54_20260706223212.pdf,4,S3,SEP26,20,0.0,0,119150.0,119150.0,True,True
raw/midcurves/midcurve54_20260706223212.pdf,4,S3,OCT26,21,0.0,0,2696.0,2696.0,True,True
raw/midcurves/midcurve54_20260706223212.pdf,4,S3,NOV26,22,0.0,0,594.0,594.0,True,True
raw/midcurves/midcurve54_20260706223212.pdf,4,S3,DEC26,23,0.0,0,61474.0,61474.0,True,True
raw/midcurves/midcurve54_20260706223212.pdf,5,S3,MAR27,24,0.0,0,40192.0,40192.0,True,True
raw/midcurves/midcurve54_20260706223212.pdf,5,S3,JUN27,25,0.0,0,30.0,30.0,True,True
raw/midcurves/midcurve54_20260707223046.pdf,1,S0,JUL26,1,0.0,0,432647.0,432647.0,True,True
raw/midcurves/midcurve54_20260707223046.pdf,1,S0,AUG26,2,1000.0,1000.0,140228.0,140228.0,True,True
raw/midcurves/midcurve54_20260707223046.pdf,2,S0,SEP26,3,0.0,0,781901.0,781901.0,True,True
raw/midcurves/midcurve54_20260707223046.pdf,2,S0,OCT26,4,0.0,0,305311.0,305311.0,True,True
raw/midcurves/midcurve54_20260707223046.pdf,2,S0,NOV26,5,0.0,0,21605.0,21605.0,True,True
raw/midcurves/midcurve54_20260707223046.pdf,2,S0,DEC26,6,14500.0,14500.0,509085.0,509085.0,True,True
raw/midcurves/midcurve54_20260707223046.pdf,2,S0,MAR27,7,0.0,0,73254.0,73254.0,True,True
raw/midcurves/midcurve54_20260707223046.pdf,2,S0,JUN27,8,2150.0,2150.0,22392.0,22392.0,True,True
raw/midcurves/midcurve54_20260707223046.pdf,2,S0W,JUL26,9,0.0,0,15.0,15.0,True,True
raw/midcurves/midcurve54_20260707223046.pdf,3,S2,JUL26,10,0.0,0,100071.0,100071.0,True,True
raw/midcurves/midcurve54_20260707223046.pdf,3,S2,AUG26,11,2500.0,2500.0,50710.0,50710.0,True,True
raw/midcurves/midcurve54_20260707223046.pdf,3,S2,SEP26,12,4000.0,4000.0,256026.0,256026.0,True,True
raw/midcurves/midcurve54_20260707223046.pdf,3,S2,OCT26,13,0.0,0,19613.0,19613.0,True,True
raw/midcurves/midcurve54_20260707223046.pdf,3,S2,NOV26,14,0.0,0,2255.0,2255.0,True,True
raw/midcurves/midcurve54_20260707223046.pdf,4,S2,DEC26,15,8500.0,8500.0,171222.0,171222.0,True,True
raw/midcurves/midcurve54_20260707223046.pdf,4,S2,MAR27,16,0.0,0,13198.0,13198.0,True,True
raw/midcurves/midcurve54_20260707223046.pdf,4,S2,JUN27,17,0.0,0,13456.0,13456.0,True,True
raw/midcurves/midcurve54_20260707223046.pdf,4,S3,JUL26,18,0.0,0,31696.0,31696.0,True,True
raw/midcurves/midcurve54_20260707223046.pdf,4,S3,AUG26,19,0.0,0,9070.0,9070.0,True,True
raw/midcurves/midcurve54_20260707223046.pdf,4,S3,SEP26,20,0.0,0,119150.0,119150.0,True,True
raw/midcurves/midcurve54_20260707223046.pdf,4,S3,OCT26,21,0.0,0,2696.0,2696.0,True,True
raw/midcurves/midcurve54_20260707223046.pdf,4,S3,NOV26,22,0.0,0,594.0,594.0,True,True
raw/midcurves/midcurve54_20260707223046.pdf,5,S3,DEC26,23,2150.0,2150.0,63397.0,63397.0,True,True
raw/midcurves/midcurve54_20260707223046.pdf,5,S3,MAR27,24,0.0,0,40192.0,40192.0,True,True
raw/midcurves/midcurve54_20260707223046.pdf,5,S3,JUN27,25,0.0,0,30.0,30.0,True,True
raw/midcurves/midcurve54_20260708222152.pdf,1,S0,JUL26,1,5500.0,5500.0,414668.0,414668.0,True,True
raw/midcurves/midcurve54_20260708222152.pdf,1,S0,AUG26,2,5000.0,5000.0,166368.0,166368.0,True,True
raw/midcurves/midcurve54_20260708222152.pdf,2,S0,SEP26,3,3700.0,3700.0,780945.0,780945.0,True,True
raw/midcurves/midcurve54_20260708222152.pdf,2,S0,OCT26,4,0.0,0,305471.0,305471.0,True,True
raw/midcurves/midcurve54_20260708222152.pdf,2,S0,NOV26,5,600.0,600.0,22205.0,22205.0,True,True
raw/midcurves/midcurve54_20260708222152.pdf,2,S0,DEC26,6,1650.0,1650.0,508485.0,508485.0,True,True
raw/midcurves/midcurve54_20260708222152.pdf,2,S0,MAR27,7,0.0,0,73504.0,73504.0,True,True
raw/midcurves/midcurve54_20260708222152.pdf,2,S0,JUN27,8,1350.0,1350.0,22892.0,22892.0,True,True
raw/midcurves/midcurve54_20260708222152.pdf,2,S0W,JUL26,9,0.0,0,20.0,20.0,True,True
raw/midcurves/midcurve54_20260708222152.pdf,3,S2,JUL26,10,0.0,0,98557.0,98557.0,True,True
raw/midcurves/midcurve54_20260708222152.pdf,3,S2,AUG26,11,3500.0,3500.0,58141.0,58141.0,True,True
raw/midcurves/midcurve54_20260708222152.pdf,3,S2,SEP26,12,13500.0,13500.0,260409.0,260409.0,True,True
raw/midcurves/midcurve54_20260708222152.pdf,3,S2,OCT26,13,0.0,0,19822.0,19822.0,True,True
raw/midcurves/midcurve54_20260708222152.pdf,3,S2,NOV26,14,0.0,0,2255.0,2255.0,True,True
raw/midcurves/midcurve54_20260708222152.pdf,4,S2,DEC26,15,0.0,0,171552.0,171552.0,True,True
raw/midcurves/midcurve54_20260708222152.pdf,4,S2,MAR27,16,0.0,0,13198.0,13198.0,True,True
raw/midcurves/midcurve54_20260708222152.pdf,4,S2,JUN27,17,0.0,0,13456.0,13456.0,True,True
raw/midcurves/midcurve54_20260708222152.pdf,4,S3,JUL26,18,0.0,0,31446.0,31446.0,True,True
raw/midcurves/midcurve54_20260708222152.pdf,4,S3,AUG26,19,0.0,0,9030.0,9030.0,True,True
raw/midcurves/midcurve54_20260708222152.pdf,4,S3,SEP26,20,0.0,0,119150.0,119150.0,True,True
raw/midcurves/midcurve54_20260708222152.pdf,4,S3,OCT26,21,0.0,0,2696.0,2696.0,True,True
raw/midcurves/midcurve54_20260708222152.pdf,4,S3,NOV26,22,0.0,0,594.0,594.0,True,True
raw/midcurves/midcurve54_20260708222152.pdf,4,S3,DEC26,23,1350.0,1350.0,64647.0,64647.0,True,True
raw/midcurves/midcurve54_20260708222152.pdf,5,S3,MAR27,24,0.0,0,40192.0,40192.0,True,True
raw/midcurves/midcurve54_20260708222152.pdf,5,S3,JUN27,25,0.0,0,30.0,30.0,True,True
raw/midcurves/midcurve54_20260709224955.pdf,1,S0,JUL26,1,34481.0,34481.0,385967.0,385967.0,True,True
raw/midcurves/midcurve54_20260709224955.pdf,1,S0,AUG26,2,9400.0,9400.0,177721.0,177721.0,True,True
raw/midcurves/midcurve54_20260709224955.pdf,2,S0,SEP26,3,7250.0,7250.0,776873.0,776873.0,True,True
raw/midcurves/midcurve54_20260709224955.pdf,2,S0,OCT26,4,0.0,0,305408.0,305408.0,True,True
raw/midcurves/midcurve54_20260709224955.pdf,2,S0,NOV26,5,0.0,0,22205.0,22205.0,True,True
raw/midcurves/midcurve54_20260709224955.pdf,2,S0,DEC26,6,2250.0,2250.0,507785.0,507785.0,True,True
raw/midcurves/midcurve54_20260709224955.pdf,2,S0,MAR27,7,0.0,0,74955.0,74955.0,True,True
raw/midcurves/midcurve54_20260709224955.pdf,2,S0,JUN27,8,200.0,200.0,23092.0,23092.0,True,True
raw/midcurves/midcurve54_20260709224955.pdf,2,S0W,JUL26,9,0.0,0,45.0,45.0,True,True
raw/midcurves/midcurve54_20260709224955.pdf,3,S2,JUL26,10,12158.0,12158.0,87130.0,87130.0,True,True
raw/midcurves/midcurve54_20260709224955.pdf,3,S2,AUG26,11,5000.0,5000.0,63151.0,63151.0,True,True
raw/midcurves/midcurve54_20260709224955.pdf,3,S2,SEP26,12,13650.0,13650.0,263627.0,263627.0,True,True
raw/midcurves/midcurve54_20260709224955.pdf,3,S2,OCT26,13,0.0,0,20053.0,20053.0,True,True
raw/midcurves/midcurve54_20260709224955.pdf,3,S2,NOV26,14,0.0,0,2250.0,2250.0,True,True
raw/midcurves/midcurve54_20260709224955.pdf,4,S2,DEC26,15,4500.0,4500.0,168842.0,168842.0,True,True
raw/midcurves/midcurve54_20260709224955.pdf,4,S2,MAR27,16,0.0,0,13198.0,13198.0,True,True
raw/midcurves/midcurve54_20260709224955.pdf,4,S2,JUN27,17,0.0,0,13872.0,13872.0,True,True
raw/midcurves/midcurve54_20260709224955.pdf,4,S3,JUL26,18,0.0,0,31166.0,31166.0,True,True
raw/midcurves/midcurve54_20260709224955.pdf,4,S3,AUG26,19,0.0,0,9000.0,9000.0,True,True
raw/midcurves/midcurve54_20260709224955.pdf,4,S3,SEP26,20,6201.0,6201.0,122909.0,122909.0,True,True
raw/midcurves/midcurve54_20260709224955.pdf,4,S3,OCT26,21,0.0,0,2696.0,2696.0,True,True
raw/midcurves/midcurve54_20260709224955.pdf,4,S3,NOV26,22,0.0,0,594.0,594.0,True,True
raw/midcurves/midcurve54_20260709224955.pdf,4,S3,DEC26,23,1000.0,1000.0,63697.0,63697.0,True,True
raw/midcurves/midcurve54_20260709224955.pdf,5,S3,MAR27,24,0.0,0,40592.0,40592.0,True,True
raw/midcurves/midcurve54_20260709224955.pdf,5,S3,JUN27,25,0.0,0,30.0,30.0,True,True
raw/midcurves/midcurve54_20260710222439.pdf,1,S0,JUL26,1,40346.0,40346.0,353689.0,353689.0,True,True
raw/midcurves/midcurve54_20260710222439.pdf,1,S0,AUG26,2,1000.0,1000.0,177485.0,177485.0,True,True
raw/midcurves/midcurve54_20260710222439.pdf,1,S0,SEP26,3,4500.0,4500.0,780676.0,780676.0,True,True
raw/midcurves/midcurve54_20260710222439.pdf,2,S0,OCT26,4,0.0,0,304937.0,304937.0,True,True
raw/midcurves/midcurve54_20260710222439.pdf,2,S0,NOV26,5,0.0,0,22205.0,22205.0,True,True
raw/midcurves/midcurve54_20260710222439.pdf,2,S0,DEC26,6,250.0,250.0,507935.0,507935.0,True,True
raw/midcurves/midcurve54_20260710222439.pdf,2,S0,MAR27,7,500.0,500.0,74655.0,74655.0,True,True
raw/midcurves/midcurve54_20260710222439.pdf,2,S0,JUN27,8,0.0,0,23092.0,23092.0,True,True
raw/midcurves/midcurve54_20260710222439.pdf,2,S0W,JUL26,9,0.0,0,45.0,45.0,True,True
raw/midcurves/midcurve54_20260710222439.pdf,3,S2,JUL26,10,9322.0,9322.0,80378.0,80378.0,True,True
raw/midcurves/midcurve54_20260710222439.pdf,3,S2,AUG26,11,0.0,0,63699.0,63699.0,True,True
raw/midcurves/midcurve54_20260710222439.pdf,3,S2,SEP26,12,1750.0,1750.0,265277.0,265277.0,True,True
raw/midcurves/midcurve54_20260710222439.pdf,3,S2,OCT26,13,0.0,0,20053.0,20053.0,True,True
raw/midcurves/midcurve54_20260710222439.pdf,3,S2,NOV26,14,0.0,0,2250.0,2250.0,True,True
raw/midcurves/midcurve54_20260710222439.pdf,4,S2,DEC26,15,20000.0,20000.0,164774.0,164774.0,True,True
raw/midcurves/midcurve54_20260710222439.pdf,4,S2,MAR27,16,0.0,0,13198.0,13198.0,True,True
raw/midcurves/midcurve54_20260710222439.pdf,4,S2,JUN27,17,0.0,0,13872.0,13872.0,True,True
raw/midcurves/midcurve54_20260710222439.pdf,4,S3,JUL26,18,0.0,0,31016.0,31016.0,True,True
raw/midcurves/midcurve54_20260710222439.pdf,4,S3,AUG26,19,0.0,0,8944.0,8944.0,True,True
raw/midcurves/midcurve54_20260710222439.pdf,4,S3,SEP26,20,0.0,0,122900.0,122900.0,True,True
raw/midcurves/midcurve54_20260710222439.pdf,4,S3,OCT26,21,0.0,0,2696.0,2696.0,True,True
raw/midcurves/midcurve54_20260710222439.pdf,4,S3,NOV26,22,0.0,0,594.0,594.0,True,True
raw/midcurves/midcurve54_20260710222439.pdf,4,S3,DEC26,23,0.0,0,63697.0,63697.0,True,True
raw/midcurves/midcurve54_20260710222439.pdf,5,S3,MAR27,24,0.0,0,40592.0,40592.0,True,True
raw/midcurves/midcurve54_20260710222439.pdf,5,S3,JUN27,25,0.0,0,30.0,30.0,True,True
raw/midcurves/midcurve54_20260713221342.pdf,1,S0,JUL26,1,10735.0,10735.0,0.0,0,True,True
raw/midcurves/midcurve54_20260713221342.pdf,1,S0,AUG26,2,2500.0,2500.0,179960.0,179960.0,True,True
raw/midcurves/midcurve54_20260713221342.pdf,1,S0,SEP26,3,0.0,0,780526.0,780526.0,True,True
raw/midcurves/midcurve54_20260713221342.pdf,2,S0,OCT26,4,1000.0,1000.0,305937.0,305937.0,True,True
raw/midcurves/midcurve54_20260713221342.pdf,2,S0,NOV26,5,1000.0,1000.0,23205.0,23205.0,True,True
raw/midcurves/midcurve54_20260713221342.pdf,2,S0,DEC26,6,100.0,100.0,507574.0,507574.0,True,True
raw/midcurves/midcurve54_20260713221342.pdf,2,S0,MAR27,7,0.0,0,74943.0,74943.0,True,True
raw/midcurves/midcurve54_20260713221342.pdf,2,S0,JUN27,8,1500.0,1500.0,24592.0,24592.0,True,True
raw/midcurves/midcurve54_20260713221342.pdf,2,S0W,JUL26,9,750.0,750.0,770.0,770.0,True,True
raw/midcurves/midcurve54_20260713221342.pdf,3,S2,JUL26,10,0.0,0,0.0,0,True,True
raw/midcurves/midcurve54_20260713221342.pdf,3,S2,AUG26,11,0.0,0,63920.0,63920.0,True,True
raw/midcurves/midcurve54_20260713221342.pdf,3,S2,SEP26,12,0.0,0,265336.0,265336.0,True,True
raw/midcurves/midcurve54_20260713221342.pdf,3,S2,OCT26,13,1000.0,1000.0,20353.0,20353.0,True,True
raw/midcurves/midcurve54_20260713221342.pdf,3,S2,NOV26,14,1000.0,1000.0,3250.0,3250.0,True,True
raw/midcurves/midcurve54_20260713221342.pdf,4,S2,DEC26,15,0.0,0,165176.0,165176.0,True,True
raw/midcurves/midcurve54_20260713221342.pdf,4,S2,MAR27,16,0.0,0,13198.0,13198.0,True,True
raw/midcurves/midcurve54_20260713221342.pdf,4,S2,JUN27,17,0.0,0,13872.0,13872.0,True,True
raw/midcurves/midcurve54_20260713221342.pdf,4,S3,JUL26,18,0.0,0,0.0,0,True,True
raw/midcurves/midcurve54_20260713221342.pdf,4,S3,AUG26,19,0.0,0,9405.0,9405.0,True,True
raw/midcurves/midcurve54_20260713221342.pdf,4,S3,SEP26,20,0.0,0,122900.0,122900.0,True,True
raw/midcurves/midcurve54_20260713221342.pdf,4,S3,OCT26,21,0.0,0,2696.0,2696.0,True,True
raw/midcurves/midcurve54_20260713221342.pdf,4,S3,NOV26,22,0.0,0,594.0,594.0,True,True
raw/midcurves/midcurve54_20260713221342.pdf,5,S3,DEC26,23,0.0,0,63697.0,63697.0,True,True
raw/midcurves/midcurve54_20260713221342.pdf,5,S3,MAR27,24,0.0,0,40592.0,40592.0,True,True
raw/midcurves/midcurve54_20260713221342.pdf,5,S3,JUN27,25,0.0,0,30.0,30.0,True,True
raw/midcurves/midcurve54_20260714221429.pdf,1,S0,JUL26,1,0.0,0,0.0,0,True,True
raw/midcurves/midcurve54_20260714221429.pdf,1,S0,AUG26,2,7706.0,7706.0,177888.0,177888.0,True,True
raw/midcurves/midcurve54_20260714221429.pdf,1,S0,SEP26,3,62180.0,62180.0,789084.0,789084.0,True,True
raw/midcurves/midcurve54_20260714221429.pdf,2,S0,OCT26,4,0.0,0,306037.0,306037.0,True,True
raw/midcurves/midcurve54_20260714221429.pdf,2,S0,NOV26,5,0.0,0,23205.0,23205.0,True,True
raw/midcurves/midcurve54_20260714221429.pdf,2,S0,DEC26,6,14500.0,14500.0,515685.0,515685.0,True,True
raw/midcurves/midcurve54_20260714221429.pdf,2,S0,MAR27,7,0.0,0,74943.0,74943.0,True,True
raw/midcurves/midcurve54_20260714221429.pdf,2,S0,JUN27,8,13500.0,13500.0,37890.0,37890.0,True,True
raw/midcurves/midcurve54_20260714221429.pdf,2,S0W,JUL26,9,300.0,300.0,1195.0,1195.0,True,True
raw/midcurves/midcurve54_20260714221429.pdf,3,S2,JUL26,10,0.0,0,0.0,0,True,True
raw/midcurves/midcurve54_20260714221429.pdf,3,S2,AUG26,11,10381.0,10381.0,83424.0,83424.0,True,True
raw/midcurves/midcurve54_20260714221429.pdf,3,S2,SEP26,12,0.0,0,269512.0,269512.0,True,True
raw/midcurves/midcurve54_20260714221429.pdf,3,S2,OCT26,13,0.0,0,20353.0,20353.0,True,True
raw/midcurves/midcurve54_20260714221429.pdf,3,S2,NOV26,14,0.0,0,3650.0,3650.0,True,True
raw/midcurves/midcurve54_20260714221429.pdf,3,S2,DEC26,15,0.0,0,165176.0,165176.0,True,True
raw/midcurves/midcurve54_20260714221429.pdf,4,S2,MAR27,16,0.0,0,13198.0,13198.0,True,True
raw/midcurves/midcurve54_20260714221429.pdf,4,S2,JUN27,17,0.0,0,13872.0,13872.0,True,True
raw/midcurves/midcurve54_20260714221429.pdf,4,S3,JUL26,18,0.0,0,0.0,0,True,True
raw/midcurves/midcurve54_20260714221429.pdf,4,S3,AUG26,19,312.0,312.0,10024.0,10024.0,True,True
raw/midcurves/midcurve54_20260714221429.pdf,4,S3,SEP26,20,500.0,500.0,122400.0,122400.0,True,True
raw/midcurves/midcurve54_20260714221429.pdf,4,S3,OCT26,21,0.0,0,2696.0,2696.0,True,True
raw/midcurves/midcurve54_20260714221429.pdf,4,S3,NOV26,22,0.0,0,594.0,594.0,True,True
raw/midcurves/midcurve54_20260714221429.pdf,4,S3,DEC26,23,4500.0,4500.0,66264.0,66264.0,True,True
raw/midcurves/midcurve54_20260714221429.pdf,5,S3,MAR27,24,0.0,0,40592.0,40592.0,True,True
raw/midcurves/midcurve54_20260714221429.pdf,5,S3,JUN27,25,0.0,0,30.0,30.0,True,True
raw/midcurves/midcurve54_20260715222228.pdf,1,S0,AUG26,1,21043.0,21043.0,178618.0,178618.0,True,True
raw/midcurves/midcurve54_20260715222228.pdf,1,S0,SEP26,2,4500.0,4500.0,794032.0,794032.0,True,True
raw/midcurves/midcurve54_20260715222228.pdf,1,S0,OCT26,3,9540.0,9540.0,311931.0,311931.0,True,True
raw/midcurves/midcurve54_20260715222228.pdf,1,S0,NOV26,4,0.0,0,23604.0,23604.0,True,True
raw/midcurves/midcurve54_20260715222228.pdf,2,S0,DEC26,5,1500.0,1500.0,517117.0,517117.0,True,True
raw/midcurves/midcurve54_20260715222228.pdf,2,S0,MAR27,6,0.0,0,74943.0,74943.0,True,True
raw/midcurves/midcurve54_20260715222228.pdf,2,S0,JUN27,7,0.0,0,37890.0,37890.0,True,True
raw/midcurves/midcurve54_20260715222228.pdf,2,S0W,JUL26,8,3000.0,3000.0,4205.0,4205.0,True,True
raw/midcurves/midcurve54_20260715222228.pdf,2,S2,AUG26,9,1746.0,1746.0,85620.0,85620.0,True,True
raw/midcurves/midcurve54_20260715222228.pdf,3,S2,SEP26,10,0.0,0,269512.0,269512.0,True,True
raw/midcurves/midcurve54_20260715222228.pdf,3,S2,OCT26,11,0.0,0,20353.0,20353.0,True,True
raw/midcurves/midcurve54_20260715222228.pdf,3,S2,NOV26,12,0.0,0,3650.0,3650.0,True,True
raw/midcurves/midcurve54_20260715222228.pdf,3,S2,DEC26,13,0.0,0,165216.0,165216.0,True,True
raw/midcurves/midcurve54_20260715222228.pdf,3,S2,MAR27,14,0.0,0,14911.0,14911.0,True,True
raw/midcurves/midcurve54_20260715222228.pdf,3,S2,JUN27,15,0.0,0,13872.0,13872.0,True,True
raw/midcurves/midcurve54_20260715222228.pdf,3,S3,AUG26,16,312.0,312.0,10336.0,10336.0,True,True
raw/midcurves/midcurve54_20260715222228.pdf,4,S3,SEP26,17,0.0,0,122400.0,122400.0,True,True
raw/midcurves/midcurve54_20260715222228.pdf,4,S3,OCT26,18,0.0,0,2696.0,2696.0,True,True
raw/midcurves/midcurve54_20260715222228.pdf,4,S3,NOV26,19,0.0,0,594.0,594.0,True,True
raw/midcurves/midcurve54_20260715222228.pdf,4,S3,DEC26,20,600.0,600.0,65864.0,65864.0,True,True
raw/midcurves/midcurve54_20260715222228.pdf,4,S3,MAR27,21,0.0,0,40592.0,40592.0,True,True
raw/midcurves/midcurve54_20260715222228.pdf,4,S3,JUN27,22,0.0,0,30.0,30.0,True,True
raw/midcurves/midcurve54_20260716221943.pdf,1,S0,AUG26,1,39379.0,39379.0,156082.0,156082.0,True,True
raw/midcurves/midcurve54_20260716221943.pdf,1,S0,SEP26,2,4250.0,4250.0,791696.0,791696.0,True,True
raw/midcurves/midcurve54_20260716221943.pdf,1,S0,OCT26,3,0.0,0,311931.0,311931.0,True,True
raw/midcurves/midcurve54_20260716221943.pdf,1,S0,NOV26,4,0.0,0,23604.0,23604.0,True,True
raw/midcurves/midcurve54_20260716221943.pdf,2,S0,DEC26,5,9500.0,9500.0,526281.0,526281.0,True,True
raw/midcurves/midcurve54_20260716221943.pdf,2,S0,MAR27,6,12500.0,12500.0,84643.0,84643.0,True,True
raw/midcurves/midcurve54_20260716221943.pdf,2,S0,JUN27,7,0.0,0,37890.0,37890.0,True,True
raw/midcurves/midcurve54_20260716221943.pdf,2,S0W,JUL26,8,0.0,0,4605.0,4605.0,True,True
raw/midcurves/midcurve54_20260716221943.pdf,2,S2,AUG26,9,1574.0,1574.0,87348.0,87348.0,True,True
raw/midcurves/midcurve54_20260716221943.pdf,3,S2,SEP26,10,0.0,0,269512.0,269512.0,True,True
raw/midcurves/midcurve54_20260716221943.pdf,3,S2,OCT26,11,0.0,0,20353.0,20353.0,True,True
raw/midcurves/midcurve54_20260716221943.pdf,3,S2,NOV26,12,0.0,0,3650.0,3650.0,True,True
raw/midcurves/midcurve54_20260716221943.pdf,3,S2,DEC26,13,22400.0,22400.0,185818.0,185818.0,True,True
raw/midcurves/midcurve54_20260716221943.pdf,3,S2,MAR27,14,0.0,0,14911.0,14911.0,True,True
raw/midcurves/midcurve54_20260716221943.pdf,3,S2,JUN27,15,0.0,0,13872.0,13872.0,True,True
raw/midcurves/midcurve54_20260716221943.pdf,3,S3,AUG26,16,0.0,0,11084.0,11084.0,True,True
raw/midcurves/midcurve54_20260716221943.pdf,4,S3,SEP26,17,0.0,0,122400.0,122400.0,True,True
raw/midcurves/midcurve54_20260716221943.pdf,4,S3,OCT26,18,0.0,0,2696.0,2696.0,True,True
raw/midcurves/midcurve54_20260716221943.pdf,4,S3,NOV26,19,0.0,0,594.0,594.0,True,True
raw/midcurves/midcurve54_20260716221943.pdf,4,S3,DEC26,20,0.0,0,65864.0,65864.0,True,True
raw/midcurves/midcurve54_20260716221943.pdf,4,S3,MAR27,21,0.0,0,40592.0,40592.0,True,True
raw/midcurves/midcurve54_20260716221943.pdf,4,S3,JUN27,22,0.0,0,30.0,30.0,True,True
raw/midcurves/midcurve54_20260717221512.pdf,1,S0,AUG26,1,2044.0,2044.0,154114.0,154114.0,True,True
raw/midcurves/midcurve54_20260717221512.pdf,1,S0,SEP26,2,34300.0,34300.0,786782.0,786782.0,True,True
raw/midcurves/midcurve54_20260717221512.pdf,1,S0,OCT26,3,0.0,0,311931.0,311931.0,True,True
raw/midcurves/midcurve54_20260717221512.pdf,1,S0,NOV26,4,0.0,0,23624.0,23624.0,True,True
raw/midcurves/midcurve54_20260717221512.pdf,2,S0,DEC26,5,11000.0,11000.0,525682.0,525682.0,True,True
raw/midcurves/midcurve54_20260717221512.pdf,2,S0,MAR27,6,0.0,0,84993.0,84993.0,True,True
raw/midcurves/midcurve54_20260717221512.pdf,2,S0,JUN27,7,0.0,0,37890.0,37890.0,True,True
raw/midcurves/midcurve54_20260717221512.pdf,2,S0W,JUL26,8,3000.0,3000.0,5645.0,5645.0,True,True
raw/midcurves/midcurve54_20260717221512.pdf,2,S2,AUG26,9,521.0,521.0,86537.0,86537.0,True,True
raw/midcurves/midcurve54_20260717221512.pdf,3,S2,SEP26,10,78528.0,78528.0,346784.0,346784.0,True,True
raw/midcurves/midcurve54_20260717221512.pdf,3,S2,OCT26,11,0.0,0,20353.0,20353.0,True,True
raw/midcurves/midcurve54_20260717221512.pdf,3,S2,NOV26,12,0.0,0,3650.0,3650.0,True,True
raw/midcurves/midcurve54_20260717221512.pdf,3,S2,DEC26,13,20000.0,20000.0,205818.0,205818.0,True,True
raw/midcurves/midcurve54_20260717221512.pdf,3,S2,MAR27,14,0.0,0,15502.0,15502.0,True,True
raw/midcurves/midcurve54_20260717221512.pdf,3,S2,JUN27,15,0.0,0,13872.0,13872.0,True,True
raw/midcurves/midcurve54_20260717221512.pdf,3,S3,AUG26,16,312.0,312.0,12156.0,12156.0,True,True
raw/midcurves/midcurve54_20260717221512.pdf,4,S3,SEP26,17,0.0,0,122400.0,122400.0,True,True
raw/midcurves/midcurve54_20260717221512.pdf,4,S3,OCT26,18,0.0,0,2696.0,2696.0,True,True
raw/midcurves/midcurve54_20260717221512.pdf,4,S3,NOV26,19,0.0,0,594.0,594.0,True,True
raw/midcurves/midcurve54_20260717221512.pdf,4,S3,DEC26,20,0.0,0,65864.0,65864.0,True,True
raw/midcurves/midcurve54_20260717221512.pdf,4,S3,MAR27,21,0.0,0,40592.0,40592.0,True,True
raw/midcurves/midcurve54_20260717221512.pdf,4,S3,JUN27,22,0.0,0,30.0,30.0,True,True
raw/midcurves/midcurve54_20260721222130.pdf,1,S0,AUG26,1,986.0,986.0,153671.0,153671.0,True,True
raw/midcurves/midcurve54_20260721222130.pdf,1,S0,SEP26,2,2500.0,2500.0,780354.0,780354.0,True,True
raw/midcurves/midcurve54_20260721222130.pdf,1,S0,OCT26,3,0.0,0,312387.0,312387.0,True,True
raw/midcurves/midcurve54_20260721222130.pdf,1,S0,NOV26,4,0.0,0,23624.0,23624.0,True,True
raw/midcurves/midcurve54_20260721222130.pdf,2,S0,DEC26,5,0.0,0,528023.0,528023.0,True,True
raw/midcurves/midcurve54_20260721222130.pdf,2,S0,MAR27,6,500.0,500.0,85743.0,85743.0,True,True
raw/midcurves/midcurve54_20260721222130.pdf,2,S0,JUN27,7,0.0,0,37890.0,37890.0,True,True
raw/midcurves/midcurve54_20260721222130.pdf,2,S0W,JUL26,8,0.0,0,1304.0,1304.0,True,True
raw/midcurves/midcurve54_20260721222130.pdf,2,S2,AUG26,9,521.0,521.0,98427.0,98427.0,True,True
raw/midcurves/midcurve54_20260721222130.pdf,3,S2,SEP26,10,2600.0,2600.0,341977.0,341977.0,True,True
raw/midcurves/midcurve54_20260721222130.pdf,3,S2,OCT26,11,0.0,0,20355.0,20355.0,True,True
raw/midcurves/midcurve54_20260721222130.pdf,3,S2,NOV26,12,0.0,0,3652.0,3652.0,True,True
raw/midcurves/midcurve54_20260721222130.pdf,3,S2,DEC26,13,3500.0,3500.0,209178.0,209178.0,True,True
raw/midcurves/midcurve54_20260721222130.pdf,3,S2,MAR27,14,0.0,0,15502.0,15502.0,True,True
raw/midcurves/midcurve54_20260721222130.pdf,3,S2,JUN27,15,0.0,0,13872.0,13872.0,True,True
raw/midcurves/midcurve54_20260721222130.pdf,3,S3,AUG26,16,0.0,0,13330.0,13330.0,True,True
raw/midcurves/midcurve54_20260721222130.pdf,4,S3,SEP26,17,0.0,0,122485.0,122485.0,True,True
raw/midcurves/midcurve54_20260721222130.pdf,4,S3,OCT26,18,0.0,0,2696.0,2696.0,True,True
raw/midcurves/midcurve54_20260721222130.pdf,4,S3,NOV26,19,0.0,0,844.0,844.0,True,True
raw/midcurves/midcurve54_20260721222130.pdf,4,S3,DEC26,20,0.0,0,65874.0,65874.0,True,True
raw/midcurves/midcurve54_20260721222130.pdf,4,S3,MAR27,21,0.0,0,40647.0,40647.0,True,True
raw/midcurves/midcurve54_20260721222130.pdf,4,S3,JUN27,22,0.0,0,30.0,30.0,True,True
raw/midcurves/midcurve54_20260722222314.pdf,1,S0,AUG26,1,2735.0,2735.0,155091.0,155091.0,True,True
raw/midcurves/midcurve54_20260722222314.pdf,1,S0,SEP26,2,49450.0,49450.0,802883.0,802883.0,True,True
raw/midcurves/midcurve54_20260722222314.pdf,1,S0,OCT26,3,1250.0,1250.0,315389.0,315389.0,True,True
raw/midcurves/midcurve54_20260722222314.pdf,1,S0,NOV26,4,450.0,450.0,24724.0,24724.0,True,True
raw/midcurves/midcurve54_20260722222314.pdf,2,S0,DEC26,5,11100.0,11100.0,534061.0,534061.0,True,True
raw/midcurves/midcurve54_20260722222314.pdf,2,S0,MAR27,6,1000.0,1000.0,87149.0,87149.0,True,True
raw/midcurves/midcurve54_20260722222314.pdf,2,S0,JUN27,7,0.0,0,37890.0,37890.0,True,True
raw/midcurves/midcurve54_20260722222314.pdf,2,S0W,JUL26,8,0.0,0,1304.0,1304.0,True,True
raw/midcurves/midcurve54_20260722222314.pdf,2,S2,AUG26,9,6430.0,6430.0,105857.0,105857.0,True,True
raw/midcurves/midcurve54_20260722222314.pdf,3,S2,SEP26,10,11700.0,11700.0,337281.0,337281.0,True,True
raw/midcurves/midcurve54_20260722222314.pdf,3,S2,OCT26,11,0.0,0,20958.0,20958.0,True,True
raw/midcurves/midcurve54_20260722222314.pdf,3,S2,NOV26,12,0.0,0,4195.0,4195.0,True,True
raw/midcurves/midcurve54_20260722222314.pdf,3,S2,DEC26,13,32500.0,32500.0,234376.0,234376.0,True,True
raw/midcurves/midcurve54_20260722222314.pdf,3,S2,JAN27,14,2500.0,2500.0,2500.0,2500.0,True,True
raw/midcurves/midcurve54_20260722222314.pdf,3,S2,MAR27,15,0.0,0,15502.0,15502.0,True,True
raw/midcurves/midcurve54_20260722222314.pdf,3,S2,JUN27,16,0.0,0,13872.0,13872.0,True,True
raw/midcurves/midcurve54_20260722222314.pdf,3,S3,AUG26,17,1313.0,1313.0,13625.0,13625.0,True,True
raw/midcurves/midcurve54_20260722222314.pdf,4,S3,SEP26,18,10500.0,10500.0,117821.0,117821.0,True,True
raw/midcurves/midcurve54_20260722222314.pdf,4,S3,OCT26,19,0.0,0,2696.0,2696.0,True,True
raw/midcurves/midcurve54_20260722222314.pdf,4,S3,NOV26,20,0.0,0,1094.0,1094.0,True,True
raw/midcurves/midcurve54_20260722222314.pdf,4,S3,DEC26,21,0.0,0,65874.0,65874.0,True,True
raw/midcurves/midcurve54_20260722222314.pdf,4,S3,MAR27,22,0.0,0,40647.0,40647.0,True,True
raw/midcurves/midcurve54_20260722222314.pdf,4,S3,JUN27,23,0.0,0,30.0,30.0,True,True
raw/midcurves/midcurve53_20260723221638.pdf,1,S0,AUG26,1,1736.0,1736.0,197060.0,197060.0,True,True
raw/midcurves/midcurve53_20260723221638.pdf,2,S0,SEP26,2,7570.0,7570.0,1258283.0,1258283.0,True,True
raw/midcurves/midcurve53_20260723221638.pdf,2,S0,OCT26,3,0.0,0,37627.0,37627.0,True,True
raw/midcurves/midcurve53_20260723221638.pdf,2,S0,NOV26,4,0.0,0,18177.0,18177.0,True,True
raw/midcurves/midcurve53_20260723221638.pdf,2,S0,DEC26,5,1500.0,1500.0,1151910.0,1151910.0,True,True
raw/midcurves/midcurve53_20260723221638.pdf,2,S0,MAR27,6,0.0,0,131707.0,131707.0,True,True
raw/midcurves/midcurve53_20260723221638.pdf,2,S0,JUN27,7,250.0,250.0,20586.0,20586.0,True,True
raw/midcurves/midcurve53_20260723221638.pdf,2,S0W,JUL26,8,8000.0,8000.0,11050.0,11050.0,True,True
raw/midcurves/midcurve53_20260723221638.pdf,3,S2,AUG26,9,733.0,733.0,159680.0,159680.0,True,True
raw/midcurves/midcurve53_20260723221638.pdf,3,S2,SEP26,10,0.0,0,273860.0,273860.0,True,True
raw/midcurves/midcurve53_20260723221638.pdf,3,S2,OCT26,11,0.0,0,18788.0,18788.0,True,True
raw/midcurves/midcurve53_20260723221638.pdf,3,S2,NOV26,12,0.0,0,3028.0,3028.0,True,True
raw/midcurves/midcurve53_20260723221638.pdf,3,S2,DEC26,13,14750.0,14750.0,309175.0,309175.0,True,True
raw/midcurves/midcurve53_20260723221638.pdf,3,S2,JAN27,14,0.0,0,2500.0,2500.0,True,True
raw/midcurves/midcurve53_20260723221638.pdf,4,S2,MAR27,15,0.0,0,37651.0,37651.0,True,True
raw/midcurves/midcurve53_20260723221638.pdf,4,S2,JUN27,16,0.0,0,11927.0,11927.0,True,True
raw/midcurves/midcurve53_20260723221638.pdf,4,S3,AUG26,17,211.0,211.0,43284.0,43284.0,True,True
raw/midcurves/midcurve53_20260723221638.pdf,4,S3,SEP26,18,0.0,0,103745.0,103745.0,True,True
raw/midcurves/midcurve53_20260723221638.pdf,4,S3,OCT26,19,0.0,0,375.0,375.0,True,True
raw/midcurves/midcurve53_20260723221638.pdf,4,S3,NOV26,20,0.0,0,5242.0,5242.0,True,True
raw/midcurves/midcurve53_20260723221638.pdf,4,S3,DEC26,21,0.0,0,57479.0,57479.0,True,True
raw/midcurves/midcurve53_20260723221638.pdf,4,S3,MAR27,22,0.0,0,7220.0,7220.0,True,True
raw/midcurves/midcurve53_20260723221638.pdf,4,S3,JUN27,23,0.0,0,6236.0,6236.0,True,True
raw/midcurves/midcurve54_20260723221638.pdf,1,S0,AUG26,1,1736.0,1736.0,155892.0,155892.0,True,True
raw/midcurves/midcurve54_20260723221638.pdf,1,S0,SEP26,2,8500.0,8500.0,804759.0,804759.0,True,True
raw/midcurves/midcurve54_20260723221638.pdf,1,S0,OCT26,3,3500.0,3500.0,317775.0,317775.0,True,True
raw/midcurves/midcurve54_20260723221638.pdf,1,S0,NOV26,4,0.0,0,24724.0,24724.0,True,True
raw/midcurves/midcurve54_20260723221638.pdf,2,S0,DEC26,5,32700.0,32700.0,554861.0,554861.0,True,True
raw/midcurves/midcurve54_20260723221638.pdf,2,S0,MAR27,6,0.0,0,87149.0,87149.0,True,True
raw/midcurves/midcurve54_20260723221638.pdf,2,S0,JUN27,7,4750.0,4750.0,37148.0,37148.0,True,True
raw/midcurves/midcurve54_20260723221638.pdf,2,S0W,JUL26,8,12000.0,12000.0,14554.0,14554.0,True,True
raw/midcurves/midcurve54_20260723221638.pdf,2,S2,AUG26,9,333.0,333.0,107958.0,107958.0,True,True
raw/midcurves/midcurve54_20260723221638.pdf,3,S2,SEP26,10,22050.0,22050.0,320383.0,320383.0,True,True
raw/midcurves/midcurve54_20260723221638.pdf,3,S2,OCT26,11,0.0,0,20958.0,20958.0,True,True
raw/midcurves/midcurve54_20260723221638.pdf,3,S2,NOV26,12,0.0,0,4195.0,4195.0,True,True
raw/midcurves/midcurve54_20260723221638.pdf,3,S2,DEC26,13,750.0,750.0,234412.0,234412.0,True,True
raw/midcurves/midcurve54_20260723221638.pdf,3,S2,JAN27,14,0.0,0,2500.0,2500.0,True,True
raw/midcurves/midcurve54_20260723221638.pdf,3,S2,MAR27,15,0.0,0,15502.0,15502.0,True,True
raw/midcurves/midcurve54_20260723221638.pdf,3,S2,JUN27,16,0.0,0,13872.0,13872.0,True,True
raw/midcurves/midcurve54_20260723221638.pdf,4,S3,AUG26,17,211.0,211.0,13625.0,13625.0,True,True
raw/midcurves/midcurve54_20260723221638.pdf,4,S3,SEP26,18,0.0,0,117821.0,117821.0,True,True
raw/midcurves/midcurve54_20260723221638.pdf,4,S3,OCT26,19,0.0,0,2696.0,2696.0,True,True
raw/midcurves/midcurve54_20260723221638.pdf,4,S3,NOV26,20,0.0,0,1094.0,1094.0,True,True
raw/midcurves/midcurve54_20260723221638.pdf,4,S3,DEC26,21,0.0,0,65884.0,65884.0,True,True
raw/midcurves/midcurve54_20260723221638.pdf,4,S3,MAR27,22,0.0,0,40647.0,40647.0,True,True
raw/midcurves/midcurve54_20260723221638.pdf,4,S3,JUN27,23,0.0,0,30.0,30.0,True,True
raw/midcurves/midcurve53_20260724222612.pdf,1,S0,AUG26,1,29223.0,29223.0,217982.0,217982.0,True,True
raw/midcurves/midcurve53_20260724222612.pdf,2,S0,SEP26,2,6500.0,6500.0,1263403.0,1263403.0,True,True
raw/midcurves/midcurve53_20260724222612.pdf,2,S0,OCT26,3,0.0,0,38000.0,38000.0,True,True
raw/midcurves/midcurve53_20260724222612.pdf,2,S0,NOV26,4,0.0,0,18742.0,18742.0,True,True
raw/midcurves/midcurve53_20260724222612.pdf,2,S0,DEC26,5,22300.0,22300.0,1167562.0,1167562.0,True,True
raw/midcurves/midcurve53_20260724222612.pdf,2,S0,MAR27,6,500.0,500.0,131707.0,131707.0,True,True
raw/midcurves/midcurve53_20260724222612.pdf,2,S0,JUN27,7,0.0,0,20586.0,20586.0,True,True
raw/midcurves/midcurve53_20260724222612.pdf,3,S0W,JUL26,8,8750.0,8750.0,5050.0,5050.0,True,True
raw/midcurves/midcurve53_20260724222612.pdf,3,S2,AUG26,9,0.0,0,161691.0,161691.0,True,True
raw/midcurves/midcurve53_20260724222612.pdf,3,S2,SEP26,10,2000.0,2000.0,276283.0,276283.0,True,True
raw/midcurves/midcurve53_20260724222612.pdf,3,S2,OCT26,11,0.0,0,18788.0,18788.0,True,True
raw/midcurves/midcurve53_20260724222612.pdf,3,S2,NOV26,12,0.0,0,3028.0,3028.0,True,True
raw/midcurves/midcurve53_20260724222612.pdf,3,S2,DEC26,13,4000.0,4000.0,312675.0,312675.0,True,True
raw/midcurves/midcurve53_20260724222612.pdf,3,S2,JAN27,14,0.0,0,2500.0,2500.0,True,True
raw/midcurves/midcurve53_20260724222612.pdf,4,S2,MAR27,15,1386.0,1386.0,39401.0,39401.0,True,True
raw/midcurves/midcurve53_20260724222612.pdf,4,S2,JUN27,16,2350.0,2350.0,14027.0,14027.0,True,True
raw/midcurves/midcurve53_20260724222612.pdf,4,S3,AUG26,17,0.0,0,43286.0,43286.0,True,True
raw/midcurves/midcurve53_20260724222612.pdf,4,S3,SEP26,18,0.0,0,103745.0,103745.0,True,True
raw/midcurves/midcurve53_20260724222612.pdf,4,S3,OCT26,19,0.0,0,375.0,375.0,True,True
raw/midcurves/midcurve53_20260724222612.pdf,4,S3,NOV26,20,0.0,0,5242.0,5242.0,True,True
raw/midcurves/midcurve53_20260724222612.pdf,4,S3,DEC26,21,0.0,0,57479.0,57479.0,True,True
raw/midcurves/midcurve53_20260724222612.pdf,4,S3,MAR27,22,0.0,0,7220.0,7220.0,True,True
raw/midcurves/midcurve53_20260724222612.pdf,4,S3,JUN27,23,0.0,0,6236.0,6236.0,True,True
raw/midcurves/midcurve54_20260724222612.pdf,1,S0,AUG26,1,13273.0,13273.0,161205.0,161205.0,True,True
raw/midcurves/midcurve54_20260724222612.pdf,1,S0,SEP26,2,6000.0,6000.0,807064.0,807064.0,True,True
raw/midcurves/midcurve54_20260724222612.pdf,1,S0,OCT26,3,0.0,0,317765.0,317765.0,True,True
raw/midcurves/midcurve54_20260724222612.pdf,2,S0,NOV26,4,0.0,0,24784.0,24784.0,True,True
raw/midcurves/midcurve54_20260724222612.pdf,2,S0,DEC26,5,24550.0,24550.0,567636.0,567636.0,True,True
raw/midcurves/midcurve54_20260724222612.pdf,2,S0,MAR27,6,500.0,500.0,87149.0,87149.0,True,True
raw/midcurves/midcurve54_20260724222612.pdf,2,S0,JUN27,7,0.0,0,36848.0,36848.0,True,True
raw/midcurves/midcurve54_20260724222612.pdf,2,S0W,JUL26,8,13000.0,13000.0,3704.0,3704.0,True,True
raw/midcurves/midcurve54_20260724222612.pdf,2,S2,AUG26,9,0.0,0,107978.0,107978.0,True,True
raw/midcurves/midcurve54_20260724222612.pdf,3,S2,SEP26,10,11800.0,11800.0,310027.0,310027.0,True,True
raw/midcurves/midcurve54_20260724222612.pdf,3,S2,OCT26,11,0.0,0,20960.0,20960.0,True,True
raw/midcurves/midcurve54_20260724222612.pdf,3,S2,NOV26,12,0.0,0,4202.0,4202.0,True,True
raw/midcurves/midcurve54_20260724222612.pdf,3,S2,DEC26,13,3500.0,3500.0,236667.0,236667.0,True,True
raw/midcurves/midcurve54_20260724222612.pdf,3,S2,JAN27,14,0.0,0,2500.0,2500.0,True,True
raw/midcurves/midcurve54_20260724222612.pdf,3,S2,MAR27,15,1386.0,1386.0,16502.0,16502.0,True,True
raw/midcurves/midcurve54_20260724222612.pdf,3,S2,JUN27,16,2350.0,2350.0,15972.0,15972.0,True,True
raw/midcurves/midcurve54_20260724222612.pdf,4,S3,AUG26,17,250.0,250.0,13525.0,13525.0,True,True
raw/midcurves/midcurve54_20260724222612.pdf,4,S3,SEP26,18,2000.0,2000.0,116971.0,116971.0,True,True
raw/midcurves/midcurve54_20260724222612.pdf,4,S3,OCT26,19,0.0,0,2696.0,2696.0,True,True
raw/midcurves/midcurve54_20260724222612.pdf,4,S3,NOV26,20,0.0,0,1094.0,1094.0,True,True
raw/midcurves/midcurve54_20260724222612.pdf,4,S3,DEC26,21,9110.0,9110.0,73605.0,73605.0,True,True
raw/midcurves/midcurve54_20260724222612.pdf,4,S3,MAR27,22,0.0,0,40647.0,40647.0,True,True
raw/midcurves/midcurve54_20260724222612.pdf,4,S3,JUN27,23,0.0,0,30.0,30.0,True,True
raw/midcurves/midcurve53_20260727222456.pdf,1,S0,AUG26,1,1186.0,1186.0,218920.0,218920.0,True,True
raw/midcurves/midcurve53_20260727222456.pdf,2,S0,SEP26,2,2250.0,2250.0,1263843.0,1263843.0,True,True
raw/midcurves/midcurve53_20260727222456.pdf,2,S0,OCT26,3,0.0,0,38531.0,38531.0,True,True
raw/midcurves/midcurve53_20260727222456.pdf,2,S0,NOV26,4,0.0,0,18742.0,18742.0,True,True
raw/midcurves/midcurve53_20260727222456.pdf,2,S0,DEC26,5,5000.0,5000.0,1296414.0,1296414.0,True,True
raw/midcurves/midcurve53_20260727222456.pdf,2,S0,MAR27,6,4860.0,4860.0,137707.0,137707.0,True,True
raw/midcurves/midcurve53_20260727222456.pdf,2,S0,JUN27,7,0.0,0,21586.0,21586.0,True,True
raw/midcurves/midcurve53_20260727222456.pdf,3,S0W,JUL26,8,1500.0,1500.0,4425.0,4425.0,True,True
raw/midcurves/midcurve53_20260727222456.pdf,3,S2,AUG26,9,2153.0,2153.0,159933.0,159933.0,True,True
raw/midcurves/midcurve53_20260727222456.pdf,3,S2,SEP26,10,0.0,0,276183.0,276183.0,True,True
raw/midcurves/midcurve53_20260727222456.pdf,3,S2,OCT26,11,0.0,0,18788.0,18788.0,True,True
raw/midcurves/midcurve53_20260727222456.pdf,3,S2,NOV26,12,0.0,0,3028.0,3028.0,True,True
raw/midcurves/midcurve53_20260727222456.pdf,3,S2,DEC26,13,0.0,0,311805.0,311805.0,True,True
raw/midcurves/midcurve53_20260727222456.pdf,3,S2,JAN27,14,0.0,0,2500.0,2500.0,True,True
raw/midcurves/midcurve53_20260727222456.pdf,4,S2,MAR27,15,0.0,0,39401.0,39401.0,True,True
raw/midcurves/midcurve53_20260727222456.pdf,4,S2,JUN27,16,0.0,0,14027.0,14027.0,True,True
raw/midcurves/midcurve53_20260727222456.pdf,4,S3,AUG26,17,0.0,0,43286.0,43286.0,True,True
raw/midcurves/midcurve53_20260727222456.pdf,4,S3,SEP26,18,0.0,0,107231.0,107231.0,True,True
raw/midcurves/midcurve53_20260727222456.pdf,4,S3,OCT26,19,0.0,0,625.0,625.0,True,True
raw/midcurves/midcurve53_20260727222456.pdf,4,S3,NOV26,20,0.0,0,5242.0,5242.0,True,True
raw/midcurves/midcurve53_20260727222456.pdf,4,S3,DEC26,21,2250.0,2250.0,56179.0,56179.0,True,True
raw/midcurves/midcurve53_20260727222456.pdf,4,S3,MAR27,22,0.0,0,7220.0,7220.0,True,True
raw/midcurves/midcurve53_20260727222456.pdf,4,S3,JUN27,23,0.0,0,6236.0,6236.0,True,True
raw/midcurves/midcurve54_20260727222456.pdf,1,S0,AUG26,1,12436.0,12436.0,163374.0,163374.0,True,True
raw/midcurves/midcurve54_20260727222456.pdf,1,S0,SEP26,2,4250.0,4250.0,815292.0,815292.0,True,True
raw/midcurves/midcurve54_20260727222456.pdf,1,S0,OCT26,3,20000.0,20000.0,301357.0,301357.0,True,True
raw/midcurves/midcurve54_20260727222456.pdf,2,S0,NOV26,4,0.0,0,24784.0,24784.0,True,True
raw/midcurves/midcurve54_20260727222456.pdf,2,S0,DEC26,5,4400.0,4400.0,577066.0,577066.0,True,True
raw/midcurves/midcurve54_20260727222456.pdf,2,S0,MAR27,6,2000.0,2000.0,88849.0,88849.0,True,True
raw/midcurves/midcurve54_20260727222456.pdf,2,S0,JUN27,7,0.0,0,36848.0,36848.0,True,True
raw/midcurves/midcurve54_20260727222456.pdf,2,S0W,JUL26,8,0.0,0,2500.0,2500.0,True,True
raw/midcurves/midcurve54_20260727222456.pdf,2,S2,AUG26,9,153.0,153.0,108131.0,108131.0,True,True
raw/midcurves/midcurve54_20260727222456.pdf,3,S2,SEP26,10,0.0,0,310027.0,310027.0,True,True
raw/midcurves/midcurve54_20260727222456.pdf,3,S2,OCT26,11,0.0,0,20960.0,20960.0,True,True
raw/midcurves/midcurve54_20260727222456.pdf,3,S2,NOV26,12,0.0,0,4202.0,4202.0,True,True
raw/midcurves/midcurve54_20260727222456.pdf,3,S2,DEC26,13,1500.0,1500.0,238313.0,238313.0,True,True
raw/midcurves/midcurve54_20260727222456.pdf,3,S2,JAN27,14,0.0,0,2500.0,2500.0,True,True
raw/midcurves/midcurve54_20260727222456.pdf,3,S2,MAR27,15,0.0,0,16502.0,16502.0,True,True
raw/midcurves/midcurve54_20260727222456.pdf,3,S2,JUN27,16,0.0,0,15972.0,15972.0,True,True
raw/midcurves/midcurve54_20260727222456.pdf,4,S3,AUG26,17,0.0,0,13125.0,13125.0,True,True
raw/midcurves/midcurve54_20260727222456.pdf,4,S3,SEP26,18,4788.0,4788.0,115221.0,115221.0,True,True
raw/midcurves/midcurve54_20260727222456.pdf,4,S3,OCT26,19,0.0,0,2696.0,2696.0,True,True
raw/midcurves/midcurve54_20260727222456.pdf,4,S3,NOV26,20,0.0,0,1094.0,1094.0,True,True
raw/midcurves/midcurve54_20260727222456.pdf,4,S3,DEC26,21,3650.0,3650.0,77071.0,77071.0,True,True
raw/midcurves/midcurve54_20260727222456.pdf,4,S3,MAR27,22,0.0,0,40647.0,40647.0,True,True
raw/midcurves/midcurve54_20260727222456.pdf,4,S3,JUN27,23,0.0,0,30.0,30.0,True,True
raw/midcurves/midcurve54_20260730223215.pdf,1,S0,AUG26,1,30905.0,30905.0,191289.0,191289.0,True,True
raw/midcurves/midcurve54_20260730223215.pdf,1,S0,SEP26,2,15200.0,15200.0,832433.0,832433.0,True,True
raw/midcurves/midcurve54_20260730223215.pdf,1,S0,OCT26,3,8000.0,8000.0,312835.0,312835.0,True,True
raw/midcurves/midcurve54_20260730223215.pdf,2,S0,NOV26,4,0.0,0,24835.0,24835.0,True,True
raw/midcurves/midcurve54_20260730223215.pdf,2,S0,DEC26,5,20500.0,20500.0,576598.0,576598.0,True,True
raw/midcurves/midcurve54_20260730223215.pdf,2,S0,MAR27,6,0.0,0,93508.0,93508.0,True,True
raw/midcurves/midcurve54_20260730223215.pdf,2,S0,JUN27,7,0.0,0,37546.0,37546.0,True,True
raw/midcurves/midcurve54_20260730223215.pdf,2,S0W,JUL26,8,54300.0,54300.0,27700.0,27700.0,True,True
raw/midcurves/midcurve54_20260730223215.pdf,2,S2,AUG26,9,6074.0,6074.0,102662.0,102662.0,True,True
raw/midcurves/midcurve54_20260730223215.pdf,3,S2,SEP26,10,4885.0,4885.0,308212.0,308212.0,True,True
raw/midcurves/midcurve54_20260730223215.pdf,3,S2,OCT26,11,1350.0,1350.0,22410.0,22410.0,True,True
raw/midcurves/midcurve54_20260730223215.pdf,3,S2,NOV26,12,0.0,0,4202.0,4202.0,True,True
raw/midcurves/midcurve54_20260730223215.pdf,3,S2,DEC26,13,44950.0,44950.0,234849.0,234849.0,True,True
raw/midcurves/midcurve54_20260730223215.pdf,3,S2,JAN27,14,0.0,0,2500.0,2500.0,True,True
raw/midcurves/midcurve54_20260730223215.pdf,3,S2,MAR27,15,0.0,0,16502.0,16502.0,True,True
raw/midcurves/midcurve54_20260730223215.pdf,3,S2,JUN27,16,500.0,500.0,17221.0,17221.0,True,True
raw/midcurves/midcurve54_20260730223215.pdf,4,S3,AUG26,17,0.0,0,13125.0,13125.0,True,True
raw/midcurves/midcurve54_20260730223215.pdf,4,S3,SEP26,18,0.0,0,115821.0,115821.0,True,True
raw/midcurves/midcurve54_20260730223215.pdf,4,S3,OCT26,19,0.0,0,2696.0,2696.0,True,True
raw/midcurves/midcurve54_20260730223215.pdf,4,S3,NOV26,20,0.0,0,1094.0,1094.0,True,True
raw/midcurves/midcurve54_20260730223215.pdf,4,S3,DEC26,21,900.0,900.0,83321.0,83321.0,True,True
raw/midcurves/midcurve54_20260730223215.pdf,4,S3,MAR27,22,0.0,0,40647.0,40647.0,True,True
raw/midcurves/midcurve54_20260730223215.pdf,4,S3,JUN27,23,0.0,0,30.0,30.0,True,True
raw/midcurves/midcurve53_20260731223621.pdf,1,S0,AUG26,1,17079.0,17079.0,236802.0,236802.0,True,True
raw/midcurves/midcurve53_20260731223621.pdf,2,S0,SEP26,2,6000.0,6000.0,1268880.0,1268880.0,True,True
raw/midcurves/midcurve53_20260731223621.pdf,2,S0,OCT26,3,1000.0,1000.0,41765.0,41765.0,True,True
raw/midcurves/midcurve53_20260731223621.pdf,2,S0,NOV26,4,0.0,0,18876.0,18876.0,True,True
raw/midcurves/midcurve53_20260731223621.pdf,2,S0,DEC26,5,5500.0,5500.0,1292598.0,1292598.0,True,True
raw/midcurves/midcurve53_20260731223621.pdf,2,S0,MAR27,6,1250.0,1250.0,139014.0,139014.0,True,True
raw/midcurves/midcurve53_20260731223621.pdf,2,S0,JUN27,7,0.0,0,22284.0,22284.0,True,True
raw/midcurves/midcurve53_20260731223621.pdf,3,S0W,JUL26,8,0.0,0,8275.0,8275.0,True,True
raw/midcurves/midcurve53_20260731223621.pdf,3,S2,AUG26,9,1141.0,1141.0,161277.0,161277.0,True,True
raw/midcurves/midcurve53_20260731223621.pdf,3,S2,SEP26,10,0.0,0,280596.0,280596.0,True,True
raw/midcurves/midcurve53_20260731223621.pdf,3,S2,OCT26,11,0.0,0,20158.0,20158.0,True,True
raw/midcurves/midcurve53_20260731223621.pdf,3,S2,NOV26,12,0.0,0,3028.0,3028.0,True,True
raw/midcurves/midcurve53_20260731223621.pdf,3,S2,DEC26,13,32500.0,32500.0,351690.0,351690.0,True,True
raw/midcurves/midcurve53_20260731223621.pdf,3,S2,JAN27,14,0.0,0,2500.0,2500.0,True,True
raw/midcurves/midcurve53_20260731223621.pdf,4,S2,MAR27,15,0.0,0,39414.0,39414.0,True,True
raw/midcurves/midcurve53_20260731223621.pdf,4,S2,JUN27,16,1750.0,1750.0,16325.0,16325.0,True,True
raw/midcurves/midcurve53_20260731223621.pdf,4,S3,AUG26,17,250.0,250.0,42226.0,42226.0,True,True
raw/midcurves/midcurve53_20260731223621.pdf,4,S3,SEP26,18,500.0,500.0,107503.0,107503.0,True,True
raw/midcurves/midcurve53_20260731223621.pdf,4,S3,OCT26,19,0.0,0,725.0,725.0,True,True
raw/midcurves/midcurve53_20260731223621.pdf,4,S3,NOV26,20,0.0,0,5242.0,5242.0,True,True
raw/midcurves/midcurve53_20260731223621.pdf,4,S3,DEC26,21,0.0,0,55646.0,55646.0,True,True
raw/midcurves/midcurve53_20260731223621.pdf,4,S3,MAR27,22,0.0,0,7220.0,7220.0,True,True
raw/midcurves/midcurve53_20260731223621.pdf,4,S3,JUN27,23,0.0,0,6236.0,6236.0,True,True
raw/midcurves/midcurve54_20260731223621.pdf,1,S0,AUG26,1,26550.0,26550.0,179499.0,179499.0,True,True
raw/midcurves/midcurve54_20260731223621.pdf,1,S0,SEP26,2,10500.0,10500.0,829628.0,829628.0,True,True
raw/midcurves/midcurve54_20260731223621.pdf,1,S0,OCT26,3,1000.0,1000.0,313233.0,313233.0,True,True
raw/midcurves/midcurve54_20260731223621.pdf,2,S0,NOV26,4,0.0,0,24910.0,24910.0,True,True
raw/midcurves/midcurve54_20260731223621.pdf,2,S0,DEC26,5,1500.0,1500.0,578418.0,578418.0,True,True
raw/midcurves/midcurve54_20260731223621.pdf,2,S0,MAR27,6,0.0,0,93258.0,93258.0,True,True
raw/midcurves/midcurve54_20260731223621.pdf,2,S0,JUN27,7,0.0,0,37823.0,37823.0,True,True
raw/midcurves/midcurve54_20260731223621.pdf,2,S0W,JUL26,8,1500.0,1500.0,28600.0,28600.0,True,True
raw/midcurves/midcurve54_20260731223621.pdf,2,S2,AUG26,9,13891.0,13891.0,93123.0,93123.0,True,True
raw/midcurves/midcurve54_20260731223621.pdf,3,S2,SEP26,10,10000.0,10000.0,300846.0,300846.0,True,True
raw/midcurves/midcurve54_20260731223621.pdf,3,S2,OCT26,11,0.0,0,22605.0,22605.0,True,True
raw/midcurves/midcurve54_20260731223621.pdf,3,S2,NOV26,12,0.0,0,4702.0,4702.0,True,True
raw/midcurves/midcurve54_20260731223621.pdf,3,S2,DEC26,13,32500.0,32500.0,264078.0,264078.0,True,True
raw/midcurves/midcurve54_20260731223621.pdf,3,S2,JAN27,14,0.0,0,2500.0,2500.0,True,True
raw/midcurves/midcurve54_20260731223621.pdf,3,S2,MAR27,15,0.0,0,16502.0,16502.0,True,True
raw/midcurves/midcurve54_20260731223621.pdf,3,S2,JUN27,16,1750.0,1750.0,17970.0,17970.0,True,True
raw/midcurves/midcurve54_20260731223621.pdf,4,S3,AUG26,17,250.0,250.0,11970.0,11970.0,True,True
raw/midcurves/midcurve54_20260731223621.pdf,4,S3,SEP26,18,4500.0,4500.0,118396.0,118396.0,True,True
raw/midcurves/midcurve54_20260731223621.pdf,4,S3,OCT26,19,0.0,0,2896.0,2896.0,True,True
raw/midcurves/midcurve54_20260731223621.pdf,4,S3,NOV26,20,0.0,0,1094.0,1094.0,True,True
raw/midcurves/midcurve54_20260731223621.pdf,4,S3,DEC26,21,0.0,0,83424.0,83424.0,True,True
raw/midcurves/midcurve54_20260731223621.pdf,4,S3,MAR27,22,0.0,0,40647.0,40647.0,True,True
raw/midcurves/midcurve54_20260731223621.pdf,4,S3,JUN27,23,0.0,0,30.0,30.0,True,True
raw/midcurves/midcurve54_20260804222312.pdf,1,S0,AUG26,1,800.0,800.0,181712.0,181712.0,True,True
raw/midcurves/midcurve54_20260804222312.pdf,1,S0,SEP26,2,29509.0,29509.0,930157.0,930157.0,True,True
raw/midcurves/midcurve54_20260804222312.pdf,1,S0,OCT26,3,2892.0,2892.0,306683.0,306683.0,True,True
raw/midcurves/midcurve54_20260804222312.pdf,2,S0,NOV26,4,0.0,0,24955.0,24955.0,True,True
raw/midcurves/midcurve54_20260804222312.pdf,2,S0,DEC26,5,11750.0,11750.0,572620.0,572620.0,True,True
raw/midcurves/midcurve54_20260804222312.pdf,2,S0,MAR27,6,0.0,0,93582.0,93582.0,True,True
raw/midcurves/midcurve54_20260804222312.pdf,2,S0,JUN27,7,0.0,0,53544.0,53544.0,True,True
raw/midcurves/midcurve54_20260804222312.pdf,2,S0W,JUL26,8,0.0,0,0.0,0,True,True
raw/midcurves/midcurve54_20260804222312.pdf,2,S2,AUG26,9,0.0,0,98704.0,98704.0,True,True
raw/midcurves/midcurve54_20260804222312.pdf,3,S2,SEP26,10,6429.0,6429.0,298684.0,298684.0,True,True
raw/midcurves/midcurve54_20260804222312.pdf,3,S2,OCT26,11,0.0,0,22605.0,22605.0,True,True
raw/midcurves/midcurve54_20260804222312.pdf,3,S2,NOV26,12,0.0,0,5102.0,5102.0,True,True
raw/midcurves/midcurve54_20260804222312.pdf,3,S2,DEC26,13,3500.0,3500.0,292597.0,292597.0,True,True
raw/midcurves/midcurve54_20260804222312.pdf,3,S2,JAN27,14,0.0,0,5500.0,5500.0,True,True
raw/midcurves/midcurve54_20260804222312.pdf,3,S2,MAR27,15,0.0,0,16916.0,16916.0,True,True
raw/midcurves/midcurve54_20260804222312.pdf,3,S2,JUN27,16,0.0,0,17826.0,17826.0,True,True
raw/midcurves/midcurve54_20260804222312.pdf,4,S3,AUG26,17,0.0,0,12230.0,12230.0,True,True
raw/midcurves/midcurve54_20260804222312.pdf,4,S3,SEP26,18,2400.0,2400.0,116950.0,116950.0,True,True
raw/midcurves/midcurve54_20260804222312.pdf,4,S3,OCT26,19,0.0,0,4009.0,4009.0,True,True
raw/midcurves/midcurve54_20260804222312.pdf,4,S3,NOV26,20,0.0,0,2094.0,2094.0,True,True
raw/midcurves/midcurve54_20260804222312.pdf,4,S3,DEC26,21,0.0,0,83264.0,83264.0,True,True
raw/midcurves/midcurve54_20260804222312.pdf,4,S3,MAR27,22,0.0,0,40647.0,40647.0,True,True
raw/midcurves/midcurve54_20260804222312.pdf,4,S3,JUN27,23,0.0,0,30.0,30.0,True,True
raw/midcurves/midcurve53_20260805222427.pdf,1,S0,AUG26,1,30300.0,30300.0,236103.0,236103.0,True,True
raw/midcurves/midcurve53_20260805222427.pdf,2,S0,SEP26,2,18825.0,18825.0,1262866.0,1262866.0,True,True
raw/midcurves/midcurve53_20260805222427.pdf,2,S0,OCT26,3,0.0,0,42045.0,42045.0,True,True
raw/midcurves/midcurve53_20260805222427.pdf,2,S0,NOV26,4,0.0,0,27891.0,27891.0,True,True
raw/midcurves/midcurve53_20260805222427.pdf,2,S0,DEC26,5,11500.0,11500.0,1291966.0,1291966.0,True,True
raw/midcurves/midcurve53_20260805222427.pdf,2,S0,MAR27,6,3000.0,3000.0,143791.0,143791.0,True,True
raw/midcurves/midcurve53_20260805222427.pdf,3,S0,JUN27,7,0.0,0,27609.0,27609.0,True,True
raw/midcurves/midcurve53_20260805222427.pdf,3,S0W,AUG26,8,0.0,0,125.0,125.0,True,True
raw/midcurves/midcurve53_20260805222427.pdf,3,S2,AUG26,9,20000.0,20000.0,148200.0,148200.0,True,True
raw/midcurves/midcurve53_20260805222427.pdf,3,S2,SEP26,10,5071.0,5071.0,287441.0,287441.0,True,True
raw/midcurves/midcurve53_20260805222427.pdf,3,S2,OCT26,11,0.0,0,20408.0,20408.0,True,True
raw/midcurves/midcurve53_20260805222427.pdf,3,S2,NOV26,12,0.0,0,3628.0,3628.0,True,True
raw/midcurves/midcurve53_20260805222427.pdf,3,S2,DEC26,13,6500.0,6500.0,374504.0,374504.0,True,True
raw/midcurves/midcurve53_20260805222427.pdf,4,S2,JAN27,14,0.0,0,5500.0,5500.0,True,True
raw/midcurves/midcurve53_20260805222427.pdf,4,S2,MAR27,15,0.0,0,39922.0,39922.0,True,True
raw/midcurves/midcurve53_20260805222427.pdf,4,S2,JUN27,16,500.0,500.0,16181.0,16181.0,True,True
raw/midcurves/midcurve53_20260805222427.pdf,4,S3,AUG26,17,900.0,900.0,45426.0,45426.0,True,True
raw/midcurves/midcurve53_20260805222427.pdf,4,S3,SEP26,18,4050.0,4050.0,110670.0,110670.0,True,True
raw/midcurves/midcurve53_20260805222427.pdf,4,S3,OCT26,19,0.0,0,725.0,725.0,True,True
raw/midcurves/midcurve53_20260805222427.pdf,4,S3,NOV26,20,0.0,0,5242.0,5242.0,True,True
raw/midcurves/midcurve53_20260805222427.pdf,4,S3,DEC26,21,2000.0,2000.0,56733.0,56733.0,True,True
raw/midcurves/midcurve53_20260805222427.pdf,4,S3,MAR27,22,0.0,0,7220.0,7220.0,True,True
raw/midcurves/midcurve53_20260805222427.pdf,4,S3,JUN27,23,0.0,0,10236.0,10236.0,True,True
raw/midcurves/midcurve54_20260805222427.pdf,1,S0,AUG26,1,10500.0,10500.0,191487.0,191487.0,True,True
raw/midcurves/midcurve54_20260805222427.pdf,1,S0,SEP26,2,4175.0,4175.0,930184.0,930184.0,True,True
raw/midcurves/midcurve54_20260805222427.pdf,1,S0,OCT26,3,11000.0,11000.0,316958.0,316958.0,True,True
raw/midcurves/midcurve54_20260805222427.pdf,2,S0,NOV26,4,0.0,0,25258.0,25258.0,True,True
raw/midcurves/midcurve54_20260805222427.pdf,2,S0,DEC26,5,2700.0,2700.0,574170.0,574170.0,True,True
raw/midcurves/midcurve54_20260805222427.pdf,2,S0,MAR27,6,0.0,0,93582.0,93582.0,True,True
raw/midcurves/midcurve54_20260805222427.pdf,2,S0,JUN27,7,0.0,0,53544.0,53544.0,True,True
raw/midcurves/midcurve54_20260805222427.pdf,2,S2,AUG26,8,1550.0,1550.0,99374.0,99374.0,True,True
raw/midcurves/midcurve54_20260805222427.pdf,3,S2,SEP26,9,2521.0,2521.0,300705.0,300705.0,True,True
raw/midcurves/midcurve54_20260805222427.pdf,3,S2,OCT26,10,0.0,0,22605.0,22605.0,True,True
raw/midcurves/midcurve54_20260805222427.pdf,3,S2,NOV26,11,0.0,0,5102.0,5102.0,True,True
raw/midcurves/midcurve54_20260805222427.pdf,3,S2,DEC26,12,1250.0,1250.0,293847.0,293847.0,True,True
raw/midcurves/midcurve54_20260805222427.pdf,3,S2,JAN27,13,0.0,0,5500.0,5500.0,True,True
raw/midcurves/midcurve54_20260805222427.pdf,3,S2,MAR27,14,0.0,0,17318.0,17318.0,True,True
raw/midcurves/midcurve54_20260805222427.pdf,3,S2,JUN27,15,500.0,500.0,17826.0,17826.0,True,True
raw/midcurves/midcurve54_20260805222427.pdf,4,S3,AUG26,16,0.0,0,12230.0,12230.0,True,True
raw/midcurves/midcurve54_20260805222427.pdf,4,S3,SEP26,17,1000.0,1000.0,115731.0,115731.0,True,True
raw/midcurves/midcurve54_20260805222427.pdf,4,S3,OCT26,18,0.0,0,4009.0,4009.0,True,True
raw/midcurves/midcurve54_20260805222427.pdf,4,S3,NOV26,19,0.0,0,2094.0,2094.0,True,True
raw/midcurves/midcurve54_20260805222427.pdf,4,S3,DEC26,20,0.0,0,83264.0,83264.0,True,True
raw/midcurves/midcurve54_20260805222427.pdf,4,S3,MAR27,21,0.0,0,40647.0,40647.0,True,True
raw/midcurves/midcurve54_20260805222427.pdf,4,S3,JUN27,22,0.0,0,30.0,30.0,True,True
raw/midcurves/midcurve53_20260807011642.pdf,1,S0,AUG26,1,6750.0,6750.0,241328.0,241328.0,True,True
raw/midcurves/midcurve53_20260807011642.pdf,2,S0,SEP26,2,66167.0,66167.0,1231917.0,1231917.0,True,True
raw/midcurves/midcurve53_20260807011642.pdf,2,S0,OCT26,3,0.0,0,42045.0,42045.0,True,True
raw/midcurves/midcurve53_20260807011642.pdf,2,S0,NOV26,4,750.0,750.0,28641.0,28641.0,True,True
raw/midcurves/midcurve53_20260807011642.pdf,2,S0,DEC26,5,500.0,500.0,1292728.0,1292728.0,True,True
raw/midcurves/midcurve53_20260807011642.pdf,2,S0,MAR27,6,4750.0,4750.0,147750.0,147750.0,True,True
raw/midcurves/midcurve53_20260807011642.pdf,3,S0,JUN27,7,200.0,200.0,27344.0,27344.0,True,True
raw/midcurves/midcurve53_20260807011642.pdf,3,S0W,AUG26,8,0.0,0,125.0,125.0,True,True
raw/midcurves/midcurve53_20260807011642.pdf,3,S2,AUG26,9,8000.0,8000.0,155656.0,155656.0,True,True
raw/midcurves/midcurve53_20260807011642.pdf,3,S2,SEP26,10,0.0,0,286707.0,286707.0,True,True
raw/midcurves/midcurve53_20260807011642.pdf,3,S2,OCT26,11,0.0,0,20408.0,20408.0,True,True
raw/midcurves/midcurve53_20260807011642.pdf,3,S2,NOV26,12,0.0,0,3628.0,3628.0,True,True
raw/midcurves/midcurve53_20260807011642.pdf,3,S2,DEC26,13,4744.0,4744.0,379504.0,379504.0,True,True
raw/midcurves/midcurve53_20260807011642.pdf,4,S2,JAN27,14,0.0,0,5500.0,5500.0,True,True
raw/midcurves/midcurve53_20260807011642.pdf,4,S2,MAR27,15,14000.0,14000.0,56144.0,56144.0,True,True
raw/midcurves/midcurve53_20260807011642.pdf,4,S2,JUN27,16,2400.0,2400.0,16599.0,16599.0,True,True
raw/midcurves/midcurve53_20260807011642.pdf,4,S3,AUG26,17,0.0,0,45426.0,45426.0,True,True
raw/midcurves/midcurve53_20260807011642.pdf,4,S3,SEP26,18,0.0,0,111095.0,111095.0,True,True
raw/midcurves/midcurve53_20260807011642.pdf,4,S3,OCT26,19,0.0,0,1225.0,1225.0,True,True
raw/midcurves/midcurve53_20260807011642.pdf,4,S3,NOV26,20,0.0,0,5242.0,5242.0,True,True
raw/midcurves/midcurve53_20260807011642.pdf,4,S3,DEC26,21,0.0,0,56733.0,56733.0,True,True
raw/midcurves/midcurve53_20260807011642.pdf,4,S3,MAR27,22,0.0,0,7220.0,7220.0,True,True
raw/midcurves/midcurve53_20260807011642.pdf,4,S3,JUN27,23,0.0,0,10261.0,10261.0,True,True
raw/midcurves/midcurve54_20260807011642.pdf,1,S0,AUG26,1,27875.0,27875.0,201773.0,201773.0,True,True
raw/midcurves/midcurve54_20260807011642.pdf,1,S0,SEP26,2,2000.0,2000.0,928805.0,928805.0,True,True
raw/midcurves/midcurve54_20260807011642.pdf,1,S0,OCT26,3,0.0,0,316958.0,316958.0,True,True
raw/midcurves/midcurve54_20260807011642.pdf,2,S0,NOV26,4,750.0,750.0,26008.0,26008.0,True,True
raw/midcurves/midcurve54_20260807011642.pdf,2,S0,DEC26,5,1500.0,1500.0,574483.0,574483.0,True,True
raw/midcurves/midcurve54_20260807011642.pdf,2,S0,MAR27,6,0.0,0,93582.0,93582.0,True,True
raw/midcurves/midcurve54_20260807011642.pdf,2,S0,JUN27,7,200.0,200.0,53446.0,53446.0,True,True
raw/midcurves/midcurve54_20260807011642.pdf,2,S2,AUG26,8,5000.0,5000.0,103847.0,103847.0,True,True
raw/midcurves/midcurve54_20260807011642.pdf,3,S2,SEP26,9,2500.0,2500.0,298610.0,298610.0,True,True
raw/midcurves/midcurve54_20260807011642.pdf,3,S2,OCT26,10,0.0,0,22605.0,22605.0,True,True
raw/midcurves/midcurve54_20260807011642.pdf,3,S2,NOV26,11,0.0,0,5102.0,5102.0,True,True
raw/midcurves/midcurve54_20260807011642.pdf,3,S2,DEC26,12,0.0,0,293847.0,293847.0,True,True
raw/midcurves/midcurve54_20260807011642.pdf,3,S2,JAN27,13,0.0,0,5500.0,5500.0,True,True
raw/midcurves/midcurve54_20260807011642.pdf,3,S2,MAR27,14,0.0,0,17318.0,17318.0,True,True
raw/midcurves/midcurve54_20260807011642.pdf,3,S2,JUN27,15,2400.0,2400.0,19076.0,19076.0,True,True
raw/midcurves/midcurve54_20260807011642.pdf,4,S3,AUG26,16,0.0,0,12230.0,12230.0,True,True
raw/midcurves/midcurve54_20260807011642.pdf,4,S3,SEP26,17,1000.0,1000.0,115281.0,115281.0,True,True
raw/midcurves/midcurve54_20260807011642.pdf,4,S3,OCT26,18,0.0,0,4509.0,4509.0,True,True
raw/midcurves/midcurve54_20260807011642.pdf,4,S3,NOV26,19,0.0,0,2094.0,2094.0,True,True
raw/midcurves/midcurve54_20260807011642.pdf,4,S3,DEC26,20,0.0,0,83264.0,83264.0,True,True
raw/midcurves/midcurve54_20260807011642.pdf,4,S3,MAR27,21,0.0,0,40647.0,40647.0,True,True
raw/midcurves/midcurve54_20260807011642.pdf,4,S3,JUN27,22,0.0,0,30.0,30.0,True,True
raw/midcurves/midcurve53_20260814213949.pdf,1,S0,AUG26,1,7500.0,7500.0,231794.0,231794.0,True,True
raw/midcurves/midcurve53_20260814213949.pdf,2,S0,SEP26,2,11500.0,11500.0,1270569.0,1270569.0,True,True
raw/midcurves/midcurve53_20260814213949.pdf,2,S0,OCT26,3,0.0,0,46837.0,46837.0,True,True
raw/midcurves/midcurve53_20260814213949.pdf,2,S0,NOV26,4,73000.0,73000.0,142601.0,142601.0,True,True
raw/midcurves/midcurve53_20260814213949.pdf,2,S0,DEC26,5,104500.0,104500.0,1373502.0,1373502.0,True,True
raw/midcurves/midcurve53_20260814213949.pdf,2,S0,MAR27,6,5600.0,5600.0,161540.0,161540.0,True,True
raw/midcurves/midcurve53_20260814213949.pdf,3,S0,JUN27,7,0.0,0,27053.0,27053.0,True,True
raw/midcurves/midcurve53_20260814213949.pdf,3,S2,AUG26,8,100.0,100.0,141681.0,141681.0,True,True
raw/midcurves/midcurve53_20260814213949.pdf,3,S2,SEP26,9,0.0,0,308169.0,308169.0,True,True
raw/midcurves/midcurve53_20260814213949.pdf,3,S2,OCT26,10,0.0,0,21046.0,21046.0,True,True
raw/midcurves/midcurve53_20260814213949.pdf,3,S2,NOV26,11,0.0,0,3628.0,3628.0,True,True
raw/midcurves/midcurve53_20260814213949.pdf,3,S2,DEC26,12,1400.0,1400.0,449843.0,449843.0,True,True
raw/midcurves/midcurve53_20260814213949.pdf,3,S2,JAN27,13,350.0,350.0,5600.0,5600.0,True,True
raw/midcurves/midcurve53_20260814213949.pdf,4,S2,MAR27,14,5000.0,5000.0,93667.0,93667.0,True,True
raw/midcurves/midcurve53_20260814213949.pdf,4,S2,JUN27,15,0.0,0,18299.0,18299.0,True,True
raw/midcurves/midcurve53_20260814213949.pdf,4,S3,AUG26,16,6000.0,6000.0,48279.0,48279.0,True,True
raw/midcurves/midcurve53_20260814213949.pdf,4,S3,SEP26,17,4500.0,4500.0,129218.0,129218.0,True,True
raw/midcurves/midcurve53_20260814213949.pdf,4,S3,OCT26,18,0.0,0,12679.0,12679.0,True,True
raw/midcurves/midcurve53_20260814213949.pdf,4,S3,NOV26,19,0.0,0,5242.0,5242.0,True,True
raw/midcurves/midcurve53_20260814213949.pdf,4,S3,DEC26,20,0.0,0,57857.0,57857.0,True,True
raw/midcurves/midcurve53_20260814213949.pdf,4,S3,MAR27,21,750.0,750.0,8313.0,8313.0,True,True
raw/midcurves/midcurve53_20260814213949.pdf,4,S3,JUN27,22,0.0,0,10740.0,10740.0,True,True
raw/midcurves/midcurve54_20260814213949.pdf,1,S0,AUG26,1,1700.0,1700.0,178338.0,178338.0,True,True
raw/midcurves/midcurve54_20260814213949.pdf,1,S0,SEP26,2,19850.0,19850.0,910224.0,910224.0,True,True
raw/midcurves/midcurve54_20260814213949.pdf,1,S0,OCT26,3,16000.0,16000.0,317593.0,317593.0,True,True
raw/midcurves/midcurve54_20260814213949.pdf,2,S0,NOV26,4,1956.0,1956.0,33204.0,33204.0,True,True
raw/midcurves/midcurve54_20260814213949.pdf,2,S0,DEC26,5,37500.0,37500.0,604309.0,604309.0,True,True
raw/midcurves/midcurve54_20260814213949.pdf,2,S0,MAR27,6,5350.0,5350.0,97501.0,97501.0,True,True
raw/midcurves/midcurve54_20260814213949.pdf,2,S0,JUN27,7,4300.0,4300.0,49728.0,49728.0,True,True
raw/midcurves/midcurve54_20260814213949.pdf,2,S0W,AUG26,8,0.0,0,30.0,30.0,True,True
raw/midcurves/midcurve54_20260814213949.pdf,2,S2,AUG26,9,2700.0,2700.0,125965.0,125965.0,True,True
raw/midcurves/midcurve54_20260814213949.pdf,3,S2,SEP26,10,0.0,0,309256.0,309256.0,True,True
raw/midcurves/midcurve54_20260814213949.pdf,3,S2,OCT26,11,0.0,0,23696.0,23696.0,True,True
raw/midcurves/midcurve54_20260814213949.pdf,3,S2,NOV26,12,0.0,0,5102.0,5102.0,True,True
raw/midcurves/midcurve54_20260814213949.pdf,3,S2,DEC26,13,500.0,500.0,306148.0,306148.0,True,True
raw/midcurves/midcurve54_20260814213949.pdf,3,S2,JAN27,14,350.0,350.0,9600.0,9600.0,True,True
raw/midcurves/midcurve54_20260814213949.pdf,3,S2,MAR27,15,5000.0,5000.0,39868.0,39868.0,True,True
raw/midcurves/midcurve54_20260814213949.pdf,4,S2,JUN27,16,0.0,0,21776.0,21776.0,True,True
raw/midcurves/midcurve54_20260814213949.pdf,4,S3,AUG26,17,0.0,0,16206.0,16206.0,True,True
raw/midcurves/midcurve54_20260814213949.pdf,4,S3,SEP26,18,5000.0,5000.0,104387.0,104387.0,True,True
raw/midcurves/midcurve54_20260814213949.pdf,4,S3,OCT26,19,0.0,0,8912.0,8912.0,True,True
raw/midcurves/midcurve54_20260814213949.pdf,4,S3,NOV26,20,0.0,0,2160.0,2160.0,True,True
raw/midcurves/midcurve54_20260814213949.pdf,4,S3,DEC26,21,0.0,0,83263.0,83263.0,True,True
raw/midcurves/midcurve54_20260814213949.pdf,4,S3,MAR27,22,750.0,750.0,43882.0,43882.0,True,True
raw/midcurves/midcurve54_20260814213949.pdf,4,S3,JUN27,23,0.0,0,430.0,430.0,True,True
raw/midcurves/midcurve53_20260817214334.pdf,1,S0,AUG26,1,7398.0,7398.0,0.0,0,True,True
raw/midcurves/midcurve53_20260817214334.pdf,2,S0,SEP26,2,2235.0,2235.0,1282043.0,1282043.0,True,True
raw/midcurves/midcurve53_20260817214334.pdf,2,S0,OCT26,3,0.0,0,46883.0,46883.0,True,True
raw/midcurves/midcurve53_20260817214334.pdf,2,S0,NOV26,4,0.0,0,142857.0,142857.0,True,True
raw/midcurves/midcurve53_20260817214334.pdf,2,S0,DEC26,5,5660.0,5660.0,1375359.0,1375359.0,True,True
raw/midcurves/midcurve53_20260817214334.pdf,2,S0,MAR27,6,3000.0,3000.0,162909.0,162909.0,True,True
raw/midcurves/midcurve53_20260817214334.pdf,3,S0,JUN27,7,1910.0,1910.0,28963.0,28963.0,True,True
raw/midcurves/midcurve53_20260817214334.pdf,3,S0W,AUG26,8,0.0,0,110.0,110.0,True,True
raw/midcurves/midcurve53_20260817214334.pdf,3,S2,AUG26,9,0.0,0,0.0,0,True,True
raw/midcurves/midcurve53_20260817214334.pdf,3,S2,SEP26,10,0.0,0,307659.0,307659.0,True,True
raw/midcurves/midcurve53_20260817214334.pdf,3,S2,OCT26,11,0.0,0,21046.0,21046.0,True,True
raw/midcurves/midcurve53_20260817214334.pdf,3,S2,NOV26,12,0.0,0,3628.0,3628.0,True,True
raw/midcurves/midcurve53_20260817214334.pdf,4,S2,DEC26,13,500.0,500.0,449843.0,449843.0,True,True
raw/midcurves/midcurve53_20260817214334.pdf,4,S2,JAN27,14,0.0,0,5600.0,5600.0,True,True
raw/midcurves/midcurve53_20260817214334.pdf,4,S2,MAR27,15,20000.0,20000.0,109109.0,109109.0,True,True
raw/midcurves/midcurve53_20260817214334.pdf,4,S2,JUN27,16,0.0,0,18299.0,18299.0,True,True
raw/midcurves/midcurve53_20260817214334.pdf,4,S3,AUG26,17,6000.0,6000.0,0.0,0,True,True
raw/midcurves/midcurve53_20260817214334.pdf,4,S3,SEP26,18,500.0,500.0,130040.0,130040.0,True,True
raw/midcurves/midcurve53_20260817214334.pdf,4,S3,OCT26,19,0.0,0,12679.0,12679.0,True,True
raw/midcurves/midcurve53_20260817214334.pdf,4,S3,NOV26,20,0.0,0,5242.0,5242.0,True,True
raw/midcurves/midcurve53_20260817214334.pdf,4,S3,DEC26,21,1750.0,1750.0,56757.0,56757.0,True,True
raw/midcurves/midcurve53_20260817214334.pdf,4,S3,MAR27,22,500.0,500.0,8563.0,8563.0,True,True
raw/midcurves/midcurve53_20260817214334.pdf,5,S3,JUN27,23,0.0,0,10740.0,10740.0,True,True
raw/midcurves/midcurve54_20260817214334.pdf,1,S0,AUG26,1,3748.0,3748.0,0.0,0,True,True
raw/midcurves/midcurve54_20260817214334.pdf,1,S0,SEP26,2,7035.0,7035.0,931351.0,931351.0,True,True
raw/midcurves/midcurve54_20260817214334.pdf,1,S0,OCT26,3,5500.0,5500.0,321950.0,321950.0,True,True
raw/midcurves/midcurve54_20260817214334.pdf,2,S0,NOV26,4,0.0,0,33411.0,33411.0,True,True
raw/midcurves/midcurve54_20260817214334.pdf,2,S0,DEC26,5,9660.0,9660.0,605711.0,605711.0,True,True
raw/midcurves/midcurve54_20260817214334.pdf,2,S0,MAR27,6,2200.0,2200.0,98301.0,98301.0,True,True
raw/midcurves/midcurve54_20260817214334.pdf,2,S0,JUN27,7,1910.0,1910.0,51538.0,51538.0,True,True
raw/midcurves/midcurve54_20260817214334.pdf,2,S0W,AUG26,8,0.0,0,70.0,70.0,True,True
raw/midcurves/midcurve54_20260817214334.pdf,3,S2,AUG26,9,0.0,0,0.0,0,True,True
raw/midcurves/midcurve54_20260817214334.pdf,3,S2,SEP26,10,0.0,0,308880.0,308880.0,True,True
raw/midcurves/midcurve54_20260817214334.pdf,3,S2,OCT26,11,0.0,0,23737.0,23737.0,True,True
raw/midcurves/midcurve54_20260817214334.pdf,3,S2,NOV26,12,0.0,0,5102.0,5102.0,True,True
raw/midcurves/midcurve54_20260817214334.pdf,3,S2,DEC26,13,500.0,500.0,305817.0,305817.0,True,True
raw/midcurves/midcurve54_20260817214334.pdf,3,S2,JAN27,14,0.0,0,9600.0,9600.0,True,True
raw/midcurves/midcurve54_20260817214334.pdf,3,S2,MAR27,15,20000.0,20000.0,59868.0,59868.0,True,True
raw/midcurves/midcurve54_20260817214334.pdf,4,S2,JUN27,16,0.0,0,21776.0,21776.0,True,True
raw/midcurves/midcurve54_20260817214334.pdf,4,S3,AUG26,17,0.0,0,0.0,0,True,True
raw/midcurves/midcurve54_20260817214334.pdf,4,S3,SEP26,18,4500.0,4500.0,102637.0,102637.0,True,True
raw/midcurves/midcurve54_20260817214334.pdf,4,S3,OCT26,19,8290.0,8290.0,17202.0,17202.0,True,True
raw/midcurves/midcurve54_20260817214334.pdf,4,S3,NOV26,20,0.0,0,2160.0,2160.0,True,True
raw/midcurves/midcurve54_20260817214334.pdf,4,S3,DEC26,21,1750.0,1750.0,82613.0,82613.0,True,True
raw/midcurves/midcurve54_20260817214334.pdf,4,S3,MAR27,22,500.0,500.0,44382.0,44382.0,True,True
raw/midcurves/midcurve54_20260817214334.pdf,4,S3,JUN27,23,0.0,0,430.0,430.0,True,True
raw/midcurves/midcurve53_20260818213726.pdf,1,S0,AUG26,1,0.0,0,0.0,0,True,True
raw/midcurves/midcurve53_20260818213726.pdf,1,S0,SEP26,2,704.0,704.0,1284194.0,1284194.0,True,True
raw/midcurves/midcurve53_20260818213726.pdf,2,S0,OCT26,3,12500.0,12500.0,57797.0,57797.0,True,True
raw/midcurves/midcurve53_20260818213726.pdf,2,S0,NOV26,4,3000.0,3000.0,152094.0,152094.0,True,True
raw/midcurves/midcurve53_20260818213726.pdf,2,S0,DEC26,5,6652.0,6652.0,1381822.0,1381822.0,True,True
raw/midcurves/midcurve53_20260818213726.pdf,2,S0,JAN27,6,0.0,0,1.0,1.0,True,True
raw/midcurves/midcurve53_20260818213726.pdf,2,S0,MAR27,7,5500.0,5500.0,170469.0,170469.0,True,True
raw/midcurves/midcurve53_20260818213726.pdf,2,S0,JUN27,8,0.0,0,28963.0,28963.0,True,True
raw/midcurves/midcurve53_20260818213726.pdf,2,S0W,AUG26,9,1000.0,1000.0,1110.0,1110.0,True,True
raw/midcurves/midcurve53_20260818213726.pdf,3,S2,AUG26,10,0.0,0,0.0,0,True,True
raw/midcurves/midcurve53_20260818213726.pdf,3,S2,SEP26,11,521.0,521.0,307583.0,307583.0,True,True
raw/midcurves/midcurve53_20260818213726.pdf,3,S2,OCT26,12,0.0,0,21046.0,21046.0,True,True
raw/midcurves/midcurve53_20260818213726.pdf,3,S2,NOV26,13,0.0,0,3628.0,3628.0,True,True
raw/midcurves/midcurve53_20260818213726.pdf,3,S2,DEC26,14,0.0,0,449843.0,449843.0,True,True
raw/midcurves/midcurve53_20260818213726.pdf,3,S2,JAN27,15,0.0,0,5600.0,5600.0,True,True
raw/midcurves/midcurve53_20260818213726.pdf,3,S2,MAR27,16,1400.0,1400.0,110261.0,110261.0,True,True
raw/midcurves/midcurve53_20260818213726.pdf,4,S2,JUN27,17,0.0,0,18299.0,18299.0,True,True
raw/midcurves/midcurve53_20260818213726.pdf,4,S3,AUG26,18,0.0,0,0.0,0,True,True
raw/midcurves/midcurve53_20260818213726.pdf,4,S3,SEP26,19,313.0,313.0,130353.0,130353.0,True,True
raw/midcurves/midcurve53_20260818213726.pdf,4,S3,OCT26,20,0.0,0,12679.0,12679.0,True,True
raw/midcurves/midcurve53_20260818213726.pdf,4,S3,NOV26,21,0.0,0,5242.0,5242.0,True,True
raw/midcurves/midcurve53_20260818213726.pdf,4,S3,DEC26,22,500.0,500.0,56757.0,56757.0,True,True
raw/midcurves/midcurve53_20260818213726.pdf,4,S3,MAR27,23,0.0,0,8563.0,8563.0,True,True
raw/midcurves/midcurve53_20260818213726.pdf,4,S3,JUN27,24,0.0,0,10740.0,10740.0,True,True
raw/midcurves/midcurve54_20260818213726.pdf,1,S0,AUG26,1,0.0,0,0.0,0,True,True
raw/midcurves/midcurve54_20260818213726.pdf,1,S0,SEP26,2,3704.0,3704.0,932389.0,932389.0,True,True
raw/midcurves/midcurve54_20260818213726.pdf,1,S0,OCT26,3,0.0,0,321950.0,321950.0,True,True
raw/midcurves/midcurve54_20260818213726.pdf,1,S0,NOV26,4,3000.0,3000.0,35441.0,35441.0,True,True
raw/midcurves/midcurve54_20260818213726.pdf,2,S0,DEC26,5,152.0,152.0,605838.0,605838.0,True,True
raw/midcurves/midcurve54_20260818213726.pdf,2,S0,JAN27,6,0.0,0,600.0,600.0,True,True
raw/midcurves/midcurve54_20260818213726.pdf,2,S0,MAR27,7,250.0,250.0,98301.0,98301.0,True,True
raw/midcurves/midcurve54_20260818213726.pdf,2,S0,JUN27,8,0.0,0,51538.0,51538.0,True,True
raw/midcurves/midcurve54_20260818213726.pdf,2,S0W,AUG26,9,0.0,0,70.0,70.0,True,True
raw/midcurves/midcurve54_20260818213726.pdf,2,S2,AUG26,10,0.0,0,0.0,0,True,True
raw/midcurves/midcurve54_20260818213726.pdf,3,S2,SEP26,11,2971.0,2971.0,307668.0,307668.0,True,True
raw/midcurves/midcurve54_20260818213726.pdf,3,S2,OCT26,12,0.0,0,24145.0,24145.0,True,True
raw/midcurves/midcurve54_20260818213726.pdf,3,S2,NOV26,13,0.0,0,5102.0,5102.0,True,True
raw/midcurves/midcurve54_20260818213726.pdf,3,S2,DEC26,14,0.0,0,305817.0,305817.0,True,True
raw/midcurves/midcurve54_20260818213726.pdf,3,S2,JAN27,15,0.0,0,9600.0,9600.0,True,True
raw/midcurves/midcurve54_20260818213726.pdf,3,S2,MAR27,16,250.0,250.0,60118.0,60118.0,True,True
raw/midcurves/midcurve54_20260818213726.pdf,3,S2,JUN27,17,0.0,0,21776.0,21776.0,True,True
raw/midcurves/midcurve54_20260818213726.pdf,4,S3,AUG26,18,0.0,0,0.0,0,True,True
raw/midcurves/midcurve54_20260818213726.pdf,4,S3,SEP26,19,313.0,313.0,103318.0,103318.0,True,True
raw/midcurves/midcurve54_20260818213726.pdf,4,S3,OCT26,20,0.0,0,17069.0,17069.0,True,True
raw/midcurves/midcurve54_20260818213726.pdf,4,S3,NOV26,21,0.0,0,2160.0,2160.0,True,True
raw/midcurves/midcurve54_20260818213726.pdf,4,S3,DEC26,22,0.0,0,83037.0,83037.0,True,True
raw/midcurves/midcurve54_20260818213726.pdf,4,S3,MAR27,23,0.0,0,44382.0,44382.0,True,True
raw/midcurves/midcurve54_20260818213726.pdf,4,S3,JUN27,24,0.0,0,430.0,430.0,True,True
raw/midcurves/midcurve53_20260819213811.pdf,1,S0,SEP26,1,10122.0,10122.0,1290604.0,1290604.0,True,True
raw/midcurves/midcurve53_20260819213811.pdf,1,S0,OCT26,2,12000.0,12000.0,69496.0,69496.0,True,True
raw/midcurves/midcurve53_20260819213811.pdf,2,S0,NOV26,3,13250.0,13250.0,189977.0,189977.0,True,True
raw/midcurves/midcurve53_20260819213811.pdf,2,S0,DEC26,4,18800.0,18800.0,1409311.0,1409311.0,True,True
raw/midcurves/midcurve53_20260819213811.pdf,2,S0,JAN27,5,0.0,0,1.0,1.0,True,True
raw/midcurves/midcurve53_20260819213811.pdf,2,S0,MAR27,6,20650.0,20650.0,186835.0,186835.0,True,True
raw/midcurves/midcurve53_20260819213811.pdf,2,S0,JUN27,7,0.0,0,28963.0,28963.0,True,True
raw/midcurves/midcurve53_20260819213811.pdf,2,S0,SEP27,8,200.0,200.0,200.0,200.0,True,True
raw/midcurves/midcurve53_20260819213811.pdf,2,S0W,AUG26,9,0.0,0,1110.0,1110.0,True,True
raw/midcurves/midcurve53_20260819213811.pdf,3,S2,SEP26,10,521.0,521.0,307869.0,307869.0,True,True
raw/midcurves/midcurve53_20260819213811.pdf,3,S2,OCT26,11,0.0,0,21298.0,21298.0,True,True
raw/midcurves/midcurve53_20260819213811.pdf,3,S2,NOV26,12,0.0,0,3628.0,3628.0,True,True
raw/midcurves/midcurve53_20260819213811.pdf,3,S2,DEC26,13,17250.0,17250.0,459240.0,459240.0,True,True
raw/midcurves/midcurve53_20260819213811.pdf,3,S2,JAN27,14,0.0,0,5600.0,5600.0,True,True
raw/midcurves/midcurve53_20260819213811.pdf,3,S2,MAR27,15,800.0,800.0,110986.0,110986.0,True,True
raw/midcurves/midcurve53_20260819213811.pdf,3,S2,JUN27,16,2800.0,2800.0,20749.0,20749.0,True,True
raw/midcurves/midcurve53_20260819213811.pdf,4,S3,SEP26,17,313.0,313.0,130666.0,130666.0,True,True
raw/midcurves/midcurve53_20260819213811.pdf,4,S3,OCT26,18,800.0,800.0,13479.0,13479.0,True,True
raw/midcurves/midcurve53_20260819213811.pdf,4,S3,NOV26,19,0.0,0,5242.0,5242.0,True,True
raw/midcurves/midcurve53_20260819213811.pdf,4,S3,DEC26,20,6075.0,6075.0,61894.0,61894.0,True,True
raw/midcurves/midcurve53_20260819213811.pdf,4,S3,MAR27,21,0.0,0,8563.0,8563.0,True,True
raw/midcurves/midcurve53_20260819213811.pdf,4,S3,JUN27,22,800.0,800.0,11440.0,11440.0,True,True
raw/midcurves/midcurve54_20260819213811.pdf,1,S0,SEP26,1,17922.0,17922.0,933390.0,933390.0,True,True
raw/midcurves/midcurve54_20260819213811.pdf,1,S0,OCT26,2,0.0,0,322060.0,322060.0,True,True
raw/midcurves/midcurve54_20260819213811.pdf,1,S0,NOV26,3,5250.0,5250.0,39107.0,39107.0,True,True
raw/midcurves/midcurve54_20260819213811.pdf,2,S0,DEC26,4,9132.0,9132.0,618111.0,618111.0,True,True
raw/midcurves/midcurve54_20260819213811.pdf,2,S0,JAN27,5,0.0,0,600.0,600.0,True,True
raw/midcurves/midcurve54_20260819213811.pdf,2,S0,MAR27,6,4650.0,4650.0,100220.0,100220.0,True,True
raw/midcurves/midcurve54_20260819213811.pdf,2,S0,JUN27,7,0.0,0,51538.0,51538.0,True,True
raw/midcurves/midcurve54_20260819213811.pdf,2,S0,SEP27,8,200.0,200.0,200.0,200.0,True,True
raw/midcurves/midcurve54_20260819213811.pdf,2,S0W,AUG26,9,0.0,0,70.0,70.0,True,True
raw/midcurves/midcurve54_20260819213811.pdf,2,S2,SEP26,10,3021.0,3021.0,307381.0,307381.0,True,True
raw/midcurves/midcurve54_20260819213811.pdf,3,S2,OCT26,11,0.0,0,24145.0,24145.0,True,True
raw/midcurves/midcurve54_20260819213811.pdf,3,S2,NOV26,12,0.0,0,5102.0,5102.0,True,True
raw/midcurves/midcurve54_20260819213811.pdf,3,S2,DEC26,13,10250.0,10250.0,316252.0,316252.0,True,True
raw/midcurves/midcurve54_20260819213811.pdf,3,S2,JAN27,14,0.0,0,9600.0,9600.0,True,True
raw/midcurves/midcurve54_20260819213811.pdf,3,S2,MAR27,15,800.0,800.0,60843.0,60843.0,True,True
raw/midcurves/midcurve54_20260819213811.pdf,3,S2,JUN27,16,2800.0,2800.0,23876.0,23876.0,True,True
raw/midcurves/midcurve54_20260819213811.pdf,3,S3,SEP26,17,313.0,313.0,102738.0,102738.0,True,True
raw/midcurves/midcurve54_20260819213811.pdf,3,S3,OCT26,18,800.0,800.0,17469.0,17469.0,True,True
raw/midcurves/midcurve54_20260819213811.pdf,4,S3,NOV26,19,0.0,0,2160.0,2160.0,True,True
raw/midcurves/midcurve54_20260819213811.pdf,4,S3,DEC26,20,0.0,0,83037.0,83037.0,True,True
raw/midcurves/midcurve54_20260819213811.pdf,4,S3,MAR27,21,0.0,0,44382.0,44382.0,True,True
raw/midcurves/midcurve54_20260819213811.pdf,4,S3,JUN27,22,800.0,800.0,1130.0,1130.0,True,True
raw/midcurves/midcurve53_20260827020756.pdf,1,S0,SEP26,1,16217.0,16217.0,1280070.0,1280070.0,True,True
raw/midcurves/midcurve53_20260827020756.pdf,1,S0,OCT26,2,0.0,0,128323.0,128323.0,True,True
raw/midcurves/midcurve53_20260827020756.pdf,2,S0,NOV26,3,0.0,0,196479.0,196479.0,True,True
raw/midcurves/midcurve53_20260827020756.pdf,2,S0,DEC26,4,5000.0,5000.0,1434346.0,1434346.0,True,True
raw/midcurves/midcurve53_20260827020756.pdf,2,S0,JAN27,5,0.0,0,151.0,151.0,True,True
raw/midcurves/midcurve53_20260827020756.pdf,2,S0,MAR27,6,1350.0,1350.0,199753.0,199753.0,True,True
raw/midcurves/midcurve53_20260827020756.pdf,2,S0,JUN27,7,0.0,0,31202.0,31202.0,True,True
raw/midcurves/midcurve53_20260827020756.pdf,2,S0,SEP27,8,0.0,0,1200.0,1200.0,True,True
raw/midcurves/midcurve53_20260827020756.pdf,2,S0W,AUG26,9,0.0,0,45.0,45.0,True,True
raw/midcurves/midcurve53_20260827020756.pdf,3,S2,SEP26,10,489.0,489.0,306513.0,306513.0,True,True
raw/midcurves/midcurve53_20260827020756.pdf,3,S2,OCT26,11,1000.0,1000.0,22341.0,22341.0,True,True
raw/midcurves/midcurve53_20260827020756.pdf,3,S2,NOV26,12,0.0,0,3628.0,3628.0,True,True
raw/midcurves/midcurve53_20260827020756.pdf,3,S2,DEC26,13,2400.0,2400.0,490136.0,490136.0,True,True
raw/midcurves/midcurve53_20260827020756.pdf,3,S2,JAN27,14,0.0,0,5600.0,5600.0,True,True
raw/midcurves/midcurve53_20260827020756.pdf,3,S2,MAR27,15,450.0,450.0,113752.0,113752.0,True,True
raw/midcurves/midcurve53_20260827020756.pdf,3,S2,JUN27,16,900.0,900.0,21372.0,21372.0,True,True
raw/midcurves/midcurve53_20260827020756.pdf,4,S3,SEP26,17,103.0,103.0,133722.0,133722.0,True,True
raw/midcurves/midcurve53_20260827020756.pdf,4,S3,OCT26,18,0.0,0,16081.0,16081.0,True,True
raw/midcurves/midcurve53_20260827020756.pdf,4,S3,NOV26,19,0.0,0,5242.0,5242.0,True,True
raw/midcurves/midcurve53_20260827020756.pdf,4,S3,DEC26,20,2000.0,2000.0,68043.0,68043.0,True,True
raw/midcurves/midcurve53_20260827020756.pdf,4,S3,MAR27,21,1125.0,1125.0,10788.0,10788.0,True,True
raw/midcurves/midcurve53_20260827020756.pdf,4,S3,JUN27,22,0.0,0,12973.0,12973.0,True,True
raw/midcurves/midcurve54_20260827020756.pdf,1,S0,SEP26,1,26204.0,26204.0,914274.0,914274.0,True,True
raw/midcurves/midcurve54_20260827020756.pdf,1,S0,OCT26,2,500.0,500.0,336929.0,336929.0,True,True
raw/midcurves/midcurve54_20260827020756.pdf,1,S0,NOV26,3,0.0,0,40623.0,40623.0,True,True
raw/midcurves/midcurve54_20260827020756.pdf,2,S0,DEC26,4,6150.0,6150.0,617742.0,617742.0,True,True
raw/midcurves/midcurve54_20260827020756.pdf,2,S0,JAN27,5,0.0,0,1179.0,1179.0,True,True
raw/midcurves/midcurve54_20260827020756.pdf,2,S0,MAR27,6,1350.0,1350.0,106577.0,106577.0,True,True
raw/midcurves/midcurve54_20260827020756.pdf,2,S0,JUN27,7,0.0,0,53805.0,53805.0,True,True
raw/midcurves/midcurve54_20260827020756.pdf,2,S0,SEP27,8,0.0,0,1200.0,1200.0,True,True
raw/midcurves/midcurve54_20260827020756.pdf,2,S0W,AUG26,9,0.0,0,35.0,35.0,True,True
raw/midcurves/midcurve54_20260827020756.pdf,2,S0W,SEP26,10,0.0,0,10.0,10.0,True,True
raw/midcurves/midcurve54_20260827020756.pdf,2,S2,SEP26,11,489.0,489.0,304950.0,304950.0,True,True
raw/midcurves/midcurve54_20260827020756.pdf,3,S2,OCT26,12,500.0,500.0,35085.0,35085.0,True,True
raw/midcurves/midcurve54_20260827020756.pdf,3,S2,NOV26,13,0.0,0,5102.0,5102.0,True,True
raw/midcurves/midcurve54_20260827020756.pdf,3,S2,DEC26,14,1000.0,1000.0,320421.0,320421.0,True,True
raw/midcurves/midcurve54_20260827020756.pdf,3,S2,JAN27,15,0.0,0,9800.0,9800.0,True,True
raw/midcurves/midcurve54_20260827020756.pdf,3,S2,MAR27,16,450.0,450.0,62759.0,62759.0,True,True
raw/midcurves/midcurve54_20260827020756.pdf,3,S2,JUN27,17,900.0,900.0,24176.0,24176.0,True,True
raw/midcurves/midcurve54_20260827020756.pdf,3,S3,SEP26,18,103.0,103.0,103442.0,103442.0,True,True
raw/midcurves/midcurve54_20260827020756.pdf,3,S3,OCT26,19,0.0,0,17790.0,17790.0,True,True
raw/midcurves/midcurve54_20260827020756.pdf,4,S3,NOV26,20,0.0,0,4410.0,4410.0,True,True
raw/midcurves/midcurve54_20260827020756.pdf,4,S3,DEC26,21,1000.0,1000.0,82757.0,82757.0,True,True
raw/midcurves/midcurve54_20260827020756.pdf,4,S3,MAR27,22,1125.0,1125.0,46308.0,46308.0,True,True
raw/midcurves/midcurve54_20260827020756.pdf,4,S3,JUN27,23,0.0,0,2350.0,2350.0,True,True
raw/midcurves/midcurve54_20260828050543.pdf,1,S0,SEP26,1,8247.0,8247.0,917241.0,917241.0,True,True
raw/midcurves/midcurve54_20260828050543.pdf,1,S0,OCT26,2,0.0,0,336929.0,336929.0,True,True
raw/midcurves/midcurve54_20260828050543.pdf,1,S0,NOV26,3,0.0,0,40623.0,40623.0,True,True
raw/midcurves/midcurve54_20260828050543.pdf,2,S0,DEC26,4,2000.0,2000.0,619692.0,619692.0,True,True
raw/midcurves/midcurve54_20260828050543.pdf,2,S0,JAN27,5,0.0,0,1179.0,1179.0,True,True
raw/midcurves/midcurve54_20260828050543.pdf,2,S0,MAR27,6,350.0,350.0,106827.0,106827.0,True,True
raw/midcurves/midcurve54_20260828050543.pdf,2,S0,JUN27,7,1000.0,1000.0,54705.0,54705.0,True,True
raw/midcurves/midcurve54_20260828050543.pdf,2,S0,SEP27,8,0.0,0,1200.0,1200.0,True,True
raw/midcurves/midcurve54_20260828050543.pdf,2,S0W,AUG26,9,0.0,0,35.0,35.0,True,True
raw/midcurves/midcurve54_20260828050543.pdf,2,S0W,SEP26,10,0.0,0,10.0,10.0,True,True
raw/midcurves/midcurve54_20260828050543.pdf,2,S2,SEP26,11,2321.0,2321.0,303877.0,303877.0,True,True
raw/midcurves/midcurve54_20260828050543.pdf,3,S2,OCT26,12,0.0,0,35085.0,35085.0,True,True
raw/midcurves/midcurve54_20260828050543.pdf,3,S2,NOV26,13,0.0,0,5102.0,5102.0,True,True
raw/midcurves/midcurve54_20260828050543.pdf,3,S2,DEC26,14,0.0,0,320418.0,320418.0,True,True
raw/midcurves/midcurve54_20260828050543.pdf,3,S2,JAN27,15,0.0,0,9800.0,9800.0,True,True
raw/midcurves/midcurve54_20260828050543.pdf,3,S2,MAR27,16,2500.0,2500.0,65159.0,65159.0,True,True
raw/midcurves/midcurve54_20260828050543.pdf,3,S2,JUN27,17,0.0,0,24176.0,24176.0,True,True
raw/midcurves/midcurve54_20260828050543.pdf,3,S3,SEP26,18,0.0,0,103442.0,103442.0,True,True
raw/midcurves/midcurve54_20260828050543.pdf,3,S3,OCT26,19,900.0,900.0,18014.0,18014.0,True,True
raw/midcurves/midcurve54_20260828050543.pdf,4,S3,NOV26,20,0.0,0,4410.0,4410.0,True,True
raw/midcurves/midcurve54_20260828050543.pdf,4,S3,DEC26,21,500.0,500.0,83157.0,83157.0,True,True
raw/midcurves/midcurve54_20260828050543.pdf,4,S3,MAR27,22,100.0,100.0,46408.0,46408.0,True,True
raw/midcurves/midcurve54_20260828050543.pdf,4,S3,JUN27,23,0.0,0,2350.0,2350.0,True,True
raw/midcurves/midcurve53_20260829031926.pdf,1,S0,SEP26,1,10457.0,10457.0,1275456.0,1275456.0,True,True
raw/midcurves/midcurve53_20260829031926.pdf,1,S0,OCT26,2,850.0,850.0,131176.0,131176.0,True,True
raw/midcurves/midcurve53_20260829031926.pdf,2,S0,NOV26,3,4750.0,4750.0,193381.0,193381.0,True,True
raw/midcurves/midcurve53_20260829031926.pdf,2,S0,DEC26,4,0.0,0,1451397.0,1451397.0,True,True
raw/midcurves/midcurve53_20260829031926.pdf,2,S0,JAN27,5,0.0,0,251.0,251.0,True,True
raw/midcurves/midcurve53_20260829031926.pdf,2,S0,MAR27,6,0.0,0,200003.0,200003.0,True,True
raw/midcurves/midcurve53_20260829031926.pdf,2,S0,JUN27,7,1000.0,1000.0,33322.0,33322.0,True,True
raw/midcurves/midcurve53_20260829031926.pdf,2,S0,SEP27,8,0.0,0,1200.0,1200.0,True,True
raw/midcurves/midcurve53_20260829031926.pdf,2,S0W,AUG26,9,0.0,0,45.0,45.0,True,True
raw/midcurves/midcurve53_20260829031926.pdf,2,S0W,SEP26,10,0.0,0,35.0,35.0,True,True
raw/midcurves/midcurve53_20260829031926.pdf,3,S2,SEP26,11,521.0,521.0,311113.0,311113.0,True,True
raw/midcurves/midcurve53_20260829031926.pdf,3,S2,OCT26,12,0.0,0,22289.0,22289.0,True,True
raw/midcurves/midcurve53_20260829031926.pdf,3,S2,NOV26,13,0.0,0,4628.0,4628.0,True,True
raw/midcurves/midcurve53_20260829031926.pdf,3,S2,DEC26,14,0.0,0,490136.0,490136.0,True,True
raw/midcurves/midcurve53_20260829031926.pdf,3,S2,JAN27,15,0.0,0,5600.0,5600.0,True,True
raw/midcurves/midcurve53_20260829031926.pdf,3,S2,MAR27,16,2000.0,2000.0,117452.0,117452.0,True,True
raw/midcurves/midcurve53_20260829031926.pdf,4,S2,JUN27,17,600.0,600.0,21992.0,21992.0,True,True
raw/midcurves/midcurve53_20260829031926.pdf,4,S3,SEP26,18,6000.0,6000.0,128722.0,128722.0,True,True
raw/midcurves/midcurve53_20260829031926.pdf,4,S3,OCT26,19,0.0,0,16451.0,16451.0,True,True
raw/midcurves/midcurve53_20260829031926.pdf,4,S3,NOV26,20,0.0,0,5242.0,5242.0,True,True
raw/midcurves/midcurve53_20260829031926.pdf,4,S3,DEC26,21,0.0,0,68443.0,68443.0,True,True
raw/midcurves/midcurve53_20260829031926.pdf,4,S3,MAR27,22,0.0,0,10888.0,10888.0,True,True
raw/midcurves/midcurve53_20260829031926.pdf,4,S3,JUN27,23,0.0,0,13248.0,13248.0,True,True
raw/midcurves/midcurve54_20260829031926.pdf,1,S0,SEP26,1,657.0,657.0,897641.0,897641.0,True,True
raw/midcurves/midcurve54_20260829031926.pdf,1,S0,OCT26,2,850.0,850.0,337334.0,337334.0,True,True
raw/midcurves/midcurve54_20260829031926.pdf,1,S0,NOV26,3,3000.0,3000.0,37326.0,37326.0,True,True
raw/midcurves/midcurve54_20260829031926.pdf,2,S0,DEC26,4,500.0,500.0,618944.0,618944.0,True,True
raw/midcurves/midcurve54_20260829031926.pdf,2,S0,JAN27,5,0.0,0,1279.0,1279.0,True,True
raw/midcurves/midcurve54_20260829031926.pdf,2,S0,MAR27,6,0.0,0,106827.0,106827.0,True,True
raw/midcurves/midcurve54_20260829031926.pdf,2,S0,JUN27,7,500.0,500.0,55205.0,55205.0,True,True
raw/midcurves/midcurve54_20260829031926.pdf,2,S0,SEP27,8,0.0,0,1200.0,1200.0,True,True
raw/midcurves/midcurve54_20260829031926.pdf,2,S0W,AUG26,9,0.0,0,35.0,35.0,True,True
raw/midcurves/midcurve54_20260829031926.pdf,2,S0W,SEP26,10,0.0,0,10.0,10.0,True,True
raw/midcurves/midcurve54_20260829031926.pdf,2,S2,SEP26,11,16521.0,16521.0,305379.0,305379.0,True,True
raw/midcurves/midcurve54_20260829031926.pdf,3,S2,OCT26,12,6000.0,6000.0,32085.0,32085.0,True,True
raw/midcurves/midcurve54_20260829031926.pdf,3,S2,NOV26,13,0.0,0,6102.0,6102.0,True,True
raw/midcurves/midcurve54_20260829031926.pdf,3,S2,DEC26,14,0.0,0,320418.0,320418.0,True,True
raw/midcurves/midcurve54_20260829031926.pdf,3,S2,JAN27,15,0.0,0,9800.0,9800.0,True,True
raw/midcurves/midcurve54_20260829031926.pdf,3,S2,MAR27,16,2000.0,2000.0,66659.0,66659.0,True,True
raw/midcurves/midcurve54_20260829031926.pdf,3,S2,JUN27,17,600.0,600.0,24576.0,24576.0,True,True
raw/midcurves/midcurve54_20260829031926.pdf,3,S3,SEP26,18,0.0,0,103441.0,103441.0,True,True
raw/midcurves/midcurve54_20260829031926.pdf,3,S3,OCT26,19,2450.0,2450.0,21955.0,21955.0,True,True
raw/midcurves/midcurve54_20260829031926.pdf,4,S3,NOV26,20,0.0,0,5410.0,5410.0,True,True
raw/midcurves/midcurve54_20260829031926.pdf,4,S3,DEC26,21,5450.0,5450.0,89900.0,89900.0,True,True
raw/midcurves/midcurve54_20260829031926.pdf,4,S3,MAR27,22,0.0,0,46408.0,46408.0,True,True
raw/midcurves/midcurve54_20260829031926.pdf,4,S3,JUN27,23,0.0,0,2350.0,2350.0,True,True
raw/midcurves/midcurve53_20260902231523.pdf,1,S0,SEP26,1,4000.0,4000.0,1294309.0,1294309.0,True,True
raw/midcurves/midcurve53_20260902231523.pdf,1,S0,OCT26,2,1250.0,1250.0,137125.0,137125.0,True,True
raw/midcurves/midcurve53_20260902231523.pdf,2,S0,NOV26,3,1200.0,1200.0,214462.0,214462.0,True,True
raw/midcurves/midcurve53_20260902231523.pdf,2,S0,DEC26,4,2500.0,2500.0,1463874.0,1463874.0,True,True
raw/midcurves/midcurve53_20260902231523.pdf,2,S0,JAN27,5,0.0,0,473.0,473.0,True,True
raw/midcurves/midcurve53_20260902231523.pdf,2,S0,MAR27,6,64250.0,64250.0,291784.0,291784.0,True,True
raw/midcurves/midcurve53_20260902231523.pdf,2,S0,JUN27,7,1500.0,1500.0,34176.0,34176.0,True,True
raw/midcurves/midcurve53_20260902231523.pdf,2,S0,SEP27,8,0.0,0,1200.0,1200.0,True,True
raw/midcurves/midcurve53_20260902231523.pdf,3,S0W,SEP26,9,0.0,0,85.0,85.0,True,True
raw/midcurves/midcurve53_20260902231523.pdf,3,S2,SEP26,10,300.0,300.0,312716.0,312716.0,True,True
raw/midcurves/midcurve53_20260902231523.pdf,3,S2,OCT26,11,800.0,800.0,22438.0,22438.0,True,True
raw/midcurves/midcurve53_20260902231523.pdf,3,S2,NOV26,12,350.0,350.0,5778.0,5778.0,True,True
raw/midcurves/midcurve53_20260902231523.pdf,3,S2,DEC26,13,8000.0,8000.0,487403.0,487403.0,True,True
raw/midcurves/midcurve53_20260902231523.pdf,3,S2,JAN27,14,0.0,0,5600.0,5600.0,True,True
raw/midcurves/midcurve53_20260902231523.pdf,3,S2,MAR27,15,4850.0,4850.0,127826.0,127826.0,True,True
raw/midcurves/midcurve53_20260902231523.pdf,4,S2,JUN27,16,500.0,500.0,21892.0,21892.0,True,True
raw/midcurves/midcurve53_20260902231523.pdf,4,S3,SEP26,17,0.0,0,128789.0,128789.0,True,True
raw/midcurves/midcurve53_20260902231523.pdf,4,S3,OCT26,18,162.0,162.0,16613.0,16613.0,True,True
raw/midcurves/midcurve53_20260902231523.pdf,4,S3,NOV26,19,0.0,0,5242.0,5242.0,True,True
raw/midcurves/midcurve53_20260902231523.pdf,4,S3,DEC26,20,8900.0,8900.0,68674.0,68674.0,True,True
raw/midcurves/midcurve53_20260902231523.pdf,4,S3,MAR27,21,0.0,0,10988.0,10988.0,True,True
raw/midcurves/midcurve53_20260902231523.pdf,4,S3,JUN27,22,0.0,0,13815.0,13815.0,True,True
raw/midcurves/midcurve54_20260902231523.pdf,1,S0,SEP26,1,16000.0,16000.0,886768.0,886768.0,True,True
raw/midcurves/midcurve54_20260902231523.pdf,1,S0,OCT26,2,1500.0,1500.0,274097.0,274097.0,True,True
raw/midcurves/midcurve54_20260902231523.pdf,1,S0,NOV26,3,0.0,0,39358.0,39358.0,True,True
raw/midcurves/midcurve54_20260902231523.pdf,2,S0,DEC26,4,19500.0,19500.0,636230.0,636230.0,True,True
raw/midcurves/midcurve54_20260902231523.pdf,2,S0,JAN27,5,0.0,0,1286.0,1286.0,True,True
raw/midcurves/midcurve54_20260902231523.pdf,2,S0,MAR27,6,211500.0,211500.0,303881.0,303881.0,True,True
raw/midcurves/midcurve54_20260902231523.pdf,2,S0,JUN27,7,4500.0,4500.0,62055.0,62055.0,True,True
raw/midcurves/midcurve54_20260902231523.pdf,2,S0,SEP27,8,0.0,0,1200.0,1200.0,True,True
raw/midcurves/midcurve54_20260902231523.pdf,2,S0W,SEP26,9,0.0,0,160.0,160.0,True,True
raw/midcurves/midcurve54_20260902231523.pdf,2,S2,SEP26,10,4398.0,4398.0,300002.0,300002.0,True,True
raw/midcurves/midcurve54_20260902231523.pdf,3,S2,OCT26,11,0.0,0,39613.0,39613.0,True,True
raw/midcurves/midcurve54_20260902231523.pdf,3,S2,NOV26,12,350.0,350.0,11416.0,11416.0,True,True
raw/midcurves/midcurve54_20260902231523.pdf,3,S2,DEC26,13,500.0,500.0,319776.0,319776.0,True,True
raw/midcurves/midcurve54_20260902231523.pdf,3,S2,JAN27,14,0.0,0,9800.0,9800.0,True,True
raw/midcurves/midcurve54_20260902231523.pdf,3,S2,MAR27,15,4850.0,4850.0,78917.0,78917.0,True,True
raw/midcurves/midcurve54_20260902231523.pdf,3,S2,JUN27,16,3500.0,3500.0,32897.0,32897.0,True,True
raw/midcurves/midcurve54_20260902231523.pdf,3,S3,SEP26,17,3000.0,3000.0,99019.0,99019.0,True,True
raw/midcurves/midcurve54_20260902231523.pdf,4,S3,OCT26,18,162.0,162.0,22311.0,22311.0,True,True
raw/midcurves/midcurve54_20260902231523.pdf,4,S3,NOV26,19,0.0,0,5410.0,5410.0,True,True
raw/midcurves/midcurve54_20260902231523.pdf,4,S3,DEC26,20,900.0,900.0,95249.0,95249.0,True,True
raw/midcurves/midcurve54_20260902231523.pdf,4,S3,MAR27,21,0.0,0,46508.0,46508.0,True,True
raw/midcurves/midcurve54_20260902231523.pdf,4,S3,JUN27,22,0.0,0,2350.0,2350.0,True,True
raw/midcurves/midcurve53_20260904230411.pdf,1,S0,SEP26,1,0.0,0,1296270.0,1296270.0,True,True
raw/midcurves/midcurve53_20260904230411.pdf,1,S0,OCT26,2,4250.0,4250.0,142830.0,142830.0,True,True
raw/midcurves/midcurve53_20260904230411.pdf,2,S0,NOV26,3,0.0,0,214545.0,214545.0,True,True
raw/midcurves/midcurve53_20260904230411.pdf,2,S0,DEC26,4,26250.0,26250.0,1476192.0,1476192.0,True,True
raw/midcurves/midcurve53_20260904230411.pdf,2,S0,JAN27,5,0.0,0,473.0,473.0,True,True
raw/midcurves/midcurve53_20260904230411.pdf,2,S0,MAR27,6,1750.0,1750.0,293534.0,293534.0,True,True
raw/midcurves/midcurve53_20260904230411.pdf,2,S0,JUN27,7,0.0,0,36540.0,36540.0,True,True
raw/midcurves/midcurve53_20260904230411.pdf,2,S0,SEP27,8,0.0,0,1200.0,1200.0,True,True
raw/midcurves/midcurve53_20260904230411.pdf,3,S0W,SEP26,9,0.0,0,95.0,95.0,True,True
raw/midcurves/midcurve53_20260904230411.pdf,3,S2,SEP26,10,750.0,750.0,313467.0,313467.0,True,True
raw/midcurves/midcurve53_20260904230411.pdf,3,S2,OCT26,11,1000.0,1000.0,23242.0,23242.0,True,True
raw/midcurves/midcurve53_20260904230411.pdf,3,S2,NOV26,12,0.0,0,5778.0,5778.0,True,True
raw/midcurves/midcurve53_20260904230411.pdf,3,S2,DEC26,13,0.0,0,487959.0,487959.0,True,True
raw/midcurves/midcurve53_20260904230411.pdf,3,S2,JAN27,14,0.0,0,5600.0,5600.0,True,True
raw/midcurves/midcurve53_20260904230411.pdf,4,S2,MAR27,15,200.0,200.0,127626.0,127626.0,True,True
raw/midcurves/midcurve53_20260904230411.pdf,4,S2,JUN27,16,0.0,0,21892.0,21892.0,True,True
raw/midcurves/midcurve53_20260904230411.pdf,4,S3,SEP26,17,0.0,0,128789.0,128789.0,True,True
raw/midcurves/midcurve53_20260904230411.pdf,4,S3,OCT26,18,600.0,600.0,17163.0,17163.0,True,True
raw/midcurves/midcurve53_20260904230411.pdf,4,S3,NOV26,19,0.0,0,5242.0,5242.0,True,True
raw/midcurves/midcurve53_20260904230411.pdf,4,S3,DEC26,20,0.0,0,68674.0,68674.0,True,True
raw/midcurves/midcurve53_20260904230411.pdf,4,S3,MAR27,21,0.0,0,10988.0,10988.0,True,True
raw/midcurves/midcurve53_20260904230411.pdf,4,S3,JUN27,22,0.0,0,13815.0,13815.0,True,True
raw/midcurves/midcurve54_20260903231613.pdf,1,S0,SEP26,1,24350.0,24350.0,870808.0,870808.0,True,True
raw/midcurves/midcurve54_20260903231613.pdf,1,S0,OCT26,2,8000.0,8000.0,278469.0,278469.0,True,True
raw/midcurves/midcurve54_20260903231613.pdf,1,S0,NOV26,3,0.0,0,39358.0,39358.0,True,True
raw/midcurves/midcurve54_20260903231613.pdf,2,S0,DEC26,4,2750.0,2750.0,636361.0,636361.0,True,True
raw/midcurves/midcurve54_20260903231613.pdf,2,S0,JAN27,5,0.0,0,1286.0,1286.0,True,True
raw/midcurves/midcurve54_20260903231613.pdf,2,S0,MAR27,6,1750.0,1750.0,305231.0,305231.0,True,True
raw/midcurves/midcurve54_20260903231613.pdf,2,S0,JUN27,7,0.0,0,62627.0,62627.0,True,True
raw/midcurves/midcurve54_20260903231613.pdf,2,S0,SEP27,8,0.0,0,1200.0,1200.0,True,True
raw/midcurves/midcurve54_20260903231613.pdf,2,S0W,SEP26,9,0.0,0,160.0,160.0,True,True
raw/midcurves/midcurve54_20260903231613.pdf,2,S2,SEP26,10,21250.0,21250.0,282148.0,282148.0,True,True
raw/midcurves/midcurve54_20260903231613.pdf,3,S2,OCT26,11,2000.0,2000.0,41373.0,41373.0,True,True
raw/midcurves/midcurve54_20260903231613.pdf,3,S2,NOV26,12,2000.0,2000.0,13101.0,13101.0,True,True
raw/midcurves/midcurve54_20260903231613.pdf,3,S2,DEC26,13,2000.0,2000.0,320230.0,320230.0,True,True
raw/midcurves/midcurve54_20260903231613.pdf,3,S2,JAN27,14,0.0,0,9800.0,9800.0,True,True
raw/midcurves/midcurve54_20260903231613.pdf,3,S2,MAR27,15,200.0,200.0,79017.0,79017.0,True,True
raw/midcurves/midcurve54_20260903231613.pdf,3,S2,JUN27,16,0.0,0,32897.0,32897.0,True,True
raw/midcurves/midcurve54_20260903231613.pdf,3,S3,SEP26,17,0.0,0,99154.0,99154.0,True,True
raw/midcurves/midcurve54_20260903231613.pdf,4,S3,OCT26,18,600.0,600.0,22843.0,22843.0,True,True
raw/midcurves/midcurve54_20260903231613.pdf,4,S3,NOV26,19,0.0,0,5410.0,5410.0,True,True
raw/midcurves/midcurve54_20260903231613.pdf,4,S3,DEC26,20,0.0,0,95249.0,95249.0,True,True
raw/midcurves/midcurve54_20260903231613.pdf,4,S3,MAR27,21,0.0,0,46508.0,46508.0,True,True
raw/midcurves/midcurve54_20260903231613.pdf,4,S3,JUN27,22,0.0,0,2954.0,2954.0,True,True
raw/midcurves/midcurve54_20260904230411.pdf,1,S0,SEP26,1,22650.0,22650.0,860733.0,860733.0,True,True
raw/midcurves/midcurve54_20260904230411.pdf,1,S0,OCT26,2,7750.0,7750.0,286361.0,286361.0,True,True
raw/midcurves/midcurve54_20260904230411.pdf,1,S0,NOV26,3,5892.0,5892.0,36390.0,36390.0,True,True
raw/midcurves/midcurve54_20260904230411.pdf,2,S0,DEC26,4,2500.0,2500.0,636613.0,636613.0,True,True
raw/midcurves/midcurve54_20260904230411.pdf,2,S0,JAN27,5,0.0,0,1286.0,1286.0,True,True
raw/midcurves/midcurve54_20260904230411.pdf,2,S0,MAR27,6,4500.0,4500.0,306181.0,306181.0,True,True
raw/midcurves/midcurve54_20260904230411.pdf,2,S0,JUN27,7,0.0,0,62627.0,62627.0,True,True
raw/midcurves/midcurve54_20260904230411.pdf,2,S0,SEP27,8,0.0,0,1200.0,1200.0,True,True
raw/midcurves/midcurve54_20260904230411.pdf,2,S0W,SEP26,9,0.0,0,185.0,185.0,True,True
raw/midcurves/midcurve54_20260904230411.pdf,2,S2,SEP26,10,8775.0,8775.0,271522.0,271522.0,True,True
raw/midcurves/midcurve54_20260904230411.pdf,3,S2,OCT26,11,0.0,0,41358.0,41358.0,True,True
raw/midcurves/midcurve54_20260904230411.pdf,3,S2,NOV26,12,0.0,0,13094.0,13094.0,True,True
raw/midcurves/midcurve54_20260904230411.pdf,3,S2,DEC26,13,900.0,900.0,319380.0,319380.0,True,True
raw/midcurves/midcurve54_20260904230411.pdf,3,S2,JAN27,14,0.0,0,9800.0,9800.0,True,True
raw/midcurves/midcurve54_20260904230411.pdf,3,S2,MAR27,15,0.0,0,78885.0,78885.0,True,True
raw/midcurves/midcurve54_20260904230411.pdf,3,S2,JUN27,16,0.0,0,32897.0,32897.0,True,True
raw/midcurves/midcurve54_20260904230411.pdf,3,S3,SEP26,17,0.0,0,98954.0,98954.0,True,True
raw/midcurves/midcurve54_20260904230411.pdf,4,S3,OCT26,18,127.0,127.0,22970.0,22970.0,True,True
raw/midcurves/midcurve54_20260904230411.pdf,4,S3,NOV26,19,0.0,0,5410.0,5410.0,True,True
raw/midcurves/midcurve54_20260904230411.pdf,4,S3,DEC26,20,0.0,0,95249.0,95249.0,True,True
raw/midcurves/midcurve54_20260904230411.pdf,4,S3,MAR27,21,0.0,0,46608.0,46608.0,True,True
raw/midcurves/midcurve54_20260904230411.pdf,4,S3,JUN27,22,0.0,0,2954.0,2954.0,True,True
raw/midcurves/midcurve53_20260908233435.pdf,1,S0,SEP26,1,50060.0,50060.0,1337457.0,1337457.0,True,True
raw/midcurves/midcurve53_20260908233435.pdf,1,S0,OCT26,2,2000.0,2000.0,144694.0,144694.0,True,True
raw/midcurves/midcurve53_20260908233435.pdf,2,S0,NOV26,3,10000.0,10000.0,219582.0,219582.0,True,True
raw/midcurves/midcurve53_20260908233435.pdf,2,S0,DEC26,4,12400.0,12400.0,1483608.0,1483608.0,True,True
raw/midcurves/midcurve53_20260908233435.pdf,2,S0,JAN27,5,0.0,0,473.0,473.0,True,True
raw/midcurves/midcurve53_20260908233435.pdf,2,S0,MAR27,6,0.0,0,296034.0,296034.0,True,True
raw/midcurves/midcurve53_20260908233435.pdf,2,S0,JUN27,7,0.0,0,39040.0,39040.0,True,True
raw/midcurves/midcurve53_20260908233435.pdf,2,S0,SEP27,8,0.0,0,7200.0,7200.0,True,True
raw/midcurves/midcurve53_20260908233435.pdf,3,S0W,SEP26,9,0.0,0,105.0,105.0,True,True
raw/midcurves/midcurve53_20260908233435.pdf,3,S2,SEP26,10,0.0,0,313666.0,313666.0,True,True
raw/midcurves/midcurve53_20260908233435.pdf,3,S2,OCT26,11,128.0,128.0,23332.0,23332.0,True,True
raw/midcurves/midcurve53_20260908233435.pdf,3,S2,NOV26,12,0.0,0,5778.0,5778.0,True,True
raw/midcurves/midcurve53_20260908233435.pdf,3,S2,DEC26,13,750.0,750.0,488514.0,488514.0,True,True
raw/midcurves/midcurve53_20260908233435.pdf,3,S2,JAN27,14,0.0,0,5740.0,5740.0,True,True
raw/midcurves/midcurve53_20260908233435.pdf,4,S2,MAR27,15,0.0,0,127624.0,127624.0,True,True
raw/midcurves/midcurve53_20260908233435.pdf,4,S2,JUN27,16,0.0,0,21917.0,21917.0,True,True
raw/midcurves/midcurve53_20260908233435.pdf,4,S3,SEP26,17,0.0,0,128689.0,128689.0,True,True
raw/midcurves/midcurve53_20260908233435.pdf,4,S3,OCT26,18,0.0,0,17306.0,17306.0,True,True
raw/midcurves/midcurve53_20260908233435.pdf,4,S3,NOV26,19,0.0,0,5242.0,5242.0,True,True
raw/midcurves/midcurve53_20260908233435.pdf,4,S3,DEC26,20,0.0,0,68674.0,68674.0,True,True
raw/midcurves/midcurve53_20260908233435.pdf,4,S3,MAR27,21,0.0,0,11188.0,11188.0,True,True
raw/midcurves/midcurve53_20260908233435.pdf,4,S3,JUN27,22,0.0,0,13840.0,13840.0,True,True
raw/midcurves/midcurve54_20260908233435.pdf,1,S0,SEP26,1,24350.0,24350.0,807033.0,807033.0,True,True
raw/midcurves/midcurve54_20260908233435.pdf,1,S0,OCT26,2,7000.0,7000.0,289557.0,289557.0,True,True
raw/midcurves/midcurve54_20260908233435.pdf,1,S0,NOV26,3,0.0,0,36374.0,36374.0,True,True
raw/midcurves/midcurve54_20260908233435.pdf,2,S0,DEC26,4,13000.0,13000.0,645632.0,645632.0,True,True
raw/midcurves/midcurve54_20260908233435.pdf,2,S0,JAN27,5,0.0,0,1338.0,1338.0,True,True
raw/midcurves/midcurve54_20260908233435.pdf,2,S0,MAR27,6,2000.0,2000.0,305681.0,305681.0,True,True
raw/midcurves/midcurve54_20260908233435.pdf,2,S0,JUN27,7,0.0,0,62627.0,62627.0,True,True
raw/midcurves/midcurve54_20260908233435.pdf,2,S0,SEP27,8,0.0,0,1200.0,1200.0,True,True
raw/midcurves/midcurve54_20260908233435.pdf,2,S0W,SEP26,9,0.0,0,0.0,0,True,True
raw/midcurves/midcurve54_20260908233435.pdf,2,S2,SEP26,10,1000.0,1000.0,265648.0,265648.0,True,True
raw/midcurves/midcurve54_20260908233435.pdf,3,S2,OCT26,11,6128.0,6128.0,39426.0,39426.0,True,True
raw/midcurves/midcurve54_20260908233435.pdf,3,S2,NOV26,12,0.0,0,13090.0,13090.0,True,True
raw/midcurves/midcurve54_20260908233435.pdf,3,S2,DEC26,13,10000.0,10000.0,314380.0,314380.0,True,True
raw/midcurves/midcurve54_20260908233435.pdf,3,S2,JAN27,14,0.0,0,9800.0,9800.0,True,True
raw/midcurves/midcurve54_20260908233435.pdf,3,S2,MAR27,15,0.0,0,78885.0,78885.0,True,True
raw/midcurves/midcurve54_20260908233435.pdf,3,S2,JUN27,16,0.0,0,32897.0,32897.0,True,True
raw/midcurves/midcurve54_20260908233435.pdf,3,S3,SEP26,17,0.0,0,92921.0,92921.0,True,True
raw/midcurves/midcurve54_20260908233435.pdf,4,S3,OCT26,18,0.0,0,22970.0,22970.0,True,True
raw/midcurves/midcurve54_20260908233435.pdf,4,S3,NOV26,19,0.0,0,5410.0,5410.0,True,True
raw/midcurves/midcurve54_20260908233435.pdf,4,S3,DEC26,20,2000.0,2000.0,93749.0,93749.0,True,True
raw/midcurves/midcurve54_20260908233435.pdf,4,S3,MAR27,21,0.0,0,46708.0,46708.0,True,True
raw/midcurves/midcurve54_20260908233435.pdf,4,S3,JUN27,22,0.0,0,2954.0,2954.0,True,True
raw/midcurves/midcurve53_20260909231747.pdf,1,S0,SEP26,1,0.0,0,1337342.0,1337342.0,True,True
raw/midcurves/midcurve53_20260909231747.pdf,1,S0,OCT26,2,13500.0,13500.0,156858.0,156858.0,True,True
raw/midcurves/midcurve53_20260909231747.pdf,2,S0,NOV26,3,1000.0,1000.0,220582.0,220582.0,True,True
raw/midcurves/midcurve53_20260909231747.pdf,2,S0,DEC26,4,2000.0,2000.0,1483018.0,1483018.0,True,True
raw/midcurves/midcurve53_20260909231747.pdf,2,S0,JAN27,5,0.0,0,473.0,473.0,True,True
raw/midcurves/midcurve53_20260909231747.pdf,2,S0,FEB27,6,0.0,0,500.0,500.0,True,True
raw/midcurves/midcurve53_20260909231747.pdf,2,S0,MAR27,7,16500.0,16500.0,304484.0,304484.0,True,True
raw/midcurves/midcurve53_20260909231747.pdf,2,S0,JUN27,8,0.0,0,39284.0,39284.0,True,True
raw/midcurves/midcurve53_20260909231747.pdf,3,S0,SEP27,9,0.0,0,7230.0,7230.0,True,True
raw/midcurves/midcurve53_20260909231747.pdf,3,S0W,SEP26,10,0.0,0,105.0,105.0,True,True
raw/midcurves/midcurve53_20260909231747.pdf,3,S2,SEP26,11,8100.0,8100.0,320904.0,320904.0,True,True
raw/midcurves/midcurve53_20260909231747.pdf,3,S2,OCT26,12,138.0,138.0,24769.0,24769.0,True,True
raw/midcurves/midcurve53_20260909231747.pdf,3,S2,NOV26,13,0.0,0,5769.0,5769.0,True,True
raw/midcurves/midcurve53_20260909231747.pdf,3,S2,DEC26,14,0.0,0,488532.0,488532.0,True,True
raw/midcurves/midcurve53_20260909231747.pdf,3,S2,JAN27,15,0.0,0,5740.0,5740.0,True,True
raw/midcurves/midcurve53_20260909231747.pdf,4,S2,MAR27,16,0.0,0,127624.0,127624.0,True,True
raw/midcurves/midcurve53_20260909231747.pdf,4,S2,JUN27,17,0.0,0,21917.0,21917.0,True,True
raw/midcurves/midcurve53_20260909231747.pdf,4,S3,SEP26,18,0.0,0,129189.0,129189.0,True,True
raw/midcurves/midcurve53_20260909231747.pdf,4,S3,OCT26,19,2000.0,2000.0,23663.0,23663.0,True,True
raw/midcurves/midcurve53_20260909231747.pdf,4,S3,NOV26,20,0.0,0,5242.0,5242.0,True,True
raw/midcurves/midcurve53_20260909231747.pdf,4,S3,DEC26,21,0.0,0,68737.0,68737.0,True,True
raw/midcurves/midcurve53_20260909231747.pdf,4,S3,MAR27,22,0.0,0,11188.0,11188.0,True,True
raw/midcurves/midcurve53_20260909231747.pdf,4,S3,JUN27,23,0.0,0,13840.0,13840.0,True,True
raw/midcurves/midcurve54_20260909231747.pdf,1,S0,SEP26,1,2500.0,2500.0,793367.0,793367.0,True,True
raw/midcurves/midcurve54_20260909231747.pdf,1,S0,OCT26,2,28400.0,28400.0,268614.0,268614.0,True,True
raw/midcurves/midcurve54_20260909231747.pdf,1,S0,NOV26,3,250.0,250.0,36585.0,36585.0,True,True
raw/midcurves/midcurve54_20260909231747.pdf,2,S0,DEC26,4,14500.0,14500.0,646888.0,646888.0,True,True
raw/midcurves/midcurve54_20260909231747.pdf,2,S0,JAN27,5,0.0,0,1338.0,1338.0,True,True
raw/midcurves/midcurve54_20260909231747.pdf,2,S0,FEB27,6,0.0,0,500.0,500.0,True,True
raw/midcurves/midcurve54_20260909231747.pdf,2,S0,MAR27,7,1750.0,1750.0,307431.0,307431.0,True,True
raw/midcurves/midcurve54_20260909231747.pdf,2,S0,JUN27,8,0.0,0,62627.0,62627.0,True,True
raw/midcurves/midcurve54_20260909231747.pdf,2,S0,SEP27,9,0.0,0,1200.0,1200.0,True,True
raw/midcurves/midcurve54_20260909231747.pdf,2,S0W,SEP26,10,0.0,0,0.0,0,True,True
raw/midcurves/midcurve54_20260909231747.pdf,2,S2,SEP26,11,0.0,0,261683.0,261683.0,True,True
raw/midcurves/midcurve54_20260909231747.pdf,3,S2,OCT26,12,138.0,138.0,39502.0,39502.0,True,True
raw/midcurves/midcurve54_20260909231747.pdf,3,S2,NOV26,13,0.0,0,13210.0,13210.0,True,True
raw/midcurves/midcurve54_20260909231747.pdf,3,S2,DEC26,14,10000.0,10000.0,322301.0,322301.0,True,True
raw/midcurves/midcurve54_20260909231747.pdf,3,S2,JAN27,15,0.0,0,10406.0,10406.0,True,True
raw/midcurves/midcurve54_20260909231747.pdf,3,S2,MAR27,16,0.0,0,79600.0,79600.0,True,True
raw/midcurves/midcurve54_20260909231747.pdf,3,S2,JUN27,17,0.0,0,32897.0,32897.0,True,True
raw/midcurves/midcurve54_20260909231747.pdf,3,S3,SEP26,18,0.0,0,93021.0,93021.0,True,True
raw/midcurves/midcurve54_20260909231747.pdf,4,S3,OCT26,19,0.0,0,27498.0,27498.0,True,True
raw/midcurves/midcurve54_20260909231747.pdf,4,S3,NOV26,20,0.0,0,5410.0,5410.0,True,True
raw/midcurves/midcurve54_20260909231747.pdf,4,S3,DEC26,21,0.0,0,93749.0,93749.0,True,True
raw/midcurves/midcurve54_20260909231747.pdf,4,S3,JAN27,22,1000.0,1000.0,1000.0,1000.0,True,True
raw/midcurves/midcurve54_20260909231747.pdf,4,S3,MAR27,23,500.0,500.0,47208.0,47208.0,True,True
raw/midcurves/midcurve54_20260909231747.pdf,4,S3,JUN27,24,0.0,0,3314.0,3314.0,True,True
raw/midcurves/midcurve53_20260910231742.pdf,1,S0,SEP26,1,1750.0,1750.0,1343724.0,1343724.0,True,True
raw/midcurves/midcurve53_20260910231742.pdf,1,S0,OCT26,2,13500.0,13500.0,168624.0,168624.0,True,True
raw/midcurves/midcurve53_20260910231742.pdf,2,S0,NOV26,3,500.0,500.0,220597.0,220597.0,True,True
raw/midcurves/midcurve53_20260910231742.pdf,2,S0,DEC26,4,11375.0,11375.0,1490977.0,1490977.0,True,True
raw/midcurves/midcurve53_20260910231742.pdf,2,S0,JAN27,5,1000.0,1000.0,5710.0,5710.0,True,True
raw/midcurves/midcurve53_20260910231742.pdf,2,S0,FEB27,6,0.0,0,500.0,500.0,True,True
raw/midcurves/midcurve53_20260910231742.pdf,2,S0,MAR27,7,700.0,700.0,305184.0,305184.0,True,True
raw/midcurves/midcurve53_20260910231742.pdf,2,S0,JUN27,8,0.0,0,39284.0,39284.0,True,True
raw/midcurves/midcurve53_20260910231742.pdf,3,S0,SEP27,9,0.0,0,7230.0,7230.0,True,True
raw/midcurves/midcurve53_20260910231742.pdf,3,S0W,SEP26,10,0.0,0,335.0,335.0,True,True
raw/midcurves/midcurve53_20260910231742.pdf,3,S2,SEP26,11,0.0,0,320954.0,320954.0,True,True
raw/midcurves/midcurve53_20260910231742.pdf,3,S2,OCT26,12,142.0,142.0,24919.0,24919.0,True,True
raw/midcurves/midcurve53_20260910231742.pdf,3,S2,NOV26,13,0.0,0,6442.0,6442.0,True,True
raw/midcurves/midcurve53_20260910231742.pdf,3,S2,DEC26,14,0.0,0,490444.0,490444.0,True,True
raw/midcurves/midcurve53_20260910231742.pdf,3,S2,JAN27,15,0.0,0,5740.0,5740.0,True,True
raw/midcurves/midcurve53_20260910231742.pdf,4,S2,MAR27,16,12000.0,12000.0,140199.0,140199.0,True,True
raw/midcurves/midcurve53_20260910231742.pdf,4,S2,JUN27,17,0.0,0,21917.0,21917.0,True,True
raw/midcurves/midcurve53_20260910231742.pdf,4,S3,SEP26,18,0.0,0,129189.0,129189.0,True,True
raw/midcurves/midcurve53_20260910231742.pdf,4,S3,OCT26,19,0.0,0,23663.0,23663.0,True,True
raw/midcurves/midcurve53_20260910231742.pdf,4,S3,NOV26,20,0.0,0,5342.0,5342.0,True,True
raw/midcurves/midcurve53_20260910231742.pdf,4,S3,DEC26,21,0.0,0,68737.0,68737.0,True,True
raw/midcurves/midcurve53_20260910231742.pdf,4,S3,MAR27,22,0.0,0,11188.0,11188.0,True,True
raw/midcurves/midcurve53_20260910231742.pdf,4,S3,JUN27,23,0.0,0,13840.0,13840.0,True,True
raw/midcurves/midcurve54_20260910231742.pdf,1,S0,SEP26,1,48500.0,48500.0,759229.0,759229.0,True,True
raw/midcurves/midcurve54_20260910231742.pdf,1,S0,OCT26,2,2500.0,2500.0,259842.0,259842.0,True,True
raw/midcurves/midcurve54_20260910231742.pdf,1,S0,NOV26,3,0.0,0,36797.0,36797.0,True,True
raw/midcurves/midcurve54_20260910231742.pdf,2,S0,DEC26,4,25375.0,25375.0,649203.0,649203.0,True,True
raw/midcurves/midcurve54_20260910231742.pdf,2,S0,JAN27,5,1000.0,1000.0,2471.0,2471.0,True,True
raw/midcurves/midcurve54_20260910231742.pdf,2,S0,FEB27,6,0.0,0,500.0,500.0,True,True
raw/midcurves/midcurve54_20260910231742.pdf,2,S0,MAR27,7,6700.0,6700.0,311541.0,311541.0,True,True
raw/midcurves/midcurve54_20260910231742.pdf,2,S0,JUN27,8,0.0,0,62627.0,62627.0,True,True
raw/midcurves/midcurve54_20260910231742.pdf,2,S0,SEP27,9,0.0,0,1200.0,1200.0,True,True
raw/midcurves/midcurve54_20260910231742.pdf,2,S2,SEP26,10,64250.0,64250.0,223651.0,223651.0,True,True
raw/midcurves/midcurve54_20260910231742.pdf,3,S2,OCT26,11,142.0,142.0,39749.0,39749.0,True,True
raw/midcurves/midcurve54_20260910231742.pdf,3,S2,NOV26,12,0.0,0,13545.0,13545.0,True,True
raw/midcurves/midcurve54_20260910231742.pdf,3,S2,DEC26,13,1000.0,1000.0,321701.0,321701.0,True,True
raw/midcurves/midcurve54_20260910231742.pdf,3,S2,JAN27,14,0.0,0,10406.0,10406.0,True,True
raw/midcurves/midcurve54_20260910231742.pdf,3,S2,MAR27,15,0.0,0,81618.0,81618.0,True,True
raw/midcurves/midcurve54_20260910231742.pdf,3,S2,JUN27,16,0.0,0,32897.0,32897.0,True,True
raw/midcurves/midcurve54_20260910231742.pdf,3,S3,SEP26,17,0.0,0,92643.0,92643.0,True,True
raw/midcurves/midcurve54_20260910231742.pdf,4,S3,OCT26,18,0.0,0,28373.0,28373.0,True,True
raw/midcurves/midcurve54_20260910231742.pdf,4,S3,NOV26,19,0.0,0,5510.0,5510.0,True,True
raw/midcurves/midcurve54_20260910231742.pdf,4,S3,DEC26,20,0.0,0,93749.0,93749.0,True,True
raw/midcurves/midcurve54_20260910231742.pdf,4,S3,JAN27,21,0.0,0,1000.0,1000.0,True,True
raw/midcurves/midcurve54_20260910231742.pdf,4,S3,MAR27,22,0.0,0,47208.0,47208.0,True,True
raw/midcurves/midcurve54_20260910231742.pdf,4,S3,JUN27,23,0.0,0,3314.0,3314.0,True,True
raw/midcurves/midcurve53_20260911231441.pdf,1,S0,SEP26,1,6800.0,6800.0,1355389.0,1355389.0,True,True
raw/midcurves/midcurve53_20260911231441.pdf,1,S0,OCT26,2,26000.0,26000.0,189648.0,189648.0,True,True
raw/midcurves/midcurve53_20260911231441.pdf,2,S0,NOV26,3,0.0,0,222093.0,222093.0,True,True
raw/midcurves/midcurve53_20260911231441.pdf,2,S0,DEC26,4,48300.0,48300.0,1535573.0,1535573.0,True,True
raw/midcurves/midcurve53_20260911231441.pdf,2,S0,JAN27,5,0.0,0,5724.0,5724.0,True,True
raw/midcurves/midcurve53_20260911231441.pdf,2,S0,FEB27,6,250.0,250.0,500.0,500.0,True,True
raw/midcurves/midcurve53_20260911231441.pdf,2,S0,MAR27,7,69500.0,69500.0,305700.0,305700.0,True,True
raw/midcurves/midcurve53_20260911231441.pdf,3,S0,JUN27,8,100.0,100.0,39384.0,39384.0,True,True
raw/midcurves/midcurve53_20260911231441.pdf,3,S0,SEP27,9,0.0,0,7230.0,7230.0,True,True
raw/midcurves/midcurve53_20260911231441.pdf,3,S0W,SEP26,10,0.0,0,3413.0,3413.0,True,True
raw/midcurves/midcurve53_20260911231441.pdf,3,S2,SEP26,11,750.0,750.0,321979.0,321979.0,True,True
raw/midcurves/midcurve53_20260911231441.pdf,3,S2,OCT26,12,987.0,987.0,26255.0,26255.0,True,True
raw/midcurves/midcurve53_20260911231441.pdf,3,S2,NOV26,13,0.0,0,6443.0,6443.0,True,True
raw/midcurves/midcurve53_20260911231441.pdf,4,S2,DEC26,14,0.0,0,490769.0,490769.0,True,True
raw/midcurves/midcurve53_20260911231441.pdf,4,S2,JAN27,15,0.0,0,5740.0,5740.0,True,True
raw/midcurves/midcurve53_20260911231441.pdf,4,S2,MAR27,16,6000.0,6000.0,146517.0,146517.0,True,True
raw/midcurves/midcurve53_20260911231441.pdf,4,S2,JUN27,17,0.0,0,21917.0,21917.0,True,True
raw/midcurves/midcurve53_20260911231441.pdf,4,S3,SEP26,18,0.0,0,131689.0,131689.0,True,True
raw/midcurves/midcurve53_20260911231441.pdf,4,S3,OCT26,19,142.0,142.0,23747.0,23747.0,True,True
raw/midcurves/midcurve53_20260911231441.pdf,4,S3,NOV26,20,0.0,0,5342.0,5342.0,True,True
raw/midcurves/midcurve53_20260911231441.pdf,4,S3,DEC26,21,0.0,0,68977.0,68977.0,True,True
raw/midcurves/midcurve53_20260911231441.pdf,4,S3,MAR27,22,0.0,0,11188.0,11188.0,True,True
raw/midcurves/midcurve53_20260911231441.pdf,5,S3,JUN27,23,0.0,0,13840.0,13840.0,True,True
raw/midcurves/midcurve54_20260911231441.pdf,1,S0,SEP26,1,45662.0,45662.0,690505.0,690505.0,True,True
raw/midcurves/midcurve54_20260911231441.pdf,1,S0,OCT26,2,36250.0,36250.0,261818.0,261818.0,True,True
raw/midcurves/midcurve54_20260911231441.pdf,1,S0,NOV26,3,750.0,750.0,37480.0,37480.0,True,True
raw/midcurves/midcurve54_20260911231441.pdf,2,S0,DEC26,4,49300.0,49300.0,629531.0,629531.0,True,True
raw/midcurves/midcurve54_20260911231441.pdf,2,S0,JAN27,5,0.0,0,2556.0,2556.0,True,True
raw/midcurves/midcurve54_20260911231441.pdf,2,S0,FEB27,6,250.0,250.0,500.0,500.0,True,True
raw/midcurves/midcurve54_20260911231441.pdf,2,S0,MAR27,7,17000.0,17000.0,317943.0,317943.0,True,True
raw/midcurves/midcurve54_20260911231441.pdf,2,S0,JUN27,8,100.0,100.0,64211.0,64211.0,True,True
raw/midcurves/midcurve54_20260911231441.pdf,2,S0,SEP27,9,0.0,0,1200.0,1200.0,True,True
raw/midcurves/midcurve54_20260911231441.pdf,2,S0W,SEP26,10,0.0,0,120.0,120.0,True,True
raw/midcurves/midcurve54_20260911231441.pdf,3,S2,SEP26,11,7000.0,7000.0,195275.0,195275.0,True,True
raw/midcurves/midcurve54_20260911231441.pdf,3,S2,OCT26,12,6737.0,6737.0,37777.0,37777.0,True,True
raw/midcurves/midcurve54_20260911231441.pdf,3,S2,NOV26,13,6000.0,6000.0,11798.0,11798.0,True,True
raw/midcurves/midcurve54_20260911231441.pdf,3,S2,DEC26,14,6250.0,6250.0,321220.0,321220.0,True,True
raw/midcurves/midcurve54_20260911231441.pdf,3,S2,JAN27,15,0.0,0,10426.0,10426.0,True,True
raw/midcurves/midcurve54_20260911231441.pdf,3,S2,MAR27,16,6000.0,6000.0,86118.0,86118.0,True,True
raw/midcurves/midcurve54_20260911231441.pdf,3,S2,JUN27,17,0.0,0,33147.0,33147.0,True,True
raw/midcurves/midcurve54_20260911231441.pdf,4,S3,SEP26,18,0.0,0,89581.0,89581.0,True,True
raw/midcurves/midcurve54_20260911231441.pdf,4,S3,OCT26,19,1681.0,1681.0,27373.0,27373.0,True,True
raw/midcurves/midcurve54_20260911231441.pdf,4,S3,NOV26,20,0.0,0,5510.0,5510.0,True,True
raw/midcurves/midcurve54_20260911231441.pdf,4,S3,DEC26,21,2128.0,2128.0,91594.0,91594.0,True,True
raw/midcurves/midcurve54_20260911231441.pdf,4,S3,JAN27,22,0.0,0,1000.0,1000.0,True,True
raw/midcurves/midcurve54_20260911231441.pdf,4,S3,MAR27,23,0.0,0,47208.0,47208.0,True,True
raw/midcurves/midcurve54_20260911231441.pdf,4,S3,JUN27,24,0.0,0,3314.0,3314.0,True,True
raw/midcurves/midcurve53_20260914235915.pdf,1,S0,SEP26,1,0.0,0,0.0,0,True,True
raw/midcurves/midcurve53_20260914235915.pdf,2,S0,OCT26,2,20268.0,20268.0,207060.0,207060.0,True,True
raw/midcurves/midcurve53_20260914235915.pdf,2,S0,NOV26,3,15000.0,15000.0,234668.0,234668.0,True,True
raw/midcurves/midcurve53_20260914235915.pdf,2,S0,DEC26,4,100500.0,100500.0,1603534.0,1603534.0,True,True
raw/midcurves/midcurve53_20260914235915.pdf,2,S0,JAN27,5,0.0,0,5724.0,5724.0,True,True
raw/midcurves/midcurve53_20260914235915.pdf,2,S0,FEB27,6,660.0,660.0,1955.0,1955.0,True,True
raw/midcurves/midcurve53_20260914235915.pdf,2,S0,MAR27,7,29350.0,29350.0,308869.0,308869.0,True,True
raw/midcurves/midcurve53_20260914235915.pdf,3,S0,JUN27,8,4500.0,4500.0,45484.0,45484.0,True,True
raw/midcurves/midcurve53_20260914235915.pdf,3,S0,SEP27,9,0.0,0,7230.0,7230.0,True,True
raw/midcurves/midcurve53_20260914235915.pdf,3,S0W,SEP26,10,100.0,100.0,5513.0,5513.0,True,True
raw/midcurves/midcurve53_20260914235915.pdf,3,S2,SEP26,11,0.0,0,0.0,0,True,True
raw/midcurves/midcurve53_20260914235915.pdf,3,S2,OCT26,12,523.0,523.0,29554.0,29554.0,True,True
raw/midcurves/midcurve53_20260914235915.pdf,3,S2,NOV26,13,7500.0,7500.0,13943.0,13943.0,True,True
raw/midcurves/midcurve53_20260914235915.pdf,4,S2,DEC26,14,79800.0,79800.0,494259.0,494259.0,True,True
raw/midcurves/midcurve53_20260914235915.pdf,4,S2,JAN27,15,0.0,0,5740.0,5740.0,True,True
raw/midcurves/midcurve53_20260914235915.pdf,4,S2,MAR27,16,250.0,250.0,146767.0,146767.0,True,True
raw/midcurves/midcurve53_20260914235915.pdf,4,S2,JUN27,17,0.0,0,21864.0,21864.0,True,True
raw/midcurves/midcurve53_20260914235915.pdf,4,S3,SEP26,18,0.0,0,0.0,0,True,True
raw/midcurves/midcurve53_20260914235915.pdf,4,S3,OCT26,19,314.0,314.0,24254.0,24254.0,True,True
raw/midcurves/midcurve53_20260914235915.pdf,4,S3,NOV26,20,0.0,0,7942.0,7942.0,True,True
raw/midcurves/midcurve53_20260914235915.pdf,4,S3,DEC26,21,0.0,0,69389.0,69389.0,True,True
raw/midcurves/midcurve53_20260914235915.pdf,5,S3,MAR27,22,0.0,0,11188.0,11188.0,True,True
raw/midcurves/midcurve53_20260914235915.pdf,5,S3,JUN27,23,4500.0,4500.0,18415.0,18415.0,True,True
raw/midcurves/midcurve54_20260914235915.pdf,1,S0,SEP26,1,87900.0,87900.0,0.0,0,True,True
raw/midcurves/midcurve54_20260914235915.pdf,1,S0,OCT26,2,8618.0,8618.0,260742.0,260742.0,True,True
raw/midcurves/midcurve54_20260914235915.pdf,1,S0,NOV26,3,0.0,0,36909.0,36909.0,True,True
raw/midcurves/midcurve54_20260914235915.pdf,2,S0,DEC26,4,29000.0,29000.0,613318.0,613318.0,True,True
raw/midcurves/midcurve54_20260914235915.pdf,2,S0,JAN27,5,0.0,0,2556.0,2556.0,True,True
raw/midcurves/midcurve54_20260914235915.pdf,2,S0,FEB27,6,0.0,0,500.0,500.0,True,True
raw/midcurves/midcurve54_20260914235915.pdf,2,S0,MAR27,7,3100.0,3100.0,318518.0,318518.0,True,True
raw/midcurves/midcurve54_20260914235915.pdf,2,S0,JUN27,8,0.0,0,64811.0,64811.0,True,True
raw/midcurves/midcurve54_20260914235915.pdf,2,S0,SEP27,9,0.0,0,1200.0,1200.0,True,True
raw/midcurves/midcurve54_20260914235915.pdf,2,S0W,SEP26,10,100.0,100.0,2565.0,2565.0,True,True
raw/midcurves/midcurve54_20260914235915.pdf,3,S2,SEP26,11,0.0,0,0.0,0,True,True
raw/midcurves/midcurve54_20260914235915.pdf,3,S2,OCT26,12,10523.0,10523.0,55172.0,55172.0,True,True
raw/midcurves/midcurve54_20260914235915.pdf,3,S2,NOV26,13,0.0,0,11798.0,11798.0,True,True
raw/midcurves/midcurve54_20260914235915.pdf,3,S2,DEC26,14,4500.0,4500.0,325678.0,325678.0,True,True
raw/midcurves/midcurve54_20260914235915.pdf,3,S2,JAN27,15,0.0,0,10426.0,10426.0,True,True
raw/midcurves/midcurve54_20260914235915.pdf,3,S2,MAR27,16,80250.0,80250.0,95978.0,95978.0,True,True
raw/midcurves/midcurve54_20260914235915.pdf,3,S2,JUN27,17,0.0,0,33147.0,33147.0,True,True
raw/midcurves/midcurve54_20260914235915.pdf,4,S3,SEP26,18,0.0,0,0.0,0,True,True
raw/midcurves/midcurve54_20260914235915.pdf,4,S3,OCT26,19,1314.0,1314.0,28614.0,28614.0,True,True
raw/midcurves/midcurve54_20260914235915.pdf,4,S3,NOV26,20,0.0,0,5610.0,5610.0,True,True
raw/midcurves/midcurve54_20260914235915.pdf,4,S3,DEC26,21,1000.0,1000.0,91729.0,91729.0,True,True
raw/midcurves/midcurve54_20260914235915.pdf,4,S3,JAN27,22,0.0,0,1000.0,1000.0,True,True
raw/midcurves/midcurve54_20260914235915.pdf,4,S3,MAR27,23,0.0,0,47208.0,47208.0,True,True
raw/midcurves/midcurve54_20260914235915.pdf,4,S3,JUN27,24,0.0,0,3214.0,3214.0,True,True
raw/midcurves/midcurve54_20260917000601.pdf,1,S0,OCT26,1,46204.0,46204.0,248832.0,248832.0,True,True
raw/midcurves/midcurve54_20260917000601.pdf,1,S0,NOV26,2,0.0,0,39712.0,39712.0,True,True
raw/midcurves/midcurve54_20260917000601.pdf,1,S0,DEC26,3,24000.0,24000.0,631421.0,631421.0,True,True
raw/midcurves/midcurve54_20260917000601.pdf,2,S0,JAN27,4,0.0,0,2631.0,2631.0,True,True
raw/midcurves/midcurve54_20260917000601.pdf,2,S0,FEB27,5,0.0,0,500.0,500.0,True,True
raw/midcurves/midcurve54_20260917000601.pdf,2,S0,MAR27,6,6600.0,6600.0,325096.0,325096.0,True,True
raw/midcurves/midcurve54_20260917000601.pdf,2,S0,JUN27,7,0.0,0,64811.0,64811.0,True,True
raw/midcurves/midcurve54_20260917000601.pdf,2,S0,SEP27,8,0.0,0,1200.0,1200.0,True,True
raw/midcurves/midcurve54_20260917000601.pdf,2,S0W,SEP26,9,0.0,0,2722.0,2722.0,True,True
raw/midcurves/midcurve54_20260917000601.pdf,2,S2,OCT26,10,4524.0,4524.0,60082.0,60082.0,True,True
raw/midcurves/midcurve54_20260917000601.pdf,2,S2,NOV26,11,0.0,0,12194.0,12194.0,True,True
raw/midcurves/midcurve54_20260917000601.pdf,3,S2,DEC26,12,6800.0,6800.0,332159.0,332159.0,True,True
raw/midcurves/midcurve54_20260917000601.pdf,3,S2,JAN27,13,0.0,0,10426.0,10426.0,True,True
raw/midcurves/midcurve54_20260917000601.pdf,3,S2,FEB27,14,0.0,0,657.0,657.0,True,True
raw/midcurves/midcurve54_20260917000601.pdf,3,S2,MAR27,15,0.0,0,95779.0,95779.0,True,True
raw/midcurves/midcurve54_20260917000601.pdf,3,S2,JUN27,16,0.0,0,34921.0,34921.0,True,True
raw/midcurves/midcurve54_20260917000601.pdf,3,S2,SEP27,17,0.0,0,648.0,648.0,True,True
raw/midcurves/midcurve54_20260917000601.pdf,3,S3,OCT26,18,314.0,314.0,29754.0,29754.0,True,True
raw/midcurves/midcurve54_20260917000601.pdf,3,S3,NOV26,19,0.0,0,5610.0,5610.0,True,True
raw/midcurves/midcurve54_20260917000601.pdf,4,S3,DEC26,20,0.0,0,98626.0,98626.0,True,True
raw/midcurves/midcurve54_20260917000601.pdf,4,S3,JAN27,21,0.0,0,1000.0,1000.0,True,True
raw/midcurves/midcurve54_20260917000601.pdf,4,S3,FEB27,22,0.0,0,1500.0,1500.0,True,True
raw/midcurves/midcurve54_20260917000601.pdf,4,S3,MAR27,23,0.0,0,47208.0,47208.0,True,True
raw/midcurves/midcurve54_20260917000601.pdf,4,S3,JUN27,24,0.0,0,2887.0,2887.0,True,True
raw/midcurves/midcurve53_20260917000601.pdf,1,S0,OCT26,1,25872.0,25872.0,309801.0,309801.0,True,True
raw/midcurves/midcurve53_20260917000601.pdf,1,S0,NOV26,2,8000.0,8000.0,244579.0,244579.0,True,True
raw/midcurves/midcurve53_20260917000601.pdf,2,S0,DEC26,3,27750.0,27750.0,1645710.0,1645710.0,True,True
raw/midcurves/midcurve53_20260917000601.pdf,2,S0,JAN27,4,0.0,0,10854.0,10854.0,True,True
raw/midcurves/midcurve53_20260917000601.pdf,2,S0,FEB27,5,0.0,0,2142.0,2142.0,True,True
raw/midcurves/midcurve53_20260917000601.pdf,2,S0,MAR27,6,15700.0,15700.0,334349.0,334349.0,True,True
raw/midcurves/midcurve53_20260917000601.pdf,2,S0,JUN27,7,3100.0,3100.0,48435.0,48435.0,True,True
raw/midcurves/midcurve53_20260917000601.pdf,2,S0,SEP27,8,0.0,0,7278.0,7278.0,True,True
raw/midcurves/midcurve53_20260917000601.pdf,2,S0,DEC27,9,0.0,0,8.0,8.0,True,True
raw/midcurves/midcurve53_20260917000601.pdf,3,S0W,SEP26,10,2200.0,2200.0,10531.0,10531.0,True,True
raw/midcurves/midcurve53_20260917000601.pdf,3,S2,OCT26,11,1524.0,1524.0,34972.0,34972.0,True,True
raw/midcurves/midcurve53_20260917000601.pdf,3,S2,NOV26,12,8000.0,8000.0,22592.0,22592.0,True,True
raw/midcurves/midcurve53_20260917000601.pdf,3,S2,DEC26,13,9600.0,9600.0,504345.0,504345.0,True,True
raw/midcurves/midcurve53_20260917000601.pdf,3,S2,JAN27,14,0.0,0,5740.0,5740.0,True,True
raw/midcurves/midcurve53_20260917000601.pdf,3,S2,FEB27,15,0.0,0,500.0,500.0,True,True
raw/midcurves/midcurve53_20260917000601.pdf,3,S2,MAR27,16,4000.0,4000.0,152363.0,152363.0,True,True
raw/midcurves/midcurve53_20260917000601.pdf,4,S2,JUN27,17,0.0,0,26184.0,26184.0,True,True
raw/midcurves/midcurve53_20260917000601.pdf,4,S3,OCT26,18,814.0,814.0,27280.0,27280.0,True,True
raw/midcurves/midcurve53_20260917000601.pdf,4,S3,NOV26,19,0.0,0,7952.0,7952.0,True,True
raw/midcurves/midcurve53_20260917000601.pdf,4,S3,DEC26,20,0.0,0,68588.0,68588.0,True,True
raw/midcurves/midcurve53_20260917000601.pdf,4,S3,JAN27,21,0.0,0,101.0,101.0,True,True
raw/midcurves/midcurve53_20260917000601.pdf,4,S3,FEB27,22,0.0,0,1500.0,1500.0,True,True
raw/midcurves/midcurve53_20260917000601.pdf,4,S3,MAR27,23,0.0,0,11078.0,11078.0,True,True
raw/midcurves/midcurve53_20260917000601.pdf,4,S3,JUN27,24,0.0,0,18730.0,18730.0,True,True
raw/midcurves/midcurve53_20260918232113.pdf,1,S0,OCT26,1,34738.0,34738.0,337655.0,337655.0,True,True
raw/midcurves/midcurve53_20260918232113.pdf,1,S0,NOV26,2,5750.0,5750.0,239836.0,239836.0,True,True
raw/midcurves/midcurve53_20260918232113.pdf,2,S0,DEC26,3,5600.0,5600.0,1654370.0,1654370.0,True,True
raw/midcurves/midcurve53_20260918232113.pdf,2,S0,JAN27,4,0.0,0,13606.0,13606.0,True,True
raw/midcurves/midcurve53_20260918232113.pdf,2,S0,FEB27,5,0.0,0,2142.0,2142.0,True,True
raw/midcurves/midcurve53_20260918232113.pdf,2,S0,MAR27,6,9012.0,9012.0,344769.0,344769.0,True,True
raw/midcurves/midcurve53_20260918232113.pdf,2,S0,JUN27,7,100.0,100.0,48535.0,48535.0,True,True
raw/midcurves/midcurve53_20260918232113.pdf,2,S0,SEP27,8,0.0,0,7278.0,7278.0,True,True
raw/midcurves/midcurve53_20260918232113.pdf,2,S0,DEC27,9,0.0,0,8.0,8.0,True,True
raw/midcurves/midcurve53_20260918232113.pdf,3,S0W,SEP26,10,0.0,0,15081.0,15081.0,True,True
raw/midcurves/midcurve53_20260918232113.pdf,3,S2,OCT26,11,2523.0,2523.0,40049.0,40049.0,True,True
raw/midcurves/midcurve53_20260918232113.pdf,3,S2,NOV26,12,0.0,0,22877.0,22877.0,True,True
raw/midcurves/midcurve53_20260918232113.pdf,3,S2,DEC26,13,1200.0,1200.0,504708.0,504708.0,True,True
raw/midcurves/midcurve53_20260918232113.pdf,3,S2,JAN27,14,6000.0,6000.0,11740.0,11740.0,True,True
raw/midcurves/midcurve53_20260918232113.pdf,3,S2,FEB27,15,0.0,0,500.0,500.0,True,True
raw/midcurves/midcurve53_20260918232113.pdf,3,S2,MAR27,16,10000.0,10000.0,156524.0,156524.0,True,True
raw/midcurves/midcurve53_20260918232113.pdf,4,S2,JUN27,17,0.0,0,26084.0,26084.0,True,True
raw/midcurves/midcurve53_20260918232113.pdf,4,S3,OCT26,18,314.0,314.0,27280.0,27280.0,True,True
raw/midcurves/midcurve53_20260918232113.pdf,4,S3,NOV26,19,0.0,0,7952.0,7952.0,True,True
raw/midcurves/midcurve53_20260918232113.pdf,4,S3,DEC26,20,0.0,0,71519.0,71519.0,True,True
raw/midcurves/midcurve53_20260918232113.pdf,4,S3,JAN27,21,0.0,0,101.0,101.0,True,True
raw/midcurves/midcurve53_20260918232113.pdf,4,S3,FEB27,22,0.0,0,1500.0,1500.0,True,True
raw/midcurves/midcurve53_20260918232113.pdf,4,S3,MAR27,23,2800.0,2800.0,13937.0,13937.0,True,True
raw/midcurves/midcurve53_20260918232113.pdf,4,S3,JUN27,24,0.0,0,18730.0,18730.0,True,True
raw/midcurves/midcurve53_20260918232113.pdf,4,S3,SEP27,25,0.0,0,300.0,300.0,True,True
raw/midcurves/midcurve54_20260918232113.pdf,1,S0,OCT26,1,15880.0,15880.0,269237.0,269237.0,True,True
raw/midcurves/midcurve54_20260918232113.pdf,1,S0,NOV26,2,0.0,0,41401.0,41401.0,True,True
raw/midcurves/midcurve54_20260918232113.pdf,1,S0,DEC26,3,3600.0,3600.0,638261.0,638261.0,True,True
raw/midcurves/midcurve54_20260918232113.pdf,2,S0,JAN27,4,0.0,0,17866.0,17866.0,True,True
raw/midcurves/midcurve54_20260918232113.pdf,2,S0,FEB27,5,0.0,0,500.0,500.0,True,True
raw/midcurves/midcurve54_20260918232113.pdf,2,S0,MAR27,6,0.0,0,327596.0,327596.0,True,True
raw/midcurves/midcurve54_20260918232113.pdf,2,S0,JUN27,7,100.0,100.0,66079.0,66079.0,True,True
raw/midcurves/midcurve54_20260918232113.pdf,2,S0,SEP27,8,0.0,0,1200.0,1200.0,True,True
raw/midcurves/midcurve54_20260918232113.pdf,2,S0W,SEP26,9,0.0,0,7138.0,7138.0,True,True
raw/midcurves/midcurve54_20260918232113.pdf,2,S2,OCT26,10,14523.0,14523.0,63170.0,63170.0,True,True
raw/midcurves/midcurve54_20260918232113.pdf,2,S2,NOV26,11,0.0,0,12210.0,12210.0,True,True
raw/midcurves/midcurve54_20260918232113.pdf,3,S2,DEC26,12,500.0,500.0,341514.0,341514.0,True,True
raw/midcurves/midcurve54_20260918232113.pdf,3,S2,JAN27,13,0.0,0,10426.0,10426.0,True,True
raw/midcurves/midcurve54_20260918232113.pdf,3,S2,FEB27,14,0.0,0,657.0,657.0,True,True
raw/midcurves/midcurve54_20260918232113.pdf,3,S2,MAR27,15,0.0,0,95527.0,95527.0,True,True
raw/midcurves/midcurve54_20260918232113.pdf,3,S2,JUN27,16,0.0,0,39665.0,39665.0,True,True
raw/midcurves/midcurve54_20260918232113.pdf,3,S2,SEP27,17,0.0,0,648.0,648.0,True,True
raw/midcurves/midcurve54_20260918232113.pdf,3,S3,OCT26,18,314.0,314.0,32695.0,32695.0,True,True
raw/midcurves/midcurve54_20260918232113.pdf,3,S3,NOV26,19,0.0,0,5620.0,5620.0,True,True
raw/midcurves/midcurve54_20260918232113.pdf,4,S3,DEC26,20,0.0,0,100735.0,100735.0,True,True
raw/midcurves/midcurve54_20260918232113.pdf,4,S3,JAN27,21,0.0,0,16100.0,16100.0,True,True
raw/midcurves/midcurve54_20260918232113.pdf,4,S3,FEB27,22,0.0,0,1500.0,1500.0,True,True
raw/midcurves/midcurve54_20260918232113.pdf,4,S3,MAR27,23,0.0,0,48708.0,48708.0,True,True
raw/midcurves/midcurve54_20260918232113.pdf,4,S3,JUN27,24,0.0,0,2887.0,2887.0,True,True
raw/midcurves/midcurve53_20260925000713.pdf,1,S0,OCT26,1,15276.0,15276.0,385562.0,385562.0,True,True
raw/midcurves/midcurve53_20260925000713.pdf,1,S0,NOV26,2,1200.0,1200.0,272742.0,272742.0,True,True
raw/midcurves/midcurve53_20260925000713.pdf,2,S0,DEC26,3,44075.0,44075.0,1711443.0,1711443.0,True,True
raw/midcurves/midcurve53_20260925000713.pdf,2,S0,JAN27,4,0.0,0,13658.0,13658.0,True,True
raw/midcurves/midcurve53_20260925000713.pdf,2,S0,FEB27,5,250.0,250.0,4392.0,4392.0,True,True
raw/midcurves/midcurve53_20260925000713.pdf,2,S0,MAR27,6,87850.0,87850.0,427665.0,427665.0,True,True
raw/midcurves/midcurve53_20260925000713.pdf,2,S0,JUN27,7,16800.0,16800.0,102437.0,102437.0,True,True
raw/midcurves/midcurve53_20260925000713.pdf,3,S0,SEP27,8,750.0,750.0,9479.0,9479.0,True,True
raw/midcurves/midcurve53_20260925000713.pdf,3,S0,DEC27,9,0.0,0,8.0,8.0,True,True
raw/midcurves/midcurve53_20260925000713.pdf,3,S0W,SEP26,10,12000.0,12000.0,15266.0,15266.0,True,True
raw/midcurves/midcurve53_20260925000713.pdf,3,S0W,OCT26,11,1600.0,1600.0,5525.0,5525.0,True,True
raw/midcurves/midcurve53_20260925000713.pdf,3,S2,OCT26,12,524.0,524.0,39371.0,39371.0,True,True
raw/midcurves/midcurve53_20260925000713.pdf,3,S2,NOV26,13,1500.0,1500.0,27133.0,27133.0,True,True
raw/midcurves/midcurve53_20260925000713.pdf,3,S2,DEC26,14,8000.0,8000.0,491889.0,491889.0,True,True
raw/midcurves/midcurve53_20260925000713.pdf,3,S2,JAN27,15,0.0,0,12221.0,12221.0,True,True
raw/midcurves/midcurve53_20260925000713.pdf,3,S2,FEB27,16,0.0,0,500.0,500.0,True,True
raw/midcurves/midcurve53_20260925000713.pdf,4,S2,MAR27,17,2050.0,2050.0,163434.0,163434.0,True,True
raw/midcurves/midcurve53_20260925000713.pdf,4,S2,JUN27,18,3150.0,3150.0,35409.0,35409.0,True,True
raw/midcurves/midcurve53_20260925000713.pdf,4,S2,DEC27,19,0.0,0,2.0,2.0,True,True
raw/midcurves/midcurve53_20260925000713.pdf,4,S3,OCT26,20,1211.0,1211.0,32334.0,32334.0,True,True
raw/midcurves/midcurve53_20260925000713.pdf,4,S3,NOV26,21,0.0,0,7952.0,7952.0,True,True
raw/midcurves/midcurve53_20260925000713.pdf,4,S3,DEC26,22,0.0,0,77361.0,77361.0,True,True
raw/midcurves/midcurve53_20260925000713.pdf,4,S3,JAN27,23,0.0,0,301.0,301.0,True,True
raw/midcurves/midcurve53_20260925000713.pdf,4,S3,FEB27,24,0.0,0,1500.0,1500.0,True,True
raw/midcurves/midcurve53_20260925000713.pdf,4,S3,MAR27,25,0.0,0,18807.0,18807.0,True,True
raw/midcurves/midcurve53_20260925000713.pdf,5,S3,JUN27,26,0.0,0,18757.0,18757.0,True,True
raw/midcurves/midcurve53_20260925000713.pdf,5,S3,SEP27,27,0.0,0,302.0,302.0,True,True
raw/midcurves/midcurve54_20260925000713.pdf,1,S0,OCT26,1,14526.0,14526.0,279251.0,279251.0,True,True
raw/midcurves/midcurve54_20260925000713.pdf,1,S0,NOV26,2,5950.0,5950.0,83165.0,83165.0,True,True
raw/midcurves/midcurve54_20260925000713.pdf,1,S0,DEC26,3,63825.0,63825.0,685195.0,685195.0,True,True
raw/midcurves/midcurve54_20260925000713.pdf,2,S0,JAN27,4,5500.0,5500.0,23578.0,23578.0,True,True
raw/midcurves/midcurve54_20260925000713.pdf,2,S0,FEB27,5,250.0,250.0,1250.0,1250.0,True,True
raw/midcurves/midcurve54_20260925000713.pdf,2,S0,MAR27,6,11950.0,11950.0,241322.0,241322.0,True,True
raw/midcurves/midcurve54_20260925000713.pdf,2,S0,JUN27,7,800.0,800.0,67484.0,67484.0,True,True
raw/midcurves/midcurve54_20260925000713.pdf,2,S0,SEP27,8,750.0,750.0,2401.0,2401.0,True,True
raw/midcurves/midcurve54_20260925000713.pdf,2,S0,DEC27,9,0.0,0,1000.0,1000.0,True,True
raw/midcurves/midcurve54_20260925000713.pdf,2,S0W,SEP26,10,3000.0,3000.0,5768.0,5768.0,True,True
raw/midcurves/midcurve54_20260925000713.pdf,2,S0W,OCT26,11,0.0,0,378.0,378.0,True,True
raw/midcurves/midcurve54_20260925000713.pdf,2,S2,OCT26,12,2524.0,2524.0,52587.0,52587.0,True,True
raw/midcurves/midcurve54_20260925000713.pdf,3,S2,NOV26,13,0.0,0,12216.0,12216.0,True,True
raw/midcurves/midcurve54_20260925000713.pdf,3,S2,DEC26,14,7200.0,7200.0,361110.0,361110.0,True,True
raw/midcurves/midcurve54_20260925000713.pdf,3,S2,JAN27,15,0.0,0,10907.0,10907.0,True,True
raw/midcurves/midcurve54_20260925000713.pdf,3,S2,FEB27,16,0.0,0,657.0,657.0,True,True
raw/midcurves/midcurve54_20260925000713.pdf,3,S2,MAR27,17,4550.0,4550.0,96128.0,96128.0,True,True
raw/midcurves/midcurve54_20260925000713.pdf,3,S2,JUN27,18,0.0,0,41166.0,41166.0,True,True
raw/midcurves/midcurve54_20260925000713.pdf,3,S2,SEP27,19,0.0,0,1243.0,1243.0,True,True
raw/midcurves/midcurve54_20260925000713.pdf,3,S3,OCT26,20,1211.0,1211.0,37442.0,37442.0,True,True
raw/midcurves/midcurve54_20260925000713.pdf,4,S3,NOV26,21,0.0,0,5802.0,5802.0,True,True
raw/midcurves/midcurve54_20260925000713.pdf,4,S3,DEC26,22,0.0,0,97779.0,97779.0,True,True
raw/midcurves/midcurve54_20260925000713.pdf,4,S3,JAN27,23,0.0,0,16300.0,16300.0,True,True
raw/midcurves/midcurve54_20260925000713.pdf,4,S3,FEB27,24,0.0,0,1500.0,1500.0,True,True
raw/midcurves/midcurve54_20260925000713.pdf,4,S3,MAR27,25,0.0,0,48357.0,48357.0,True,True
raw/midcurves/midcurve54_20260925000713.pdf,4,S3,JUN27,26,0.0,0,2887.0,2887.0,True,True
raw/midcurves/midcurve53_20260926000541.pdf,1,S0,OCT26,1,14441.0,14441.0,388950.0,388950.0,True,True
raw/midcurves/midcurve53_20260926000541.pdf,1,S0,NOV26,2,3400.0,3400.0,274742.0,274742.0,True,True
raw/midcurves/midcurve53_20260926000541.pdf,2,S0,DEC26,3,51750.0,51750.0,1726130.0,1726130.0,True,True
raw/midcurves/midcurve53_20260926000541.pdf,2,S0,JAN27,4,750.0,750.0,14345.0,14345.0,True,True
raw/midcurves/midcurve53_20260926000541.pdf,2,S0,FEB27,5,0.0,0,4392.0,4392.0,True,True
raw/midcurves/midcurve53_20260926000541.pdf,2,S0,MAR27,6,107600.0,107600.0,432638.0,432638.0,True,True
raw/midcurves/midcurve53_20260926000541.pdf,3,S0,JUN27,7,1500.0,1500.0,106007.0,106007.0,True,True
raw/midcurves/midcurve53_20260926000541.pdf,3,S0,SEP27,8,0.0,0,9499.0,9499.0,True,True
raw/midcurves/midcurve53_20260926000541.pdf,3,S0,DEC27,9,0.0,0,18.0,18.0,True,True
raw/midcurves/midcurve53_20260926000541.pdf,3,S0W,SEP26,10,0.0,0,15266.0,15266.0,True,True
raw/midcurves/midcurve53_20260926000541.pdf,3,S0W,OCT26,11,0.0,0,10075.0,10075.0,True,True
raw/midcurves/midcurve53_20260926000541.pdf,3,S2,OCT26,12,3819.0,3819.0,42438.0,42438.0,True,True
raw/midcurves/midcurve53_20260926000541.pdf,3,S2,NOV26,13,0.0,0,30172.0,30172.0,True,True
raw/midcurves/midcurve53_20260926000541.pdf,4,S2,DEC26,14,137300.0,137300.0,424758.0,424758.0,True,True
raw/midcurves/midcurve53_20260926000541.pdf,4,S2,JAN27,15,6000.0,6000.0,13521.0,13521.0,True,True
raw/midcurves/midcurve53_20260926000541.pdf,4,S2,FEB27,16,0.0,0,500.0,500.0,True,True
raw/midcurves/midcurve53_20260926000541.pdf,4,S2,MAR27,17,8000.0,8000.0,160155.0,160155.0,True,True
raw/midcurves/midcurve53_20260926000541.pdf,4,S2,JUN27,18,0.0,0,38235.0,38235.0,True,True
raw/midcurves/midcurve53_20260926000541.pdf,4,S2,DEC27,19,0.0,0,2.0,2.0,True,True
raw/midcurves/midcurve53_20260926000541.pdf,4,S3,OCT26,20,1181.0,1181.0,33382.0,33382.0,True,True
raw/midcurves/midcurve53_20260926000541.pdf,4,S3,NOV26,21,0.0,0,8352.0,8352.0,True,True
raw/midcurves/midcurve53_20260926000541.pdf,4,S3,DEC26,22,0.0,0,78654.0,78654.0,True,True
raw/midcurves/midcurve53_20260926000541.pdf,4,S3,JAN27,23,0.0,0,301.0,301.0,True,True
raw/midcurves/midcurve53_20260926000541.pdf,4,S3,FEB27,24,0.0,0,1500.0,1500.0,True,True
raw/midcurves/midcurve53_20260926000541.pdf,5,S3,MAR27,25,0.0,0,18857.0,18857.0,True,True
raw/midcurves/midcurve53_20260926000541.pdf,5,S3,JUN27,26,500.0,500.0,19257.0,19257.0,True,True
raw/midcurves/midcurve53_20260926000541.pdf,5,S3,SEP27,27,0.0,0,302.0,302.0,True,True
raw/midcurves/midcurve54_20260926000541.pdf,1,S0,OCT26,1,12065.0,12065.0,286913.0,286913.0,True,True
raw/midcurves/midcurve54_20260926000541.pdf,1,S0,NOV26,2,1250.0,1250.0,85155.0,85155.0,True,True
raw/midcurves/midcurve54_20260926000541.pdf,1,S0,DEC26,3,49900.0,49900.0,689647.0,689647.0,True,True
raw/midcurves/midcurve54_20260926000541.pdf,2,S0,JAN27,4,0.0,0,23103.0,23103.0,True,True
raw/midcurves/midcurve54_20260926000541.pdf,2,S0,FEB27,5,0.0,0,1250.0,1250.0,True,True
raw/midcurves/midcurve54_20260926000541.pdf,2,S0,MAR27,6,900.0,900.0,242236.0,242236.0,True,True
raw/midcurves/midcurve54_20260926000541.pdf,2,S0,JUN27,7,18750.0,18750.0,85874.0,85874.0,True,True
raw/midcurves/midcurve54_20260926000541.pdf,2,S0,SEP27,8,0.0,0,2510.0,2510.0,True,True
raw/midcurves/midcurve54_20260926000541.pdf,2,S0,DEC27,9,0.0,0,1000.0,1000.0,True,True
raw/midcurves/midcurve54_20260926000541.pdf,2,S0W,SEP26,10,0.0,0,5733.0,5733.0,True,True
raw/midcurves/midcurve54_20260926000541.pdf,2,S0W,OCT26,11,0.0,0,438.0,438.0,True,True
raw/midcurves/midcurve54_20260926000541.pdf,3,S2,OCT26,12,3319.0,3319.0,54812.0,54812.0,True,True
raw/midcurves/midcurve54_20260926000541.pdf,3,S2,NOV26,13,0.0,0,13822.0,13822.0,True,True
raw/midcurves/midcurve54_20260926000541.pdf,3,S2,DEC26,14,148963.0,148963.0,273562.0,273562.0,True,True
raw/midcurves/midcurve54_20260926000541.pdf,3,S2,JAN27,15,0.0,0,13707.0,13707.0,True,True
raw/midcurves/midcurve54_20260926000541.pdf,3,S2,FEB27,16,0.0,0,657.0,657.0,True,True
raw/midcurves/midcurve54_20260926000541.pdf,3,S2,MAR27,17,0.0,0,96830.0,96830.0,True,True
raw/midcurves/midcurve54_20260926000541.pdf,3,S2,JUN27,18,0.0,0,41366.0,41366.0,True,True
raw/midcurves/midcurve54_20260926000541.pdf,3,S2,SEP27,19,0.0,0,1243.0,1243.0,True,True
raw/midcurves/midcurve54_20260926000541.pdf,4,S3,OCT26,20,1181.0,1181.0,40665.0,40665.0,True,True
raw/midcurves/midcurve54_20260926000541.pdf,4,S3,NOV26,21,4500.0,4500.0,8888.0,8888.0,True,True
raw/midcurves/midcurve54_20260926000541.pdf,4,S3,DEC26,22,0.0,0,98451.0,98451.0,True,True
raw/midcurves/midcurve54_20260926000541.pdf,4,S3,JAN27,23,0.0,0,15550.0,15550.0,True,True
raw/midcurves/midcurve54_20260926000541.pdf,4,S3,FEB27,24,0.0,0,1602.0,1602.0,True,True
raw/midcurves/midcurve54_20260926000541.pdf,4,S3,MAR27,25,0.0,0,48357.0,48357.0,True,True
raw/midcurves/midcurve54_20260926000541.pdf,4,S3,JUN27,26,500.0,500.0,3387.0,3387.0,True,True
